Date,Time,Dryer Air Temperature,Cooler Air Temperature,Air Flow Rate,Wet Product Feed Rate,Product Inlet Temperature,Residence Time,Vacuum,Steam Pressure,Fan Speed,Product Density,Final Product Temp,Final Moisture (%H2O)
27/07/2026,17:30,139.34,24.27,23.91,10.14,47.77,20.60,-1.01,4.79,1265,1.0266,42.78,0.0820
27/07/2026,17:31,139.40,24.48,23.86,10.19,47.74,20.57,-1.00,4.78,1264,1.0273,42.77,0.0819
27/07/2026,17:32,139.31,24.66,23.82,10.22,47.83,20.57,-0.99,4.77,1265,1.0272,42.81,0.0820
27/07/2026,17:33,139.25,24.87,23.81,10.18,47.83,20.56,-1.02,4.78,1262,1.0273,42.84,0.0817
27/07/2026,17:34,139.17,25.06,23.87,10.18,47.73,20.56,-1.03,4.79,1264,1.0272,42.81,0.0819
27/07/2026,17:35,139.18,25.30,23.85,10.15,47.77,20.59,-1.00,4.78,1266,1.0274,42.78,0.0819
27/07/2026,17:36,139.16,25.46,23.81,10.17,47.65,20.59,-0.99,4.79,1266,1.0274,42.81,0.0824
27/07/2026,17:37,139.11,25.63,23.81,10.25,47.76,20.56,-1.00,4.76,1268,1.0273,42.90,0.0825
27/07/2026,17:38,139.02,25.77,23.80,10.23,47.84,20.57,-1.00,4.75,1272,1.0274,42.78,0.0825
27/07/2026,17:39,139.14,25.87,23.81,10.24,47.87,20.54,-0.99,4.74,1273,1.0274,42.96,0.0815
27/07/2026,17:40,139.15,26.05,23.84,10.25,47.93,20.54,-1.00,4.75,1268,1.0273,42.96,0.0813
27/07/2026,17:41,139.16,26.19,23.87,10.26,47.93,20.53,-1.00,4.75,1276,1.0269,42.91,0.0811
27/07/2026,17:42,139.15,26.37,23.90,10.26,47.88,20.56,-1.02,4.74,1281,1.0271,42.91,0.0808
27/07/2026,17:43,139.10,26.52,23.95,10.25,47.88,20.50,-1.03,4.75,1281,1.0267,42.93,0.0813
27/07/2026,17:44,139.13,26.63,23.96,10.20,47.86,20.49,-1.02,4.74,1277,1.0267,42.89,0.0807
27/07/2026,17:45,139.07,26.74,23.95,10.18,47.96,20.44,-1.03,4.75,1276,1.0266,42.80,0.0805
27/07/2026,17:46,139.08,26.87,23.95,10.19,48.04,20.47,-1.01,4.74,1272,1.0270,42.77,0.0806
27/07/2026,17:47,139.12,26.88,23.96,10.20,48.03,20.47,-0.99,4.75,1272,1.0272,42.69,0.0810
27/07/2026,17:48,139.13,26.95,23.89,10.17,47.97,20.48,-0.99,4.76,1270,1.0270,42.59,0.0812
27/07/2026,17:49,139.21,27.09,23.96,10.15,47.92,20.49,-1.02,4.77,1269,1.0269,42.66,0.0819
27/07/2026,17:50,139.21,27.15,23.95,10.13,47.94,20.48,-1.03,4.77,1271,1.0268,42.61,0.0818
27/07/2026,17:51,139.17,27.19,23.94,10.12,47.98,20.50,-1.06,4.77,1268,1.0267,42.67,0.0810
27/07/2026,17:52,139.27,27.23,23.97,10.09,48.00,20.53,-1.05,4.79,1267,1.0268,42.73,0.0805
27/07/2026,17:53,139.36,27.29,23.93,10.09,48.03,20.51,-1.06,4.79,1266,1.0269,42.70,0.0800
27/07/2026,17:54,139.36,27.40,23.88,10.11,47.97,20.52,-1.09,4.80,1264,1.0264,42.90,0.0799
27/07/2026,17:55,139.38,27.46,23.83,10.11,48.14,20.56,-1.11,4.82,1265,1.0261,42.97,0.0798
27/07/2026,17:56,139.41,27.50,23.86,10.11,48.08,20.56,-1.09,4.83,1259,1.0263,42.99,0.0802
27/07/2026,17:57,139.36,27.56,23.82,10.17,48.15,20.56,-1.06,4.80,1256,1.0262,43.03,0.0811
27/07/2026,17:58,139.41,27.59,23.78,10.19,48.12,20.58,-1.04,4.80,1255,1.0261,43.07,0.0809
27/07/2026,17:59,139.39,27.69,23.76,10.20,48.17,20.61,-1.00,4.81,1258,1.0261,43.01,0.0800
27/07/2026,18:00,139.51,27.71,23.74,10.16,48.16,20.60,-1.01,4.82,1262,1.0264,43.19,0.0797
27/07/2026,18:01,139.61,27.74,23.74,10.18,48.05,20.61,-0.99,4.81,1259,1.0263,43.38,0.0796
27/07/2026,18:02,139.56,27.72,23.76,10.20,48.02,20.56,-0.97,4.81,1257,1.0265,43.45,0.0797
27/07/2026,18:03,139.49,27.78,23.73,10.20,47.97,20.60,-0.97,4.80,1259,1.0265,43.49,0.0798
27/07/2026,18:04,139.49,27.79,23.76,10.24,47.96,20.58,-0.95,4.82,1257,1.0268,43.51,0.0797
27/07/2026,18:05,139.55,27.88,23.80,10.21,47.96,20.60,-0.95,4.81,1261,1.0272,43.44,0.0800
27/07/2026,18:06,139.56,27.92,23.86,10.20,47.95,20.58,-0.95,4.81,1264,1.0270,43.55,0.0800
27/07/2026,18:07,139.53,27.94,23.84,10.18,47.94,20.60,-0.93,4.80,1265,1.0272,43.40,0.0796
27/07/2026,18:08,139.52,27.93,23.79,10.22,47.96,20.55,-0.91,4.79,1257,1.0273,43.64,0.0799
27/07/2026,18:09,139.56,27.89,23.64,10.26,47.92,20.53,-0.94,4.79,1255,1.0271,43.71,0.0792
27/07/2026,18:10,139.61,28.01,23.54,10.23,47.90,20.58,-0.95,4.78,1257,1.0268,43.71,0.0793
27/07/2026,18:11,139.63,27.99,23.62,10.20,47.85,20.58,-0.93,4.78,1258,1.0269,43.72,0.0795
27/07/2026,18:12,139.61,27.98,23.64,10.15,47.82,20.54,-0.93,4.78,1256,1.0269,43.71,0.0803
27/07/2026,18:13,139.60,27.98,23.65,10.18,47.85,20.57,-0.94,4.79,1256,1.0271,43.65,0.0797
27/07/2026,18:14,139.58,28.03,23.63,10.21,47.83,20.58,-0.94,4.79,1260,1.0269,43.62,0.0802
27/07/2026,18:15,139.61,28.07,23.61,10.22,47.82,20.55,-0.93,4.78,1260,1.0270,43.60,0.0806
27/07/2026,18:16,139.61,28.07,23.58,10.23,47.94,20.53,-0.93,4.78,1256,1.0267,43.64,0.0798
27/07/2026,18:17,139.61,28.09,23.59,10.29,47.90,20.54,-0.92,4.78,1258,1.0267,43.77,0.0793
27/07/2026,18:18,139.55,28.07,23.58,10.30,47.87,20.55,-0.93,4.78,1260,1.0263,43.70,0.0796
27/07/2026,18:19,139.49,28.08,23.64,10.28,47.86,20.54,-0.94,4.78,1266,1.0263,43.68,0.0799
27/07/2026,18:20,139.49,28.02,23.63,10.29,47.91,20.51,-0.94,4.77,1260,1.0264,43.62,0.0796
27/07/2026,18:21,139.48,27.96,23.67,10.28,47.99,20.52,-0.95,4.77,1258,1.0266,43.58,0.0803
27/07/2026,18:22,139.45,28.01,23.65,10.27,48.03,20.52,-0.94,4.78,1255,1.0268,43.69,0.0799
27/07/2026,18:23,139.41,27.98,23.65,10.21,48.20,20.52,-0.95,4.77,1262,1.0271,43.59,0.0801
27/07/2026,18:24,139.39,27.99,23.68,10.24,48.35,20.48,-0.97,4.76,1263,1.0268,43.68,0.0796
27/07/2026,18:25,139.45,28.04,23.67,10.19,48.44,20.48,-0.96,4.74,1259,1.0267,43.81,0.0796
27/07/2026,18:26,139.39,28.05,23.70,10.20,48.48,20.47,-0.93,4.75,1260,1.0269,43.87,0.0799
27/07/2026,18:27,139.52,27.98,23.73,10.22,48.42,20.48,-0.98,4.77,1259,1.0268,43.94,0.0801
27/07/2026,18:28,139.49,27.99,23.74,10.22,48.44,20.44,-1.00,4.76,1262,1.0266,43.95,0.0806
27/07/2026,18:29,139.48,28.04,23.75,10.19,48.48,20.42,-1.02,4.77,1259,1.0268,43.86,0.0806
27/07/2026,18:30,139.44,28.07,23.74,10.18,48.50,20.43,-1.02,4.79,1267,1.0271,43.93,0.0802
27/07/2026,18:31,139.42,28.05,23.72,10.21,48.52,20.44,-0.97,4.79,1269,1.0268,44.00,0.0805
27/07/2026,18:32,139.45,28.04,23.76,10.20,48.47,20.46,-0.99,4.79,1272,1.0268,44.00,0.0806
27/07/2026,18:33,139.36,28.04,23.77,10.20,48.43,20.43,-1.01,4.80,1272,1.0264,43.92,0.0807
27/07/2026,18:34,139.35,28.01,23.76,10.21,48.39,20.43,-0.99,4.77,1270,1.0259,43.92,0.0808
27/07/2026,18:35,139.34,27.98,23.83,10.21,48.45,20.44,-0.98,4.78,1270,1.0261,44.05,0.0804
27/07/2026,18:36,139.37,27.95,23.87,10.22,48.44,20.49,-0.99,4.78,1264,1.0262,44.04,0.0807
27/07/2026,18:37,139.42,27.96,23.85,10.19,48.49,20.48,-1.01,4.76,1264,1.0262,43.99,0.0807
27/07/2026,18:38,139.41,27.96,23.80,10.15,48.54,20.44,-1.01,4.75,1262,1.0263,43.96,0.0814
27/07/2026,18:39,139.48,27.94,23.85,10.13,48.55,20.46,-1.03,4.75,1265,1.0267,43.96,0.0811
27/07/2026,18:40,139.43,27.85,23.83,10.16,48.38,20.43,-1.03,4.75,1263,1.0264,43.94,0.0818
27/07/2026,18:41,139.41,27.79,23.82,10.13,48.35,20.48,-1.01,4.75,1261,1.0261,43.99,0.0824
27/07/2026,18:42,139.39,27.82,23.82,10.11,48.38,20.46,-1.03,4.75,1262,1.0261,44.04,0.0824
27/07/2026,18:43,139.33,27.87,23.86,10.08,48.44,20.49,-1.05,4.76,1264,1.0265,43.96,0.0826
27/07/2026,18:44,139.37,27.91,23.84,10.09,48.41,20.52,-1.06,4.77,1269,1.0262,43.92,0.0831
27/07/2026,18:45,139.37,27.92,23.85,10.06,48.48,20.47,-1.07,4.78,1269,1.0263,43.84,0.0825
27/07/2026,18:46,139.35,27.93,23.94,10.10,48.54,20.50,-1.06,4.79,1266,1.0267,43.79,0.0828
27/07/2026,18:47,139.42,27.93,23.95,10.12,48.47,20.46,-1.06,4.80,1266,1.0270,43.81,0.0829
27/07/2026,18:48,139.45,27.95,23.88,10.11,48.50,20.49,-1.06,4.81,1267,1.0266,44.00,0.0828
27/07/2026,18:49,139.43,27.94,23.94,10.10,48.43,20.52,-1.03,4.82,1266,1.0269,43.87,0.0829
27/07/2026,18:50,139.42,27.94,23.94,10.12,48.37,20.53,-1.02,4.81,1266,1.0268,43.84,0.0823
27/07/2026,18:51,139.46,27.97,23.96,10.11,48.40,20.54,-1.02,4.81,1268,1.0266,43.96,0.0822
27/07/2026,18:52,139.45,27.99,23.92,10.12,48.34,20.58,-1.04,4.81,1270,1.0263,43.95,0.0816
27/07/2026,18:53,139.40,27.98,23.92,10.13,48.29,20.56,-1.03,4.80,1265,1.0261,43.93,0.0816
27/07/2026,18:54,139.38,28.00,23.94,10.10,48.14,20.56,-1.03,4.78,1266,1.0261,43.93,0.0822
27/07/2026,18:55,139.32,27.94,23.96,10.12,48.17,20.57,-1.02,4.78,1268,1.0260,43.91,0.0814
27/07/2026,18:56,139.42,27.97,23.97,10.17,48.16,20.53,-1.01,4.77,1266,1.0260,43.90,0.0821
27/07/2026,18:57,139.36,27.91,24.00,10.16,48.17,20.52,-1.01,4.77,1270,1.0260,43.84,0.0819
27/07/2026,18:58,139.38,27.97,23.99,10.18,48.33,20.52,-0.99,4.77,1274,1.0260,43.84,0.0819
27/07/2026,18:59,139.44,27.95,24.04,10.18,48.38,20.50,-0.98,4.77,1278,1.0260,43.87,0.0815
27/07/2026,19:00,139.40,27.92,24.08,10.19,48.32,20.51,-1.01,4.77,1275,1.0263,43.90,0.0810
27/07/2026,19:01,139.29,27.86,24.11,10.20,48.38,20.50,-1.01,4.79,1272,1.0265,43.88,0.0811
27/07/2026,19:02,139.27,27.87,24.13,10.19,48.36,20.50,-1.02,4.78,1273,1.0262,43.88,0.0810
27/07/2026,19:03,139.30,27.82,24.11,10.16,48.42,20.53,-1.03,4.77,1273,1.0265,43.90,0.0813
27/07/2026,19:04,139.25,27.80,24.10,10.23,48.37,20.55,-1.03,4.79,1270,1.0263,43.94,0.0817
27/07/2026,19:05,139.33,27.80,24.08,10.21,48.45,20.55,-1.02,4.78,1272,1.0266,43.81,0.0820
27/07/2026,19:06,139.32,27.76,23.98,10.22,48.44,20.54,-1.03,4.78,1275,1.0268,43.87,0.0820
27/07/2026,19:07,139.33,27.77,24.00,10.24,48.32,20.56,-1.06,4.77,1273,1.0267,43.90,0.0816
27/07/2026,19:08,139.34,27.75,23.96,10.24,48.36,20.55,-1.04,4.78,1271,1.0269,43.80,0.0808
27/07/2026,19:09,139.34,27.72,23.95,10.23,48.31,20.52,-1.01,4.78,1271,1.0272,43.83,0.0814
27/07/2026,19:10,139.38,27.74,23.97,10.22,48.26,20.55,-0.99,4.79,1272,1.0273,43.81,0.0816
27/07/2026,19:11,139.36,27.76,23.95,10.22,48.27,20.52,-0.97,4.78,1271,1.0275,43.94,0.0812
27/07/2026,19:12,139.39,27.79,23.89,10.21,48.42,20.56,-0.96,4.78,1271,1.0279,43.77,0.0815
27/07/2026,19:13,139.42,27.80,23.87,10.16,48.33,20.57,-0.98,4.79,1267,1.0280,43.85,0.0815
27/07/2026,19:14,139.46,27.82,23.89,10.19,48.41,20.55,-0.98,4.78,1269,1.0278,44.01,0.0814
27/07/2026,19:15,139.37,27.76,23.89,10.20,48.37,20.54,-0.98,4.80,1264,1.0273,44.05,0.0817
27/07/2026,19:16,139.34,27.76,23.87,10.21,48.43,20.53,-1.00,4.79,1265,1.0268,44.13,0.0822
27/07/2026,19:17,139.35,27.70,23.87,10.16,48.58,20.56,-0.97,4.79,1265,1.0269,44.11,0.0819
27/07/2026,19:18,139.33,27.61,23.92,10.20,48.57,20.56,-0.97,4.79,1260,1.0266,44.18,0.0820
27/07/2026,19:19,139.34,27.63,23.91,10.19,48.46,20.55,-0.97,4.81,1264,1.0268,44.16,0.0821
27/07/2026,19:20,139.33,27.58,23.89,10.18,48.48,20.56,-0.97,4.80,1266,1.0268,44.15,0.0816
27/07/2026,19:21,139.32,27.57,23.99,10.23,48.54,20.53,-0.97,4.79,1269,1.0267,43.88,0.0821
27/07/2026,19:22,139.28,27.49,24.00,10.20,48.53,20.50,-0.98,4.79,1267,1.0267,43.91,0.0818
27/07/2026,19:23,139.23,27.57,24.04,10.18,48.52,20.47,-0.96,4.79,1264,1.0268,43.91,0.0814
27/07/2026,19:24,139.18,27.57,24.06,10.18,48.45,20.52,-0.99,4.79,1267,1.0269,43.98,0.0816
27/07/2026,19:25,139.21,27.51,24.06,10.19,48.39,20.53,-0.97,4.80,1268,1.0268,44.01,0.0815
27/07/2026,19:26,139.23,27.48,24.07,10.21,48.38,20.52,-1.03,4.80,1273,1.0271,43.87,0.0813
27/07/2026,19:27,139.30,27.44,24.05,10.23,48.48,20.50,-1.01,4.80,1273,1.0273,43.74,0.0812
27/07/2026,19:28,139.37,27.47,24.08,10.21,48.60,20.48,-0.99,4.80,1273,1.0275,43.83,0.0809
27/07/2026,19:29,139.36,27.49,24.08,10.21,48.61,20.55,-1.00,4.80,1276,1.0277,43.67,0.0812
27/07/2026,19:30,139.35,27.52,24.07,10.19,48.64,20.54,-1.01,4.80,1276,1.0276,43.73,0.0813
27/07/2026,19:31,139.33,27.50,24.09,10.19,48.68,20.52,-1.04,4.81,1277,1.0277,43.73,0.0816
27/07/2026,19:32,139.32,27.46,24.05,10.18,48.67,20.54,-1.03,4.81,1274,1.0274,43.87,0.0817
27/07/2026,19:33,139.27,27.45,24.08,10.17,48.63,20.59,-1.04,4.81,1275,1.0271,43.94,0.0816
27/07/2026,19:34,139.30,27.44,24.11,10.12,48.63,20.65,-1.04,4.81,1277,1.0265,43.97,0.0815
27/07/2026,19:35,139.31,27.39,24.12,10.13,48.58,20.67,-1.07,4.82,1282,1.0268,43.95,0.0818
27/07/2026,19:36,139.28,27.36,24.09,10.07,48.57,20.63,-1.04,4.82,1280,1.0268,44.02,0.0817
27/07/2026,19:37,139.29,27.36,24.07,10.11,48.58,20.64,-1.06,4.82,1284,1.0270,43.87,0.0817
27/07/2026,19:38,139.37,27.42,24.09,10.10,48.62,20.64,-1.08,4.82,1287,1.0271,43.91,0.0818
27/07/2026,19:39,139.41,27.44,24.09,10.08,48.58,20.67,-1.08,4.83,1286,1.0269,43.90,0.0814
27/07/2026,19:40,139.29,27.47,24.08,10.11,48.62,20.71,-1.07,4.83,1284,1.0267,43.72,0.0812
27/07/2026,19:41,139.34,27.45,24.02,10.12,48.59,20.69,-1.06,4.82,1284,1.0270,43.81,0.0815
27/07/2026,19:42,139.31,27.43,24.06,10.13,48.63,20.64,-1.08,4.83,1289,1.0272,43.80,0.0812
27/07/2026,19:43,139.41,27.40,24.11,10.16,48.60,20.65,-1.09,4.83,1291,1.0269,43.73,0.0818
27/07/2026,19:44,139.46,27.35,24.14,10.17,48.71,20.69,-1.10,4.83,1290,1.0270,43.94,0.0810
27/07/2026,19:45,139.42,27.34,24.17,10.12,48.72,20.65,-1.12,4.83,1289,1.0269,43.96,0.0815
27/07/2026,19:46,139.42,27.33,24.14,10.10,48.70,20.64,-1.12,4.82,1285,1.0271,44.07,0.0813
27/07/2026,19:47,139.45,27.29,24.17,10.08,48.74,20.62,-1.12,4.83,1287,1.0274,44.09,0.0810
27/07/2026,19:48,139.57,27.24,24.21,10.08,48.73,20.61,-1.14,4.80,1288,1.0273,43.94,0.0805
27/07/2026,19:49,139.61,27.23,24.20,10.11,48.58,20.60,-1.14,4.80,1287,1.0270,43.84,0.0803
27/07/2026,19:50,139.60,27.15,24.20,10.14,48.54,20.60,-1.13,4.79,1289,1.0267,43.76,0.0797
27/07/2026,19:51,139.64,27.14,24.15,10.14,48.55,20.57,-1.13,4.78,1285,1.0267,43.68,0.0793
27/07/2026,19:52,139.70,27.12,24.21,10.09,48.51,20.57,-1.12,4.78,1282,1.0271,43.61,0.0791
27/07/2026,19:53,139.69,27.13,24.17,10.08,48.49,20.60,-1.12,4.80,1281,1.0273,43.70,0.0792
27/07/2026,19:54,139.70,27.13,24.24,10.09,48.49,20.56,-1.12,4.80,1287,1.0269,43.62,0.0791
27/07/2026,19:55,139.65,27.12,24.28,10.09,48.46,20.59,-1.14,4.80,1288,1.0268,43.67,0.0790
27/07/2026,19:56,139.71,27.13,24.22,10.09,48.43,20.64,-1.11,4.80,1282,1.0270,43.78,0.0785
27/07/2026,19:57,139.64,27.07,24.21,10.07,48.47,20.68,-1.08,4.79,1281,1.0270,43.68,0.0774
27/07/2026,19:58,139.60,27.04,24.17,10.04,48.45,20.71,-1.08,4.79,1279,1.0267,43.61,0.0773
27/07/2026,19:59,139.60,27.04,24.22,10.08,48.50,20.72,-1.05,4.81,1280,1.0267,43.63,0.0765
27/07/2026,20:00,139.67,27.06,24.17,10.05,48.40,20.70,-1.05,4.81,1276,1.0265,43.58,0.0762
27/07/2026,20:01,139.61,27.06,24.21,10.05,48.28,20.73,-1.05,4.84,1279,1.0265,43.66,0.0759
27/07/2026,20:02,139.56,27.03,24.29,10.08,48.35,20.73,-1.06,4.84,1283,1.0267,43.64,0.0759
27/07/2026,20:03,139.66,27.00,24.31,10.08,48.26,20.73,-1.05,4.84,1284,1.0264,43.70,0.0761
27/07/2026,20:04,139.65,26.96,24.27,10.10,48.29,20.76,-1.09,4.83,1284,1.0266,43.67,0.0760
27/07/2026,20:05,139.61,26.95,24.27,10.12,48.19,20.73,-1.08,4.83,1285,1.0267,43.59,0.0766
27/07/2026,20:06,139.67,27.02,24.27,10.12,48.22,20.77,-1.10,4.82,1285,1.0267,43.57,0.0768
27/07/2026,20:07,139.74,26.96,24.25,10.11,48.21,20.73,-1.09,4.82,1283,1.0269,43.58,0.0773
27/07/2026,20:08,139.78,26.96,24.22,10.16,48.22,20.70,-1.10,4.80,1280,1.0268,43.57,0.0774
27/07/2026,20:09,139.76,26.90,24.22,10.10,48.16,20.71,-1.06,4.79,1280,1.0267,43.57,0.0774
27/07/2026,20:10,139.74,26.86,24.22,10.08,48.21,20.70,-1.08,4.79,1278,1.0267,43.55,0.0774
27/07/2026,20:11,139.75,26.84,24.24,10.12,48.24,20.70,-1.09,4.79,1279,1.0266,43.65,0.0776
27/07/2026,20:12,139.79,26.79,24.22,10.13,48.16,20.71,-1.11,4.80,1277,1.0268,43.58,0.0771
27/07/2026,20:13,139.79,26.73,24.21,10.16,48.23,20.68,-1.10,4.80,1277,1.0270,43.63,0.0778
27/07/2026,20:14,139.81,26.72,24.21,10.14,48.25,20.68,-1.08,4.81,1275,1.0271,43.54,0.0776
27/07/2026,20:15,139.87,26.69,24.18,10.16,48.25,20.72,-1.09,4.81,1278,1.0269,43.61,0.0777
27/07/2026,20:16,139.79,26.67,24.21,10.19,48.24,20.72,-1.09,4.80,1281,1.0268,43.54,0.0776
27/07/2026,20:17,139.84,26.69,24.20,10.22,48.26,20.72,-1.08,4.80,1276,1.0264,43.51,0.0776
27/07/2026,20:18,139.85,26.64,24.19,10.21,48.33,20.73,-1.09,4.80,1277,1.0262,43.62,0.0776
27/07/2026,20:19,139.79,26.61,24.18,10.21,48.32,20.74,-1.11,4.82,1278,1.0260,43.63,0.0771
27/07/2026,20:20,139.80,26.53,24.15,10.17,48.35,20.75,-1.12,4.83,1278,1.0263,43.60,0.0766
27/07/2026,20:21,139.76,26.54,24.12,10.17,48.47,20.74,-1.10,4.82,1275,1.0262,43.68,0.0766
27/07/2026,20:22,139.67,26.52,24.16,10.19,48.37,20.72,-1.10,4.82,1276,1.0261,43.76,0.0763
27/07/2026,20:23,139.69,26.52,24.13,10.19,48.35,20.70,-1.13,4.81,1272,1.0260,43.62,0.0764
27/07/2026,20:24,139.62,26.50,24.11,10.23,48.51,20.70,-1.16,4.84,1275,1.0264,43.61,0.0769
27/07/2026,20:25,139.66,26.49,24.14,10.26,48.66,20.71,-1.17,4.83,1275,1.0261,43.58,0.0767
27/07/2026,20:26,139.59,26.45,24.14,10.25,48.74,20.70,-1.15,4.81,1276,1.0263,43.55,0.0767
27/07/2026,20:27,139.68,26.43,24.17,10.29,48.85,20.68,-1.11,4.83,1274,1.0264,43.57,0.0769
27/07/2026,20:28,139.64,26.44,24.10,10.32,48.86,20.68,-1.11,4.83,1276,1.0269,43.45,0.0771
27/07/2026,20:29,139.67,26.44,24.10,10.31,48.85,20.69,-1.10,4.83,1278,1.0271,43.36,0.0772
27/07/2026,20:30,139.60,26.40,24.10,10.31,48.86,20.66,-1.11,4.84,1277,1.0273,43.36,0.0775
27/07/2026,20:31,139.59,26.41,24.19,10.32,48.72,20.68,-1.11,4.85,1277,1.0272,43.47,0.0773
27/07/2026,20:32,139.55,26.39,24.18,10.30,48.74,20.70,-1.08,4.84,1271,1.0274,43.43,0.0775
27/07/2026,20:33,139.63,26.38,24.12,10.30,48.79,20.72,-1.08,4.83,1274,1.0269,43.49,0.0779
27/07/2026,20:34,139.65,26.39,24.11,10.27,48.86,20.70,-1.08,4.81,1272,1.0264,43.48,0.0778
27/07/2026,20:35,139.64,26.35,24.02,10.25,48.91,20.67,-1.09,4.81,1275,1.0263,43.50,0.0777
27/07/2026,20:36,139.64,26.33,23.95,10.28,48.95,20.66,-1.10,4.81,1274,1.0259,43.59,0.0775
27/07/2026,20:37,139.63,26.30,23.99,10.28,48.96,20.63,-1.08,4.82,1268,1.0258,43.50,0.0773
27/07/2026,20:38,139.65,26.37,24.06,10.26,48.87,20.60,-1.08,4.83,1267,1.0260,43.46,0.0774
27/07/2026,20:39,139.65,26.31,24.08,10.26,48.92,20.57,-1.08,4.83,1269,1.0259,43.58,0.0774
27/07/2026,20:40,139.59,26.26,24.09,10.23,48.92,20.58,-1.05,4.81,1269,1.0260,43.56,0.0774
27/07/2026,20:41,139.59,26.21,24.04,10.24,48.88,20.59,-1.03,4.80,1268,1.0260,43.60,0.0775
27/07/2026,20:42,139.59,26.22,24.06,10.27,48.80,20.60,-1.02,4.80,1266,1.0260,43.56,0.0775
27/07/2026,20:43,139.59,26.25,24.03,10.25,48.57,20.60,-1.03,4.82,1270,1.0263,43.39,0.0776
27/07/2026,20:44,139.57,26.20,24.01,10.26,48.62,20.58,-1.03,4.82,1274,1.0260,43.39,0.0775
27/07/2026,20:45,139.62,26.18,23.94,10.30,48.49,20.57,-1.04,4.82,1275,1.0260,43.42,0.0774
27/07/2026,20:46,139.66,26.15,23.94,10.30,48.47,20.55,-1.02,4.81,1278,1.0261,43.37,0.0773
27/07/2026,20:47,139.53,26.15,23.98,10.29,48.45,20.57,-1.01,4.82,1277,1.0263,43.25,0.0780
27/07/2026,20:48,139.58,26.24,23.93,10.27,48.49,20.61,-0.99,4.83,1272,1.0266,43.37,0.0782
27/07/2026,20:49,139.64,26.20,24.04,10.25,48.59,20.61,-1.01,4.83,1277,1.0264,43.49,0.0780
27/07/2026,20:50,139.68,26.23,24.03,10.25,48.60,20.56,-1.04,4.83,1284,1.0265,43.55,0.0777
27/07/2026,20:51,139.66,26.23,24.00,10.29,48.60,20.57,-1.03,4.85,1279,1.0267,43.57,0.0779
27/07/2026,20:52,139.62,26.19,23.97,10.30,48.70,20.59,-1.02,4.84,1277,1.0265,43.64,0.0779
27/07/2026,20:53,139.57,26.15,23.99,10.29,48.71,20.61,-1.02,4.84,1281,1.0263,43.74,0.0781
27/07/2026,20:54,139.62,26.08,24.01,10.26,48.63,20.62,-1.04,4.85,1278,1.0263,43.54,0.0783
27/07/2026,20:55,139.59,26.08,23.99,10.27,48.60,20.59,-1.05,4.84,1278,1.0261,43.69,0.0781
27/07/2026,20:56,139.58,26.07,23.96,10.25,48.51,20.59,-1.04,4.85,1277,1.0263,43.66,0.0778
27/07/2026,20:57,139.54,26.08,24.00,10.29,48.52,20.59,-1.07,4.84,1281,1.0265,43.75,0.0781
27/07/2026,20:58,139.55,26.09,24.04,10.29,48.62,20.55,-1.07,4.83,1283,1.0267,43.72,0.0779
27/07/2026,20:59,139.59,26.06,24.11,10.25,48.61,20.54,-1.09,4.84,1285,1.0264,43.79,0.0781
27/07/2026,21:00,139.58,26.07,24.13,10.23,48.60,20.57,-1.09,4.85,1282,1.0262,43.63,0.0776
27/07/2026,21:01,139.57,26.10,24.15,10.25,48.62,20.56,-1.08,4.84,1281,1.0262,43.66,0.0780
27/07/2026,21:02,139.63,26.02,24.20,10.23,48.60,20.56,-1.06,4.84,1279,1.0265,43.72,0.0782
27/07/2026,21:03,139.62,25.96,24.18,10.27,48.54,20.56,-1.08,4.83,1277,1.0265,43.75,0.0785
27/07/2026,21:04,139.54,25.93,24.15,10.27,48.60,20.54,-1.13,4.83,1275,1.0263,43.82,0.0790
27/07/2026,21:05,139.57,25.91,24.16,10.30,48.67,20.57,-1.10,4.83,1275,1.0262,43.69,0.0790
27/07/2026,21:06,139.55,25.91,24.15,10.31,48.57,20.57,-1.06,4.82,1272,1.0264,43.67,0.0795
27/07/2026,21:07,139.53,25.86,24.12,10.25,48.55,20.56,-1.06,4.83,1270,1.0263,43.81,0.0793
27/07/2026,21:08,139.55,25.82,24.09,10.25,48.63,20.58,-1.02,4.81,1264,1.0265,43.73,0.0792
27/07/2026,21:09,139.57,25.86,24.08,10.27,48.52,20.56,-1.03,4.81,1268,1.0268,43.70,0.0790
27/07/2026,21:10,139.53,25.84,24.08,10.23,48.49,20.58,-1.03,4.81,1267,1.0267,43.63,0.0790
27/07/2026,21:11,139.55,25.86,24.01,10.22,48.38,20.55,-1.01,4.82,1264,1.0269,43.64,0.0794
27/07/2026,21:12,139.55,25.81,23.98,10.23,48.21,20.54,-0.99,4.83,1258,1.0267,43.47,0.0794
27/07/2026,21:13,139.56,25.80,23.92,10.25,48.28,20.54,-0.99,4.83,1257,1.0267,43.51,0.0798
27/07/2026,21:14,139.61,25.77,23.91,10.25,48.17,20.51,-0.95,4.83,1260,1.0265,43.42,0.0794
27/07/2026,21:15,139.55,25.66,23.88,10.24,48.26,20.51,-0.98,4.82,1260,1.0268,43.29,0.0792
27/07/2026,21:16,139.51,25.63,23.96,10.26,48.21,20.50,-0.96,4.81,1263,1.0271,43.19,0.0790
27/07/2026,21:17,139.52,25.60,23.94,10.26,48.15,20.48,-0.97,4.80,1264,1.0270,43.22,0.0790
27/07/2026,21:18,139.40,25.58,23.94,10.27,48.21,20.44,-0.96,4.80,1264,1.0268,43.26,0.0794
27/07/2026,21:19,139.44,25.58,23.88,10.27,48.30,20.44,-0.97,4.79,1260,1.0269,43.32,0.0791
27/07/2026,21:20,139.44,25.56,23.88,10.24,48.29,20.42,-0.97,4.79,1254,1.0270,43.33,0.0792
27/07/2026,21:21,139.39,25.49,23.88,10.22,48.33,20.42,-0.96,4.79,1253,1.0268,43.33,0.0795
27/07/2026,21:22,139.38,25.42,23.89,10.19,48.32,20.36,-0.96,4.80,1255,1.0272,43.36,0.0796
27/07/2026,21:23,139.45,25.41,23.86,10.17,48.32,20.39,-0.95,4.79,1260,1.0269,43.25,0.0792
27/07/2026,21:24,139.39,25.38,23.89,10.19,48.25,20.39,-0.96,4.78,1260,1.0267,43.32,0.0794
27/07/2026,21:25,139.41,25.34,23.85,10.13,48.36,20.38,-0.96,4.79,1265,1.0267,43.16,0.0800
27/07/2026,21:26,139.35,25.31,23.88,10.10,48.38,20.40,-0.98,4.81,1267,1.0266,43.23,0.0800
27/07/2026,21:27,139.35,25.30,23.88,10.11,48.41,20.42,-1.00,4.79,1267,1.0265,43.36,0.0795
27/07/2026,21:28,139.32,25.30,23.94,10.12,48.33,20.43,-1.01,4.79,1267,1.0267,43.36,0.0802
27/07/2026,21:29,139.30,25.26,24.03,10.16,48.28,20.44,-1.02,4.78,1268,1.0265,43.57,0.0811
27/07/2026,21:30,139.30,25.26,23.98,10.17,48.37,20.41,-1.02,4.77,1268,1.0267,43.63,0.0813
27/07/2026,21:31,139.32,25.28,23.98,10.15,48.42,20.46,-1.02,4.76,1270,1.0266,43.60,0.0811
27/07/2026,21:32,139.31,25.23,24.04,10.15,48.43,20.51,-1.02,4.75,1273,1.0267,43.63,0.0808
27/07/2026,21:33,139.37,25.16,24.00,10.13,48.45,20.53,-1.00,4.76,1271,1.0265,43.60,0.0811
27/07/2026,21:34,139.30,25.24,24.00,10.10,48.57,20.58,-1.04,4.75,1271,1.0263,43.52,0.0812
27/07/2026,21:35,139.30,25.20,23.99,10.12,48.44,20.62,-1.00,4.75,1268,1.0264,43.65,0.0813
27/07/2026,21:36,139.30,25.18,24.01,10.15,48.48,20.61,-0.99,4.77,1269,1.0263,43.66,0.0814
27/07/2026,21:37,139.34,25.15,23.99,10.17,48.33,20.64,-1.00,4.77,1274,1.0263,43.56,0.0817
27/07/2026,21:38,139.35,25.11,23.98,10.19,48.31,20.64,-0.98,4.76,1276,1.0258,43.68,0.0817
27/07/2026,21:39,139.38,25.09,23.96,10.18,48.31,20.65,-0.98,4.76,1278,1.0257,43.62,0.0821
27/07/2026,21:40,139.46,25.04,24.06,10.18,48.45,20.65,-0.98,4.75,1280,1.0254,43.51,0.0819
27/07/2026,21:41,139.44,25.04,24.17,10.11,48.33,20.64,-0.99,4.75,1281,1.0254,43.49,0.0821
27/07/2026,21:42,139.38,25.04,24.16,10.09,48.32,20.67,-1.00,4.74,1280,1.0257,43.64,0.0829
27/07/2026,21:43,139.45,25.08,24.19,10.09,48.35,20.64,-1.03,4.72,1280,1.0255,43.50,0.0832
27/07/2026,21:44,139.41,25.05,24.23,10.11,48.39,20.66,-1.02,4.71,1277,1.0254,43.40,0.0833
27/07/2026,21:45,139.38,25.05,24.23,10.16,48.52,20.66,-1.04,4.72,1279,1.0256,43.42,0.0829
27/07/2026,21:46,139.44,25.07,24.23,10.15,48.32,20.67,-1.05,4.72,1276,1.0254,43.34,0.0818
27/07/2026,21:47,139.31,25.07,24.25,10.18,48.36,20.61,-1.06,4.74,1269,1.0255,43.25,0.0812
27/07/2026,21:48,139.34,25.11,24.16,10.20,48.40,20.60,-1.05,4.74,1268,1.0259,43.29,0.0818
27/07/2026,21:49,139.44,25.09,24.13,10.21,48.54,20.54,-1.04,4.74,1267,1.0258,43.34,0.0819
27/07/2026,21:50,139.41,24.97,24.16,10.26,48.64,20.53,-1.04,4.74,1269,1.0256,43.30,0.0816
27/07/2026,21:51,139.34,24.94,24.09,10.25,48.59,20.52,-1.06,4.77,1276,1.0258,43.32,0.0810
27/07/2026,21:52,139.42,24.91,24.11,10.23,48.53,20.53,-1.04,4.78,1280,1.0254,43.25,0.0806
27/07/2026,21:53,139.33,24.89,24.15,10.23,48.50,20.51,-1.03,4.78,1281,1.0256,43.33,0.0805
27/07/2026,21:54,139.34,24.87,24.22,10.22,48.54,20.48,-1.06,4.79,1283,1.0255,43.41,0.0807
27/07/2026,21:55,139.36,24.87,24.24,10.24,48.57,20.49,-1.08,4.79,1280,1.0256,43.46,0.0808
27/07/2026,21:56,139.37,24.84,24.24,10.28,48.56,20.49,-1.09,4.81,1279,1.0259,43.37,0.0807
27/07/2026,21:57,139.40,24.84,24.23,10.30,48.49,20.50,-1.09,4.79,1280,1.0264,43.40,0.0803
27/07/2026,21:58,139.42,24.82,24.19,10.32,48.41,20.51,-1.09,4.79,1279,1.0262,43.41,0.0807
27/07/2026,21:59,139.48,24.78,24.09,10.36,48.42,20.50,-1.10,4.79,1278,1.0262,43.30,0.0814
27/07/2026,22:00,139.50,24.76,24.09,10.31,48.37,20.47,-1.10,4.79,1276,1.0261,43.28,0.0817
27/07/2026,22:01,139.39,24.73,24.11,10.28,48.36,20.46,-1.11,4.79,1270,1.0261,43.36,0.0819
27/07/2026,22:02,139.27,24.67,24.08,10.31,48.38,20.45,-1.10,4.77,1267,1.0265,43.27,0.0825
27/07/2026,22:03,139.27,24.64,24.01,10.29,48.32,20.47,-1.07,4.78,1267,1.0266,43.38,0.0832
27/07/2026,22:04,139.21,24.70,23.99,10.32,48.36,20.49,-1.08,4.77,1265,1.0267,43.40,0.0828
27/07/2026,22:05,139.21,24.64,23.98,10.27,48.28,20.48,-1.08,4.78,1258,1.0267,43.46,0.0835
27/07/2026,22:06,139.15,24.61,23.95,10.24,48.25,20.50,-1.07,4.78,1260,1.0268,43.55,0.0839
27/07/2026,22:07,139.09,24.56,23.89,10.22,48.33,20.54,-1.05,4.77,1260,1.0264,43.55,0.0841
27/07/2026,22:08,139.04,24.55,23.88,10.16,48.35,20.56,-1.03,4.75,1259,1.0268,43.52,0.0843
27/07/2026,22:09,139.00,24.51,23.86,10.11,48.26,20.57,-1.03,4.75,1255,1.0265,43.58,0.0844
27/07/2026,22:10,139.01,24.43,23.84,10.08,48.25,20.60,-0.98,4.75,1253,1.0261,43.49,0.0850
27/07/2026,22:11,139.14,24.36,23.75,10.10,48.20,20.55,-1.00,4.76,1249,1.0261,43.41,0.0850
27/07/2026,22:12,139.10,24.44,23.73,10.11,48.19,20.53,-0.97,4.77,1246,1.0262,43.28,0.0850
27/07/2026,22:13,139.12,24.43,23.73,10.08,48.06,20.54,-0.99,4.76,1247,1.0266,43.23,0.0851
27/07/2026,22:14,139.08,24.43,23.68,10.08,48.07,20.53,-0.98,4.76,1245,1.0264,43.29,0.0853
27/07/2026,22:15,139.05,24.38,23.65,10.04,48.03,20.57,-0.97,4.76,1247,1.0264,43.22,0.0848
27/07/2026,22:16,138.99,24.40,23.66,10.07,48.06,20.60,-0.98,4.75,1246,1.0264,43.21,0.0847
27/07/2026,22:17,138.89,24.36,23.62,10.06,47.98,20.63,-0.98,4.74,1246,1.0262,43.29,0.0848
27/07/2026,22:18,138.85,24.41,23.60,10.07,47.96,20.62,-0.98,4.74,1247,1.0263,43.35,0.0852
27/07/2026,22:19,138.86,24.41,23.57,10.06,48.08,20.62,-0.96,4.74,1248,1.0260,43.37,0.0854
27/07/2026,22:20,138.82,24.44,23.56,10.07,48.14,20.62,-0.95,4.74,1251,1.0257,43.31,0.0857
27/07/2026,22:21,138.88,24.43,23.53,10.05,48.16,20.61,-0.92,4.76,1245,1.0260,43.31,0.0862
27/07/2026,22:22,138.94,24.42,23.55,10.06,48.25,20.62,-0.92,4.76,1249,1.0259,43.29,0.0859
27/07/2026,22:23,139.00,24.36,23.62,10.06,48.18,20.63,-0.90,4.76,1251,1.0261,43.35,0.0858
27/07/2026,22:24,139.07,24.35,23.62,10.08,48.19,20.59,-0.88,4.77,1248,1.0260,43.33,0.0855
27/07/2026,22:25,139.02,24.29,23.60,10.05,48.25,20.61,-0.88,4.76,1249,1.0263,43.24,0.0857
27/07/2026,22:26,139.08,24.30,23.56,10.06,48.27,20.60,-0.87,4.78,1248,1.0264,43.37,0.0859
27/07/2026,22:27,139.11,24.32,23.53,10.06,48.31,20.60,-0.90,4.78,1250,1.0264,43.44,0.0864
27/07/2026,22:28,139.11,24.33,23.51,10.04,48.23,20.59,-0.92,4.79,1249,1.0261,43.39,0.0866
27/07/2026,22:29,139.09,24.29,23.53,10.04,48.11,20.65,-0.94,4.77,1248,1.0260,43.54,0.0866
27/07/2026,22:30,139.04,24.26,23.49,10.03,48.09,20.68,-0.94,4.76,1246,1.0255,43.45,0.0867
27/07/2026,22:31,139.06,24.25,23.48,10.03,47.97,20.68,-0.94,4.75,1247,1.0254,43.33,0.0863
27/07/2026,22:32,139.07,24.24,23.46,10.05,48.03,20.71,-0.94,4.75,1244,1.0254,43.29,0.0856
27/07/2026,22:33,139.01,24.27,23.43,10.06,48.07,20.66,-0.92,4.75,1249,1.0255,43.31,0.0851
27/07/2026,22:34,139.07,24.25,23.43,10.05,48.07,20.62,-0.91,4.75,1250,1.0256,43.30,0.0854
27/07/2026,22:35,139.03,24.21,23.43,10.04,48.26,20.64,-0.90,4.73,1250,1.0254,43.41,0.0852
27/07/2026,22:36,139.01,24.21,23.44,9.99,48.27,20.65,-0.90,4.73,1248,1.0250,43.39,0.0848
27/07/2026,22:37,138.99,24.17,23.43,9.94,48.41,20.62,-0.88,4.72,1251,1.0251,43.45,0.0848
27/07/2026,22:38,138.93,24.13,23.47,9.96,48.47,20.59,-0.91,4.72,1248,1.0255,43.28,0.0844
27/07/2026,22:39,138.90,24.12,23.42,9.97,48.49,20.63,-0.90,4.72,1254,1.0252,43.24,0.0844
27/07/2026,22:40,138.85,24.04,23.35,9.97,48.47,20.67,-0.92,4.73,1253,1.0258,43.25,0.0843
27/07/2026,22:41,138.80,24.03,23.35,9.95,48.46,20.68,-0.91,4.73,1251,1.0257,43.15,0.0846
27/07/2026,22:42,138.82,23.95,23.45,9.96,48.45,20.72,-0.89,4.70,1252,1.0259,43.09,0.0840
27/07/2026,22:43,138.85,23.95,23.50,9.98,48.53,20.72,-0.91,4.71,1252,1.0260,42.98,0.0836
27/07/2026,22:44,138.96,23.89,23.48,9.99,48.47,20.67,-0.90,4.70,1249,1.0256,42.89,0.0840
27/07/2026,22:45,139.07,23.89,23.49,9.99,48.55,20.67,-0.91,4.71,1248,1.0257,42.85,0.0844
27/07/2026,22:46,139.15,23.88,23.53,9.97,48.63,20.66,-0.92,4.72,1246,1.0260,42.95,0.0847
27/07/2026,22:47,139.15,23.87,23.53,9.98,48.58,20.66,-0.94,4.73,1246,1.0261,43.11,0.0844
27/07/2026,22:48,139.13,23.76,23.48,9.98,48.55,20.67,-0.98,4.72,1243,1.0263,43.16,0.0845
27/07/2026,22:49,139.12,23.78,23.40,10.02,48.56,20.64,-0.94,4.72,1245,1.0266,43.32,0.0847
27/07/2026,22:50,139.13,23.73,23.34,10.02,48.53,20.61,-0.94,4.74,1246,1.0266,43.35,0.0850
27/07/2026,22:51,139.13,23.79,23.34,10.00,48.51,20.63,-0.95,4.74,1241,1.0267,43.33,0.0850
27/07/2026,22:52,139.14,23.76,23.36,10.00,48.56,20.65,-0.98,4.73,1242,1.0268,43.46,0.0853
27/07/2026,22:53,139.19,23.67,23.31,10.05,48.51,20.66,-0.97,4.73,1243,1.0267,43.38,0.0852
27/07/2026,22:54,139.23,23.60,23.32,10.02,48.54,20.64,-0.94,4.72,1244,1.0264,43.42,0.0852
27/07/2026,22:55,139.22,23.56,23.37,9.97,48.53,20.65,-0.91,4.71,1246,1.0266,43.46,0.0845
27/07/2026,22:56,139.20,23.56,23.40,9.97,48.44,20.63,-0.94,4.71,1246,1.0265,43.43,0.0846
27/07/2026,22:57,139.18,23.56,23.35,9.98,48.37,20.62,-0.88,4.72,1242,1.0266,43.37,0.0850
27/07/2026,22:58,139.29,23.59,23.33,9.98,48.51,20.63,-0.89,4.70,1240,1.0268,43.42,0.0850
27/07/2026,22:59,139.24,23.60,23.34,9.97,48.54,20.64,-0.89,4.69,1243,1.0268,43.31,0.0847
27/07/2026,23:00,139.22,23.53,23.28,9.92,48.46,20.67,-0.89,4.69,1246,1.0262,43.35,0.0847
27/07/2026,23:01,139.29,23.53,23.30,9.95,48.52,20.67,-0.87,4.68,1245,1.0261,43.47,0.0850
27/07/2026,23:02,139.23,23.50,23.42,9.98,48.43,20.70,-0.89,4.69,1249,1.0258,43.49,0.0848
27/07/2026,23:03,139.29,23.47,23.41,10.00,48.38,20.66,-0.91,4.69,1249,1.0259,43.42,0.0843
27/07/2026,23:04,139.20,23.45,23.41,10.01,48.41,20.66,-0.92,4.68,1246,1.0256,43.30,0.0839
27/07/2026,23:05,139.12,23.42,23.39,10.00,48.40,20.64,-0.92,4.68,1240,1.0255,43.37,0.0836
27/07/2026,23:06,139.15,23.41,23.42,10.01,48.45,20.61,-0.91,4.68,1240,1.0256,43.34,0.0833
27/07/2026,23:07,139.17,23.43,23.46,10.03,48.45,20.60,-0.93,4.68,1238,1.0256,43.38,0.0837
27/07/2026,23:08,139.16,23.43,23.44,10.03,48.34,20.67,-0.91,4.68,1236,1.0257,43.32,0.0840
27/07/2026,23:09,139.24,23.43,23.42,10.02,48.46,20.71,-0.92,4.69,1237,1.0255,43.19,0.0840
27/07/2026,23:10,139.27,23.40,23.40,10.02,48.51,20.66,-0.93,4.69,1237,1.0254,43.23,0.0836
27/07/2026,23:11,139.24,23.37,23.37,10.00,48.50,20.67,-0.94,4.69,1235,1.0251,43.28,0.0835
27/07/2026,23:12,139.23,23.29,23.39,9.98,48.38,20.71,-0.90,4.69,1234,1.0251,43.22,0.0833
27/07/2026,23:13,139.31,23.25,23.35,9.95,48.40,20.72,-0.88,4.71,1234,1.0249,43.28,0.0835
27/07/2026,23:14,139.24,23.23,23.31,9.96,48.35,20.72,-0.88,4.72,1237,1.0249,43.37,0.0831
27/07/2026,23:15,139.17,23.25,23.33,9.94,48.30,20.75,-0.87,4.71,1234,1.0251,43.34,0.0832
27/07/2026,23:16,139.22,23.22,23.31,9.93,48.32,20.78,-0.90,4.71,1242,1.0250,43.29,0.0831
27/07/2026,23:17,139.22,23.16,23.35,9.94,48.36,20.83,-0.89,4.71,1245,1.0249,43.23,0.0830
27/07/2026,23:18,139.24,23.15,23.37,9.94,48.23,20.84,-0.91,4.72,1248,1.0248,43.14,0.0829
27/07/2026,23:19,139.18,23.12,23.39,9.95,48.30,20.83,-0.91,4.73,1250,1.0248,43.03,0.0830
27/07/2026,23:20,139.19,23.12,23.48,9.94,48.27,20.80,-0.90,4.74,1251,1.0250,43.14,0.0832
27/07/2026,23:21,139.23,23.13,23.51,9.95,48.28,20.80,-0.88,4.75,1246,1.0249,42.99,0.0836
27/07/2026,23:22,139.23,23.11,23.56,9.92,48.24,20.83,-0.89,4.75,1249,1.0251,43.05,0.0829
27/07/2026,23:23,139.23,23.14,23.62,9.91,48.25,20.81,-0.88,4.75,1253,1.0252,42.97,0.0827
27/07/2026,23:24,139.26,23.13,23.57,9.94,48.24,20.80,-0.85,4.77,1256,1.0247,42.95,0.0826
27/07/2026,23:25,139.36,23.03,23.64,9.98,48.28,20.86,-0.87,4.79,1256,1.0247,42.87,0.0830
27/07/2026,23:26,139.40,23.00,23.64,9.97,48.28,20.86,-0.88,4.77,1253,1.0246,42.78,0.0825
27/07/2026,23:27,139.38,23.03,23.63,9.93,48.16,20.87,-0.87,4.76,1251,1.0249,42.78,0.0825
27/07/2026,23:28,139.42,22.96,23.57,9.96,48.10,20.86,-0.86,4.78,1249,1.0254,42.74,0.0828
27/07/2026,23:29,139.38,22.98,23.61,9.96,47.93,20.84,-0.87,4.78,1249,1.0251,42.85,0.0829
27/07/2026,23:30,139.37,22.94,23.52,9.95,47.87,20.86,-0.88,4.77,1246,1.0255,42.91,0.0828
27/07/2026,23:31,139.35,22.82,23.52,9.97,47.83,20.85,-0.87,4.77,1251,1.0257,42.89,0.0833
27/07/2026,23:32,139.32,22.79,23.51,9.97,47.80,20.88,-0.90,4.76,1252,1.0257,42.97,0.0836
27/07/2026,23:33,139.26,22.81,23.48,10.01,47.79,20.84,-0.90,4.75,1250,1.0256,42.96,0.0836
27/07/2026,23:34,139.31,22.77,23.46,9.99,47.82,20.81,-0.92,4.75,1249,1.0257,42.91,0.0831
27/07/2026,23:35,139.18,22.75,23.50,10.02,47.91,20.80,-0.92,4.73,1252,1.0254,42.86,0.0829
27/07/2026,23:36,139.15,22.73,23.48,10.00,47.95,20.75,-0.89,4.72,1252,1.0253,42.93,0.0833
27/07/2026,23:37,139.21,22.73,23.54,10.00,47.84,20.75,-0.89,4.72,1256,1.0253,43.01,0.0832
27/07/2026,23:38,139.19,22.66,23.57,9.98,47.86,20.74,-0.90,4.71,1258,1.0252,43.11,0.0828
27/07/2026,23:39,139.23,22.66,23.60,9.97,47.90,20.72,-0.94,4.72,1263,1.0253,42.87,0.0825
27/07/2026,23:40,139.29,22.67,23.64,9.97,47.93,20.74,-0.92,4.74,1260,1.0254,43.00,0.0820
27/07/2026,23:41,139.30,22.59,23.61,9.97,47.93,20.70,-0.91,4.74,1259,1.0253,42.95,0.0821
27/07/2026,23:42,139.33,22.56,23.62,9.99,47.94,20.69,-0.91,4.73,1254,1.0249,42.84,0.0824
27/07/2026,23:43,139.34,22.53,23.59,9.94,47.78,20.66,-0.92,4.73,1253,1.0249,42.78,0.0828
27/07/2026,23:44,139.35,22.49,23.57,9.90,47.90,20.66,-0.89,4.74,1254,1.0248,42.70,0.0830
27/07/2026,23:45,139.39,22.51,23.56,9.86,47.80,20.64,-0.91,4.75,1255,1.0248,42.82,0.0835
27/07/2026,23:46,139.40,22.50,23.53,9.88,47.70,20.63,-0.89,4.75,1256,1.0249,42.77,0.0837
27/07/2026,23:47,139.49,22.49,23.60,9.89,47.69,20.66,-0.89,4.74,1259,1.0247,42.69,0.0839
27/07/2026,23:48,139.37,22.47,23.57,9.88,47.75,20.63,-0.91,4.76,1258,1.0249,42.82,0.0839
27/07/2026,23:49,139.47,22.43,23.57,9.89,47.90,20.62,-0.93,4.76,1256,1.0248,42.84,0.0843
27/07/2026,23:50,139.57,22.39,23.54,9.88,47.90,20.65,-0.96,4.75,1256,1.0249,43.01,0.0844
27/07/2026,23:51,139.63,22.37,23.54,9.91,47.96,20.67,-0.94,4.74,1260,1.0251,42.97,0.0838
27/07/2026,23:52,139.58,22.32,23.56,9.91,47.91,20.68,-0.93,4.72,1258,1.0253,42.92,0.0843
27/07/2026,23:53,139.51,22.34,23.55,9.89,47.84,20.70,-0.94,4.72,1258,1.0250,42.84,0.0848
27/07/2026,23:54,139.49,22.33,23.57,9.89,47.78,20.74,-0.96,4.70,1255,1.0250,42.77,0.0845
27/07/2026,23:55,139.47,22.38,23.60,9.90,47.85,20.79,-0.94,4.70,1257,1.0248,42.73,0.0842
27/07/2026,23:56,139.48,22.33,23.60,9.92,47.88,20.81,-0.97,4.71,1253,1.0249,42.79,0.0838
27/07/2026,23:57,139.50,22.28,23.64,9.89,47.86,20.77,-1.00,4.69,1254,1.0251,42.96,0.0841
27/07/2026,23:58,139.48,22.35,23.69,9.92,47.74,20.76,-0.98,4.71,1252,1.0252,42.87,0.0844
27/07/2026,23:59,139.41,22.33,23.62,9.93,47.70,20.72,-0.98,4.70,1252,1.0252,42.85,0.0847
28/07/2026,00:00,139.48,22.32,23.62,9.90,47.70,20.76,-1.00,4.70,1250,1.0255,42.72,0.0846
28/07/2026,00:01,139.50,22.34,23.55,9.89,47.66,20.76,-0.99,4.71,1252,1.0260,42.57,0.0849
28/07/2026,00:02,139.52,22.26,23.53,9.89,47.56,20.79,-1.00,4.72,1255,1.0261,42.50,0.0848
28/07/2026,00:03,139.50,22.22,23.54,9.91,47.44,20.79,-1.01,4.72,1253,1.0258,42.25,0.0849
28/07/2026,00:04,139.50,22.17,23.57,9.93,47.41,20.76,-0.98,4.70,1255,1.0260,42.27,0.0850
28/07/2026,00:05,139.55,22.23,23.61,10.00,47.41,20.72,-0.96,4.69,1255,1.0257,42.28,0.0846
28/07/2026,00:06,139.54,22.17,23.61,9.98,47.36,20.71,-0.97,4.70,1255,1.0258,42.36,0.0838
28/07/2026,00:07,139.55,22.11,23.61,9.97,47.28,20.74,-0.96,4.69,1255,1.0257,42.33,0.0841
28/07/2026,00:08,139.45,22.07,23.55,10.01,47.30,20.77,-0.96,4.68,1251,1.0259,42.30,0.0840
28/07/2026,00:09,139.49,22.04,23.56,10.01,47.27,20.75,-0.95,4.67,1256,1.0262,42.35,0.0840
28/07/2026,00:10,139.40,22.10,23.66,10.02,47.30,20.73,-0.97,4.67,1254,1.0262,42.36,0.0842
28/07/2026,00:11,139.35,22.07,23.67,10.00,47.26,20.73,-0.97,4.67,1258,1.0258,42.40,0.0837
28/07/2026,00:12,139.35,22.06,23.68,10.00,47.30,20.72,-0.98,4.68,1251,1.0259,42.38,0.0836
28/07/2026,00:13,139.35,22.02,23.72,10.03,47.22,20.70,-0.95,4.69,1254,1.0262,42.40,0.0837
28/07/2026,00:14,139.37,22.03,23.80,10.01,47.32,20.66,-0.97,4.70,1254,1.0258,42.45,0.0832
28/07/2026,00:15,139.37,22.03,23.82,9.98,47.43,20.60,-0.99,4.70,1262,1.0254,42.38,0.0835
28/07/2026,00:16,139.38,22.00,23.82,9.97,47.44,20.60,-0.99,4.71,1262,1.0257,42.42,0.0832
28/07/2026,00:17,139.39,22.01,23.86,9.90,47.43,20.60,-0.98,4.72,1262,1.0262,42.43,0.0833
28/07/2026,00:18,139.44,22.01,23.85,9.88,47.41,20.67,-0.98,4.72,1260,1.0267,42.31,0.0834
28/07/2026,00:19,139.50,21.95,23.88,9.85,47.27,20.70,-0.95,4.74,1260,1.0264,42.19,0.0839
28/07/2026,00:20,139.54,21.93,23.90,9.89,47.21,20.67,-0.98,4.72,1263,1.0260,42.07,0.0843
28/07/2026,00:21,139.57,21.88,23.88,9.94,47.13,20.67,-0.98,4.73,1258,1.0260,41.96,0.0846
28/07/2026,00:22,139.59,21.90,23.85,9.92,47.13,20.67,-0.97,4.70,1256,1.0259,42.06,0.0839
28/07/2026,00:23,139.46,21.90,23.80,9.93,47.04,20.68,-0.96,4.72,1255,1.0257,42.02,0.0839
28/07/2026,00:24,139.45,21.87,23.78,9.87,46.95,20.70,-0.97,4.72,1252,1.0258,42.07,0.0845
28/07/2026,00:25,139.41,21.85,23.75,9.87,47.05,20.65,-0.94,4.71,1253,1.0258,42.03,0.0843
28/07/2026,00:26,139.30,21.86,23.72,9.91,47.11,20.62,-0.94,4.71,1251,1.0260,42.07,0.0850
28/07/2026,00:27,139.20,21.79,23.76,9.89,47.06,20.60,-0.93,4.71,1254,1.0265,42.20,0.0853
28/07/2026,00:28,139.18,21.82,23.71,9.88,47.07,20.69,-0.94,4.70,1253,1.0265,42.12,0.0851
28/07/2026,00:29,139.14,21.80,23.79,9.90,47.10,20.74,-0.93,4.72,1254,1.0262,42.13,0.0858
28/07/2026,00:30,139.08,21.75,23.76,9.85,47.12,20.78,-0.93,4.73,1254,1.0262,42.20,0.0859
28/07/2026,00:31,139.13,21.70,23.77,9.84,47.17,20.81,-0.94,4.73,1252,1.0259,42.15,0.0857
28/07/2026,00:32,139.15,21.67,23.75,9.85,47.11,20.79,-0.95,4.74,1251,1.0261,42.14,0.0855
28/07/2026,00:33,139.15,21.64,23.74,9.84,47.18,20.80,-0.95,4.75,1250,1.0259,42.06,0.0851
28/07/2026,00:34,139.14,21.62,23.75,9.81,47.29,20.82,-0.94,4.75,1251,1.0260,42.15,0.0851
28/07/2026,00:35,139.20,21.64,23.72,9.84,47.31,20.84,-0.95,4.75,1254,1.0262,42.19,0.0852
28/07/2026,00:36,139.15,21.58,23.70,9.84,47.27,20.82,-0.94,4.75,1250,1.0261,42.15,0.0854
28/07/2026,00:37,139.11,21.50,23.63,9.85,47.32,20.80,-0.92,4.76,1249,1.0261,42.10,0.0854
28/07/2026,00:38,139.21,21.46,23.59,9.87,47.32,20.81,-0.94,4.76,1246,1.0256,42.25,0.0858
28/07/2026,00:39,139.17,21.46,23.53,9.81,47.32,20.80,-0.92,4.73,1248,1.0256,42.30,0.0860
28/07/2026,00:40,139.20,21.46,23.50,9.84,47.34,20.83,-0.90,4.74,1246,1.0257,42.24,0.0860
28/07/2026,00:41,139.10,21.45,23.50,9.84,47.32,20.81,-0.87,4.73,1245,1.0254,42.15,0.0858
28/07/2026,00:42,139.09,21.45,23.52,9.87,47.35,20.86,-0.85,4.73,1244,1.0257,42.26,0.0857
28/07/2026,00:43,139.00,21.42,23.49,9.90,47.29,20.85,-0.84,4.72,1241,1.0257,42.24,0.0857
28/07/2026,00:44,138.97,21.45,23.51,9.91,47.19,20.84,-0.84,4.72,1244,1.0258,42.25,0.0860
28/07/2026,00:45,138.89,21.50,23.51,9.98,47.20,20.87,-0.85,4.70,1241,1.0257,42.16,0.0868
28/07/2026,00:46,138.94,21.39,23.50,9.97,47.25,20.92,-0.83,4.70,1242,1.0258,42.24,0.0866
28/07/2026,00:47,138.94,21.41,23.50,9.95,47.39,20.92,-0.86,4.71,1243,1.0255,42.28,0.0866
28/07/2026,00:48,138.98,21.41,23.52,9.94,47.34,20.91,-0.88,4.72,1242,1.0257,42.28,0.0865
28/07/2026,00:49,138.96,21.39,23.49,9.96,47.30,20.88,-0.87,4.71,1244,1.0256,42.34,0.0873
28/07/2026,00:50,139.00,21.40,23.42,9.94,47.38,20.86,-0.89,4.70,1238,1.0257,42.32,0.0874
28/07/2026,00:51,139.04,21.40,23.36,9.92,47.34,20.87,-0.88,4.71,1239,1.0259,42.38,0.0882
28/07/2026,00:52,139.06,21.39,23.44,9.91,47.36,20.88,-0.90,4.72,1246,1.0255,42.44,0.0888
28/07/2026,00:53,139.15,21.44,23.46,9.92,47.30,20.83,-0.91,4.74,1247,1.0250,42.46,0.0889
28/07/2026,00:54,139.20,21.42,23.50,9.89,47.24,20.85,-0.93,4.75,1245,1.0253,42.63,0.0889
28/07/2026,00:55,139.27,21.40,23.51,9.89,47.22,20.85,-0.91,4.74,1241,1.0251,42.59,0.0890
28/07/2026,00:56,139.25,21.38,23.49,9.89,47.23,20.82,-0.88,4.75,1241,1.0252,42.55,0.0888
28/07/2026,00:57,139.22,21.36,23.47,9.89,47.25,20.85,-0.85,4.75,1243,1.0251,42.55,0.0889
28/07/2026,00:58,139.16,21.38,23.51,9.91,47.32,20.87,-0.87,4.74,1248,1.0249,42.52,0.0893
28/07/2026,00:59,139.20,21.35,23.46,9.89,47.37,20.87,-0.88,4.74,1246,1.0252,42.57,0.0887
28/07/2026,01:00,139.19,21.35,23.45,9.89,47.35,20.89,-0.87,4.75,1250,1.0248,42.44,0.0882
28/07/2026,01:01,139.18,21.36,23.47,9.92,47.28,20.89,-0.88,4.76,1251,1.0250,42.43,0.0883
28/07/2026,01:02,139.21,21.50,23.50,9.96,47.35,20.86,-0.89,4.75,1250,1.0256,42.58,0.0881
28/07/2026,01:03,139.21,21.46,23.55,10.00,47.40,20.84,-0.89,4.75,1249,1.0256,42.72,0.0880
28/07/2026,01:04,139.16,21.46,23.53,9.97,47.50,20.87,-0.88,4.74,1250,1.0256,42.80,0.0874
28/07/2026,01:05,139.14,21.39,23.53,9.96,47.61,20.88,-0.91,4.75,1252,1.0257,42.63,0.0877
28/07/2026,01:06,139.18,21.36,23.57,9.98,47.58,20.90,-0.95,4.75,1256,1.0260,42.62,0.0875
28/07/2026,01:07,139.18,21.35,23.53,9.97,47.75,20.89,-0.97,4.75,1254,1.0255,42.59,0.0870
28/07/2026,01:08,139.26,21.37,23.51,9.98,47.68,20.91,-0.96,4.75,1252,1.0256,42.61,0.0875
28/07/2026,01:09,139.30,21.37,23.57,10.02,47.80,20.93,-0.94,4.74,1258,1.0254,42.67,0.0870
28/07/2026,01:10,139.32,21.33,23.63,10.06,47.85,20.89,-0.91,4.74,1257,1.0254,42.60,0.0866
28/07/2026,01:11,139.34,21.35,23.71,10.07,47.86,20.86,-0.92,4.74,1255,1.0255,42.51,0.0864
28/07/2026,01:12,139.31,21.37,23.69,10.07,47.86,20.89,-0.93,4.75,1257,1.0252,42.64,0.0865
28/07/2026,01:13,139.34,21.35,23.75,10.06,47.86,20.88,-0.93,4.77,1258,1.0253,42.69,0.0867
28/07/2026,01:14,139.33,21.38,23.73,10.00,47.89,20.86,-0.96,4.75,1256,1.0253,42.46,0.0863
28/07/2026,01:15,139.31,21.37,23.68,9.98,47.90,20.86,-0.97,4.75,1256,1.0251,42.51,0.0862
28/07/2026,01:16,139.31,21.34,23.69,10.00,47.69,20.86,-0.93,4.74,1257,1.0253,42.45,0.0867
28/07/2026,01:17,139.23,21.27,23.65,10.01,47.63,20.87,-0.94,4.74,1257,1.0255,42.56,0.0871
28/07/2026,01:18,139.16,21.34,23.65,10.00,47.51,20.82,-0.95,4.73,1257,1.0255,42.52,0.0877
28/07/2026,01:19,139.18,21.35,23.69,10.00,47.44,20.84,-0.94,4.73,1259,1.0253,42.48,0.0872
28/07/2026,01:20,139.16,21.32,23.69,10.00,47.39,20.82,-0.93,4.73,1262,1.0253,42.40,0.0871
28/07/2026,01:21,139.13,21.25,23.73,9.98,47.52,20.83,-0.91,4.73,1259,1.0252,42.33,0.0871
28/07/2026,01:22,139.06,21.18,23.66,9.98,47.61,20.82,-0.92,4.72,1258,1.0253,42.27,0.0876
28/07/2026,01:23,139.06,21.15,23.60,9.98,47.65,20.83,-0.91,4.72,1259,1.0253,42.25,0.0877
28/07/2026,01:24,139.03,21.09,23.62,9.97,47.57,20.81,-0.95,4.73,1263,1.0252,42.23,0.0878
28/07/2026,01:25,139.03,21.08,23.65,9.95,47.54,20.79,-0.92,4.73,1265,1.0251,42.27,0.0878
28/07/2026,01:26,139.03,21.07,23.62,9.93,47.43,20.76,-0.92,4.72,1257,1.0251,42.12,0.0873
28/07/2026,01:27,139.05,21.04,23.65,9.95,47.39,20.80,-0.90,4.73,1260,1.0251,42.34,0.0873
28/07/2026,01:28,139.02,21.01,23.66,9.92,47.33,20.81,-0.91,4.74,1261,1.0248,42.33,0.0875
28/07/2026,01:29,139.10,20.93,23.61,9.89,47.31,20.79,-0.91,4.73,1261,1.0246,42.26,0.0868
28/07/2026,01:30,139.04,20.89,23.62,9.85,47.27,20.76,-0.91,4.72,1259,1.0244,42.27,0.0866
28/07/2026,01:31,139.07,20.88,23.68,9.85,47.29,20.73,-0.93,4.72,1259,1.0245,42.40,0.0868
28/07/2026,01:32,139.06,20.92,23.66,9.84,47.27,20.75,-0.96,4.73,1257,1.0242,42.37,0.0856
28/07/2026,01:33,139.06,20.99,23.58,9.83,47.39,20.73,-0.97,4.73,1256,1.0243,42.37,0.0861
28/07/2026,01:34,138.97,20.95,23.57,9.85,47.46,20.74,-0.95,4.73,1253,1.0252,42.34,0.0863
28/07/2026,01:35,138.92,20.93,23.57,9.85,47.50,20.76,-0.98,4.72,1251,1.0252,42.36,0.0863
28/07/2026,01:36,139.01,20.96,23.58,9.89,47.51,20.76,-0.96,4.70,1255,1.0253,42.42,0.0865
28/07/2026,01:37,139.02,21.01,23.55,9.89,47.37,20.79,-0.99,4.72,1250,1.0254,42.37,0.0865
28/07/2026,01:38,139.03,20.92,23.57,9.90,47.51,20.77,-0.99,4.71,1251,1.0253,42.36,0.0867
28/07/2026,01:39,139.05,20.92,23.61,9.90,47.47,20.80,-0.96,4.71,1257,1.0249,42.15,0.0866
28/07/2026,01:40,139.03,20.92,23.67,9.89,47.49,20.79,-0.95,4.71,1257,1.0250,42.30,0.0863
28/07/2026,01:41,138.95,20.95,23.72,9.92,47.58,20.79,-0.94,4.72,1255,1.0248,42.23,0.0868
28/07/2026,01:42,139.04,20.97,23.67,9.90,47.61,20.77,-0.95,4.72,1255,1.0249,42.28,0.0868
28/07/2026,01:43,139.05,20.94,23.63,9.91,47.63,20.81,-0.98,4.72,1252,1.0246,42.27,0.0866
28/07/2026,01:44,139.08,20.91,23.62,9.90,47.60,20.75,-0.98,4.74,1248,1.0245,42.33,0.0868
28/07/2026,01:45,139.14,20.91,23.66,9.88,47.54,20.80,-0.96,4.75,1247,1.0241,42.48,0.0865
28/07/2026,01:46,139.14,20.89,23.66,9.84,47.60,20.78,-0.95,4.75,1253,1.0245,42.44,0.0862
28/07/2026,01:47,139.19,20.84,23.66,9.82,47.59,20.80,-0.96,4.74,1249,1.0244,42.45,0.0862
28/07/2026,01:48,139.15,20.82,23.64,9.83,47.55,20.86,-0.94,4.73,1251,1.0246,42.38,0.0866
28/07/2026,01:49,139.15,20.77,23.64,9.86,47.51,20.90,-0.97,4.74,1247,1.0249,42.45,0.0871
28/07/2026,01:50,139.15,20.78,23.56,9.87,47.50,20.92,-0.93,4.73,1243,1.0246,42.35,0.0870
28/07/2026,01:51,139.13,20.77,23.47,9.92,47.36,20.93,-0.91,4.73,1243,1.0248,42.17,0.0873
28/07/2026,01:52,139.20,20.67,23.43,9.90,47.42,20.89,-0.90,4.72,1239,1.0246,42.18,0.0868
28/07/2026,01:53,139.12,20.66,23.45,9.94,47.32,20.90,-0.91,4.72,1234,1.0245,42.19,0.0864
28/07/2026,01:54,139.12,20.61,23.41,10.00,47.23,20.91,-0.93,4.71,1236,1.0246,42.23,0.0865
28/07/2026,01:55,139.04,20.60,23.40,9.99,47.30,20.90,-0.91,4.73,1243,1.0246,42.14,0.0872
28/07/2026,01:56,139.08,20.61,23.36,10.02,47.36,20.92,-0.88,4.74,1242,1.0245,42.08,0.0862
28/07/2026,01:57,139.06,20.55,23.34,10.00,47.44,20.93,-0.84,4.72,1245,1.0246,42.10,0.0859
28/07/2026,01:58,139.11,20.56,23.40,9.99,47.45,20.93,-0.85,4.71,1248,1.0247,42.16,0.0863
28/07/2026,01:59,139.08,20.51,23.37,10.00,47.50,20.93,-0.88,4.71,1249,1.0245,41.97,0.0869
28/07/2026,02:00,139.09,20.54,23.43,10.00,47.40,20.91,-0.88,4.71,1247,1.0245,41.86,0.0871
28/07/2026,02:01,139.11,20.57,23.39,10.01,47.44,20.89,-0.90,4.72,1247,1.0249,41.98,0.0871
28/07/2026,02:02,139.07,20.57,23.41,10.06,47.32,20.91,-0.91,4.72,1250,1.0248,41.93,0.0868
28/07/2026,02:03,139.05,20.50,23.39,10.02,47.29,20.94,-0.90,4.73,1255,1.0245,41.89,0.0864
28/07/2026,02:04,139.00,20.49,23.42,10.00,47.36,20.95,-0.89,4.73,1255,1.0244,41.84,0.0864
28/07/2026,02:05,139.04,20.51,23.42,10.02,47.40,20.95,-0.90,4.75,1254,1.0245,41.88,0.0864
28/07/2026,02:06,139.05,20.48,23.46,10.05,47.39,20.90,-0.92,4.74,1250,1.0246,41.90,0.0869
28/07/2026,02:07,138.96,20.50,23.50,10.04,47.42,20.87,-0.92,4.75,1248,1.0248,41.91,0.0872
28/07/2026,02:08,138.93,20.58,23.48,10.08,47.32,20.86,-0.92,4.73,1248,1.0246,41.92,0.0872
28/07/2026,02:09,138.90,20.58,23.48,10.09,47.32,20.85,-0.90,4.72,1248,1.0250,41.96,0.0869
28/07/2026,02:10,138.94,20.58,23.46,10.07,47.17,20.83,-0.89,4.72,1246,1.0253,41.99,0.0866
28/07/2026,02:11,138.92,20.58,23.47,10.06,47.02,20.85,-0.87,4.71,1247,1.0252,41.92,0.0868
28/07/2026,02:12,138.91,20.58,23.45,10.08,47.09,20.84,-0.85,4.73,1244,1.0254,41.94,0.0867
28/07/2026,02:13,138.87,20.52,23.43,10.12,47.13,20.78,-0.86,4.76,1244,1.0255,41.88,0.0868
28/07/2026,02:14,138.79,20.46,23.39,10.10,47.12,20.79,-0.90,4.75,1249,1.0253,42.02,0.0871
28/07/2026,02:15,138.82,20.41,23.36,10.09,47.12,20.76,-0.91,4.77,1248,1.0252,42.01,0.0876
28/07/2026,02:16,138.94,20.40,23.39,10.04,47.13,20.74,-0.89,4.77,1248,1.0251,42.02,0.0880
28/07/2026,02:17,138.94,20.43,23.42,10.03,47.01,20.74,-0.91,4.76,1249,1.0251,42.01,0.0881
28/07/2026,02:18,138.92,20.42,23.38,10.02,46.99,20.78,-0.94,4.76,1251,1.0250,41.98,0.0877
28/07/2026,02:19,138.92,20.44,23.42,10.02,46.96,20.76,-0.97,4.76,1250,1.0247,41.99,0.0881
28/07/2026,02:20,138.92,20.38,23.47,10.04,46.86,20.76,-0.99,4.74,1249,1.0246,41.93,0.0878
28/07/2026,02:21,138.91,20.34,23.49,10.06,46.90,20.73,-0.98,4.76,1249,1.0248,41.87,0.0876
28/07/2026,02:22,138.95,20.36,23.47,10.08,46.95,20.74,-0.98,4.76,1251,1.0252,41.92,0.0878
28/07/2026,02:23,138.90,20.41,23.47,10.08,47.08,20.71,-0.95,4.74,1248,1.0252,41.85,0.0887
28/07/2026,02:24,138.95,20.38,23.48,10.05,47.03,20.74,-0.92,4.75,1255,1.0253,41.80,0.0887
28/07/2026,02:25,138.95,20.32,23.46,10.05,47.01,20.72,-0.90,4.73,1250,1.0254,41.94,0.0891
28/07/2026,02:26,138.99,20.37,23.49,10.01,47.01,20.75,-0.91,4.74,1251,1.0255,41.89,0.0894
28/07/2026,02:27,139.02,20.33,23.56,9.96,46.86,20.74,-0.91,4.74,1255,1.0255,41.83,0.0896
28/07/2026,02:28,138.95,20.29,23.55,9.99,46.93,20.76,-0.88,4.76,1257,1.0258,41.76,0.0895
28/07/2026,02:29,138.98,20.26,23.50,9.98,46.91,20.73,-0.88,4.76,1256,1.0257,41.79,0.0890
28/07/2026,02:30,138.99,20.23,23.51,9.97,46.98,20.73,-0.87,4.76,1253,1.0254,41.68,0.0888
28/07/2026,02:31,138.96,20.21,23.49,10.01,47.11,20.70,-0.85,4.75,1253,1.0256,41.81,0.0886
28/07/2026,02:32,138.92,20.15,23.47,10.00,47.00,20.71,-0.86,4.74,1250,1.0261,41.85,0.0879
28/07/2026,02:33,138.99,20.17,23.46,9.99,47.00,20.72,-0.87,4.72,1247,1.0263,41.85,0.0882
28/07/2026,02:34,139.04,20.10,23.48,10.00,46.97,20.72,-0.92,4.71,1245,1.0258,41.75,0.0886
28/07/2026,02:35,139.11,20.10,23.39,10.00,47.04,20.71,-0.91,4.70,1245,1.0256,41.72,0.0887
28/07/2026,02:36,139.19,20.04,23.47,9.96,46.86,20.76,-0.90,4.69,1244,1.0253,41.69,0.0889
28/07/2026,02:37,139.15,20.04,23.47,9.93,46.77,20.80,-0.90,4.69,1248,1.0256,41.71,0.0888
28/07/2026,02:38,139.23,20.07,23.44,9.93,46.91,20.79,-0.92,4.70,1249,1.0256,41.72,0.0889
28/07/2026,02:39,139.22,20.05,23.43,9.95,46.82,20.81,-0.92,4.71,1249,1.0253,41.70,0.0889
28/07/2026,02:40,139.18,20.02,23.48,9.97,46.68,20.81,-0.93,4.71,1243,1.0254,41.84,0.0891
28/07/2026,02:41,139.13,20.03,23.50,9.93,46.71,20.84,-0.94,4.71,1241,1.0255,41.86,0.0885
28/07/2026,02:42,139.11,20.05,23.52,9.89,46.74,20.86,-0.91,4.72,1243,1.0255,41.79,0.0885
28/07/2026,02:43,139.14,20.00,23.49,9.89,46.75,20.84,-0.87,4.72,1248,1.0253,41.85,0.0887
28/07/2026,02:44,139.14,20.00,23.50,9.85,46.76,20.85,-0.86,4.71,1247,1.0252,41.83,0.0884
28/07/2026,02:45,139.14,20.01,23.46,9.93,46.69,20.88,-0.84,4.70,1246,1.0247,41.98,0.0881
28/07/2026,02:46,139.11,20.07,23.45,9.95,46.63,20.87,-0.82,4.70,1243,1.0249,41.95,0.0880
28/07/2026,02:47,139.03,20.05,23.46,9.91,46.67,20.88,-0.80,4.71,1245,1.0250,41.79,0.0882
28/07/2026,02:48,138.99,20.05,23.48,9.89,46.72,20.87,-0.82,4.69,1250,1.0253,41.76,0.0879
28/07/2026,02:49,138.88,20.14,23.50,9.89,46.81,20.80,-0.80,4.70,1250,1.0256,41.93,0.0882
28/07/2026,02:50,138.92,20.15,23.48,9.91,46.85,20.80,-0.80,4.71,1254,1.0254,41.83,0.0878
28/07/2026,02:51,138.96,20.11,23.47,9.93,46.69,20.79,-0.83,4.70,1255,1.0254,41.70,0.0873
28/07/2026,02:52,138.98,20.03,23.47,9.91,46.73,20.79,-0.83,4.70,1255,1.0259,41.75,0.0875
28/07/2026,02:53,138.99,20.04,23.61,9.92,46.70,20.78,-0.84,4.71,1255,1.0261,41.70,0.0876
28/07/2026,02:54,138.92,19.97,23.63,9.90,46.72,20.81,-0.85,4.71,1255,1.0261,41.78,0.0877
28/07/2026,02:55,138.90,19.96,23.65,9.91,46.61,20.80,-0.86,4.73,1254,1.0255,41.72,0.0876
28/07/2026,02:56,138.94,19.99,23.69,9.86,46.56,20.81,-0.86,4.71,1252,1.0260,41.79,0.0881
28/07/2026,02:57,138.99,20.00,23.67,9.86,46.53,20.83,-0.85,4.72,1251,1.0258,41.76,0.0879
28/07/2026,02:58,138.96,19.91,23.60,9.89,46.77,20.85,-0.84,4.72,1252,1.0257,41.74,0.0881
28/07/2026,02:59,139.04,19.95,23.58,9.87,46.87,20.85,-0.86,4.72,1249,1.0255,41.71,0.0887
28/07/2026,03:00,138.99,20.01,23.59,9.87,46.91,20.85,-0.86,4.72,1246,1.0249,41.64,0.0890
28/07/2026,03:01,138.95,20.01,23.62,9.85,47.07,20.86,-0.84,4.71,1247,1.0245,41.66,0.0891
28/07/2026,03:02,138.99,20.04,23.61,9.81,47.10,20.87,-0.84,4.72,1257,1.0248,41.64,0.0889
28/07/2026,03:03,138.93,20.00,23.58,9.82,47.27,20.84,-0.86,4.72,1257,1.0244,41.64,0.0893
28/07/2026,03:04,139.02,19.97,23.60,9.86,47.22,20.88,-0.86,4.71,1253,1.0243,41.73,0.0886
28/07/2026,03:05,139.00,19.92,23.55,9.81,47.24,20.94,-0.85,4.70,1249,1.0245,41.64,0.0885
28/07/2026,03:06,138.96,19.93,23.50,9.77,47.31,20.97,-0.86,4.70,1248,1.0247,41.76,0.0886
28/07/2026,03:07,138.93,20.02,23.49,9.77,47.33,20.95,-0.88,4.71,1251,1.0250,41.74,0.0886
28/07/2026,03:08,138.97,20.01,23.47,9.78,47.37,20.94,-0.87,4.72,1252,1.0248,41.63,0.0882
28/07/2026,03:09,138.93,19.97,23.52,9.85,47.37,20.93,-0.85,4.72,1250,1.0250,41.64,0.0879
28/07/2026,03:10,138.91,19.98,23.55,9.87,47.50,20.94,-0.87,4.71,1251,1.0253,41.62,0.0879
28/07/2026,03:11,138.93,20.02,23.56,9.87,47.30,20.91,-0.87,4.71,1252,1.0252,41.63,0.0880
28/07/2026,03:12,138.97,20.01,23.54,9.86,47.29,20.94,-0.84,4.72,1254,1.0248,41.62,0.0877
28/07/2026,03:13,138.98,20.07,23.56,9.86,47.20,20.95,-0.81,4.72,1248,1.0245,41.53,0.0884
28/07/2026,03:14,138.99,20.11,23.58,9.88,47.12,20.93,-0.84,4.71,1253,1.0244,41.50,0.0884
28/07/2026,03:15,138.93,20.14,23.57,9.88,47.11,20.97,-0.83,4.69,1251,1.0245,41.49,0.0875
28/07/2026,03:16,138.91,20.13,23.55,9.90,47.22,20.96,-0.84,4.69,1251,1.0246,41.58,0.0883
28/07/2026,03:17,138.92,20.05,23.57,9.91,47.33,20.95,-0.83,4.70,1254,1.0250,41.51,0.0882
28/07/2026,03:18,138.91,20.02,23.57,9.91,47.30,20.92,-0.85,4.69,1253,1.0252,41.45,0.0881
28/07/2026,03:19,138.86,20.04,23.58,9.94,47.29,20.90,-0.83,4.70,1246,1.0251,41.41,0.0878
28/07/2026,03:20,138.82,20.10,23.56,9.89,47.25,20.91,-0.85,4.69,1250,1.0246,41.46,0.0874
28/07/2026,03:21,138.80,20.06,23.52,9.90,47.23,20.94,-0.84,4.68,1242,1.0246,41.46,0.0876
28/07/2026,03:22,138.81,20.05,23.49,9.92,47.30,20.96,-0.80,4.69,1239,1.0243,41.52,0.0870
28/07/2026,03:23,138.80,20.06,23.44,9.93,47.33,20.96,-0.83,4.70,1243,1.0243,41.47,0.0872
28/07/2026,03:24,138.80,20.10,23.47,9.90,47.39,20.94,-0.84,4.69,1243,1.0246,41.48,0.0876
28/07/2026,03:25,138.80,20.12,23.46,9.88,47.38,20.94,-0.85,4.70,1239,1.0251,41.54,0.0874
28/07/2026,03:26,138.78,20.02,23.42,9.86,47.37,20.92,-0.86,4.70,1238,1.0253,41.58,0.0878
28/07/2026,03:27,138.80,19.98,23.44,9.85,47.35,20.89,-0.87,4.71,1236,1.0249,41.68,0.0877
28/07/2026,03:28,138.79,20.00,23.42,9.87,47.36,20.88,-0.86,4.71,1236,1.0249,41.79,0.0876
28/07/2026,03:29,138.88,20.05,23.40,9.86,47.34,20.83,-0.87,4.71,1243,1.0248,41.76,0.0872
28/07/2026,03:30,138.91,20.04,23.41,9.87,47.24,20.82,-0.89,4.73,1241,1.0247,41.70,0.0869
28/07/2026,03:31,138.88,20.05,23.44,9.91,47.36,20.82,-0.92,4.71,1244,1.0250,41.67,0.0875
28/07/2026,03:32,138.88,20.08,23.44,9.87,47.31,20.79,-0.93,4.70,1243,1.0248,41.69,0.0873
28/07/2026,03:33,138.90,20.07,23.39,9.85,47.51,20.75,-0.94,4.71,1243,1.0249,41.69,0.0877
28/07/2026,03:34,138.95,20.02,23.46,9.85,47.55,20.72,-0.95,4.71,1244,1.0249,41.77,0.0880
28/07/2026,03:35,138.96,20.01,23.43,9.87,47.45,20.73,-0.93,4.70,1245,1.0246,41.78,0.0882
28/07/2026,03:36,138.98,19.98,23.46,9.88,47.52,20.76,-0.92,4.69,1244,1.0245,41.69,0.0879
28/07/2026,03:37,139.03,19.95,23.43,9.89,47.53,20.76,-0.90,4.69,1249,1.0243,41.69,0.0883
28/07/2026,03:38,138.98,19.91,23.47,9.92,47.41,20.77,-0.88,4.69,1248,1.0245,41.60,0.0886
28/07/2026,03:39,138.96,19.91,23.46,9.92,47.46,20.77,-0.89,4.69,1252,1.0243,41.68,0.0887
28/07/2026,03:40,138.98,19.96,23.49,9.89,47.58,20.81,-0.88,4.70,1251,1.0239,41.74,0.0882
28/07/2026,03:41,138.93,19.94,23.48,9.87,47.65,20.79,-0.87,4.70,1253,1.0240,41.75,0.0888
28/07/2026,03:42,139.02,19.98,23.54,9.89,47.57,20.75,-0.88,4.72,1253,1.0238,41.76,0.0885
28/07/2026,03:43,139.02,19.93,23.55,9.88,47.67,20.71,-0.91,4.73,1252,1.0243,41.81,0.0884
28/07/2026,03:44,139.08,19.93,23.53,9.85,47.55,20.72,-0.92,4.72,1250,1.0242,41.81,0.0882
28/07/2026,03:45,139.19,19.98,23.55,9.87,47.59,20.71,-0.90,4.73,1251,1.0245,41.78,0.0886
28/07/2026,03:46,139.19,19.99,23.52,9.88,47.62,20.71,-0.91,4.74,1249,1.0245,41.77,0.0889
28/07/2026,03:47,139.16,19.99,23.47,9.90,47.60,20.74,-0.93,4.73,1257,1.0246,41.76,0.0885
28/07/2026,03:48,139.16,20.01,23.49,9.93,47.49,20.77,-0.93,4.74,1257,1.0248,41.75,0.0878
28/07/2026,03:49,139.17,20.00,23.53,9.98,47.40,20.78,-0.92,4.74,1255,1.0249,41.67,0.0881
28/07/2026,03:50,139.21,19.99,23.58,9.99,47.34,20.78,-0.90,4.73,1257,1.0253,41.65,0.0879
28/07/2026,03:51,139.21,20.00,23.59,10.01,47.39,20.79,-0.94,4.73,1259,1.0258,41.64,0.0882
28/07/2026,03:52,139.23,19.98,23.54,10.04,47.34,20.80,-0.93,4.74,1261,1.0263,41.58,0.0882
28/07/2026,03:53,139.25,19.91,23.62,10.07,47.38,20.72,-0.97,4.73,1264,1.0260,41.74,0.0885
28/07/2026,03:54,139.27,19.90,23.65,10.03,47.55,20.74,-0.99,4.75,1265,1.0262,41.67,0.0892
28/07/2026,03:55,139.29,19.85,23.68,10.02,47.59,20.77,-0.97,4.76,1262,1.0263,41.66,0.0898
28/07/2026,03:56,139.26,19.85,23.66,10.04,47.55,20.76,-0.96,4.74,1259,1.0267,41.71,0.0901
28/07/2026,03:57,139.15,19.87,23.69,10.02,47.61,20.80,-0.93,4.75,1257,1.0266,41.88,0.0898
28/07/2026,03:58,139.15,19.88,23.67,10.04,47.56,20.78,-0.97,4.76,1255,1.0265,41.93,0.0901
28/07/2026,03:59,139.06,19.89,23.66,10.07,47.57,20.75,-0.92,4.75,1256,1.0264,41.90,0.0899
28/07/2026,04:00,139.01,19.92,23.64,10.07,47.57,20.73,-0.90,4.75,1251,1.0262,42.03,0.0895
28/07/2026,04:01,139.09,20.01,23.60,10.10,47.54,20.69,-0.88,4.74,1256,1.0257,42.07,0.0891
28/07/2026,04:02,139.13,20.00,23.56,10.06,47.48,20.64,-0.86,4.73,1253,1.0258,42.06,0.0890
28/07/2026,04:03,139.18,20.04,23.57,10.05,47.51,20.62,-0.84,4.74,1246,1.0259,42.09,0.0894
28/07/2026,04:04,139.19,20.02,23.56,10.07,47.31,20.60,-0.83,4.72,1252,1.0257,42.11,0.0891
28/07/2026,04:05,139.16,20.03,23.59,10.02,47.39,20.63,-0.83,4.72,1249,1.0256,42.13,0.0890
28/07/2026,04:06,139.18,20.00,23.60,9.95,47.42,20.60,-0.84,4.73,1252,1.0256,42.16,0.0892
28/07/2026,04:07,139.13,19.98,23.55,9.97,47.41,20.62,-0.82,4.72,1247,1.0255,42.13,0.0896
28/07/2026,04:08,139.12,20.05,23.47,9.99,47.43,20.62,-0.82,4.73,1250,1.0254,41.98,0.0898
28/07/2026,04:09,139.14,20.14,23.56,9.96,47.34,20.65,-0.86,4.73,1242,1.0250,41.88,0.0894
28/07/2026,04:10,139.09,20.15,23.54,9.96,47.30,20.64,-0.83,4.72,1240,1.0250,41.83,0.0895
28/07/2026,04:11,139.05,20.15,23.48,9.95,47.22,20.65,-0.85,4.70,1241,1.0253,41.76,0.0890
28/07/2026,04:12,139.11,20.13,23.45,9.96,47.29,20.67,-0.84,4.69,1246,1.0252,41.76,0.0889
28/07/2026,04:13,139.12,20.12,23.41,9.97,47.18,20.66,-0.86,4.70,1247,1.0249,41.69,0.0882
28/07/2026,04:14,139.06,20.07,23.41,10.00,47.08,20.67,-0.86,4.70,1248,1.0250,41.65,0.0885
28/07/2026,04:15,139.01,20.05,23.46,10.01,47.07,20.69,-0.85,4.73,1245,1.0252,41.57,0.0881
28/07/2026,04:16,139.03,20.07,23.50,9.98,47.27,20.72,-0.84,4.74,1246,1.0249,41.44,0.0882
28/07/2026,04:17,138.97,20.03,23.50,9.98,47.29,20.78,-0.87,4.73,1248,1.0249,41.54,0.0876
28/07/2026,04:18,139.00,20.00,23.50,10.01,47.20,20.80,-0.86,4.74,1240,1.0251,41.50,0.0881
28/07/2026,04:19,139.07,20.01,23.48,10.01,47.11,20.80,-0.88,4.74,1240,1.0248,41.57,0.0881
28/07/2026,04:20,139.09,20.00,23.40,10.01,47.09,20.79,-0.84,4.75,1238,1.0250,41.63,0.0880
28/07/2026,04:21,139.09,19.97,23.36,10.01,47.17,20.77,-0.83,4.74,1242,1.0254,41.64,0.0882
28/07/2026,04:22,139.04,20.01,23.41,10.02,47.24,20.77,-0.84,4.73,1244,1.0252,41.61,0.0882
28/07/2026,04:23,139.02,20.04,23.42,10.03,47.21,20.75,-0.86,4.75,1242,1.0255,41.70,0.0884
28/07/2026,04:24,139.00,20.03,23.35,10.06,47.14,20.74,-0.88,4.75,1244,1.0255,41.64,0.0884
28/07/2026,04:25,139.03,20.02,23.33,10.05,47.14,20.78,-0.88,4.73,1246,1.0253,41.71,0.0885
28/07/2026,04:26,138.97,20.03,23.34,10.07,47.17,20.74,-0.89,4.73,1253,1.0250,41.81,0.0890
28/07/2026,04:27,139.05,20.00,23.39,10.06,47.12,20.73,-0.89,4.73,1256,1.0249,41.76,0.0895
28/07/2026,04:28,139.09,20.00,23.41,10.03,47.15,20.72,-0.92,4.74,1256,1.0248,41.69,0.0902
28/07/2026,04:29,139.05,19.95,23.49,10.02,47.14,20.69,-0.92,4.74,1260,1.0252,41.70,0.0895
28/07/2026,04:30,139.05,19.96,23.54,10.04,47.25,20.73,-0.92,4.75,1260,1.0249,41.75,0.0890
28/07/2026,04:31,139.01,20.00,23.53,9.97,47.19,20.74,-0.89,4.75,1258,1.0253,41.68,0.0888
28/07/2026,04:32,139.06,20.00,23.57,9.97,47.22,20.74,-0.86,4.74,1255,1.0251,41.72,0.0886
28/07/2026,04:33,139.01,20.00,23.50,9.97,47.10,20.81,-0.88,4.75,1256,1.0252,41.83,0.0892
28/07/2026,04:34,138.97,20.04,23.52,10.00,47.18,20.84,-0.87,4.74,1256,1.0251,41.85,0.0894
28/07/2026,04:35,139.01,20.08,23.51,9.99,47.13,20.84,-0.90,4.73,1256,1.0252,41.72,0.0896
28/07/2026,04:36,139.04,20.09,23.48,10.03,47.13,20.81,-0.93,4.72,1254,1.0253,41.68,0.0890
28/07/2026,04:37,139.00,20.03,23.54,10.04,47.05,20.87,-0.92,4.72,1253,1.0253,41.73,0.0886
28/07/2026,04:38,139.06,20.00,23.58,10.03,47.15,20.91,-0.94,4.73,1252,1.0252,41.80,0.0889
28/07/2026,04:39,139.11,20.06,23.56,10.03,47.22,20.91,-0.94,4.74,1251,1.0255,41.90,0.0885
28/07/2026,04:40,139.14,20.08,23.48,10.04,47.13,20.90,-0.93,4.74,1245,1.0257,41.89,0.0888
28/07/2026,04:41,139.18,20.12,23.59,10.03,47.11,20.89,-0.92,4.73,1247,1.0256,41.78,0.0879
28/07/2026,04:42,139.31,20.03,23.56,10.01,47.09,20.91,-0.91,4.74,1246,1.0253,41.73,0.0878
28/07/2026,04:43,139.33,20.06,23.57,10.04,47.08,20.91,-0.92,4.74,1244,1.0255,41.81,0.0878
28/07/2026,04:44,139.36,20.03,23.57,10.06,47.05,20.89,-0.92,4.73,1244,1.0256,41.80,0.0878
28/07/2026,04:45,139.47,20.01,23.57,10.07,47.02,20.90,-0.96,4.73,1243,1.0257,41.72,0.0876
28/07/2026,04:46,139.42,20.01,23.51,10.05,47.07,20.86,-0.97,4.74,1243,1.0252,41.76,0.0876
28/07/2026,04:47,139.39,20.02,23.55,10.06,47.03,20.87,-0.98,4.74,1247,1.0252,41.77,0.0876
28/07/2026,04:48,139.39,20.03,23.58,10.09,46.93,20.88,-0.95,4.74,1247,1.0255,41.86,0.0880
28/07/2026,04:49,139.29,20.05,23.53,10.08,47.04,20.89,-0.95,4.73,1244,1.0261,41.89,0.0878
28/07/2026,04:50,139.26,20.03,23.52,10.06,47.15,20.86,-0.96,4.73,1248,1.0260,41.92,0.0872
28/07/2026,04:51,139.26,20.03,23.53,10.10,47.13,20.80,-0.97,4.71,1249,1.0261,41.94,0.0874
28/07/2026,04:52,139.30,20.06,23.58,10.04,47.14,20.84,-0.98,4.72,1251,1.0259,41.90,0.0875
28/07/2026,04:53,139.34,20.04,23.60,10.02,47.25,20.84,-0.98,4.73,1250,1.0258,41.89,0.0868
28/07/2026,04:54,139.39,20.06,23.55,10.03,47.25,20.88,-1.00,4.73,1249,1.0261,41.89,0.0869
28/07/2026,04:55,139.34,20.06,23.55,10.08,47.20,20.84,-0.99,4.73,1246,1.0258,41.78,0.0869
28/07/2026,04:56,139.30,20.11,23.53,10.06,47.24,20.87,-0.98,4.73,1249,1.0261,41.92,0.0871
28/07/2026,04:57,139.34,20.10,23.53,10.04,47.17,20.87,-0.99,4.72,1248,1.0263,41.91,0.0866
28/07/2026,04:58,139.34,20.10,23.50,10.05,47.05,20.87,-0.99,4.71,1254,1.0266,41.89,0.0865
28/07/2026,04:59,139.35,20.09,23.50,10.06,47.03,20.83,-0.99,4.72,1251,1.0268,41.78,0.0864
28/07/2026,05:00,139.29,20.09,23.48,10.07,47.11,20.83,-0.98,4.73,1251,1.0267,41.80,0.0866
28/07/2026,05:01,139.21,20.08,23.51,10.06,47.16,20.84,-0.97,4.72,1253,1.0263,41.67,0.0874
28/07/2026,05:02,139.23,20.06,23.51,10.01,47.21,20.85,-0.98,4.72,1250,1.0261,41.67,0.0879
28/07/2026,05:03,139.19,20.08,23.50,9.99,47.33,20.83,-0.96,4.73,1251,1.0261,41.59,0.0875
28/07/2026,05:04,139.20,20.08,23.47,10.00,47.35,20.82,-0.96,4.73,1249,1.0260,41.54,0.0877
28/07/2026,05:05,139.29,20.12,23.46,9.99,47.28,20.77,-0.99,4.73,1251,1.0258,41.55,0.0878
28/07/2026,05:06,139.29,20.16,23.47,9.97,47.23,20.74,-0.97,4.73,1257,1.0257,41.65,0.0878
28/07/2026,05:07,139.24,20.17,23.53,9.98,47.11,20.75,-0.96,4.72,1253,1.0258,41.65,0.0877
28/07/2026,05:08,139.24,20.20,23.53,9.98,47.11,20.75,-0.94,4.72,1247,1.0257,41.65,0.0879
28/07/2026,05:09,139.20,20.20,23.54,9.92,47.12,20.73,-0.93,4.71,1244,1.0255,41.56,0.0875
28/07/2026,05:10,139.20,20.18,23.52,9.94,47.08,20.71,-0.92,4.70,1241,1.0255,41.51,0.0878
28/07/2026,05:11,139.19,20.21,23.50,9.95,47.02,20.73,-0.95,4.70,1243,1.0258,41.48,0.0883
28/07/2026,05:12,139.13,20.21,23.52,9.92,46.93,20.78,-0.93,4.71,1244,1.0257,41.63,0.0882
28/07/2026,05:13,139.11,20.16,23.54,9.94,47.01,20.72,-0.94,4.72,1242,1.0255,41.58,0.0886
28/07/2026,05:14,139.08,20.16,23.57,9.90,47.08,20.72,-0.95,4.72,1238,1.0252,41.53,0.0892
28/07/2026,05:15,139.11,20.15,23.55,9.91,46.95,20.68,-0.92,4.72,1236,1.0251,41.54,0.0891
28/07/2026,05:16,139.10,20.14,23.47,9.91,47.06,20.73,-0.96,4.72,1240,1.0256,41.44,0.0892
28/07/2026,05:17,139.17,20.13,23.44,9.91,47.17,20.70,-0.94,4.71,1245,1.0253,41.56,0.0888
28/07/2026,05:18,139.22,20.12,23.44,9.89,47.22,20.72,-0.94,4.70,1246,1.0252,41.49,0.0886
28/07/2026,05:19,139.14,20.12,23.41,9.90,47.24,20.75,-0.92,4.70,1248,1.0252,41.64,0.0881
28/07/2026,05:20,139.10,20.15,23.41,9.85,47.19,20.77,-0.89,4.70,1246,1.0250,41.69,0.0886
28/07/2026,05:21,139.08,20.14,23.37,9.89,47.28,20.77,-0.90,4.70,1241,1.0253,41.59,0.0889
28/07/2026,05:22,139.11,20.11,23.38,9.93,47.33,20.77,-0.93,4.71,1241,1.0257,41.57,0.0892
28/07/2026,05:23,139.10,20.09,23.40,9.91,47.30,20.81,-0.95,4.70,1239,1.0252,41.69,0.0888
28/07/2026,05:24,139.03,20.16,23.40,9.97,47.33,20.78,-0.92,4.69,1240,1.0254,41.72,0.0889
28/07/2026,05:25,139.02,20.20,23.35,9.97,47.34,20.75,-0.90,4.70,1239,1.0253,41.68,0.0890
28/07/2026,05:26,139.03,20.23,23.40,9.95,47.32,20.77,-0.89,4.70,1241,1.0255,41.69,0.0894
28/07/2026,05:27,138.98,20.24,23.34,9.98,47.37,20.77,-0.86,4.70,1240,1.0254,41.69,0.0897
28/07/2026,05:28,139.01,20.26,23.34,9.98,47.41,20.78,-0.86,4.69,1240,1.0254,41.84,0.0890
28/07/2026,05:29,139.04,20.26,23.34,9.97,47.37,20.79,-0.85,4.69,1238,1.0255,41.77,0.0887
28/07/2026,05:30,139.02,20.31,23.33,9.95,47.39,20.74,-0.86,4.70,1238,1.0257,41.82,0.0888
28/07/2026,05:31,139.01,20.39,23.31,9.94,47.23,20.78,-0.88,4.71,1240,1.0256,41.81,0.0889
28/07/2026,05:32,139.04,20.39,23.34,9.90,47.22,20.82,-0.86,4.73,1245,1.0255,41.96,0.0887
28/07/2026,05:33,139.06,20.38,23.37,9.92,47.25,20.81,-0.87,4.73,1244,1.0255,41.93,0.0886
28/07/2026,05:34,139.08,20.33,23.40,9.98,47.33,20.80,-0.86,4.72,1244,1.0258,42.00,0.0884
28/07/2026,05:35,139.04,20.38,23.40,9.97,47.33,20.80,-0.87,4.72,1242,1.0256,41.91,0.0885
28/07/2026,05:36,139.07,20.41,23.33,9.96,47.33,20.79,-0.86,4.72,1245,1.0259,41.87,0.0882
28/07/2026,05:37,139.13,20.33,23.32,9.96,47.32,20.79,-0.86,4.73,1248,1.0261,41.87,0.0880
28/07/2026,05:38,139.10,20.32,23.34,9.97,47.25,20.79,-0.87,4.73,1248,1.0260,41.83,0.0881
28/07/2026,05:39,139.02,20.38,23.31,9.96,47.24,20.79,-0.87,4.72,1244,1.0260,41.98,0.0886
28/07/2026,05:40,139.02,20.39,23.34,9.97,47.21,20.76,-0.88,4.71,1242,1.0262,41.85,0.0886
28/07/2026,05:41,139.01,20.36,23.40,9.98,47.36,20.77,-0.86,4.70,1240,1.0262,41.68,0.0883
28/07/2026,05:42,138.98,20.33,23.39,9.99,47.35,20.77,-0.85,4.71,1243,1.0263,41.77,0.0878
28/07/2026,05:43,138.87,20.27,23.42,10.03,47.28,20.80,-0.84,4.71,1245,1.0262,41.71,0.0878
28/07/2026,05:44,138.93,20.29,23.38,10.01,47.28,20.82,-0.84,4.72,1242,1.0258,41.73,0.0883
28/07/2026,05:45,138.91,20.33,23.39,9.98,47.15,20.76,-0.84,4.72,1240,1.0259,41.78,0.0880
28/07/2026,05:46,138.97,20.33,23.41,10.00,47.17,20.75,-0.82,4.72,1244,1.0259,41.86,0.0876
28/07/2026,05:47,138.96,20.33,23.35,10.01,47.22,20.72,-0.80,4.71,1243,1.0260,41.87,0.0876
28/07/2026,05:48,139.01,20.33,23.36,10.05,47.31,20.71,-0.78,4.73,1246,1.0260,41.88,0.0872
28/07/2026,05:49,139.03,20.30,23.33,10.03,47.31,20.73,-0.79,4.73,1246,1.0262,41.91,0.0872
28/07/2026,05:50,139.02,20.30,23.35,10.04,47.24,20.77,-0.78,4.72,1248,1.0262,42.13,0.0870
28/07/2026,05:51,139.05,20.33,23.39,10.09,47.23,20.83,-0.79,4.71,1248,1.0260,42.16,0.0876
28/07/2026,05:52,139.10,20.36,23.35,10.10,47.31,20.85,-0.80,4.71,1247,1.0256,42.13,0.0876
28/07/2026,05:53,139.08,20.38,23.36,10.11,47.31,20.83,-0.80,4.72,1247,1.0255,42.15,0.0881
28/07/2026,05:54,139.03,20.40,23.35,10.12,47.30,20.83,-0.79,4.73,1245,1.0254,42.02,0.0877
28/07/2026,05:55,139.10,20.42,23.36,10.13,47.24,20.82,-0.79,4.73,1243,1.0256,42.05,0.0878
28/07/2026,05:56,139.12,20.47,23.37,10.09,47.30,20.79,-0.75,4.73,1241,1.0253,42.15,0.0875
28/07/2026,05:57,139.05,20.45,23.35,10.15,47.35,20.78,-0.75,4.74,1239,1.0253,42.18,0.0873
28/07/2026,05:58,139.04,20.47,23.33,10.16,47.38,20.75,-0.79,4.75,1236,1.0260,42.15,0.0872
28/07/2026,05:59,139.01,20.52,23.30,10.19,47.34,20.74,-0.78,4.75,1234,1.0257,42.06,0.0879
28/07/2026,06:00,138.98,20.57,23.34,10.21,47.33,20.73,-0.76,4.76,1243,1.0256,42.07,0.0882
28/07/2026,06:01,138.92,20.60,23.34,10.23,47.37,20.69,-0.76,4.77,1248,1.0258,42.07,0.0880
28/07/2026,06:02,138.90,20.60,23.39,10.23,47.40,20.68,-0.76,4.78,1253,1.0261,42.00,0.0877
28/07/2026,06:03,138.90,20.65,23.42,10.24,47.47,20.66,-0.74,4.79,1252,1.0259,41.95,0.0874
28/07/2026,06:04,138.89,20.69,23.48,10.27,47.38,20.60,-0.78,4.81,1253,1.0257,42.01,0.0874
28/07/2026,06:05,138.86,20.64,23.56,10.28,47.39,20.64,-0.80,4.81,1260,1.0254,42.19,0.0879
28/07/2026,06:06,138.83,20.66,23.60,10.31,47.41,20.64,-0.79,4.82,1263,1.0253,42.11,0.0884
28/07/2026,06:07,138.80,20.63,23.71,10.31,47.44,20.62,-0.82,4.82,1265,1.0253,42.01,0.0882
28/07/2026,06:08,138.85,20.62,23.76,10.29,47.55,20.59,-0.87,4.81,1265,1.0257,42.10,0.0880
28/07/2026,06:09,138.86,20.66,23.77,10.31,47.55,20.63,-0.88,4.81,1266,1.0254,42.08,0.0883
28/07/2026,06:10,138.91,20.64,23.81,10.30,47.45,20.58,-0.90,4.82,1267,1.0256,42.08,0.0885
28/07/2026,06:11,138.84,20.61,23.85,10.30,47.42,20.56,-0.92,4.83,1270,1.0257,42.08,0.0885
28/07/2026,06:12,138.89,20.65,23.86,10.33,47.40,20.55,-0.93,4.83,1273,1.0260,41.96,0.0886
28/07/2026,06:13,138.98,20.70,23.88,10.33,47.43,20.50,-0.97,4.83,1283,1.0259,41.98,0.0887
28/07/2026,06:14,139.00,20.71,23.94,10.33,47.50,20.50,-1.00,4.82,1286,1.0259,42.01,0.0887
28/07/2026,06:15,139.01,20.70,23.94,10.36,47.33,20.44,-0.99,4.84,1290,1.0259,42.04,0.0893
28/07/2026,06:16,139.10,20.72,24.02,10.39,47.37,20.39,-1.00,4.86,1290,1.0257,41.98,0.0897
28/07/2026,06:17,139.15,20.76,24.10,10.39,47.44,20.38,-1.00,4.86,1289,1.0254,41.95,0.0897
28/07/2026,06:18,139.20,20.73,24.17,10.40,47.41,20.36,-1.02,4.85,1292,1.0256,41.77,0.0901
28/07/2026,06:19,139.27,20.72,24.19,10.41,47.55,20.32,-1.02,4.87,1287,1.0256,41.95,0.0903
28/07/2026,06:20,139.35,20.76,24.26,10.46,47.50,20.25,-1.03,4.86,1286,1.0252,41.97,0.0903
28/07/2026,06:21,139.39,20.79,24.28,10.45,47.38,20.25,-1.00,4.86,1287,1.0252,41.93,0.0900
28/07/2026,06:22,139.42,20.75,24.32,10.45,47.40,20.21,-1.01,4.87,1291,1.0256,41.92,0.0897
28/07/2026,06:23,139.42,20.81,24.35,10.45,47.46,20.20,-1.06,4.86,1294,1.0257,41.82,0.0897
28/07/2026,06:24,139.51,20.80,24.39,10.46,47.33,20.19,-1.07,4.85,1294,1.0257,41.79,0.0899
28/07/2026,06:25,139.47,20.83,24.36,10.49,47.38,20.15,-1.05,4.86,1290,1.0258,41.77,0.0908
28/07/2026,06:26,139.41,20.81,24.37,10.50,47.41,20.17,-1.07,4.87,1291,1.0257,41.66,0.0904
28/07/2026,06:27,139.42,20.76,24.33,10.46,47.44,20.16,-1.08,4.86,1294,1.0256,41.65,0.0908
28/07/2026,06:28,139.44,20.75,24.27,10.43,47.39,20.14,-1.10,4.85,1290,1.0257,41.56,0.0907
28/07/2026,06:29,139.51,20.78,24.22,10.39,47.34,20.19,-1.08,4.86,1291,1.0256,41.73,0.0908
28/07/2026,06:30,139.63,20.81,24.26,10.39,47.32,20.21,-1.10,4.88,1294,1.0254,41.76,0.0909
28/07/2026,06:31,139.66,20.81,24.29,10.42,47.34,20.18,-1.10,4.90,1297,1.0254,41.78,0.0906
28/07/2026,06:32,139.65,20.85,24.36,10.39,47.29,20.15,-1.09,4.91,1298,1.0257,41.80,0.0907
28/07/2026,06:33,139.67,20.90,24.38,10.38,47.30,20.17,-1.12,4.92,1297,1.0253,41.73,0.0906
28/07/2026,06:34,139.66,20.95,24.40,10.39,47.35,20.16,-1.11,4.89,1296,1.0255,41.83,0.0912
28/07/2026,06:35,139.67,20.96,24.39,10.40,47.38,20.18,-1.10,4.90,1293,1.0252,41.70,0.0911
28/07/2026,06:36,139.69,20.95,24.40,10.41,47.30,20.18,-1.12,4.91,1293,1.0253,41.61,0.0909
28/07/2026,06:37,139.73,20.94,24.36,10.41,47.25,20.17,-1.10,4.90,1292,1.0257,41.62,0.0912
28/07/2026,06:38,139.68,20.95,24.29,10.40,47.27,20.16,-1.11,4.90,1293,1.0257,41.66,0.0919
28/07/2026,06:39,139.70,20.97,24.31,10.39,47.21,20.14,-1.14,4.91,1292,1.0261,41.57,0.0924
28/07/2026,06:40,139.65,20.93,24.38,10.42,47.30,20.16,-1.16,4.91,1295,1.0263,41.61,0.0921
28/07/2026,06:41,139.61,20.95,24.36,10.44,47.20,20.14,-1.17,4.92,1296,1.0266,41.69,0.0920
28/07/2026,06:42,139.61,20.97,24.36,10.47,47.28,20.17,-1.18,4.92,1294,1.0263,41.70,0.0921
28/07/2026,06:43,139.57,21.01,24.38,10.43,47.21,20.16,-1.21,4.92,1292,1.0261,41.71,0.0917
28/07/2026,06:44,139.54,21.04,24.34,10.46,47.22,20.19,-1.19,4.92,1290,1.0260,41.71,0.0916
28/07/2026,06:45,139.49,21.03,24.36,10.46,47.09,20.17,-1.17,4.91,1291,1.0263,41.68,0.0920
28/07/2026,06:46,139.47,21.07,24.40,10.48,47.13,20.13,-1.16,4.91,1295,1.0260,41.77,0.0925
28/07/2026,06:47,139.44,21.12,24.38,10.51,47.22,20.15,-1.17,4.91,1292,1.0261,41.77,0.0924
28/07/2026,06:48,139.47,21.10,24.40,10.50,47.23,20.18,-1.17,4.91,1292,1.0262,41.78,0.0925
28/07/2026,06:49,139.38,21.15,24.42,10.52,47.26,20.18,-1.17,4.92,1292,1.0264,41.59,0.0923
28/07/2026,06:50,139.40,21.20,24.47,10.47,47.20,20.17,-1.18,4.90,1289,1.0267,41.69,0.0926
28/07/2026,06:51,139.38,21.22,24.42,10.48,47.14,20.17,-1.20,4.89,1289,1.0265,41.59,0.0923
28/07/2026,06:52,139.43,21.18,24.41,10.51,47.27,20.20,-1.18,4.88,1285,1.0268,41.61,0.0920
28/07/2026,06:53,139.46,21.09,24.42,10.53,47.17,20.23,-1.21,4.89,1284,1.0267,41.58,0.0918
28/07/2026,06:54,139.44,21.07,24.38,10.49,47.24,20.25,-1.16,4.90,1288,1.0266,41.48,0.0919
28/07/2026,06:55,139.52,21.05,24.43,10.50,47.30,20.26,-1.17,4.89,1292,1.0261,41.70,0.0924
28/07/2026,06:56,139.52,21.04,24.42,10.54,47.41,20.28,-1.18,4.89,1287,1.0262,41.61,0.0918
28/07/2026,06:57,139.59,21.05,24.46,10.53,47.50,20.29,-1.19,4.90,1292,1.0265,41.62,0.0921
28/07/2026,06:58,139.54,21.10,24.49,10.54,47.36,20.29,-1.18,4.89,1289,1.0265,41.69,0.0922
28/07/2026,06:59,139.47,21.09,24.53,10.48,47.35,20.27,-1.19,4.90,1292,1.0266,41.67,0.0916
28/07/2026,07:00,139.41,21.09,24.55,10.48,47.28,20.26,-1.18,4.90,1289,1.0267,41.77,0.0918
28/07/2026,07:01,139.47,21.08,24.56,10.46,47.40,20.32,-1.19,4.90,1292,1.0267,41.85,0.0923
28/07/2026,07:02,139.51,21.14,24.54,10.46,47.44,20.33,-1.17,4.89,1294,1.0267,41.84,0.0920
28/07/2026,07:03,139.52,21.16,24.45,10.47,47.36,20.31,-1.20,4.89,1291,1.0274,41.80,0.0923
28/07/2026,07:04,139.47,21.22,24.42,10.47,47.30,20.39,-1.22,4.89,1295,1.0273,41.79,0.0917
28/07/2026,07:05,139.53,21.23,24.41,10.40,47.31,20.40,-1.21,4.88,1293,1.0270,41.58,0.0918
28/07/2026,07:06,139.48,21.30,24.50,10.37,47.30,20.41,-1.21,4.88,1293,1.0273,41.54,0.0918
28/07/2026,07:07,139.42,21.31,24.51,10.41,47.30,20.43,-1.21,4.88,1296,1.0275,41.68,0.0924
28/07/2026,07:08,139.41,21.33,24.50,10.44,47.24,20.42,-1.22,4.89,1293,1.0275,41.63,0.0919
28/07/2026,07:09,139.46,21.36,24.45,10.44,47.24,20.43,-1.17,4.88,1287,1.0276,41.57,0.0915
28/07/2026,07:10,139.38,21.38,24.43,10.43,47.23,20.40,-1.17,4.88,1288,1.0276,41.59,0.0913
28/07/2026,07:11,139.42,21.40,24.44,10.43,47.37,20.41,-1.16,4.90,1282,1.0278,41.67,0.0904
28/07/2026,07:12,139.44,21.38,24.41,10.46,47.44,20.40,-1.16,4.91,1283,1.0280,41.68,0.0901
28/07/2026,07:13,139.42,21.38,24.40,10.41,47.43,20.39,-1.16,4.91,1285,1.0281,41.73,0.0900
28/07/2026,07:14,139.43,21.40,24.36,10.46,47.37,20.34,-1.13,4.91,1284,1.0284,41.85,0.0898
28/07/2026,07:15,139.43,21.45,24.34,10.45,47.42,20.34,-1.13,4.89,1280,1.0286,41.88,0.0900
28/07/2026,07:16,139.45,21.47,24.31,10.44,47.39,20.31,-1.11,4.89,1282,1.0286,41.98,0.0899
28/07/2026,07:17,139.53,21.47,24.28,10.41,47.42,20.32,-1.14,4.89,1287,1.0287,41.94,0.0902
28/07/2026,07:18,139.56,21.43,24.29,10.44,47.52,20.29,-1.13,4.88,1291,1.0288,42.02,0.0899
28/07/2026,07:19,139.59,21.42,24.34,10.45,47.52,20.32,-1.14,4.88,1291,1.0287,42.05,0.0899
28/07/2026,07:20,139.57,21.41,24.32,10.48,47.58,20.31,-1.14,4.87,1288,1.0290,42.05,0.0902
28/07/2026,07:21,139.59,21.49,24.38,10.50,47.68,20.34,-1.16,4.88,1292,1.0292,41.93,0.0902
28/07/2026,07:22,139.67,21.52,24.41,10.51,47.76,20.35,-1.17,4.89,1290,1.0294,41.94,0.0900
28/07/2026,07:23,139.73,21.54,24.43,10.47,47.90,20.32,-1.18,4.89,1290,1.0292,41.90,0.0900
28/07/2026,07:24,139.67,21.59,24.49,10.45,47.79,20.29,-1.16,4.90,1290,1.0289,41.85,0.0903
28/07/2026,07:25,139.65,21.59,24.44,10.46,47.80,20.32,-1.16,4.89,1290,1.0286,41.81,0.0904
28/07/2026,07:26,139.67,21.63,24.43,10.47,47.87,20.29,-1.15,4.89,1288,1.0286,41.91,0.0898
28/07/2026,07:27,139.69,21.66,24.45,10.46,47.75,20.33,-1.14,4.88,1291,1.0283,41.92,0.0896
28/07/2026,07:28,139.68,21.66,24.44,10.44,47.78,20.31,-1.16,4.89,1291,1.0280,41.96,0.0897
28/07/2026,07:29,139.69,21.69,24.48,10.44,47.76,20.30,-1.16,4.90,1294,1.0278,41.94,0.0901
28/07/2026,07:30,139.70,21.73,24.46,10.47,47.69,20.28,-1.15,4.88,1291,1.0278,41.94,0.0902
28/07/2026,07:31,139.53,21.75,24.43,10.45,47.72,20.30,-1.15,4.87,1287,1.0272,42.02,0.0905
28/07/2026,07:32,139.53,21.76,24.50,10.44,47.65,20.31,-1.13,4.88,1289,1.0273,41.87,0.0910
28/07/2026,07:33,139.55,21.71,24.48,10.40,47.72,20.29,-1.15,4.88,1292,1.0274,41.84,0.0910
28/07/2026,07:34,139.58,21.69,24.51,10.43,47.55,20.27,-1.14,4.87,1295,1.0270,41.91,0.0910
28/07/2026,07:35,139.54,21.77,24.50,10.43,47.52,20.29,-1.15,4.86,1297,1.0269,41.94,0.0910
28/07/2026,07:36,139.53,21.75,24.55,10.43,47.55,20.27,-1.17,4.86,1297,1.0269,41.96,0.0913
28/07/2026,07:37,139.57,21.77,24.50,10.42,47.47,20.35,-1.18,4.86,1296,1.0273,42.00,0.0910
28/07/2026,07:38,139.54,21.73,24.50,10.43,47.40,20.35,-1.16,4.86,1297,1.0275,42.03,0.0918
28/07/2026,07:39,139.53,21.73,24.54,10.46,47.41,20.36,-1.17,4.87,1292,1.0274,41.93,0.0924
28/07/2026,07:40,139.58,21.74,24.55,10.43,47.48,20.32,-1.18,4.87,1293,1.0271,41.92,0.0918
28/07/2026,07:41,139.65,21.74,24.54,10.45,47.47,20.29,-1.20,4.87,1292,1.0270,41.97,0.0918
28/07/2026,07:42,139.77,21.69,24.55,10.46,47.49,20.26,-1.22,4.86,1293,1.0272,42.09,0.0916
28/07/2026,07:43,139.82,21.72,24.54,10.46,47.47,20.24,-1.19,4.84,1292,1.0275,42.10,0.0921
28/07/2026,07:44,139.84,21.78,24.50,10.47,47.48,20.26,-1.19,4.83,1294,1.0276,42.26,0.0915
28/07/2026,07:45,139.77,21.81,24.51,10.50,47.47,20.23,-1.18,4.83,1293,1.0282,42.15,0.0917
28/07/2026,07:46,139.77,21.84,24.51,10.51,47.33,20.25,-1.16,4.84,1293,1.0281,42.08,0.0921
28/07/2026,07:47,139.72,21.93,24.50,10.48,47.50,20.28,-1.16,4.84,1291,1.0283,42.06,0.0920
28/07/2026,07:48,139.68,21.96,24.48,10.45,47.54,20.23,-1.14,4.87,1287,1.0282,42.20,0.0919
28/07/2026,07:49,139.75,22.00,24.48,10.46,47.47,20.24,-1.15,4.86,1288,1.0283,42.11,0.0918
28/07/2026,07:50,139.68,22.06,24.47,10.44,47.46,20.24,-1.13,4.85,1286,1.0281,41.93,0.0917
28/07/2026,07:51,139.64,22.05,24.45,10.50,47.51,20.29,-1.16,4.89,1282,1.0280,42.05,0.0913
28/07/2026,07:52,139.72,22.10,24.37,10.51,47.55,20.25,-1.15,4.89,1278,1.0280,42.02,0.0912
28/07/2026,07:53,139.75,22.10,24.34,10.50,47.48,20.23,-1.14,4.90,1284,1.0280,41.90,0.0913
28/07/2026,07:54,139.79,22.10,24.40,10.52,47.35,20.23,-1.15,4.93,1290,1.0283,41.75,0.0915
28/07/2026,07:55,139.78,22.09,24.40,10.54,47.42,20.22,-1.17,4.92,1287,1.0283,41.73,0.0915
28/07/2026,07:56,139.79,22.10,24.36,10.55,47.24,20.19,-1.12,4.91,1289,1.0285,41.83,0.0920
28/07/2026,07:57,139.87,22.11,24.37,10.53,47.23,20.19,-1.14,4.91,1289,1.0284,41.98,0.0924
28/07/2026,07:58,139.76,22.24,24.39,10.52,47.13,20.15,-1.14,4.92,1292,1.0283,41.95,0.0928
28/07/2026,07:59,139.77,22.33,24.39,10.51,47.18,20.16,-1.16,4.92,1291,1.0283,42.05,0.0928
28/07/2026,08:00,139.73,22.34,24.42,10.56,47.30,20.16,-1.13,4.91,1293,1.0279,42.18,0.0930
28/07/2026,08:01,139.81,22.33,24.42,10.55,47.34,20.15,-1.13,4.91,1298,1.0277,42.27,0.0930
28/07/2026,08:02,139.82,22.38,24.42,10.53,47.29,20.18,-1.14,4.90,1300,1.0277,42.25,0.0927
28/07/2026,08:03,139.75,22.42,24.41,10.56,47.43,20.18,-1.13,4.90,1294,1.0276,42.39,0.0927
28/07/2026,08:04,139.75,22.48,24.48,10.59,47.49,20.19,-1.09,4.90,1291,1.0274,42.49,0.0928
28/07/2026,08:05,139.79,22.52,24.53,10.56,47.61,20.18,-1.10,4.91,1291,1.0274,42.51,0.0929
28/07/2026,08:06,139.78,22.60,24.48,10.57,47.58,20.17,-1.10,4.90,1290,1.0271,42.53,0.0926
28/07/2026,08:07,139.77,22.59,24.41,10.57,47.56,20.09,-1.12,4.90,1289,1.0271,42.51,0.0921
28/07/2026,08:08,139.85,22.56,24.38,10.52,47.61,20.06,-1.14,4.89,1288,1.0266,42.62,0.0921
28/07/2026,08:09,139.85,22.58,24.41,10.54,47.59,20.07,-1.13,4.89,1286,1.0266,42.61,0.0922
28/07/2026,08:10,139.83,22.59,24.41,10.57,47.53,20.04,-1.12,4.87,1287,1.0267,42.56,0.0919
28/07/2026,08:11,139.81,22.58,24.37,10.60,47.42,20.03,-1.14,4.88,1292,1.0271,42.44,0.0920
28/07/2026,08:12,139.82,22.61,24.34,10.60,47.35,20.06,-1.15,4.89,1293,1.0270,42.39,0.0921
28/07/2026,08:13,139.79,22.62,24.37,10.62,47.25,20.04,-1.16,4.87,1296,1.0268,42.31,0.0915
28/07/2026,08:14,139.72,22.61,24.33,10.64,47.28,20.04,-1.12,4.87,1294,1.0267,42.36,0.0910
28/07/2026,08:15,139.65,22.66,24.37,10.61,47.32,20.00,-1.10,4.88,1290,1.0267,42.33,0.0911
28/07/2026,08:16,139.61,22.67,24.37,10.58,47.34,19.99,-1.13,4.88,1288,1.0267,42.29,0.0912
28/07/2026,08:17,139.66,22.64,24.38,10.60,47.36,19.95,-1.10,4.89,1293,1.0264,42.16,0.0916
28/07/2026,08:18,139.66,22.64,24.43,10.65,47.42,19.91,-1.09,4.88,1291,1.0265,42.15,0.0917
28/07/2026,08:19,139.69,22.59,24.45,10.64,47.43,19.92,-1.08,4.86,1287,1.0266,42.08,0.0916
28/07/2026,08:20,139.74,22.61,24.48,10.68,47.39,19.89,-1.07,4.85,1285,1.0268,42.10,0.0920
28/07/2026,08:21,139.74,22.57,24.48,10.67,47.43,19.91,-1.08,4.84,1286,1.0273,42.22,0.0922
28/07/2026,08:22,139.66,22.58,24.44,10.62,47.37,19.88,-1.08,4.81,1289,1.0272,42.11,0.0926
28/07/2026,08:23,139.57,22.58,24.41,10.66,47.28,19.89,-1.08,4.78,1287,1.0275,42.05,0.0920
28/07/2026,08:24,139.52,22.66,24.38,10.64,47.33,19.90,-1.08,4.74,1281,1.0273,42.08,0.0919
28/07/2026,08:25,139.44,22.67,24.43,10.62,47.48,19.88,-1.07,4.73,1285,1.0274,42.11,0.0919
28/07/2026,08:26,139.50,22.67,24.43,10.58,47.53,19.89,-1.05,4.70,1284,1.0272,42.21,0.0919
28/07/2026,08:27,139.48,22.69,24.38,10.56,47.60,19.90,-1.07,4.66,1283,1.0275,42.30,0.0915
28/07/2026,08:28,139.31,22.75,24.30,10.59,47.52,19.94,-1.05,4.66,1282,1.0278,42.42,0.0916
28/07/2026,08:29,139.21,22.81,24.31,10.60,47.56,19.95,-1.04,4.63,1284,1.0279,42.36,0.0912
28/07/2026,08:30,139.12,22.77,24.27,10.59,47.55,19.95,-1.04,4.59,1283,1.0276,42.42,0.0910
28/07/2026,08:31,139.03,22.74,24.23,10.56,47.56,19.97,-1.07,4.58,1285,1.0281,42.45,0.0911
28/07/2026,08:32,138.97,22.77,24.21,10.58,47.43,19.97,-1.07,4.58,1280,1.0284,42.45,0.0912
28/07/2026,08:33,138.87,22.81,24.18,10.60,47.48,19.94,-1.07,4.57,1281,1.0284,42.36,0.0912
28/07/2026,08:34,138.78,22.79,24.16,10.58,47.44,19.92,-1.08,4.55,1280,1.0282,42.36,0.0913
28/07/2026,08:35,138.67,22.82,24.15,10.60,47.41,19.94,-1.07,4.54,1280,1.0281,42.40,0.0917
28/07/2026,08:36,138.64,22.86,24.18,10.59,47.25,19.90,-1.09,4.52,1279,1.0281,42.48,0.0917
28/07/2026,08:37,138.54,22.84,24.16,10.55,47.27,19.91,-1.12,4.50,1283,1.0282,42.46,0.0917
28/07/2026,08:38,138.47,22.87,24.15,10.56,47.30,19.91,-1.10,4.49,1284,1.0286,42.55,0.0919
28/07/2026,08:39,138.47,22.89,24.13,10.59,47.31,19.90,-1.11,4.47,1284,1.0284,42.58,0.0919
28/07/2026,08:40,138.35,22.95,24.14,10.59,47.33,19.90,-1.08,4.46,1279,1.0276,42.73,0.0919
28/07/2026,08:41,138.33,22.96,24.06,10.61,47.37,19.92,-1.09,4.46,1277,1.0277,42.67,0.0918
28/07/2026,08:42,138.26,22.96,24.07,10.64,47.43,19.95,-1.08,4.46,1282,1.0275,42.66,0.0919
28/07/2026,08:43,138.21,22.95,24.01,10.63,47.32,19.95,-1.06,4.43,1282,1.0276,42.59,0.0919
28/07/2026,08:44,138.17,23.00,24.06,10.60,47.33,19.95,-1.09,4.43,1281,1.0274,42.52,0.0925
28/07/2026,08:45,138.06,23.04,24.07,10.66,47.39,19.92,-1.08,4.42,1277,1.0275,42.46,0.0932
28/07/2026,08:46,138.03,23.05,24.09,10.72,47.39,19.90,-1.10,4.42,1279,1.0274,42.47,0.0937
28/07/2026,08:47,137.91,23.10,24.13,10.74,47.43,19.89,-1.11,4.42,1279,1.0272,42.39,0.0937
28/07/2026,08:48,137.80,23.16,24.08,10.71,47.48,19.86,-1.11,4.42,1278,1.0276,42.33,0.0939
28/07/2026,08:49,137.72,23.20,24.04,10.67,47.55,19.87,-1.11,4.42,1278,1.0280,42.26,0.0941
28/07/2026,08:50,137.69,23.20,24.01,10.64,47.50,19.86,-1.11,4.43,1280,1.0277,42.22,0.0943
28/07/2026,08:51,137.75,23.20,23.98,10.67,47.57,19.85,-1.09,4.42,1278,1.0282,42.16,0.0945
28/07/2026,08:52,137.70,23.23,23.99,10.64,47.53,19.86,-1.06,4.41,1276,1.0282,42.13,0.0943
28/07/2026,08:53,137.66,23.22,24.01,10.62,47.55,19.85,-1.07,4.40,1277,1.0280,42.05,0.0945
28/07/2026,08:54,137.60,23.26,23.99,10.65,47.49,19.85,-1.04,4.42,1278,1.0277,42.04,0.0947
28/07/2026,08:55,137.67,23.30,24.04,10.65,47.50,19.84,-1.05,4.46,1280,1.0280,41.99,0.0947
28/07/2026,08:56,137.60,23.32,24.00,10.64,47.51,19.85,-1.05,4.44,1280,1.0284,41.88,0.0943
28/07/2026,08:57,137.57,23.38,24.00,10.61,47.44,19.88,-1.02,4.44,1281,1.0279,41.76,0.0946
28/07/2026,08:58,137.55,23.38,24.04,10.63,47.47,19.89,-1.03,4.43,1287,1.0280,41.78,0.0947
28/07/2026,08:59,137.60,23.40,24.03,10.62,47.49,19.87,-1.06,4.44,1284,1.0276,41.82,0.0950
28/07/2026,09:00,137.59,23.43,24.02,10.67,47.57,19.83,-1.08,4.45,1283,1.0277,41.97,0.0956
28/07/2026,09:01,137.67,23.45,24.01,10.71,47.58,19.85,-1.07,4.45,1283,1.0277,41.90,0.0954
28/07/2026,09:02,137.65,23.47,24.07,10.71,47.52,19.87,-1.04,4.46,1280,1.0278,41.95,0.0964
28/07/2026,09:03,137.64,23.43,24.05,10.70,47.58,19.90,-1.04,4.45,1276,1.0283,42.03,0.0965
28/07/2026,09:04,137.61,23.45,24.04,10.75,47.62,19.90,-1.03,4.44,1274,1.0284,42.09,0.0970
28/07/2026,09:05,137.59,23.45,24.04,10.74,47.62,19.90,-1.03,4.43,1275,1.0281,42.08,0.0976
28/07/2026,09:06,137.49,23.50,23.96,10.75,47.64,19.88,-1.05,4.43,1275,1.0276,42.11,0.0978
28/07/2026,09:07,137.43,23.56,24.01,10.74,47.72,19.87,-1.04,4.42,1274,1.0271,42.09,0.0984
28/07/2026,09:08,137.37,23.55,23.96,10.69,47.76,19.82,-1.07,4.41,1274,1.0274,42.04,0.0984
28/07/2026,09:09,137.38,23.52,23.99,10.70,47.76,19.82,-1.05,4.42,1270,1.0272,42.13,0.0985
28/07/2026,09:10,137.49,23.53,23.95,10.72,47.80,19.84,-1.06,4.43,1273,1.0276,42.13,0.0989
28/07/2026,09:11,137.47,23.62,23.98,10.71,47.77,19.86,-1.04,4.44,1273,1.0276,42.04,0.0985
28/07/2026,09:12,137.42,23.63,24.01,10.68,47.75,19.87,-1.02,4.42,1276,1.0277,42.02,0.0988
28/07/2026,09:13,137.37,23.71,24.04,10.70,47.69,19.86,-1.01,4.44,1277,1.0276,42.01,0.0990
28/07/2026,09:14,137.35,23.70,24.06,10.71,47.74,19.85,-0.97,4.46,1279,1.0277,42.01,0.0992
28/07/2026,09:15,137.36,23.78,24.07,10.73,47.66,19.86,-0.98,4.48,1277,1.0278,41.94,0.0989
28/07/2026,09:16,137.30,23.80,24.08,10.72,47.58,19.84,-0.97,4.48,1276,1.0278,41.96,0.0992
28/07/2026,09:17,137.26,23.82,24.04,10.71,47.62,19.83,-0.97,4.50,1274,1.0279,42.17,0.0992
28/07/2026,09:18,137.32,23.81,24.05,10.66,47.56,19.83,-0.94,4.48,1273,1.0278,42.21,0.0996
28/07/2026,09:19,137.29,23.81,24.04,10.65,47.58,19.84,-0.96,4.46,1272,1.0275,42.31,0.0997
28/07/2026,09:20,137.36,23.81,24.07,10.65,47.61,19.81,-0.98,4.45,1272,1.0270,42.32,0.1004
28/07/2026,09:21,137.35,23.86,24.00,10.68,47.47,19.79,-0.99,4.45,1271,1.0269,42.44,0.1011
28/07/2026,09:22,137.32,23.85,24.04,10.68,47.46,19.73,-0.98,4.46,1272,1.0267,42.43,0.1012
28/07/2026,09:23,137.27,23.92,24.04,10.69,47.51,19.71,-0.96,4.47,1268,1.0269,42.45,0.1016
28/07/2026,09:24,137.30,23.91,24.04,10.67,47.45,19.73,-0.95,4.48,1274,1.0267,42.47,0.1017
28/07/2026,09:25,137.29,23.89,24.12,10.65,47.36,19.73,-1.00,4.50,1275,1.0266,42.52,0.1017
28/07/2026,09:26,137.32,23.92,24.11,10.60,47.34,19.72,-1.00,4.52,1278,1.0265,42.56,0.1017
28/07/2026,09:27,137.32,23.95,24.15,10.63,47.37,19.74,-1.00,4.53,1278,1.0266,42.58,0.1012
28/07/2026,09:28,137.33,24.07,24.15,10.61,47.42,19.75,-1.01,4.56,1275,1.0264,42.68,0.1010
28/07/2026,09:29,137.32,24.06,24.15,10.62,47.55,19.75,-1.03,4.57,1278,1.0266,42.53,0.1010
28/07/2026,09:30,137.28,24.14,24.19,10.58,47.53,19.76,-1.04,4.59,1280,1.0266,42.62,0.1014
28/07/2026,09:31,137.34,24.20,24.14,10.59,47.55,19.78,-1.05,4.62,1279,1.0264,42.66,0.1015
28/07/2026,09:32,137.44,24.19,24.12,10.59,47.58,19.81,-1.04,4.66,1279,1.0265,42.58,0.1017
28/07/2026,09:33,137.56,24.15,24.12,10.55,47.61,19.81,-1.03,4.68,1278,1.0262,42.64,0.1020
28/07/2026,09:34,137.60,24.05,24.17,10.57,47.70,19.85,-1.00,4.69,1278,1.0264,42.62,0.1020
28/07/2026,09:35,137.61,24.05,24.16,10.54,47.79,19.87,-1.01,4.71,1275,1.0266,42.65,0.1028
28/07/2026,09:36,137.61,24.07,24.14,10.57,47.86,19.84,-1.02,4.73,1274,1.0264,42.61,0.1028
28/07/2026,09:37,137.73,24.01,24.13,10.59,47.79,19.87,-1.04,4.75,1271,1.0264,42.66,0.1034
28/07/2026,09:38,137.68,23.99,24.07,10.59,47.84,19.88,-1.05,4.75,1274,1.0264,42.72,0.1029
28/07/2026,09:39,137.80,24.05,24.10,10.58,47.87,19.90,-1.05,4.76,1278,1.0263,42.70,0.1029
28/07/2026,09:40,137.92,24.06,24.14,10.52,47.86,19.97,-1.06,4.79,1283,1.0259,42.75,0.1034
28/07/2026,09:41,138.04,24.11,24.11,10.53,47.91,20.02,-1.08,4.79,1282,1.0261,42.76,0.1034
28/07/2026,09:42,138.09,24.14,24.09,10.57,47.76,19.98,-1.08,4.79,1284,1.0260,42.71,0.1034
28/07/2026,09:43,138.17,24.27,24.15,10.56,47.83,19.94,-1.10,4.78,1282,1.0264,42.75,0.1028
28/07/2026,09:44,138.14,24.25,24.16,10.56,47.88,19.93,-1.10,4.78,1282,1.0263,42.70,0.1031
28/07/2026,09:45,138.15,24.26,24.16,10.58,47.88,19.94,-1.09,4.79,1281,1.0262,42.66,0.1036
28/07/2026,09:46,138.24,24.31,24.22,10.53,47.89,19.96,-1.08,4.81,1280,1.0265,42.62,0.1039
28/07/2026,09:47,138.25,24.32,24.20,10.47,47.92,19.97,-1.09,4.82,1281,1.0263,42.68,0.1035
28/07/2026,09:48,138.25,24.31,24.17,10.44,47.99,20.00,-1.10,4.84,1283,1.0262,42.73,0.1034
28/07/2026,09:49,138.27,24.37,24.14,10.44,48.05,20.03,-1.09,4.85,1282,1.0261,42.72,0.1039
28/07/2026,09:50,138.26,24.35,24.15,10.43,48.01,20.07,-1.09,4.86,1283,1.0258,42.68,0.1035
28/07/2026,09:51,138.34,24.38,24.22,10.42,47.94,20.10,-1.10,4.88,1284,1.0254,42.77,0.1036
28/07/2026,09:52,138.34,24.42,24.26,10.39,47.91,20.12,-1.09,4.89,1287,1.0253,42.68,0.1032
28/07/2026,09:53,138.55,24.39,24.27,10.41,47.84,20.09,-1.08,4.90,1290,1.0253,42.79,0.1030
28/07/2026,09:54,138.58,24.43,24.21,10.40,47.78,20.15,-1.11,4.90,1286,1.0253,42.66,0.1020
28/07/2026,09:55,138.58,24.42,24.23,10.43,47.72,20.14,-1.12,4.89,1288,1.0252,42.58,0.1021
28/07/2026,09:56,138.53,24.46,24.26,10.47,47.67,20.18,-1.11,4.89,1292,1.0251,42.59,0.1018
28/07/2026,09:57,138.57,24.51,24.31,10.47,47.89,20.23,-1.12,4.89,1290,1.0247,42.59,0.1014
28/07/2026,09:58,138.56,24.53,24.31,10.46,47.96,20.30,-1.13,4.88,1289,1.0242,42.59,0.1009
28/07/2026,09:59,138.60,24.59,24.32,10.44,48.01,20.28,-1.13,4.88,1287,1.0243,42.65,0.1007
28/07/2026,10:00,138.66,24.63,24.28,10.46,48.03,20.23,-1.10,4.89,1281,1.0248,42.57,0.1008
28/07/2026,10:01,138.77,24.66,24.31,10.45,48.06,20.24,-1.11,4.90,1280,1.0249,42.67,0.0996
28/07/2026,10:02,138.93,24.69,24.32,10.43,47.97,20.21,-1.07,4.91,1279,1.0249,42.75,0.0997
28/07/2026,10:03,138.97,24.76,24.24,10.46,48.02,20.26,-1.07,4.91,1280,1.0247,42.92,0.0999
28/07/2026,10:04,139.03,24.78,24.27,10.47,48.02,20.25,-1.08,4.90,1282,1.0249,43.04,0.1001
28/07/2026,10:05,139.06,24.83,24.27,10.49,47.99,20.24,-1.08,4.90,1282,1.0251,43.10,0.1001
28/07/2026,10:06,139.10,24.82,24.20,10.48,47.96,20.24,-1.10,4.90,1283,1.0256,43.13,0.0994
28/07/2026,10:07,139.15,24.86,24.16,10.48,47.99,20.22,-1.09,4.89,1278,1.0258,43.09,0.0993
28/07/2026,10:08,139.18,24.91,24.17,10.48,47.94,20.18,-1.05,4.89,1276,1.0256,43.03,0.0986
28/07/2026,10:09,139.22,24.92,24.10,10.52,47.92,20.20,-1.07,4.90,1272,1.0260,42.90,0.0982
28/07/2026,10:10,139.17,24.96,24.04,10.51,47.87,20.18,-1.09,4.90,1273,1.0261,42.90,0.0986
28/07/2026,10:11,139.13,24.98,23.94,10.49,47.83,20.22,-1.10,4.89,1274,1.0266,42.95,0.0987
28/07/2026,10:12,139.18,25.03,23.99,10.48,47.74,20.22,-1.11,4.89,1278,1.0265,42.88,0.0994
28/07/2026,10:13,139.20,25.04,24.03,10.46,47.75,20.19,-1.09,4.87,1283,1.0267,42.92,0.0988
28/07/2026,10:14,139.22,25.01,24.11,10.49,47.77,20.17,-1.13,4.87,1287,1.0263,42.96,0.0989
28/07/2026,10:15,139.22,25.03,24.21,10.51,47.94,20.17,-1.12,4.86,1285,1.0267,42.89,0.0986
28/07/2026,10:16,139.24,25.01,24.16,10.51,47.90,20.11,-1.11,4.85,1291,1.0267,42.97,0.0987
28/07/2026,10:17,139.35,25.08,24.19,10.49,47.89,20.08,-1.14,4.85,1290,1.0268,42.98,0.0981
28/07/2026,10:18,139.35,25.06,24.29,10.53,47.84,20.08,-1.11,4.84,1290,1.0273,42.99,0.0982
28/07/2026,10:19,139.34,25.08,24.32,10.48,47.79,20.05,-1.09,4.84,1296,1.0270,42.92,0.0982
28/07/2026,10:20,139.35,25.11,24.32,10.50,47.67,20.06,-1.12,4.85,1293,1.0269,42.97,0.0985
28/07/2026,10:21,139.39,25.08,24.30,10.48,47.66,20.07,-1.08,4.84,1292,1.0263,42.91,0.0986
28/07/2026,10:22,139.36,25.14,24.32,10.51,47.64,20.03,-1.08,4.84,1293,1.0262,43.17,0.0988
28/07/2026,10:23,139.37,25.13,24.33,10.50,47.58,20.04,-1.11,4.84,1288,1.0260,43.26,0.0990
28/07/2026,10:24,139.37,25.12,24.34,10.48,47.58,20.08,-1.10,4.86,1287,1.0263,43.20,0.0983
28/07/2026,10:25,139.39,25.19,24.37,10.43,47.54,20.12,-1.09,4.85,1286,1.0263,43.13,0.0983
28/07/2026,10:26,139.46,25.18,24.37,10.47,47.53,20.10,-1.09,4.83,1284,1.0263,43.23,0.0979
28/07/2026,10:27,139.43,25.23,24.37,10.44,47.57,20.07,-1.09,4.83,1287,1.0258,43.33,0.0969
28/07/2026,10:28,139.44,25.20,24.39,10.44,47.45,20.05,-1.08,4.84,1293,1.0256,43.24,0.0966
28/07/2026,10:29,139.41,25.18,24.40,10.42,47.39,20.08,-1.09,4.83,1296,1.0256,43.34,0.0961
28/07/2026,10:30,139.41,25.19,24.33,10.35,47.52,20.10,-1.09,4.83,1296,1.0254,43.25,0.0958
28/07/2026,10:31,139.40,25.25,24.41,10.38,47.48,20.11,-1.12,4.85,1295,1.0254,43.29,0.0956
28/07/2026,10:32,139.37,25.29,24.35,10.39,47.47,20.13,-1.10,4.83,1296,1.0254,43.20,0.0958
28/07/2026,10:33,139.33,25.31,24.38,10.37,47.44,20.12,-1.11,4.84,1298,1.0258,43.31,0.0957
28/07/2026,10:34,139.33,25.32,24.47,10.32,47.39,20.15,-1.11,4.84,1296,1.0259,43.41,0.0951
28/07/2026,10:35,139.35,25.32,24.49,10.36,47.41,20.17,-1.11,4.86,1296,1.0255,43.31,0.0944
28/07/2026,10:36,139.45,25.35,24.47,10.35,47.43,20.18,-1.13,4.88,1292,1.0253,43.25,0.0946
28/07/2026,10:37,139.46,25.43,24.45,10.38,47.40,20.21,-1.13,4.90,1286,1.0256,43.23,0.0944
28/07/2026,10:38,139.49,25.42,24.43,10.37,47.42,20.21,-1.12,4.88,1282,1.0258,43.31,0.0940
28/07/2026,10:39,139.53,25.44,24.39,10.36,47.37,20.24,-1.09,4.88,1281,1.0253,43.33,0.0934
28/07/2026,10:40,139.59,25.41,24.34,10.36,47.36,20.24,-1.11,4.90,1280,1.0254,43.32,0.0928
28/07/2026,10:41,139.62,25.38,24.30,10.39,47.33,20.24,-1.16,4.90,1282,1.0253,43.46,0.0924
28/07/2026,10:42,139.62,25.45,24.26,10.39,47.35,20.21,-1.16,4.89,1284,1.0256,43.56,0.0920
28/07/2026,10:43,139.67,25.41,24.27,10.42,47.49,20.22,-1.11,4.89,1285,1.0257,43.62,0.0920
28/07/2026,10:44,139.64,25.40,24.29,10.43,47.46,20.25,-1.11,4.90,1289,1.0260,43.51,0.0915
28/07/2026,10:45,139.67,25.39,24.26,10.43,47.50,20.21,-1.10,4.89,1289,1.0261,43.49,0.0918
28/07/2026,10:46,139.71,25.46,24.19,10.45,47.57,20.18,-1.07,4.88,1288,1.0261,43.47,0.0919
28/07/2026,10:47,139.68,25.47,24.18,10.51,47.54,20.19,-1.07,4.87,1287,1.0266,43.44,0.0922
28/07/2026,10:48,139.67,25.50,24.23,10.50,47.60,20.19,-1.09,4.87,1289,1.0267,43.41,0.0920
28/07/2026,10:49,139.70,25.58,24.28,10.48,47.56,20.22,-1.10,4.87,1289,1.0266,43.39,0.0920
28/07/2026,10:50,139.63,25.62,24.31,10.50,47.64,20.23,-1.11,4.87,1288,1.0265,43.23,0.0914
28/07/2026,10:51,139.66,25.62,24.31,10.50,47.64,20.23,-1.11,4.88,1286,1.0259,43.20,0.0918
28/07/2026,10:52,139.68,25.64,24.25,10.52,47.60,20.19,-1.13,4.88,1283,1.0263,43.18,0.0919
28/07/2026,10:53,139.61,25.58,24.25,10.58,47.64,20.17,-1.12,4.87,1280,1.0263,43.24,0.0920
28/07/2026,10:54,139.61,25.68,24.26,10.51,47.61,20.10,-1.10,4.87,1281,1.0262,43.34,0.0916
28/07/2026,10:55,139.63,25.67,24.27,10.47,47.52,20.13,-1.09,4.88,1282,1.0259,43.34,0.0914
28/07/2026,10:56,139.62,25.74,24.21,10.54,47.49,20.17,-1.09,4.88,1279,1.0260,43.26,0.0909
28/07/2026,10:57,139.63,25.72,24.22,10.53,47.46,20.18,-1.08,4.88,1278,1.0261,43.22,0.0906
28/07/2026,10:58,139.58,25.72,24.20,10.54,47.50,20.17,-1.09,4.87,1282,1.0257,43.12,0.0903
28/07/2026,10:59,139.60,25.75,24.22,10.59,47.41,20.21,-1.12,4.87,1284,1.0262,43.36,0.0907
28/07/2026,11:00,139.58,25.70,24.29,10.63,47.47,20.21,-1.10,4.89,1287,1.0262,43.35,0.0909
28/07/2026,11:01,139.65,25.75,24.34,10.61,47.49,20.17,-1.09,4.88,1287,1.0260,43.39,0.0905
28/07/2026,11:02,139.65,25.76,24.31,10.58,47.53,20.19,-1.11,4.88,1287,1.0259,43.35,0.0902
28/07/2026,11:03,139.59,25.78,24.32,10.61,47.63,20.18,-1.09,4.87,1282,1.0262,43.29,0.0896
28/07/2026,11:04,139.59,25.79,24.31,10.61,47.58,20.15,-1.08,4.88,1275,1.0262,43.28,0.0898
28/07/2026,11:05,139.55,25.82,24.24,10.59,47.48,20.12,-1.08,4.87,1278,1.0264,43.34,0.0898
28/07/2026,11:06,139.63,25.85,24.30,10.56,47.50,20.12,-1.07,4.87,1279,1.0265,43.36,0.0892
28/07/2026,11:07,139.63,25.92,24.19,10.60,47.56,20.15,-1.04,4.85,1279,1.0265,43.36,0.0890
28/07/2026,11:08,139.54,25.96,24.09,10.60,47.66,20.13,-1.04,4.84,1277,1.0270,43.34,0.0891
28/07/2026,11:09,139.47,25.99,24.05,10.59,47.68,20.11,-1.07,4.84,1280,1.0270,43.35,0.0889
28/07/2026,11:10,139.47,26.03,24.00,10.59,47.78,20.09,-1.03,4.83,1280,1.0269,43.43,0.0889
28/07/2026,11:11,139.41,26.15,23.97,10.55,47.63,20.09,-1.02,4.83,1281,1.0266,43.50,0.0890
28/07/2026,11:12,139.38,26.14,24.02,10.53,47.70,20.06,-1.05,4.84,1287,1.0266,43.57,0.0891
28/07/2026,11:13,139.39,26.13,24.05,10.54,47.68,20.09,-1.06,4.85,1284,1.0267,43.54,0.0894
28/07/2026,11:14,139.34,26.13,24.09,10.53,47.57,20.10,-1.05,4.86,1290,1.0271,43.36,0.0894
28/07/2026,11:15,139.37,26.19,24.11,10.52,47.43,20.09,-1.04,4.87,1287,1.0272,43.35,0.0898
28/07/2026,11:16,139.43,26.19,24.11,10.54,47.42,20.07,-1.03,4.86,1286,1.0268,43.54,0.0898
28/07/2026,11:17,139.38,26.18,24.10,10.51,47.49,20.05,-1.06,4.87,1280,1.0270,43.48,0.0893
28/07/2026,11:18,139.34,26.26,24.10,10.56,47.56,20.07,-1.04,4.87,1281,1.0270,43.64,0.0900
28/07/2026,11:19,139.31,26.30,24.14,10.57,47.64,20.03,-1.03,4.86,1280,1.0271,43.58,0.0902
28/07/2026,11:20,139.22,26.32,24.13,10.53,47.66,20.06,-1.03,4.87,1277,1.0270,43.47,0.0901
28/07/2026,11:21,139.24,26.29,24.11,10.55,47.61,20.05,-1.04,4.88,1278,1.0270,43.47,0.0897
28/07/2026,11:22,139.26,26.27,24.12,10.53,47.60,20.04,-1.08,4.87,1282,1.0271,43.52,0.0899
28/07/2026,11:23,139.24,26.34,24.16,10.52,47.59,20.04,-1.10,4.87,1282,1.0273,43.36,0.0896
28/07/2026,11:24,139.29,26.42,24.19,10.49,47.64,20.02,-1.10,4.88,1284,1.0273,43.33,0.0898
28/07/2026,11:25,139.30,26.47,24.21,10.51,47.56,20.06,-1.13,4.88,1280,1.0273,43.18,0.0901
28/07/2026,11:26,139.33,26.48,24.17,10.53,47.56,20.08,-1.12,4.89,1277,1.0273,43.11,0.0894
28/07/2026,11:27,139.39,26.54,24.22,10.56,47.51,20.05,-1.09,4.87,1279,1.0270,43.11,0.0897
28/07/2026,11:28,139.45,26.44,24.20,10.54,47.55,20.07,-1.12,4.89,1275,1.0274,43.18,0.0896
28/07/2026,11:29,139.45,26.49,24.18,10.55,47.70,20.07,-1.09,4.89,1278,1.0275,43.26,0.0899
28/07/2026,11:30,139.47,26.56,24.19,10.55,47.73,20.06,-1.12,4.90,1282,1.0273,43.16,0.0901
28/07/2026,11:31,139.49,26.56,24.18,10.54,47.78,20.04,-1.12,4.89,1284,1.0275,43.13,0.0904
28/07/2026,11:32,139.52,26.54,24.19,10.51,47.75,20.06,-1.13,4.89,1283,1.0271,43.15,0.0907
28/07/2026,11:33,139.49,26.60,24.17,10.49,47.67,20.06,-1.11,4.88,1279,1.0270,43.20,0.0907
28/07/2026,11:34,139.51,26.61,24.19,10.47,47.69,20.11,-1.10,4.88,1281,1.0267,43.21,0.0907
28/07/2026,11:35,139.59,26.59,24.17,10.47,47.74,20.10,-1.08,4.87,1282,1.0269,43.28,0.0910
28/07/2026,11:36,139.60,26.61,24.16,10.46,47.82,20.07,-1.10,4.85,1283,1.0269,43.16,0.0916
28/07/2026,11:37,139.58,26.65,24.18,10.44,47.89,20.06,-1.10,4.85,1285,1.0270,43.21,0.0911
28/07/2026,11:38,139.64,26.69,24.19,10.44,47.88,20.06,-1.10,4.87,1282,1.0268,43.25,0.0903
28/07/2026,11:39,139.60,26.72,24.28,10.46,47.82,20.02,-1.12,4.86,1281,1.0266,43.39,0.0903
28/07/2026,11:40,139.55,26.75,24.29,10.45,47.80,20.01,-1.08,4.87,1275,1.0269,43.40,0.0898
28/07/2026,11:41,139.63,26.74,24.27,10.48,47.88,20.06,-1.11,4.88,1277,1.0271,43.38,0.0901
28/07/2026,11:42,139.64,26.74,24.25,10.46,47.88,20.03,-1.12,4.90,1275,1.0270,43.50,0.0903
28/07/2026,11:43,139.76,26.79,24.26,10.45,47.84,20.04,-1.14,4.91,1275,1.0268,43.56,0.0903
28/07/2026,11:44,139.68,26.78,24.23,10.46,47.81,20.01,-1.12,4.89,1277,1.0272,43.61,0.0901
28/07/2026,11:45,139.64,26.85,24.24,10.44,47.74,20.03,-1.09,4.88,1278,1.0274,43.64,0.0894
28/07/2026,11:46,139.64,26.84,24.25,10.43,47.82,20.03,-1.09,4.88,1277,1.0271,43.78,0.0896
28/07/2026,11:47,139.60,26.82,24.24,10.46,47.83,20.04,-1.11,4.87,1278,1.0270,43.73,0.0898
28/07/2026,11:48,139.59,26.87,24.25,10.48,47.89,20.02,-1.11,4.88,1277,1.0269,43.72,0.0903
28/07/2026,11:49,139.61,26.85,24.20,10.51,47.90,20.03,-1.12,4.87,1277,1.0271,43.82,0.0902
28/07/2026,11:50,139.55,26.82,24.20,10.50,47.83,20.05,-1.08,4.86,1277,1.0269,43.77,0.0901
28/07/2026,11:51,139.44,26.86,24.21,10.47,47.90,20.04,-1.07,4.85,1283,1.0267,43.77,0.0893
28/07/2026,11:52,139.45,26.87,24.18,10.48,48.01,20.05,-1.10,4.85,1280,1.0269,43.74,0.0888
28/07/2026,11:53,139.45,26.88,24.20,10.52,47.99,20.08,-1.10,4.85,1277,1.0272,43.66,0.0889
28/07/2026,11:54,139.38,26.91,24.20,10.48,47.89,20.06,-1.09,4.85,1277,1.0277,43.60,0.0893
28/07/2026,11:55,139.35,26.89,24.18,10.53,47.76,20.08,-1.09,4.85,1277,1.0276,43.60,0.0892
28/07/2026,11:56,139.35,26.87,24.12,10.52,47.67,20.10,-1.10,4.84,1278,1.0275,43.59,0.0889
28/07/2026,11:57,139.34,26.91,24.09,10.50,47.63,20.08,-1.08,4.85,1273,1.0273,43.73,0.0894
28/07/2026,11:58,139.36,26.96,24.11,10.53,47.57,20.11,-1.06,4.86,1274,1.0273,43.67,0.0890
28/07/2026,11:59,139.33,26.99,24.06,10.52,47.50,20.09,-1.05,4.86,1272,1.0273,43.74,0.0889
28/07/2026,12:00,139.33,27.02,24.04,10.52,47.49,20.11,-1.06,4.88,1274,1.0276,43.73,0.0885
28/07/2026,12:01,139.25,27.04,24.06,10.49,47.30,20.11,-1.08,4.88,1275,1.0275,43.59,0.0885
28/07/2026,12:02,139.22,27.03,24.07,10.52,47.37,20.08,-1.08,4.87,1274,1.0276,43.47,0.0895
28/07/2026,12:03,139.29,27.03,24.13,10.50,47.48,20.09,-1.04,4.87,1276,1.0276,43.38,0.0886
28/07/2026,12:04,139.35,27.14,24.09,10.49,47.60,20.10,-1.03,4.86,1279,1.0278,43.45,0.0893
28/07/2026,12:05,139.34,27.16,24.09,10.45,47.51,20.11,-1.02,4.87,1275,1.0275,43.52,0.0890
28/07/2026,12:06,139.30,27.23,24.06,10.47,47.67,20.09,-1.00,4.86,1271,1.0273,43.57,0.0886
28/07/2026,12:07,139.31,27.23,24.06,10.48,47.68,20.06,-1.02,4.86,1268,1.0269,43.53,0.0894
28/07/2026,12:08,139.31,27.26,24.04,10.46,47.64,20.00,-1.01,4.85,1270,1.0271,43.49,0.0897
28/07/2026,12:09,139.39,27.29,24.09,10.47,47.59,20.02,-0.99,4.83,1272,1.0272,43.43,0.0894
28/07/2026,12:10,139.33,27.31,24.03,10.47,47.48,19.98,-1.01,4.85,1271,1.0275,43.40,0.0889
28/07/2026,12:11,139.27,27.29,24.00,10.50,47.43,19.96,-0.98,4.87,1268,1.0274,43.32,0.0888
28/07/2026,12:12,139.24,27.29,24.03,10.53,47.53,20.00,-0.97,4.86,1268,1.0271,43.37,0.0888
28/07/2026,12:13,139.25,27.28,24.03,10.51,47.48,19.98,-0.95,4.86,1266,1.0271,43.36,0.0889
28/07/2026,12:14,139.24,27.36,24.04,10.49,47.48,19.93,-0.95,4.86,1269,1.0269,43.44,0.0891
28/07/2026,12:15,139.26,27.36,24.06,10.47,47.47,19.97,-0.95,4.86,1263,1.0272,43.47,0.0887
28/07/2026,12:16,139.26,27.39,24.07,10.52,47.57,19.98,-0.95,4.87,1264,1.0271,43.51,0.0892
28/07/2026,12:17,139.26,27.38,24.06,10.52,47.60,19.99,-0.96,4.85,1264,1.0271,43.53,0.0890
28/07/2026,12:18,139.22,27.42,24.00,10.52,47.56,19.96,-0.98,4.87,1262,1.0270,43.55,0.0888
28/07/2026,12:19,139.24,27.38,24.00,10.51,47.61,20.00,-1.00,4.86,1263,1.0269,43.54,0.0892
28/07/2026,12:20,139.18,27.46,23.98,10.50,47.55,19.95,-0.99,4.86,1260,1.0267,43.66,0.0897
28/07/2026,12:21,139.25,27.53,23.97,10.48,47.58,19.94,-1.00,4.87,1257,1.0263,43.63,0.0897
28/07/2026,12:22,139.25,27.56,23.97,10.49,47.63,19.90,-0.99,4.86,1261,1.0264,43.64,0.0904
28/07/2026,12:23,139.16,27.53,23.91,10.50,47.54,19.90,-1.02,4.85,1267,1.0264,43.68,0.0906
28/07/2026,12:24,139.16,27.60,23.95,10.51,47.56,19.95,-1.01,4.86,1270,1.0262,43.61,0.0909
28/07/2026,12:25,139.12,27.58,23.96,10.49,47.67,19.93,-1.00,4.87,1271,1.0260,43.56,0.0911
28/07/2026,12:26,139.12,27.63,23.88,10.52,47.74,19.97,-1.00,4.87,1270,1.0263,43.65,0.0912
28/07/2026,12:27,139.08,27.62,23.85,10.53,47.67,19.97,-0.98,4.88,1271,1.0266,43.54,0.0910
28/07/2026,12:28,139.14,27.63,23.86,10.51,47.78,20.01,-0.96,4.89,1266,1.0267,43.63,0.0906
28/07/2026,12:29,139.14,27.64,23.90,10.53,47.67,19.97,-0.95,4.89,1263,1.0268,43.69,0.0905
28/07/2026,12:30,139.15,27.70,23.88,10.53,47.66,20.01,-0.95,4.89,1265,1.0266,43.67,0.0903
28/07/2026,12:31,139.15,27.67,23.88,10.51,47.68,20.06,-0.96,4.88,1269,1.0262,43.65,0.0907
28/07/2026,12:32,139.22,27.66,23.92,10.50,47.69,20.02,-0.96,4.88,1268,1.0259,43.62,0.0902
28/07/2026,12:33,139.28,27.69,23.94,10.53,47.67,20.00,-1.00,4.89,1268,1.0260,43.58,0.0902
28/07/2026,12:34,139.30,27.71,23.94,10.55,47.62,19.98,-1.02,4.89,1260,1.0259,43.66,0.0897
28/07/2026,12:35,139.24,27.73,23.93,10.56,47.65,19.94,-0.98,4.89,1259,1.0265,43.63,0.0900
28/07/2026,12:36,139.24,27.72,23.84,10.54,47.62,19.98,-1.00,4.89,1265,1.0262,43.62,0.0897
28/07/2026,12:37,139.26,27.71,23.87,10.48,47.68,19.93,-0.96,4.89,1266,1.0264,43.64,0.0899
28/07/2026,12:38,139.27,27.78,23.85,10.48,47.66,19.95,-0.99,4.88,1268,1.0261,43.69,0.0894
28/07/2026,12:39,139.30,27.78,23.89,10.49,47.68,19.91,-0.98,4.87,1273,1.0264,43.70,0.0897
28/07/2026,12:40,139.29,27.76,23.90,10.45,47.80,19.93,-0.99,4.88,1275,1.0265,43.57,0.0897
28/07/2026,12:41,139.28,27.73,23.88,10.45,47.76,19.92,-1.00,4.89,1273,1.0267,43.53,0.0900
28/07/2026,12:42,139.32,27.75,23.89,10.49,47.77,19.93,-1.02,4.89,1270,1.0265,43.43,0.0903
28/07/2026,12:43,139.31,27.74,23.91,10.45,47.84,19.94,-1.03,4.88,1271,1.0263,43.51,0.0902
28/07/2026,12:44,139.32,27.79,23.93,10.45,47.83,19.98,-1.03,4.87,1269,1.0265,43.50,0.0896
28/07/2026,12:45,139.26,27.79,23.98,10.49,47.81,19.99,-1.05,4.87,1267,1.0262,43.57,0.0894
28/07/2026,12:46,139.27,27.85,24.01,10.48,47.88,20.00,-1.06,4.87,1266,1.0259,43.74,0.0899
28/07/2026,12:47,139.31,27.91,24.05,10.45,47.93,19.97,-1.04,4.87,1267,1.0259,43.68,0.0897
28/07/2026,12:48,139.36,27.90,24.04,10.45,47.91,19.95,-1.01,4.87,1271,1.0257,43.62,0.0894
28/07/2026,12:49,139.36,27.94,24.01,10.47,47.97,19.97,-1.04,4.87,1267,1.0259,43.63,0.0894
28/07/2026,12:50,139.38,27.92,23.98,10.46,48.08,19.96,-1.02,4.88,1264,1.0256,43.70,0.0890
28/07/2026,12:51,139.38,27.88,23.91,10.45,47.98,20.00,-1.05,4.88,1272,1.0258,43.57,0.0887
28/07/2026,12:52,139.39,27.93,23.93,10.44,48.12,20.03,-1.02,4.88,1268,1.0262,43.62,0.0885
28/07/2026,12:53,139.37,27.95,23.93,10.44,48.04,20.07,-1.02,4.87,1265,1.0264,43.61,0.0888
28/07/2026,12:54,139.45,28.03,23.90,10.46,47.99,20.05,-1.01,4.87,1265,1.0269,43.60,0.0883
28/07/2026,12:55,139.48,28.08,23.91,10.47,48.01,20.10,-1.03,4.86,1266,1.0264,43.66,0.0887
28/07/2026,12:56,139.46,28.07,23.91,10.45,48.14,20.10,-1.02,4.87,1267,1.0265,43.68,0.0889
28/07/2026,12:57,139.45,28.04,23.95,10.44,48.05,20.12,-0.99,4.87,1267,1.0265,43.68,0.0889
28/07/2026,12:58,139.43,28.05,23.97,10.42,48.12,20.15,-1.01,4.87,1267,1.0264,43.60,0.0891
28/07/2026,12:59,139.42,28.13,23.94,10.41,48.25,20.17,-0.98,4.87,1267,1.0262,43.57,0.0889
28/07/2026,13:00,139.47,28.13,23.90,10.40,48.31,20.16,-1.00,4.88,1269,1.0259,43.57,0.0889
28/07/2026,13:01,139.49,28.15,23.91,10.37,48.27,20.19,-1.00,4.87,1265,1.0260,43.58,0.0891
28/07/2026,13:02,139.48,28.12,23.89,10.37,48.41,20.15,-0.97,4.87,1265,1.0261,43.53,0.0892
28/07/2026,13:03,139.51,28.15,23.89,10.38,48.39,20.16,-0.96,4.87,1265,1.0261,43.65,0.0892
28/07/2026,13:04,139.60,28.19,23.91,10.38,48.32,20.18,-0.95,4.86,1269,1.0258,43.60,0.0893
28/07/2026,13:05,139.63,28.20,23.96,10.42,48.39,20.15,-0.96,4.86,1273,1.0258,43.67,0.0890
28/07/2026,13:06,139.62,28.22,23.96,10.44,48.45,20.16,-0.96,4.85,1276,1.0261,43.66,0.0887
28/07/2026,13:07,139.59,28.24,24.02,10.43,48.48,20.13,-0.98,4.86,1278,1.0268,43.49,0.0892
28/07/2026,13:08,139.66,28.26,24.03,10.46,48.42,20.12,-0.98,4.87,1278,1.0265,43.53,0.0887
28/07/2026,13:09,139.71,28.32,24.01,10.47,48.27,20.08,-1.01,4.86,1280,1.0269,43.68,0.0886
28/07/2026,13:10,139.70,28.41,23.98,10.44,48.34,20.04,-1.00,4.86,1278,1.0269,43.69,0.0887
28/07/2026,13:11,139.73,28.41,23.99,10.44,48.42,20.06,-1.00,4.89,1276,1.0271,43.71,0.0883
28/07/2026,13:12,139.72,28.43,24.07,10.46,48.27,20.02,-1.01,4.89,1276,1.0270,43.82,0.0881
28/07/2026,13:13,139.77,28.47,24.04,10.48,48.20,20.02,-1.02,4.88,1273,1.0269,43.95,0.0883
28/07/2026,13:14,139.74,28.48,24.02,10.46,48.06,19.99,-0.98,4.86,1270,1.0269,43.93,0.0884
28/07/2026,13:15,139.68,28.48,24.01,10.41,48.09,20.00,-0.97,4.88,1267,1.0270,43.86,0.0885
28/07/2026,13:16,139.71,28.51,24.01,10.38,48.02,20.01,-0.96,4.87,1270,1.0274,43.95,0.0882
28/07/2026,13:17,139.71,28.52,24.05,10.41,48.02,20.00,-0.95,4.87,1271,1.0275,43.94,0.0882
28/07/2026,13:18,139.68,28.53,24.04,10.41,48.02,20.06,-0.97,4.86,1270,1.0272,43.88,0.0888
28/07/2026,13:19,139.81,28.55,24.07,10.38,48.06,20.09,-0.96,4.85,1271,1.0267,44.04,0.0880
28/07/2026,13:20,139.72,28.48,24.08,10.36,48.02,20.14,-0.93,4.86,1273,1.0266,44.04,0.0874
28/07/2026,13:21,139.73,28.49,24.10,10.38,47.96,20.16,-0.96,4.86,1276,1.0264,43.97,0.0875
28/07/2026,13:22,139.73,28.55,24.19,10.39,47.97,20.15,-0.94,4.87,1275,1.0266,43.96,0.0874
28/07/2026,13:23,139.66,28.58,24.20,10.37,47.92,20.20,-0.98,4.87,1276,1.0267,43.95,0.0874
28/07/2026,13:24,139.71,28.55,24.15,10.40,47.97,20.21,-0.97,4.88,1281,1.0267,43.96,0.0875
28/07/2026,13:25,139.71,28.60,24.15,10.44,47.90,20.22,-0.98,4.88,1282,1.0266,44.06,0.0877
28/07/2026,13:26,139.64,28.63,24.09,10.40,47.99,20.21,-1.00,4.88,1278,1.0266,43.99,0.0878
28/07/2026,13:27,139.70,28.62,24.11,10.39,47.88,20.20,-1.01,4.90,1276,1.0266,43.93,0.0879
28/07/2026,13:28,139.65,28.64,24.09,10.38,47.88,20.16,-1.03,4.89,1276,1.0264,43.83,0.0874
28/07/2026,13:29,139.58,28.65,24.17,10.39,47.89,20.14,-1.03,4.90,1278,1.0269,43.88,0.0879
28/07/2026,13:30,139.61,28.63,24.17,10.45,47.97,20.16,-1.06,4.90,1279,1.0268,43.88,0.0879
28/07/2026,13:31,139.63,28.65,24.20,10.47,47.97,20.18,-1.07,4.89,1278,1.0267,43.84,0.0883
28/07/2026,13:32,139.58,28.73,24.21,10.46,47.86,20.23,-1.07,4.88,1278,1.0268,43.98,0.0884
28/07/2026,13:33,139.58,28.72,24.16,10.46,47.95,20.23,-1.07,4.88,1277,1.0267,43.92,0.0882
28/07/2026,13:34,139.57,28.68,24.22,10.49,48.05,20.22,-1.10,4.86,1283,1.0267,43.98,0.0886
28/07/2026,13:35,139.59,28.67,24.18,10.45,48.02,20.22,-1.07,4.86,1280,1.0269,44.00,0.0887
28/07/2026,13:36,139.53,28.65,24.11,10.48,48.08,20.19,-1.07,4.84,1279,1.0271,43.97,0.0884
28/07/2026,13:37,139.48,28.65,24.06,10.48,48.06,20.22,-1.07,4.86,1277,1.0272,43.87,0.0877
28/07/2026,13:38,139.44,28.69,24.06,10.48,48.04,20.27,-1.09,4.86,1280,1.0272,43.88,0.0878
28/07/2026,13:39,139.45,28.68,24.08,10.45,47.99,20.26,-1.10,4.86,1276,1.0275,43.83,0.0880
28/07/2026,13:40,139.48,28.64,24.05,10.39,47.89,20.28,-1.08,4.85,1277,1.0273,43.76,0.0880
28/07/2026,13:41,139.51,28.66,24.07,10.42,47.89,20.26,-1.09,4.87,1278,1.0274,43.78,0.0884
28/07/2026,13:42,139.45,28.66,24.08,10.47,47.94,20.27,-1.09,4.87,1282,1.0278,43.70,0.0887
28/07/2026,13:43,139.43,28.67,24.14,10.51,47.93,20.27,-1.09,4.86,1283,1.0274,43.79,0.0891
28/07/2026,13:44,139.42,28.70,24.11,10.47,48.01,20.27,-1.10,4.87,1280,1.0279,43.73,0.0888
28/07/2026,13:45,139.41,28.71,24.06,10.46,47.98,20.28,-1.09,4.85,1280,1.0273,43.71,0.0883
28/07/2026,13:46,139.47,28.73,24.07,10.49,47.94,20.28,-1.05,4.85,1278,1.0271,43.63,0.0885
28/07/2026,13:47,139.45,28.76,24.09,10.48,48.05,20.29,-1.06,4.85,1278,1.0273,43.73,0.0888
28/07/2026,13:48,139.47,28.73,24.09,10.48,48.16,20.26,-1.04,4.85,1282,1.0268,43.83,0.0891
28/07/2026,13:49,139.48,28.73,24.12,10.48,48.17,20.25,-1.04,4.86,1280,1.0266,43.80,0.0891
28/07/2026,13:50,139.51,28.71,24.13,10.46,48.18,20.23,-1.05,4.86,1279,1.0266,43.74,0.0885
28/07/2026,13:51,139.54,28.75,24.12,10.50,48.22,20.20,-1.04,4.86,1280,1.0265,43.82,0.0890
28/07/2026,13:52,139.52,28.78,24.10,10.52,48.35,20.20,-1.03,4.87,1276,1.0266,43.82,0.0890
28/07/2026,13:53,139.50,28.82,24.07,10.54,48.39,20.21,-1.05,4.86,1280,1.0268,43.92,0.0891
28/07/2026,13:54,139.47,28.82,24.04,10.50,48.28,20.22,-1.08,4.86,1277,1.0268,43.92,0.0889
28/07/2026,13:55,139.47,28.85,24.00,10.46,48.33,20.24,-1.07,4.86,1277,1.0266,43.97,0.0877
28/07/2026,13:56,139.42,28.89,23.94,10.49,48.31,20.17,-1.11,4.86,1279,1.0263,44.00,0.0876
28/07/2026,13:57,139.49,28.88,23.94,10.49,48.39,20.16,-1.07,4.88,1277,1.0264,44.13,0.0878
28/07/2026,13:58,139.52,28.90,23.96,10.52,48.38,20.15,-1.10,4.88,1280,1.0262,44.11,0.0875
28/07/2026,13:59,139.56,28.98,23.96,10.50,48.31,20.17,-1.10,4.88,1277,1.0263,44.12,0.0877
28/07/2026,14:00,139.64,29.00,23.99,10.46,48.39,20.20,-1.12,4.88,1276,1.0265,44.11,0.0878
28/07/2026,14:01,139.67,29.00,23.94,10.42,48.35,20.17,-1.11,4.89,1268,1.0262,43.93,0.0880
28/07/2026,14:02,139.78,28.99,23.99,10.43,48.35,20.14,-1.09,4.90,1270,1.0259,43.88,0.0876
28/07/2026,14:03,139.74,29.02,24.06,10.43,48.34,20.13,-1.07,4.89,1270,1.0259,43.90,0.0881
28/07/2026,14:04,139.77,29.01,24.09,10.42,48.39,20.14,-1.07,4.89,1273,1.0260,44.00,0.0881
28/07/2026,14:05,139.79,29.05,24.08,10.44,48.36,20.17,-1.07,4.88,1274,1.0263,44.12,0.0884
28/07/2026,14:06,139.73,29.12,24.07,10.44,48.51,20.19,-1.06,4.88,1270,1.0264,44.02,0.0886
28/07/2026,14:07,139.71,29.16,24.06,10.42,48.62,20.19,-1.05,4.87,1269,1.0265,44.03,0.0882
28/07/2026,14:08,139.74,29.20,24.01,10.40,48.55,20.20,-1.05,4.87,1268,1.0266,44.02,0.0878
28/07/2026,14:09,139.72,29.17,24.02,10.38,48.54,20.20,-1.04,4.86,1265,1.0270,44.18,0.0878
28/07/2026,14:10,139.76,29.20,23.98,10.39,48.65,20.19,-1.02,4.86,1265,1.0270,44.08,0.0874
28/07/2026,14:11,139.71,29.25,23.98,10.37,48.68,20.18,-1.00,4.86,1268,1.0270,44.11,0.0867
28/07/2026,14:12,139.75,29.18,23.98,10.30,48.66,20.18,-1.02,4.85,1271,1.0268,44.06,0.0863
28/07/2026,14:13,139.77,29.16,23.96,10.26,48.59,20.19,-1.03,4.85,1270,1.0269,44.03,0.0858
28/07/2026,14:14,139.72,29.17,23.91,10.26,48.45,20.19,-1.06,4.86,1269,1.0272,43.94,0.0862
28/07/2026,14:15,139.63,29.13,23.88,10.27,48.43,20.20,-1.05,4.86,1271,1.0275,43.91,0.0858
28/07/2026,14:16,139.66,29.14,23.89,10.30,48.45,20.20,-1.06,4.86,1271,1.0272,44.05,0.0858
28/07/2026,14:17,139.65,29.16,23.89,10.24,48.36,20.15,-1.06,4.85,1276,1.0270,44.06,0.0852
28/07/2026,14:18,139.74,29.18,23.92,10.23,48.23,20.15,-1.08,4.85,1275,1.0270,43.97,0.0847
28/07/2026,14:19,139.72,29.18,23.97,10.23,48.32,20.14,-1.10,4.85,1273,1.0267,44.12,0.0849
28/07/2026,14:20,139.70,29.15,24.01,10.22,48.32,20.19,-1.07,4.84,1272,1.0267,44.02,0.0848
28/07/2026,14:21,139.62,29.21,23.96,10.25,48.25,20.17,-1.04,4.84,1266,1.0268,43.94,0.0851
28/07/2026,14:22,139.62,29.22,23.94,10.24,48.36,20.17,-1.02,4.84,1272,1.0266,44.12,0.0850
28/07/2026,14:23,139.62,29.22,23.91,10.23,48.36,20.15,-0.99,4.84,1271,1.0265,43.91,0.0854
28/07/2026,14:24,139.59,29.21,23.92,10.19,48.39,20.18,-0.97,4.83,1268,1.0266,44.00,0.0852
28/07/2026,14:25,139.65,29.24,23.97,10.21,48.49,20.20,-1.00,4.82,1270,1.0265,43.97,0.0852
28/07/2026,14:26,139.71,29.27,23.94,10.20,48.48,20.21,-1.00,4.84,1265,1.0260,43.88,0.0850
28/07/2026,14:27,139.73,29.30,23.94,10.20,48.57,20.24,-0.97,4.81,1261,1.0263,43.91,0.0847
28/07/2026,14:28,139.66,29.27,23.90,10.22,48.61,20.24,-0.97,4.84,1262,1.0261,43.94,0.0850
28/07/2026,14:29,139.65,29.20,23.94,10.22,48.70,20.24,-0.95,4.83,1261,1.0261,43.92,0.0850
28/07/2026,14:30,139.67,29.26,23.92,10.23,48.79,20.22,-0.98,4.82,1261,1.0259,43.91,0.0844
28/07/2026,14:31,139.65,29.29,23.88,10.24,48.84,20.22,-0.98,4.83,1258,1.0261,44.03,0.0848
28/07/2026,14:32,139.65,29.20,23.92,10.23,48.79,20.22,-0.99,4.84,1259,1.0264,44.01,0.0850
28/07/2026,14:33,139.70,29.19,23.90,10.25,48.84,20.23,-1.00,4.85,1258,1.0265,44.00,0.0845
28/07/2026,14:34,139.64,29.23,23.93,10.23,48.87,20.21,-1.02,4.86,1257,1.0266,44.11,0.0844
28/07/2026,14:35,139.57,29.23,23.90,10.21,48.89,20.21,-1.01,4.84,1254,1.0267,44.07,0.0842
28/07/2026,14:36,139.64,29.25,23.83,10.27,48.85,20.20,-0.98,4.84,1252,1.0264,44.00,0.0840
28/07/2026,14:37,139.68,29.28,23.78,10.24,48.96,20.18,-0.96,4.84,1255,1.0266,43.98,0.0838
28/07/2026,14:38,139.68,29.36,23.76,10.25,48.88,20.23,-0.92,4.84,1255,1.0265,44.16,0.0835
28/07/2026,14:39,139.58,29.37,23.76,10.24,48.73,20.22,-0.93,4.83,1259,1.0266,44.13,0.0833
28/07/2026,14:40,139.61,29.31,23.74,10.26,48.82,20.24,-0.98,4.82,1260,1.0266,44.32,0.0832
28/07/2026,14:41,139.62,29.35,23.76,10.27,48.83,20.23,-1.00,4.82,1260,1.0264,44.32,0.0832
28/07/2026,14:42,139.56,29.37,23.74,10.26,48.85,20.27,-0.97,4.83,1260,1.0265,44.24,0.0835
28/07/2026,14:43,139.56,29.41,23.76,10.25,48.74,20.27,-0.98,4.84,1259,1.0263,44.19,0.0838
28/07/2026,14:44,139.54,29.45,23.74,10.19,48.70,20.19,-0.98,4.84,1257,1.0263,44.30,0.0834
28/07/2026,14:45,139.61,29.47,23.74,10.16,48.61,20.18,-0.97,4.85,1261,1.0262,44.19,0.0836
28/07/2026,14:46,139.59,29.45,23.69,10.19,48.73,20.18,-0.97,4.86,1256,1.0259,44.26,0.0838
28/07/2026,14:47,139.55,29.39,23.65,10.20,48.65,20.22,-0.97,4.86,1254,1.0262,44.24,0.0833
28/07/2026,14:48,139.48,29.38,23.62,10.22,48.68,20.20,-0.98,4.86,1252,1.0261,44.09,0.0838
28/07/2026,14:49,139.54,29.39,23.65,10.21,48.72,20.22,-0.98,4.87,1256,1.0264,44.05,0.0834
28/07/2026,14:50,139.57,29.44,23.62,10.25,48.81,20.21,-0.99,4.85,1261,1.0259,44.09,0.0836
28/07/2026,14:51,139.55,29.45,23.68,10.24,48.87,20.24,-0.97,4.85,1261,1.0259,44.06,0.0840
28/07/2026,14:52,139.55,29.43,23.72,10.23,48.82,20.27,-0.94,4.85,1264,1.0259,44.11,0.0840
28/07/2026,14:53,139.48,29.48,23.72,10.18,48.78,20.26,-0.94,4.84,1265,1.0265,44.19,0.0839
28/07/2026,14:54,139.48,29.48,23.74,10.15,48.76,20.28,-0.96,4.82,1264,1.0260,44.29,0.0837
28/07/2026,14:55,139.48,29.42,23.78,10.15,48.77,20.33,-0.95,4.84,1262,1.0263,44.43,0.0829
28/07/2026,14:56,139.50,29.43,23.75,10.18,48.72,20.36,-0.98,4.84,1260,1.0264,44.39,0.0832
28/07/2026,14:57,139.53,29.46,23.74,10.15,48.57,20.41,-0.98,4.83,1259,1.0262,44.32,0.0830
28/07/2026,14:58,139.50,29.47,23.72,10.14,48.58,20.41,-1.01,4.81,1259,1.0264,44.17,0.0829
28/07/2026,14:59,139.50,29.48,23.71,10.10,48.46,20.38,-0.98,4.81,1256,1.0264,44.10,0.0832
28/07/2026,15:00,139.53,29.47,23.73,10.15,48.34,20.37,-0.97,4.83,1259,1.0268,44.11,0.0833
28/07/2026,15:01,139.51,29.49,23.75,10.12,48.35,20.39,-0.98,4.83,1259,1.0265,44.08,0.0833
28/07/2026,15:02,139.43,29.44,23.75,10.16,48.26,20.40,-1.00,4.82,1260,1.0260,44.19,0.0834
28/07/2026,15:03,139.35,29.47,23.74,10.15,48.29,20.43,-1.02,4.81,1256,1.0262,44.04,0.0831
28/07/2026,15:04,139.34,29.45,23.73,10.13,48.21,20.42,-1.02,4.81,1254,1.0263,44.07,0.0836
28/07/2026,15:05,139.29,29.51,23.75,10.16,48.27,20.46,-0.98,4.84,1248,1.0266,44.22,0.0837
28/07/2026,15:06,139.23,29.55,23.71,10.18,48.25,20.47,-0.98,4.83,1250,1.0264,44.24,0.0832
28/07/2026,15:07,139.23,29.57,23.70,10.22,48.22,20.52,-0.98,4.85,1249,1.0265,44.14,0.0831
28/07/2026,15:08,139.24,29.54,23.66,10.22,48.19,20.53,-0.99,4.84,1254,1.0264,44.11,0.0832
28/07/2026,15:09,139.25,29.54,23.67,10.20,48.26,20.52,-0.99,4.84,1256,1.0263,44.18,0.0838
28/07/2026,15:10,139.33,29.54,23.60,10.20,48.12,20.49,-1.00,4.85,1258,1.0264,44.21,0.0842
28/07/2026,15:11,139.35,29.54,23.66,10.22,48.09,20.51,-1.03,4.84,1257,1.0265,44.26,0.0842
28/07/2026,15:12,139.34,29.57,23.73,10.20,48.13,20.51,-1.00,4.84,1263,1.0263,44.42,0.0842
28/07/2026,15:13,139.33,29.58,23.76,10.19,48.16,20.51,-1.00,4.85,1263,1.0261,44.36,0.0844
28/07/2026,15:14,139.31,29.60,23.72,10.22,48.31,20.53,-1.01,4.85,1263,1.0258,44.33,0.0844
28/07/2026,15:15,139.34,29.62,23.73,10.24,48.33,20.52,-1.03,4.86,1261,1.0254,44.39,0.0845
28/07/2026,15:16,139.33,29.60,23.75,10.21,48.34,20.45,-1.03,4.88,1262,1.0259,44.39,0.0842
28/07/2026,15:17,139.38,29.65,23.80,10.17,48.35,20.43,-1.02,4.86,1263,1.0261,44.35,0.0845
28/07/2026,15:18,139.39,29.66,23.77,10.17,48.35,20.43,-1.04,4.85,1258,1.0262,44.36,0.0845
28/07/2026,15:19,139.42,29.61,23.82,10.20,48.36,20.44,-1.05,4.85,1258,1.0262,44.31,0.0845
28/07/2026,15:20,139.47,29.60,23.78,10.16,48.32,20.46,-1.05,4.83,1260,1.0260,44.35,0.0843
28/07/2026,15:21,139.42,29.58,23.71,10.17,48.38,20.44,-1.05,4.82,1261,1.0257,44.33,0.0843
28/07/2026,15:22,139.52,29.60,23.70,10.15,48.39,20.47,-1.02,4.83,1259,1.0256,44.29,0.0839
28/07/2026,15:23,139.57,29.62,23.70,10.13,48.28,20.45,-1.00,4.84,1258,1.0255,44.34,0.0834
28/07/2026,15:24,139.55,29.64,23.70,10.15,48.20,20.43,-0.99,4.84,1259,1.0255,44.28,0.0828
28/07/2026,15:25,139.59,29.63,23.71,10.16,48.25,20.46,-0.99,4.85,1259,1.0257,44.32,0.0828
28/07/2026,15:26,139.61,29.62,23.67,10.12,48.26,20.47,-0.98,4.84,1260,1.0257,44.45,0.0828
28/07/2026,15:27,139.57,29.62,23.76,10.12,48.31,20.47,-0.95,4.83,1264,1.0253,44.47,0.0830
28/07/2026,15:28,139.61,29.70,23.73,10.17,48.36,20.49,-0.94,4.82,1262,1.0256,44.48,0.0831
28/07/2026,15:29,139.63,29.73,23.69,10.15,48.45,20.54,-0.96,4.83,1265,1.0257,44.36,0.0831
28/07/2026,15:30,139.67,29.76,23.73,10.15,48.36,20.49,-0.96,4.82,1263,1.0258,44.37,0.0833
28/07/2026,15:31,139.61,29.79,23.75,10.14,48.49,20.50,-0.97,4.83,1264,1.0252,44.37,0.0835
28/07/2026,15:32,139.63,29.79,23.79,10.16,48.39,20.50,-0.96,4.82,1262,1.0255,44.29,0.0830
28/07/2026,15:33,139.65,29.75,23.79,10.15,48.40,20.46,-0.97,4.80,1261,1.0259,44.32,0.0825
28/07/2026,15:34,139.58,29.69,23.75,10.17,48.37,20.48,-0.98,4.78,1261,1.0263,44.33,0.0825
28/07/2026,15:35,139.61,29.64,23.75,10.19,48.33,20.47,-1.02,4.77,1265,1.0268,44.21,0.0826
28/07/2026,15:36,139.54,29.67,23.74,10.20,48.38,20.49,-1.00,4.78,1263,1.0269,44.31,0.0829
28/07/2026,15:37,139.48,29.70,23.75,10.19,48.46,20.48,-1.01,4.79,1263,1.0269,44.36,0.0830
28/07/2026,15:38,139.51,29.76,23.74,10.19,48.40,20.46,-1.00,4.81,1263,1.0267,44.47,0.0830
28/07/2026,15:39,139.52,29.76,23.74,10.17,48.44,20.46,-1.03,4.83,1262,1.0272,44.49,0.0827
28/07/2026,15:40,139.52,29.76,23.77,10.21,48.48,20.43,-1.02,4.81,1259,1.0272,44.44,0.0823
28/07/2026,15:41,139.57,29.77,23.78,10.24,48.50,20.43,-1.00,4.82,1257,1.0270,44.54,0.0824
28/07/2026,15:42,139.55,29.80,23.83,10.25,48.60,20.44,-1.03,4.82,1259,1.0270,44.52,0.0829
28/07/2026,15:43,139.57,29.81,23.76,10.22,48.64,20.43,-1.00,4.83,1259,1.0271,44.49,0.0827
28/07/2026,15:44,139.57,29.84,23.80,10.27,48.69,20.42,-1.04,4.82,1262,1.0271,44.48,0.0828
28/07/2026,15:45,139.58,29.81,23.81,10.27,48.76,20.40,-1.05,4.80,1259,1.0273,44.54,0.0826
28/07/2026,15:46,139.51,29.84,23.80,10.24,48.74,20.42,-1.06,4.81,1259,1.0272,44.58,0.0826
28/07/2026,15:47,139.52,29.76,23.78,10.25,48.79,20.41,-1.07,4.80,1260,1.0273,44.70,0.0818
28/07/2026,15:48,139.44,29.77,23.77,10.24,48.71,20.44,-1.09,4.81,1263,1.0271,44.78,0.0814
28/07/2026,15:49,139.46,29.72,23.80,10.23,48.68,20.38,-1.04,4.82,1265,1.0272,44.94,0.0813
28/07/2026,15:50,139.53,29.70,23.80,10.25,48.66,20.41,-1.03,4.81,1266,1.0274,44.86,0.0818
28/07/2026,15:51,139.48,29.64,23.81,10.26,48.69,20.43,-1.07,4.82,1267,1.0275,44.95,0.0817
28/07/2026,15:52,139.46,29.65,23.83,10.24,48.63,20.48,-1.04,4.82,1266,1.0271,44.99,0.0811
28/07/2026,15:53,139.47,29.71,23.83,10.23,48.64,20.51,-1.03,4.83,1265,1.0269,45.12,0.0812
28/07/2026,15:54,139.45,29.76,23.89,10.25,48.65,20.52,-1.00,4.84,1264,1.0268,44.96,0.0812
28/07/2026,15:55,139.48,29.76,23.87,10.22,48.64,20.51,-1.01,4.86,1265,1.0269,45.09,0.0816
28/07/2026,15:56,139.49,29.79,23.92,10.22,48.63,20.50,-0.98,4.85,1262,1.0269,45.00,0.0814
28/07/2026,15:57,139.51,29.81,23.88,10.21,48.58,20.52,-0.95,4.85,1265,1.0267,44.92,0.0811
28/07/2026,15:58,139.61,29.83,23.95,10.23,48.64,20.53,-0.95,4.85,1264,1.0266,44.76,0.0809
28/07/2026,15:59,139.59,29.87,24.00,10.21,48.67,20.53,-0.96,4.84,1265,1.0263,44.67,0.0811
28/07/2026,16:00,139.58,29.85,24.03,10.21,48.74,20.56,-0.98,4.84,1264,1.0265,44.69,0.0813
28/07/2026,16:01,139.60,29.81,23.92,10.26,48.79,20.56,-1.02,4.81,1263,1.0264,44.71,0.0816
28/07/2026,16:02,139.54,29.82,23.92,10.31,48.92,20.57,-1.01,4.82,1262,1.0264,44.65,0.0820
28/07/2026,16:03,139.50,29.86,23.87,10.28,48.83,20.57,-1.01,4.81,1262,1.0265,44.64,0.0816
28/07/2026,16:04,139.59,29.84,23.90,10.28,48.78,20.57,-0.98,4.80,1258,1.0259,44.79,0.0819
28/07/2026,16:05,139.56,29.85,23.93,10.25,48.75,20.56,-0.96,4.79,1260,1.0257,44.95,0.0814
28/07/2026,16:06,139.58,29.80,23.93,10.25,48.77,20.55,-0.96,4.80,1260,1.0256,44.73,0.0815
28/07/2026,16:07,139.51,29.85,23.88,10.25,48.70,20.49,-0.94,4.81,1256,1.0255,44.66,0.0820
28/07/2026,16:08,139.50,29.88,23.91,10.20,48.74,20.48,-0.94,4.80,1254,1.0255,44.51,0.0819
28/07/2026,16:09,139.54,29.86,23.94,10.20,48.80,20.49,-0.95,4.80,1258,1.0257,44.59,0.0818
28/07/2026,16:10,139.51,29.88,23.88,10.15,48.79,20.52,-0.92,4.81,1254,1.0258,44.69,0.0815
28/07/2026,16:11,139.52,29.94,23.86,10.20,48.82,20.56,-0.93,4.83,1254,1.0252,44.74,0.0819
28/07/2026,16:12,139.58,29.99,23.83,10.21,48.75,20.53,-0.96,4.83,1253,1.0255,44.83,0.0822
28/07/2026,16:13,139.54,29.98,23.79,10.24,48.74,20.56,-0.96,4.85,1257,1.0256,44.86,0.0819
28/07/2026,16:14,139.56,29.99,23.82,10.22,48.74,20.51,-0.94,4.83,1260,1.0257,44.80,0.0817
28/07/2026,16:15,139.57,30.02,23.82,10.24,48.78,20.55,-0.95,4.81,1256,1.0259,44.68,0.0819
28/07/2026,16:16,139.68,30.02,23.85,10.24,48.81,20.53,-0.95,4.81,1252,1.0259,44.58,0.0822
28/07/2026,16:17,139.65,29.99,23.87,10.24,48.82,20.51,-0.95,4.82,1250,1.0256,44.69,0.0824
28/07/2026,16:18,139.63,30.02,23.79,10.23,48.80,20.52,-0.91,4.82,1252,1.0256,44.62,0.0826
28/07/2026,16:19,139.63,29.99,23.79,10.19,48.70,20.53,-0.93,4.82,1252,1.0257,44.53,0.0829
28/07/2026,16:20,139.52,30.03,23.73,10.21,48.67,20.49,-0.93,4.81,1253,1.0260,44.53,0.0829
28/07/2026,16:21,139.59,30.02,23.66,10.20,48.72,20.52,-0.93,4.82,1251,1.0261,44.53,0.0824
28/07/2026,16:22,139.66,30.04,23.67,10.17,48.65,20.54,-0.92,4.83,1252,1.0263,44.55,0.0831
28/07/2026,16:23,139.61,30.03,23.66,10.13,48.79,20.52,-0.90,4.83,1254,1.0264,44.62,0.0832
28/07/2026,16:24,139.61,29.98,23.69,10.14,48.76,20.50,-0.90,4.82,1255,1.0260,44.76,0.0834
28/07/2026,16:25,139.57,29.99,23.71,10.19,48.78,20.54,-0.94,4.81,1261,1.0259,44.64,0.0830
28/07/2026,16:26,139.51,30.00,23.69,10.19,48.69,20.55,-0.96,4.81,1258,1.0257,44.58,0.0832
28/07/2026,16:27,139.50,29.95,23.70,10.17,48.75,20.55,-0.95,4.80,1259,1.0258,44.55,0.0835
28/07/2026,16:28,139.47,29.88,23.69,10.16,48.72,20.56,-0.96,4.80,1259,1.0261,44.50,0.0832
28/07/2026,16:29,139.48,29.86,23.72,10.19,48.73,20.54,-0.95,4.80,1262,1.0263,44.41,0.0831
28/07/2026,16:30,139.47,29.82,23.79,10.19,48.76,20.54,-0.95,4.82,1267,1.0263,44.30,0.0824
28/07/2026,16:31,139.53,29.84,23.82,10.19,48.75,20.54,-0.98,4.80,1264,1.0263,44.37,0.0823
28/07/2026,16:32,139.49,29.84,23.85,10.19,48.62,20.56,-0.97,4.80,1262,1.0264,44.54,0.0824
28/07/2026,16:33,139.42,29.87,23.84,10.23,48.52,20.53,-0.96,4.79,1260,1.0266,44.52,0.0831
28/07/2026,16:34,139.45,29.84,23.88,10.22,48.41,20.54,-0.97,4.79,1263,1.0265,44.47,0.0835
28/07/2026,16:35,139.38,29.89,23.86,10.18,48.28,20.54,-0.94,4.79,1261,1.0266,44.41,0.0837
28/07/2026,16:36,139.41,29.88,23.82,10.15,48.17,20.57,-0.98,4.79,1261,1.0263,44.34,0.0835
28/07/2026,16:37,139.43,29.91,23.81,10.13,48.22,20.59,-0.98,4.81,1260,1.0258,44.27,0.0833
28/07/2026,16:38,139.43,29.95,23.83,10.10,48.37,20.61,-0.97,4.80,1259,1.0260,44.27,0.0828
28/07/2026,16:39,139.43,29.96,23.80,10.11,48.43,20.60,-1.00,4.80,1259,1.0259,44.42,0.0828
28/07/2026,16:40,139.41,29.93,23.74,10.11,48.41,20.63,-1.01,4.80,1260,1.0261,44.43,0.0832
28/07/2026,16:41,139.40,29.93,23.77,10.15,48.34,20.64,-1.00,4.78,1260,1.0259,44.33,0.0830
28/07/2026,16:42,139.46,29.93,23.73,10.11,48.36,20.67,-1.01,4.80,1260,1.0261,44.18,0.0833
28/07/2026,16:43,139.47,29.95,23.68,10.10,48.46,20.66,-0.99,4.81,1259,1.0263,44.12,0.0834
28/07/2026,16:44,139.48,29.89,23.67,10.14,48.40,20.63,-1.04,4.81,1264,1.0265,44.01,0.0840
28/07/2026,16:45,139.54,29.86,23.64,10.17,48.51,20.67,-1.03,4.82,1257,1.0270,44.06,0.0837
28/07/2026,16:46,139.50,29.86,23.59,10.15,48.59,20.66,-1.04,4.80,1257,1.0270,44.03,0.0845
28/07/2026,16:47,139.52,29.91,23.61,10.17,48.67,20.66,-1.05,4.81,1261,1.0274,44.05,0.0853
28/07/2026,16:48,139.59,29.89,23.62,10.16,48.70,20.64,-1.02,4.83,1263,1.0275,44.11,0.0854
28/07/2026,16:49,139.54,29.84,23.65,10.16,48.71,20.61,-1.02,4.82,1261,1.0277,44.23,0.0852
28/07/2026,16:50,139.50,29.80,23.69,10.16,48.68,20.56,-1.00,4.81,1257,1.0278,44.35,0.0857
28/07/2026,16:51,139.55,29.80,23.73,10.13,48.69,20.54,-0.99,4.80,1261,1.0278,44.24,0.0851
28/07/2026,16:52,139.54,29.82,23.76,10.13,48.75,20.54,-1.04,4.82,1263,1.0279,44.25,0.0852
28/07/2026,16:53,139.52,29.82,23.71,10.17,48.85,20.53,-1.04,4.82,1263,1.0280,44.30,0.0852
28/07/2026,16:54,139.49,29.82,23.74,10.19,48.76,20.51,-1.01,4.81,1262,1.0281,44.23,0.0845
28/07/2026,16:55,139.42,29.84,23.74,10.20,48.68,20.48,-0.98,4.82,1258,1.0286,44.25,0.0846
28/07/2026,16:56,139.49,29.79,23.75,10.14,48.77,20.53,-0.98,4.81,1259,1.0286,44.34,0.0840
28/07/2026,16:57,139.48,29.77,23.73,10.13,48.74,20.51,-1.00,4.80,1258,1.0290,44.25,0.0839
28/07/2026,16:58,139.47,29.78,23.75,10.11,48.86,20.55,-0.96,4.80,1258,1.0289,44.32,0.0834
28/07/2026,16:59,139.46,29.78,23.67,10.15,48.89,20.58,-0.99,4.80,1254,1.0286,44.32,0.0833
28/07/2026,17:00,139.46,29.79,23.71,10.16,48.79,20.61,-0.99,4.80,1255,1.0285,44.30,0.0828
28/07/2026,17:01,139.47,29.79,23.71,10.15,48.87,20.63,-0.99,4.81,1249,1.0285,44.26,0.0831
28/07/2026,17:02,139.50,29.75,23.73,10.16,48.92,20.63,-0.98,4.82,1252,1.0282,44.26,0.0832
28/07/2026,17:03,139.57,29.77,23.65,10.12,48.79,20.65,-0.97,4.83,1254,1.0282,44.30,0.0834
28/07/2026,17:04,139.56,29.74,23.68,10.11,48.87,20.65,-0.99,4.82,1257,1.0280,44.38,0.0831
28/07/2026,17:05,139.63,29.76,23.72,10.12,48.80,20.67,-0.99,4.82,1259,1.0279,44.42,0.0831
28/07/2026,17:06,139.58,29.78,23.77,10.09,48.68,20.68,-0.96,4.82,1257,1.0275,44.37,0.0828
28/07/2026,17:07,139.60,29.72,23.75,10.11,48.67,20.70,-0.98,4.83,1255,1.0273,44.45,0.0820
28/07/2026,17:08,139.60,29.68,23.75,10.14,48.65,20.68,-0.96,4.85,1257,1.0278,44.41,0.0820
28/07/2026,17:09,139.58,29.66,23.76,10.15,48.68,20.68,-0.96,4.86,1255,1.0277,44.50,0.0822
28/07/2026,17:10,139.61,29.70,23.73,10.17,48.68,20.68,-0.95,4.87,1253,1.0273,44.69,0.0822
28/07/2026,17:11,139.60,29.65,23.70,10.18,48.66,20.65,-0.93,4.85,1251,1.0272,44.82,0.0826
28/07/2026,17:12,139.61,29.68,23.70,10.17,48.74,20.62,-0.94,4.87,1250,1.0273,44.84,0.0820
28/07/2026,17:13,139.59,29.66,23.63,10.17,48.71,20.64,-0.91,4.88,1249,1.0271,44.77,0.0824
28/07/2026,17:14,139.60,29.68,23.61,10.18,48.73,20.61,-0.90,4.88,1248,1.0271,44.71,0.0812
28/07/2026,17:15,139.60,29.72,23.62,10.20,48.73,20.62,-0.93,4.86,1252,1.0269,44.55,0.0817
28/07/2026,17:16,139.61,29.72,23.67,10.19,48.61,20.65,-0.93,4.86,1252,1.0270,44.53,0.0818
28/07/2026,17:17,139.61,29.70,23.65,10.22,48.61,20.63,-0.94,4.88,1248,1.0271,44.64,0.0824
28/07/2026,17:18,139.61,29.70,23.64,10.25,48.51,20.60,-0.93,4.86,1242,1.0272,44.56,0.0829
28/07/2026,17:19,139.57,29.66,23.60,10.24,48.53,20.59,-0.93,4.85,1242,1.0276,44.64,0.0827
28/07/2026,17:20,139.64,29.67,23.55,10.27,48.52,20.61,-0.92,4.84,1245,1.0279,44.77,0.0827
28/07/2026,17:21,139.60,29.67,23.58,10.26,48.51,20.57,-0.91,4.84,1247,1.0276,44.79,0.0825
28/07/2026,17:22,139.69,29.64,23.52,10.24,48.50,20.57,-0.88,4.86,1250,1.0273,44.86,0.0821
28/07/2026,17:23,139.66,29.71,23.50,10.22,48.47,20.53,-0.87,4.86,1251,1.0274,44.81,0.0821
28/07/2026,17:24,139.71,29.72,23.53,10.21,48.50,20.53,-0.89,4.85,1251,1.0274,44.76,0.0818
28/07/2026,17:25,139.72,29.70,23.55,10.21,48.57,20.50,-0.92,4.85,1248,1.0269,44.79,0.0818
28/07/2026,17:26,139.67,29.74,23.55,10.24,48.60,20.53,-0.94,4.85,1251,1.0270,44.71,0.0819
28/07/2026,17:27,139.66,29.76,23.51,10.24,48.52,20.53,-0.92,4.84,1254,1.0272,44.64,0.0818
28/07/2026,17:28,139.65,29.72,23.49,10.24,48.54,20.57,-0.91,4.84,1252,1.0272,44.57,0.0821
28/07/2026,17:29,139.62,29.71,23.46,10.23,48.59,20.59,-0.94,4.84,1253,1.0271,44.61,0.0820
28/07/2026,17:30,139.64,29.70,23.51,10.27,48.71,20.54,-0.93,4.84,1254,1.0273,44.51,0.0817
28/07/2026,17:31,139.68,29.67,23.54,10.31,48.71,20.55,-0.94,4.85,1259,1.0274,44.46,0.0819
28/07/2026,17:32,139.71,29.70,23.54,10.29,48.82,20.55,-0.96,4.85,1257,1.0273,44.50,0.0815
28/07/2026,17:33,139.77,29.70,23.56,10.28,48.78,20.57,-0.92,4.87,1261,1.0274,44.55,0.0814
28/07/2026,17:34,139.75,29.67,23.57,10.29,48.73,20.53,-0.94,4.88,1264,1.0270,44.42,0.0814
28/07/2026,17:35,139.75,29.65,23.62,10.34,48.68,20.53,-0.92,4.87,1265,1.0272,44.29,0.0814
28/07/2026,17:36,139.70,29.62,23.68,10.30,48.65,20.52,-0.94,4.86,1264,1.0270,44.39,0.0814
28/07/2026,17:37,139.69,29.63,23.68,10.32,48.64,20.48,-0.92,4.85,1264,1.0270,44.28,0.0814
28/07/2026,17:38,139.70,29.61,23.71,10.32,48.69,20.41,-0.91,4.85,1263,1.0268,44.28,0.0814
28/07/2026,17:39,139.71,29.61,23.70,10.31,48.65,20.37,-0.93,4.83,1266,1.0266,44.44,0.0815
28/07/2026,17:40,139.72,29.59,23.74,10.31,48.48,20.36,-0.95,4.83,1267,1.0266,44.40,0.0817
28/07/2026,17:41,139.65,29.59,23.81,10.32,48.51,20.37,-0.96,4.82,1272,1.0269,44.46,0.0819
28/07/2026,17:42,139.65,29.62,23.83,10.30,48.55,20.40,-0.95,4.81,1271,1.0270,44.48,0.0820
28/07/2026,17:43,139.73,29.61,23.87,10.32,48.58,20.41,-0.98,4.80,1271,1.0267,44.29,0.0818
28/07/2026,17:44,139.71,29.51,23.82,10.32,48.54,20.39,-0.97,4.80,1268,1.0267,44.25,0.0817
28/07/2026,17:45,139.76,29.47,23.81,10.30,48.63,20.44,-0.98,4.81,1270,1.0266,44.28,0.0818
28/07/2026,17:46,139.73,29.50,23.84,10.33,48.59,20.40,-1.01,4.79,1265,1.0262,44.39,0.0818
28/07/2026,17:47,139.77,29.50,23.85,10.32,48.65,20.38,-1.00,4.80,1262,1.0260,44.55,0.0817
28/07/2026,17:48,139.76,29.43,23.80,10.30,48.63,20.37,-1.01,4.80,1261,1.0258,44.55,0.0818
28/07/2026,17:49,139.73,29.46,23.75,10.26,48.63,20.40,-0.99,4.79,1260,1.0257,44.59,0.0824
28/07/2026,17:50,139.72,29.43,23.75,10.25,48.64,20.43,-1.00,4.78,1265,1.0255,44.54,0.0823
28/07/2026,17:51,139.63,29.42,23.79,10.27,48.70,20.46,-1.00,4.76,1260,1.0256,44.64,0.0826
28/07/2026,17:52,139.53,29.35,23.81,10.28,48.69,20.45,-0.99,4.77,1262,1.0254,44.48,0.0827
28/07/2026,17:53,139.43,29.42,23.89,10.28,48.55,20.46,-1.01,4.78,1264,1.0256,44.48,0.0831
28/07/2026,17:54,139.44,29.40,23.83,10.29,48.60,20.46,-1.02,4.79,1264,1.0259,44.56,0.0832
28/07/2026,17:55,139.40,29.44,23.87,10.27,48.66,20.47,-1.02,4.79,1261,1.0259,44.47,0.0832
28/07/2026,17:56,139.38,29.41,23.81,10.27,48.47,20.46,-0.98,4.78,1258,1.0257,44.49,0.0832
28/07/2026,17:57,139.44,29.42,23.80,10.26,48.58,20.38,-0.96,4.78,1260,1.0259,44.50,0.0835
28/07/2026,17:58,139.41,29.41,23.76,10.24,48.54,20.39,-0.96,4.77,1258,1.0257,44.37,0.0839
28/07/2026,17:59,139.39,29.44,23.69,10.23,48.45,20.39,-0.98,4.76,1257,1.0256,44.26,0.0845
28/07/2026,18:00,139.39,29.41,23.69,10.21,48.64,20.39,-0.98,4.77,1256,1.0254,44.37,0.0845
28/07/2026,18:01,139.36,29.42,23.67,10.19,48.54,20.43,-0.96,4.78,1254,1.0256,44.40,0.0848
28/07/2026,18:02,139.37,29.37,23.60,10.20,48.55,20.42,-0.95,4.80,1253,1.0256,44.34,0.0846
28/07/2026,18:03,139.32,29.41,23.56,10.22,48.50,20.43,-0.97,4.79,1256,1.0260,44.26,0.0848
28/07/2026,18:04,139.38,29.41,23.56,10.19,48.41,20.41,-0.96,4.80,1258,1.0261,44.19,0.0850
28/07/2026,18:05,139.35,29.39,23.48,10.15,48.42,20.39,-0.97,4.80,1262,1.0262,44.07,0.0853
28/07/2026,18:06,139.33,29.45,23.56,10.18,48.36,20.38,-0.97,4.81,1264,1.0265,44.05,0.0849
28/07/2026,18:07,139.42,29.47,23.64,10.17,48.32,20.39,-1.00,4.81,1265,1.0262,44.15,0.0853
28/07/2026,18:08,139.46,29.43,23.68,10.20,48.39,20.39,-1.01,4.80,1270,1.0260,44.10,0.0850
28/07/2026,18:09,139.50,29.51,23.68,10.22,48.47,20.42,-1.02,4.80,1266,1.0258,44.17,0.0851
28/07/2026,18:10,139.49,29.51,23.72,10.19,48.52,20.45,-1.05,4.82,1264,1.0261,44.06,0.0849
28/07/2026,18:11,139.49,29.54,23.69,10.16,48.39,20.44,-1.07,4.82,1262,1.0259,44.23,0.0848
28/07/2026,18:12,139.50,29.49,23.74,10.15,48.31,20.46,-1.08,4.83,1266,1.0262,44.10,0.0839
28/07/2026,18:13,139.51,29.50,23.76,10.13,48.27,20.49,-1.05,4.82,1265,1.0266,44.15,0.0835
28/07/2026,18:14,139.53,29.46,23.79,10.13,48.24,20.53,-1.06,4.82,1265,1.0266,44.27,0.0832
28/07/2026,18:15,139.50,29.45,23.77,10.14,48.25,20.52,-1.07,4.82,1260,1.0257,44.35,0.0837
28/07/2026,18:16,139.47,29.45,23.71,10.14,48.21,20.53,-1.06,4.82,1257,1.0255,44.35,0.0839
28/07/2026,18:17,139.43,29.45,23.69,10.17,48.10,20.48,-1.06,4.84,1257,1.0255,44.32,0.0837
28/07/2026,18:18,139.44,29.40,23.70,10.17,48.25,20.46,-1.07,4.85,1255,1.0255,44.27,0.0834
28/07/2026,18:19,139.52,29.42,23.72,10.12,48.34,20.49,-1.06,4.85,1254,1.0251,44.22,0.0828
28/07/2026,18:20,139.54,29.42,23.71,10.09,48.37,20.47,-1.04,4.84,1252,1.0253,44.36,0.0830
28/07/2026,18:21,139.51,29.42,23.71,10.09,48.44,20.49,-1.01,4.84,1246,1.0253,44.33,0.0830
28/07/2026,18:22,139.56,29.35,23.69,10.07,48.44,20.49,-1.00,4.83,1250,1.0256,44.26,0.0827
28/07/2026,18:23,139.59,29.29,23.71,10.09,48.48,20.50,-0.98,4.81,1248,1.0258,44.23,0.0827
28/07/2026,18:24,139.63,29.29,23.67,10.10,48.42,20.51,-0.99,4.80,1249,1.0258,44.34,0.0820
28/07/2026,18:25,139.64,29.26,23.64,10.11,48.40,20.53,-0.99,4.81,1253,1.0261,44.25,0.0827
28/07/2026,18:26,139.65,29.31,23.70,10.07,48.38,20.55,-0.98,4.81,1252,1.0261,44.24,0.0823
28/07/2026,18:27,139.61,29.27,23.77,10.04,48.34,20.56,-1.01,4.80,1258,1.0261,44.31,0.0824
28/07/2026,18:28,139.59,29.28,23.85,10.05,48.34,20.59,-1.01,4.80,1255,1.0261,44.31,0.0827
28/07/2026,18:29,139.63,29.33,23.89,10.01,48.35,20.58,-1.03,4.81,1258,1.0260,44.18,0.0828
28/07/2026,18:30,139.72,29.29,23.82,10.02,48.42,20.60,-1.01,4.83,1261,1.0261,44.23,0.0821
28/07/2026,18:31,139.79,29.28,23.82,10.04,48.56,20.58,-1.02,4.84,1258,1.0262,44.27,0.0820
28/07/2026,18:32,139.81,29.25,23.82,10.06,48.63,20.64,-1.01,4.83,1254,1.0261,44.24,0.0812
28/07/2026,18:33,139.76,29.24,23.77,10.09,48.65,20.61,-1.02,4.82,1249,1.0261,44.30,0.0816
28/07/2026,18:34,139.79,29.23,23.76,10.07,48.50,20.59,-1.01,4.81,1252,1.0261,44.36,0.0815
28/07/2026,18:35,139.83,29.17,23.81,10.11,48.48,20.62,-1.03,4.82,1261,1.0258,44.41,0.0817
28/07/2026,18:36,139.87,29.17,23.81,10.07,48.67,20.63,-1.00,4.82,1258,1.0255,44.54,0.0813
28/07/2026,18:37,139.92,29.07,23.82,10.08,48.65,20.65,-0.95,4.84,1251,1.0258,44.49,0.0812
28/07/2026,18:38,139.95,29.06,23.82,10.07,48.58,20.67,-0.95,4.85,1253,1.0260,44.50,0.0813
28/07/2026,18:39,139.98,29.00,23.77,10.05,48.67,20.70,-0.96,4.83,1252,1.0257,44.54,0.0815
28/07/2026,18:40,139.96,29.00,23.70,10.02,48.77,20.72,-0.94,4.84,1246,1.0260,44.72,0.0811
28/07/2026,18:41,140.03,28.98,23.65,10.03,48.82,20.75,-0.93,4.83,1247,1.0259,44.78,0.0808
28/07/2026,18:42,140.12,29.01,23.65,10.06,48.86,20.77,-0.94,4.85,1249,1.0260,44.83,0.0809
28/07/2026,18:43,140.12,29.04,23.65,10.08,48.85,20.76,-0.96,4.85,1254,1.0263,44.81,0.0807
28/07/2026,18:44,140.05,29.02,23.63,10.13,48.92,20.74,-0.94,4.84,1255,1.0266,44.84,0.0804
28/07/2026,18:45,140.00,28.97,23.62,10.10,48.88,20.75,-0.91,4.83,1252,1.0265,44.77,0.0799
28/07/2026,18:46,139.97,28.92,23.69,10.11,48.73,20.74,-0.90,4.81,1254,1.0264,44.66,0.0800
28/07/2026,18:47,140.01,28.86,23.75,10.14,48.79,20.74,-0.89,4.81,1253,1.0257,44.72,0.0799
28/07/2026,18:48,139.88,28.81,23.72,10.11,48.77,20.76,-0.91,4.82,1253,1.0253,44.71,0.0795
28/07/2026,18:49,139.90,28.75,23.74,10.13,48.81,20.75,-0.92,4.81,1256,1.0249,44.64,0.0792
28/07/2026,18:50,139.89,28.68,23.81,10.14,48.85,20.75,-0.93,4.82,1256,1.0250,44.66,0.0791
28/07/2026,18:51,139.79,28.68,23.78,10.15,48.93,20.75,-0.97,4.84,1260,1.0248,44.66,0.0795
28/07/2026,18:52,139.76,28.72,23.73,10.13,48.86,20.73,-0.95,4.84,1257,1.0249,44.77,0.0797
28/07/2026,18:53,139.71,28.72,23.71,10.11,48.87,20.73,-0.95,4.84,1252,1.0248,44.80,0.0803
28/07/2026,18:54,139.74,28.67,23.74,10.14,48.94,20.73,-0.94,4.81,1251,1.0251,44.94,0.0804
28/07/2026,18:55,139.66,28.61,23.74,10.12,48.81,20.74,-0.97,4.82,1249,1.0253,44.89,0.0797
28/07/2026,18:56,139.61,28.62,23.71,10.12,48.72,20.71,-0.95,4.83,1250,1.0257,44.99,0.0796
28/07/2026,18:57,139.63,28.57,23.64,10.13,48.58,20.71,-0.96,4.85,1253,1.0256,44.92,0.0793
28/07/2026,18:58,139.61,28.63,23.61,10.11,48.60,20.70,-0.96,4.85,1255,1.0260,44.71,0.0788
28/07/2026,18:59,139.57,28.60,23.66,10.12,48.54,20.73,-0.95,4.85,1253,1.0256,44.60,0.0781
28/07/2026,19:00,139.57,28.61,23.56,10.10,48.56,20.78,-0.96,4.86,1253,1.0257,44.51,0.0782
28/07/2026,19:01,139.53,28.59,23.56,10.09,48.47,20.75,-0.95,4.84,1259,1.0260,44.54,0.0783
28/07/2026,19:02,139.49,28.60,23.59,10.11,48.47,20.73,-0.96,4.83,1258,1.0261,44.44,0.0788
28/07/2026,19:03,139.47,28.62,23.61,10.09,48.36,20.73,-0.95,4.82,1264,1.0260,44.23,0.0788
28/07/2026,19:04,139.51,28.61,23.66,10.09,48.32,20.76,-0.95,4.83,1264,1.0261,44.20,0.0793
28/07/2026,19:05,139.55,28.65,23.62,10.10,48.42,20.74,-0.97,4.82,1264,1.0259,44.20,0.0796
28/07/2026,19:06,139.58,28.60,23.67,10.11,48.44,20.72,-0.99,4.83,1264,1.0264,44.29,0.0797
28/07/2026,19:07,139.52,28.63,23.71,10.09,48.45,20.69,-1.02,4.83,1263,1.0260,44.26,0.0794
28/07/2026,19:08,139.56,28.57,23.68,10.09,48.43,20.69,-1.01,4.81,1258,1.0261,44.23,0.0787
28/07/2026,19:09,139.51,28.54,23.65,10.08,48.36,20.65,-0.98,4.79,1254,1.0259,44.20,0.0787
28/07/2026,19:10,139.55,28.56,23.67,10.04,48.30,20.64,-1.04,4.79,1259,1.0256,44.28,0.0787
28/07/2026,19:11,139.48,28.55,23.72,10.03,48.28,20.67,-1.02,4.78,1262,1.0253,44.35,0.0792
28/07/2026,19:12,139.46,28.55,23.74,10.03,48.35,20.70,-1.04,4.75,1263,1.0252,44.31,0.0786
28/07/2026,19:13,139.56,28.55,23.76,10.02,48.43,20.73,-1.04,4.75,1268,1.0255,44.31,0.0790
28/07/2026,19:14,139.53,28.56,23.76,10.01,48.52,20.74,-1.05,4.74,1267,1.0256,44.24,0.0794
28/07/2026,19:15,139.51,28.57,23.77,10.05,48.53,20.72,-1.05,4.74,1262,1.0255,44.18,0.0796
28/07/2026,19:16,139.44,28.52,23.82,10.06,48.37,20.71,-1.04,4.76,1264,1.0258,44.07,0.0797
28/07/2026,19:17,139.53,28.46,23.78,10.04,48.41,20.73,-1.06,4.76,1261,1.0260,44.08,0.0801
28/07/2026,19:18,139.48,28.49,23.82,10.08,48.28,20.75,-1.03,4.76,1260,1.0262,44.06,0.0801
28/07/2026,19:19,139.44,28.46,23.79,10.05,48.23,20.73,-1.00,4.76,1262,1.0262,44.07,0.0799
28/07/2026,19:20,139.41,28.41,23.78,10.07,48.15,20.72,-1.01,4.77,1263,1.0264,44.11,0.0799
28/07/2026,19:21,139.42,28.41,23.75,10.09,48.12,20.73,-0.99,4.76,1263,1.0263,44.10,0.0796
28/07/2026,19:22,139.51,28.42,23.73,10.07,48.27,20.75,-1.02,4.76,1260,1.0260,44.19,0.0797
28/07/2026,19:23,139.54,28.37,23.74,10.10,48.19,20.75,-1.01,4.76,1258,1.0261,44.13,0.0792
28/07/2026,19:24,139.60,28.38,23.73,10.10,48.24,20.78,-0.99,4.78,1255,1.0262,44.13,0.0789
28/07/2026,19:25,139.55,28.42,23.71,10.06,48.34,20.77,-0.99,4.79,1255,1.0267,44.21,0.0794
28/07/2026,19:26,139.60,28.35,23.69,10.06,48.35,20.81,-0.98,4.81,1258,1.0271,44.11,0.0798
28/07/2026,19:27,139.47,28.38,23.68,10.04,48.42,20.81,-0.97,4.82,1259,1.0266,44.13,0.0801
28/07/2026,19:28,139.54,28.44,23.70,10.02,48.48,20.84,-0.95,4.81,1260,1.0264,44.07,0.0799
28/07/2026,19:29,139.54,28.36,23.76,10.06,48.46,20.79,-0.95,4.82,1263,1.0266,44.10,0.0805
28/07/2026,19:30,139.54,28.32,23.84,10.06,48.47,20.79,-0.95,4.82,1260,1.0262,44.04,0.0806
28/07/2026,19:31,139.61,28.35,23.81,10.06,48.41,20.81,-0.96,4.82,1257,1.0260,44.14,0.0803
28/07/2026,19:32,139.60,28.29,23.74,10.09,48.37,20.83,-0.99,4.83,1260,1.0261,44.18,0.0800
28/07/2026,19:33,139.63,28.35,23.68,10.07,48.36,20.84,-0.98,4.82,1260,1.0265,44.27,0.0793
28/07/2026,19:34,139.62,28.31,23.64,10.09,48.44,20.82,-1.01,4.81,1259,1.0265,44.21,0.0797
28/07/2026,19:35,139.65,28.33,23.66,10.10,48.39,20.84,-1.00,4.81,1259,1.0264,44.22,0.0792
28/07/2026,19:36,139.65,28.32,23.65,10.12,48.39,20.80,-1.00,4.82,1260,1.0264,44.07,0.0793
28/07/2026,19:37,139.62,28.29,23.73,10.08,48.35,20.76,-1.02,4.83,1259,1.0261,43.94,0.0788
28/07/2026,19:38,139.61,28.22,23.73,10.04,48.34,20.73,-1.01,4.83,1259,1.0256,43.91,0.0792
28/07/2026,19:39,139.57,28.23,23.71,10.07,48.36,20.73,-1.00,4.81,1259,1.0259,43.97,0.0795
28/07/2026,19:40,139.66,28.19,23.64,10.09,48.29,20.79,-1.03,4.83,1257,1.0259,44.01,0.0793
28/07/2026,19:41,139.60,28.16,23.67,10.11,48.38,20.78,-1.01,4.83,1254,1.0257,44.09,0.0792
28/07/2026,19:42,139.59,28.11,23.70,10.13,48.31,20.77,-1.00,4.83,1255,1.0260,44.12,0.0786
28/07/2026,19:43,139.56,28.13,23.75,10.14,48.27,20.73,-1.00,4.82,1261,1.0256,44.05,0.0790
28/07/2026,19:44,139.46,28.08,23.73,10.14,48.43,20.77,-0.97,4.82,1259,1.0258,44.03,0.0788
28/07/2026,19:45,139.45,28.08,23.74,10.12,48.23,20.74,-1.00,4.82,1257,1.0259,43.95,0.0790
28/07/2026,19:46,139.47,28.09,23.71,10.09,48.20,20.72,-1.00,4.81,1258,1.0258,44.03,0.0793
28/07/2026,19:47,139.38,28.11,23.69,10.15,48.25,20.71,-1.00,4.81,1261,1.0256,44.03,0.0794
28/07/2026,19:48,139.35,28.02,23.71,10.13,48.13,20.71,-1.00,4.80,1263,1.0253,43.98,0.0797
28/07/2026,19:49,139.30,28.03,23.79,10.15,48.19,20.68,-0.99,4.81,1265,1.0254,43.85,0.0801
28/07/2026,19:50,139.27,27.99,23.73,10.15,48.18,20.68,-1.00,4.81,1257,1.0248,43.72,0.0801
28/07/2026,19:51,139.28,27.93,23.78,10.17,48.28,20.71,-1.02,4.81,1254,1.0250,43.78,0.0796
28/07/2026,19:52,139.29,27.94,23.74,10.19,48.25,20.69,-1.01,4.81,1250,1.0248,43.61,0.0793
28/07/2026,19:53,139.27,27.94,23.76,10.13,48.14,20.71,-0.98,4.81,1248,1.0251,43.71,0.0793
28/07/2026,19:54,139.25,27.97,23.74,10.13,48.16,20.70,-0.97,4.81,1252,1.0252,43.67,0.0794
28/07/2026,19:55,139.28,28.00,23.67,10.09,48.28,20.65,-0.95,4.80,1250,1.0256,43.60,0.0801
28/07/2026,19:56,139.25,27.89,23.65,10.13,48.24,20.66,-0.93,4.80,1248,1.0254,43.61,0.0805
28/07/2026,19:57,139.23,27.85,23.61,10.11,48.21,20.66,-0.91,4.80,1252,1.0256,43.79,0.0805
28/07/2026,19:58,139.25,27.81,23.56,10.12,48.14,20.66,-0.91,4.80,1250,1.0257,43.85,0.0802
28/07/2026,19:59,139.27,27.81,23.66,10.13,48.21,20.68,-0.90,4.79,1253,1.0262,43.76,0.0800
28/07/2026,20:00,139.29,27.81,23.68,10.10,48.14,20.68,-0.88,4.79,1259,1.0262,43.77,0.0807
28/07/2026,20:01,139.23,27.80,23.69,10.13,48.21,20.68,-0.89,4.80,1259,1.0263,43.88,0.0803
28/07/2026,20:02,139.24,27.77,23.69,10.12,48.29,20.68,-0.92,4.79,1259,1.0263,43.89,0.0803
28/07/2026,20:03,139.28,27.74,23.72,10.12,48.16,20.66,-0.94,4.78,1259,1.0263,43.79,0.0801
28/07/2026,20:04,139.35,27.79,23.70,10.15,48.22,20.70,-0.95,4.78,1259,1.0262,43.66,0.0807
28/07/2026,20:05,139.27,27.85,23.72,10.15,48.17,20.69,-0.94,4.77,1264,1.0260,43.82,0.0806
28/07/2026,20:06,139.39,27.85,23.71,10.17,48.24,20.73,-0.91,4.77,1264,1.0263,43.81,0.0807
28/07/2026,20:07,139.40,27.76,23.79,10.18,48.25,20.73,-0.90,4.77,1267,1.0266,43.78,0.0800
28/07/2026,20:08,139.33,27.74,23.80,10.19,48.18,20.71,-0.90,4.76,1269,1.0268,43.62,0.0802
28/07/2026,20:09,139.30,27.69,23.83,10.21,48.35,20.74,-0.91,4.76,1265,1.0267,43.53,0.0802
28/07/2026,20:10,139.26,27.76,23.82,10.19,48.33,20.71,-0.93,4.79,1265,1.0266,43.53,0.0802
28/07/2026,20:11,139.30,27.74,23.77,10.19,48.20,20.67,-0.94,4.79,1262,1.0270,43.50,0.0808
28/07/2026,20:12,139.30,27.70,23.79,10.19,48.19,20.63,-0.91,4.79,1261,1.0266,43.43,0.0808
28/07/2026,20:13,139.30,27.65,23.77,10.18,48.33,20.64,-0.91,4.79,1259,1.0266,43.46,0.0808
28/07/2026,20:14,139.29,27.62,23.82,10.17,48.37,20.68,-0.92,4.78,1258,1.0262,43.40,0.0807
28/07/2026,20:15,139.26,27.60,23.81,10.13,48.34,20.65,-0.91,4.79,1257,1.0261,43.36,0.0803
28/07/2026,20:16,139.26,27.55,23.75,10.14,48.36,20.65,-0.90,4.80,1256,1.0265,43.49,0.0805
28/07/2026,20:17,139.21,27.57,23.72,10.15,48.31,20.64,-0.91,4.79,1258,1.0269,43.51,0.0810
28/07/2026,20:18,139.20,27.58,23.70,10.12,48.22,20.64,-0.90,4.79,1259,1.0269,43.58,0.0810
28/07/2026,20:19,139.20,27.47,23.69,10.11,48.24,20.68,-0.90,4.79,1260,1.0272,43.46,0.0811
28/07/2026,20:20,139.19,27.45,23.72,10.15,48.29,20.67,-0.91,4.80,1258,1.0271,43.46,0.0809
28/07/2026,20:21,139.10,27.45,23.70,10.15,48.24,20.66,-0.92,4.79,1259,1.0272,43.54,0.0802
28/07/2026,20:22,139.17,27.46,23.68,10.15,48.30,20.68,-0.91,4.80,1259,1.0271,43.51,0.0797
28/07/2026,20:23,139.19,27.44,23.64,10.21,48.32,20.70,-0.89,4.79,1257,1.0272,43.40,0.0792
28/07/2026,20:24,139.23,27.42,23.62,10.25,48.32,20.71,-0.92,4.79,1262,1.0273,43.45,0.0795
28/07/2026,20:25,139.20,27.32,23.58,10.29,48.25,20.68,-0.93,4.81,1261,1.0267,43.35,0.0789
28/07/2026,20:26,139.19,27.26,23.62,10.33,48.25,20.63,-0.94,4.80,1262,1.0268,43.35,0.0791
28/07/2026,20:27,139.23,27.23,23.60,10.37,48.33,20.59,-0.93,4.81,1260,1.0271,43.29,0.0795
28/07/2026,20:28,139.17,27.14,23.55,10.34,48.43,20.57,-0.89,4.82,1258,1.0272,43.40,0.0797
28/07/2026,20:29,139.20,27.15,23.59,10.31,48.54,20.54,-0.93,4.81,1259,1.0269,43.46,0.0801
28/07/2026,20:30,139.19,27.19,23.57,10.33,48.49,20.52,-0.94,4.81,1254,1.0272,43.46,0.0801
28/07/2026,20:31,139.23,27.20,23.60,10.28,48.45,20.51,-0.91,4.82,1255,1.0273,43.50,0.0807
28/07/2026,20:32,139.24,27.18,23.62,10.27,48.56,20.50,-0.92,4.81,1257,1.0273,43.43,0.0807
28/07/2026,20:33,139.24,27.19,23.64,10.26,48.45,20.46,-0.94,4.81,1258,1.0270,43.43,0.0801
28/07/2026,20:34,139.28,27.20,23.64,10.26,48.32,20.50,-0.94,4.80,1262,1.0267,43.49,0.0806
28/07/2026,20:35,139.26,27.18,23.64,10.22,48.28,20.48,-0.94,4.81,1262,1.0265,43.57,0.0801
28/07/2026,20:36,139.37,27.26,23.71,10.22,48.31,20.48,-0.93,4.81,1262,1.0265,43.57,0.0800
28/07/2026,20:37,139.39,27.23,23.69,10.23,48.34,20.49,-0.94,4.83,1257,1.0262,43.46,0.0803
28/07/2026,20:38,139.38,27.25,23.66,10.22,48.37,20.48,-0.91,4.82,1258,1.0265,43.51,0.0805
28/07/2026,20:39,139.37,27.22,23.66,10.17,48.41,20.49,-0.92,4.82,1261,1.0264,43.44,0.0806
28/07/2026,20:40,139.44,27.19,23.62,10.16,48.46,20.47,-0.93,4.82,1259,1.0265,43.60,0.0808
28/07/2026,20:41,139.33,27.14,23.63,10.14,48.42,20.44,-0.92,4.81,1262,1.0260,43.54,0.0813
28/07/2026,20:42,139.34,27.13,23.66,10.15,48.45,20.46,-0.89,4.82,1260,1.0258,43.51,0.0808
28/07/2026,20:43,139.35,27.05,23.66,10.16,48.47,20.46,-0.93,4.84,1260,1.0262,43.63,0.0807
28/07/2026,20:44,139.47,26.96,23.75,10.16,48.44,20.49,-0.95,4.84,1261,1.0260,43.68,0.0801
28/07/2026,20:45,139.37,26.93,23.80,10.15,48.57,20.55,-0.95,4.83,1263,1.0258,43.73,0.0800
28/07/2026,20:46,139.41,26.86,23.83,10.19,48.58,20.54,-0.95,4.83,1263,1.0257,43.86,0.0804
28/07/2026,20:47,139.37,26.82,23.84,10.18,48.46,20.52,-0.95,4.83,1265,1.0255,44.00,0.0803
28/07/2026,20:48,139.32,26.77,23.85,10.19,48.43,20.50,-0.96,4.85,1264,1.0247,44.00,0.0804
28/07/2026,20:49,139.39,26.73,23.80,10.19,48.39,20.50,-0.94,4.85,1260,1.0243,43.88,0.0804
28/07/2026,20:50,139.38,26.70,23.83,10.21,48.41,20.54,-0.95,4.85,1262,1.0243,44.00,0.0808
28/07/2026,20:51,139.36,26.72,23.82,10.22,48.36,20.55,-0.97,4.85,1260,1.0244,43.98,0.0811
28/07/2026,20:52,139.38,26.67,23.80,10.22,48.37,20.55,-0.97,4.85,1259,1.0246,43.95,0.0811
28/07/2026,20:53,139.34,26.65,23.82,10.18,48.24,20.54,-0.99,4.85,1264,1.0243,43.80,0.0810
28/07/2026,20:54,139.29,26.64,23.82,10.17,48.22,20.59,-0.97,4.82,1260,1.0244,43.67,0.0807
28/07/2026,20:55,139.27,26.65,23.82,10.14,48.08,20.57,-1.00,4.81,1261,1.0246,43.66,0.0805
28/07/2026,20:56,139.25,26.67,23.79,10.14,48.11,20.58,-0.96,4.82,1258,1.0248,43.80,0.0804
28/07/2026,20:57,139.27,26.66,23.79,10.10,48.07,20.61,-0.95,4.82,1255,1.0246,43.63,0.0809
28/07/2026,20:58,139.30,26.68,23.81,10.08,47.99,20.61,-0.95,4.81,1257,1.0247,43.51,0.0802
28/07/2026,20:59,139.35,26.65,23.81,10.07,48.11,20.67,-0.97,4.82,1261,1.0249,43.58,0.0806
28/07/2026,21:00,139.36,26.63,23.84,10.09,48.05,20.65,-0.96,4.81,1266,1.0255,43.53,0.0798
28/07/2026,21:01,139.36,26.58,23.91,10.08,47.96,20.62,-0.95,4.81,1267,1.0252,43.60,0.0793
28/07/2026,21:02,139.39,26.53,23.95,10.08,48.05,20.61,-0.97,4.81,1268,1.0252,43.46,0.0795
28/07/2026,21:03,139.35,26.45,23.93,10.11,48.05,20.61,-0.95,4.81,1264,1.0255,43.47,0.0795
28/07/2026,21:04,139.28,26.47,23.90,10.10,47.97,20.59,-0.94,4.80,1262,1.0259,43.56,0.0801
28/07/2026,21:05,139.26,26.45,23.91,10.10,48.03,20.60,-0.94,4.79,1259,1.0257,43.46,0.0798
28/07/2026,21:06,139.31,26.45,23.97,10.12,48.04,20.61,-0.98,4.78,1258,1.0259,43.59,0.0806
28/07/2026,21:07,139.27,26.46,23.99,10.13,48.09,20.61,-0.99,4.78,1265,1.0260,43.57,0.0797
28/07/2026,21:08,139.26,26.46,23.94,10.12,48.05,20.60,-1.00,4.78,1263,1.0259,43.63,0.0800
28/07/2026,21:09,139.23,26.43,23.95,10.14,48.03,20.64,-1.01,4.78,1264,1.0258,43.64,0.0796
28/07/2026,21:10,139.24,26.41,23.94,10.13,47.95,20.62,-1.01,4.77,1262,1.0259,43.61,0.0799
28/07/2026,21:11,139.21,26.41,23.97,10.12,47.94,20.63,-1.03,4.77,1257,1.0259,43.65,0.0799
28/07/2026,21:12,139.28,26.37,23.98,10.14,47.96,20.63,-1.03,4.77,1262,1.0260,43.62,0.0800
28/07/2026,21:13,139.21,26.34,23.97,10.13,48.00,20.60,-1.04,4.78,1268,1.0266,43.64,0.0802
28/07/2026,21:14,139.21,26.38,23.98,10.09,47.94,20.61,-1.03,4.80,1263,1.0260,43.69,0.0798
28/07/2026,21:15,139.18,26.38,23.89,10.05,47.97,20.58,-1.02,4.80,1264,1.0260,43.68,0.0801
28/07/2026,21:16,139.20,26.35,23.88,10.01,48.06,20.56,-1.05,4.81,1267,1.0262,43.56,0.0801
28/07/2026,21:17,139.26,26.27,23.88,10.01,47.99,20.60,-1.05,4.80,1267,1.0259,43.46,0.0796
28/07/2026,21:18,139.35,26.27,23.90,10.02,47.89,20.59,-1.05,4.80,1268,1.0259,43.34,0.0792
28/07/2026,21:19,139.41,26.24,23.84,10.04,47.87,20.59,-1.06,4.80,1268,1.0258,43.34,0.0801
28/07/2026,21:20,139.45,26.21,23.92,10.07,47.78,20.56,-1.05,4.81,1269,1.0262,43.50,0.0802
28/07/2026,21:21,139.49,26.19,23.92,10.10,47.78,20.58,-1.07,4.82,1268,1.0259,43.43,0.0810
28/07/2026,21:22,139.50,26.15,23.89,10.11,47.76,20.58,-1.10,4.81,1271,1.0257,43.50,0.0813
28/07/2026,21:23,139.52,26.17,23.89,10.10,47.66,20.59,-1.09,4.80,1272,1.0259,43.57,0.0810
28/07/2026,21:24,139.50,26.18,23.92,10.11,47.62,20.55,-1.07,4.80,1270,1.0259,43.56,0.0816
28/07/2026,21:25,139.48,26.13,23.91,10.13,47.79,20.59,-1.08,4.81,1268,1.0256,43.69,0.0819
28/07/2026,21:26,139.55,26.14,23.86,10.13,47.87,20.60,-1.09,4.82,1267,1.0257,43.63,0.0822
28/07/2026,21:27,139.61,26.12,23.82,10.13,47.83,20.60,-1.10,4.82,1266,1.0257,43.65,0.0823
28/07/2026,21:28,139.63,26.11,23.83,10.13,47.67,20.61,-1.10,4.84,1265,1.0258,43.81,0.0818
28/07/2026,21:29,139.56,26.02,23.82,10.17,47.65,20.60,-1.08,4.84,1267,1.0264,43.83,0.0821
28/07/2026,21:30,139.61,26.04,23.78,10.18,47.75,20.59,-1.10,4.84,1264,1.0268,43.72,0.0818
28/07/2026,21:31,139.53,26.02,23.71,10.15,47.79,20.61,-1.10,4.85,1261,1.0268,43.71,0.0824
28/07/2026,21:32,139.58,26.00,23.64,10.13,47.79,20.63,-1.08,4.85,1261,1.0267,43.62,0.0825
28/07/2026,21:33,139.56,26.03,23.69,10.14,47.78,20.63,-1.05,4.85,1262,1.0266,43.59,0.0829
28/07/2026,21:34,139.54,26.05,23.71,10.12,47.76,20.61,-1.02,4.84,1262,1.0269,43.66,0.0825
28/07/2026,21:35,139.55,26.03,23.64,10.14,47.72,20.61,-1.03,4.84,1261,1.0270,43.55,0.0829
28/07/2026,21:36,139.61,26.00,23.69,10.12,47.78,20.57,-1.04,4.84,1257,1.0267,43.60,0.0831
28/07/2026,21:37,139.56,25.98,23.68,10.11,47.76,20.54,-1.05,4.85,1253,1.0266,43.50,0.0827
28/07/2026,21:38,139.57,25.93,23.71,10.08,47.74,20.53,-1.05,4.86,1255,1.0271,43.50,0.0823
28/07/2026,21:39,139.62,25.98,23.68,10.04,47.71,20.56,-1.05,4.86,1258,1.0270,43.37,0.0827
28/07/2026,21:40,139.68,25.90,23.69,10.05,47.82,20.57,-1.05,4.87,1260,1.0270,43.49,0.0831
28/07/2026,21:41,139.67,25.91,23.69,10.01,47.79,20.62,-1.05,4.88,1257,1.0273,43.38,0.0831
28/07/2026,21:42,139.65,25.90,23.73,10.03,47.91,20.64,-1.06,4.86,1259,1.0275,43.35,0.0825
28/07/2026,21:43,139.72,25.90,23.79,10.03,47.99,20.69,-1.05,4.86,1266,1.0273,43.42,0.0828
28/07/2026,21:44,139.72,25.87,23.77,10.04,48.06,20.73,-1.02,4.85,1266,1.0267,43.37,0.0830
28/07/2026,21:45,139.74,25.87,23.79,10.04,48.11,20.72,-1.00,4.84,1264,1.0266,43.40,0.0835
28/07/2026,21:46,139.75,25.85,23.84,10.04,48.14,20.67,-1.02,4.83,1266,1.0266,43.34,0.0837
28/07/2026,21:47,139.76,25.84,23.85,10.07,48.19,20.62,-1.02,4.83,1263,1.0265,43.29,0.0841
28/07/2026,21:48,139.76,25.87,23.81,10.07,48.13,20.60,-1.04,4.81,1261,1.0264,43.18,0.0835
28/07/2026,21:49,139.81,25.82,23.79,10.05,48.18,20.57,-1.03,4.83,1269,1.0268,43.22,0.0832
28/07/2026,21:50,139.77,25.81,23.81,10.05,48.09,20.60,-1.05,4.82,1270,1.0269,43.12,0.0832
28/07/2026,21:51,139.74,25.84,23.88,10.05,48.06,20.58,-1.00,4.81,1276,1.0272,43.13,0.0829
28/07/2026,21:52,139.81,25.88,23.91,10.04,48.07,20.61,-1.00,4.79,1281,1.0266,43.20,0.0832
28/07/2026,21:53,139.87,25.86,23.93,10.02,48.09,20.64,-1.01,4.82,1279,1.0268,43.27,0.0834
28/07/2026,21:54,139.89,25.84,23.94,10.03,47.95,20.65,-1.00,4.81,1275,1.0268,43.17,0.0836
28/07/2026,21:55,139.88,25.91,23.95,10.01,48.01,20.66,-1.03,4.81,1278,1.0267,43.34,0.0836
28/07/2026,21:56,139.86,25.83,24.01,10.01,47.98,20.66,-1.03,4.79,1272,1.0266,43.39,0.0838
28/07/2026,21:57,139.87,25.78,24.01,10.03,47.87,20.62,-1.00,4.81,1271,1.0264,43.47,0.0839
28/07/2026,21:58,139.85,25.77,23.98,10.06,47.95,20.66,-0.99,4.81,1273,1.0263,43.52,0.0842
28/07/2026,21:59,139.87,25.75,24.03,10.08,47.97,20.68,-0.98,4.79,1278,1.0266,43.50,0.0841
28/07/2026,22:00,139.82,25.74,23.98,10.08,47.95,20.64,-1.00,4.77,1276,1.0267,43.49,0.0843
28/07/2026,22:01,139.85,25.70,23.99,10.11,48.02,20.67,-0.99,4.75,1276,1.0269,43.52,0.0845
28/07/2026,22:02,139.74,25.64,24.00,10.05,48.11,20.67,-0.99,4.76,1275,1.0267,43.56,0.0844
28/07/2026,22:03,139.77,25.68,24.00,10.05,48.17,20.61,-0.98,4.77,1273,1.0269,43.56,0.0843
28/07/2026,22:04,139.86,25.63,24.05,9.99,48.11,20.65,-1.00,4.79,1272,1.0271,43.52,0.0848
28/07/2026,22:05,139.85,25.62,24.05,9.97,48.25,20.61,-1.00,4.79,1262,1.0270,43.66,0.0846
28/07/2026,22:06,139.82,25.61,24.06,9.91,48.23,20.64,-1.05,4.80,1257,1.0267,43.59,0.0842
28/07/2026,22:07,139.81,25.59,23.97,9.86,48.23,20.67,-1.05,4.79,1254,1.0266,43.56,0.0843
28/07/2026,22:08,139.90,25.57,23.90,9.88,48.19,20.68,-1.04,4.79,1253,1.0261,43.61,0.0844
28/07/2026,22:09,139.87,25.54,23.84,9.87,48.27,20.74,-1.00,4.79,1251,1.0263,43.66,0.0846
28/07/2026,22:10,139.84,25.51,23.81,9.85,48.32,20.73,-1.00,4.79,1247,1.0262,43.63,0.0843
28/07/2026,22:11,139.85,25.51,23.74,9.82,48.44,20.78,-0.97,4.78,1247,1.0262,43.56,0.0840
28/07/2026,22:12,139.84,25.42,23.70,9.81,48.43,20.76,-0.99,4.77,1244,1.0265,43.52,0.0841
28/07/2026,22:13,139.83,25.41,23.66,9.83,48.34,20.79,-0.94,4.76,1238,1.0262,43.55,0.0835
28/07/2026,22:14,139.82,25.40,23.63,9.86,48.35,20.79,-0.94,4.77,1230,1.0261,43.65,0.0830
28/07/2026,22:15,139.83,25.35,23.56,9.88,48.35,20.77,-0.89,4.75,1234,1.0264,43.46,0.0825
28/07/2026,22:16,139.86,25.37,23.45,9.88,48.40,20.77,-0.88,4.74,1234,1.0265,43.34,0.0824
28/07/2026,22:17,139.78,25.33,23.37,9.88,48.37,20.75,-0.85,4.73,1232,1.0264,43.40,0.0828
28/07/2026,22:18,139.75,25.29,23.35,9.87,48.37,20.77,-0.87,4.72,1237,1.0267,43.38,0.0830
28/07/2026,22:19,139.74,25.25,23.33,9.90,48.38,20.76,-0.86,4.70,1235,1.0268,43.50,0.0826
28/07/2026,22:20,139.73,25.23,23.28,9.92,48.27,20.82,-0.86,4.70,1237,1.0266,43.59,0.0825
28/07/2026,22:21,139.68,25.20,23.28,9.89,48.28,20.79,-0.85,4.68,1231,1.0267,43.55,0.0815
28/07/2026,22:22,139.66,25.18,23.19,9.89,48.23,20.84,-0.85,4.67,1227,1.0267,43.67,0.0814
28/07/2026,22:23,139.53,25.17,23.24,9.86,48.09,20.89,-0.85,4.68,1230,1.0269,43.60,0.0814
28/07/2026,22:24,139.46,25.20,23.29,9.87,48.10,20.92,-0.85,4.69,1235,1.0265,43.60,0.0815
28/07/2026,22:25,139.41,25.13,23.24,9.85,48.22,20.85,-0.87,4.70,1234,1.0262,43.60,0.0811
28/07/2026,22:26,139.37,25.14,23.22,9.84,48.17,20.84,-0.88,4.69,1236,1.0261,43.58,0.0806
28/07/2026,22:27,139.35,25.09,23.25,9.80,48.16,20.85,-0.87,4.70,1235,1.0263,43.71,0.0803
28/07/2026,22:28,139.37,25.01,23.29,9.79,48.04,20.91,-0.86,4.69,1233,1.0263,43.81,0.0797
28/07/2026,22:29,139.38,24.97,23.25,9.82,47.95,20.89,-0.89,4.70,1231,1.0263,43.85,0.0799
28/07/2026,22:30,139.43,24.94,23.25,9.82,47.93,20.87,-0.89,4.71,1230,1.0264,43.85,0.0802
28/07/2026,22:31,139.41,24.97,23.30,9.82,47.85,20.90,-0.88,4.70,1233,1.0262,43.86,0.0803
28/07/2026,22:32,139.42,24.89,23.33,9.81,47.76,20.89,-0.87,4.70,1238,1.0266,43.77,0.0801
28/07/2026,22:33,139.34,24.83,23.36,9.84,47.75,20.86,-0.88,4.72,1238,1.0267,43.76,0.0802
28/07/2026,22:34,139.37,24.83,23.33,9.86,47.70,20.87,-0.83,4.71,1234,1.0268,43.89,0.0805
28/07/2026,22:35,139.33,24.82,23.29,9.85,47.74,20.85,-0.81,4.72,1234,1.0268,43.81,0.0808
28/07/2026,22:36,139.27,24.85,23.32,9.85,47.74,20.88,-0.81,4.72,1235,1.0270,43.87,0.0810
28/07/2026,22:37,139.25,24.88,23.31,9.83,47.77,20.89,-0.84,4.71,1239,1.0270,43.90,0.0808
28/07/2026,22:38,139.21,24.84,23.29,9.80,47.85,20.94,-0.80,4.71,1236,1.0268,43.94,0.0809
28/07/2026,22:39,139.21,24.79,23.32,9.80,47.94,20.98,-0.79,4.70,1238,1.0262,43.92,0.0809
28/07/2026,22:40,139.20,24.78,23.31,9.76,48.08,20.98,-0.79,4.71,1239,1.0266,43.82,0.0806
28/07/2026,22:41,139.18,24.71,23.33,9.79,48.15,20.99,-0.75,4.69,1237,1.0266,43.96,0.0812
28/07/2026,22:42,139.10,24.70,23.34,9.77,48.02,21.02,-0.75,4.68,1237,1.0265,43.90,0.0811
28/07/2026,22:43,139.19,24.67,23.30,9.78,48.10,21.04,-0.76,4.67,1238,1.0265,43.85,0.0813
28/07/2026,22:44,139.23,24.66,23.34,9.78,48.12,21.06,-0.77,4.69,1239,1.0270,43.90,0.0818
28/07/2026,22:45,139.28,24.70,23.33,9.79,48.17,21.05,-0.82,4.68,1241,1.0271,43.91,0.0820
28/07/2026,22:46,139.23,24.71,23.32,9.79,48.16,21.08,-0.83,4.68,1245,1.0270,43.87,0.0817
28/07/2026,22:47,139.20,24.67,23.30,9.84,48.33,21.06,-0.81,4.69,1247,1.0268,43.77,0.0820
28/07/2026,22:48,139.20,24.55,23.32,9.85,48.26,21.04,-0.79,4.70,1247,1.0269,43.65,0.0822
28/07/2026,22:49,139.20,24.53,23.32,9.82,48.19,21.04,-0.82,4.71,1249,1.0267,43.64,0.0825
28/07/2026,22:50,139.19,24.52,23.34,9.82,48.29,21.04,-0.83,4.72,1248,1.0268,43.53,0.0823
28/07/2026,22:51,139.19,24.53,23.38,9.83,48.18,21.05,-0.82,4.73,1251,1.0267,43.62,0.0831
28/07/2026,22:52,139.19,24.56,23.40,9.83,48.19,21.06,-0.84,4.73,1250,1.0265,43.63,0.0832
28/07/2026,22:53,139.13,24.57,23.41,9.81,48.27,21.05,-0.83,4.74,1250,1.0264,43.62,0.0826
28/07/2026,22:54,139.16,24.56,23.38,9.83,48.25,21.00,-0.82,4.72,1252,1.0262,43.55,0.0821
28/07/2026,22:55,139.16,24.48,23.41,9.82,48.24,21.01,-0.80,4.72,1247,1.0263,43.45,0.0819
28/07/2026,22:56,139.23,24.46,23.46,9.82,48.30,21.03,-0.78,4.72,1246,1.0262,43.39,0.0818
28/07/2026,22:57,139.23,24.45,23.47,9.82,48.35,20.97,-0.83,4.70,1245,1.0261,43.51,0.0816
28/07/2026,22:58,139.20,24.43,23.48,9.78,48.44,20.95,-0.82,4.70,1242,1.0258,43.55,0.0814
28/07/2026,22:59,139.25,24.41,23.43,9.80,48.53,20.98,-0.83,4.70,1239,1.0260,43.63,0.0810
28/07/2026,23:00,139.27,24.45,23.36,9.78,48.42,20.96,-0.81,4.73,1236,1.0261,43.68,0.0810
28/07/2026,23:01,139.28,24.39,23.39,9.83,48.47,20.91,-0.85,4.73,1241,1.0259,43.60,0.0810
28/07/2026,23:02,139.27,24.36,23.36,9.83,48.58,20.89,-0.83,4.70,1242,1.0257,43.66,0.0808
28/07/2026,23:03,139.26,24.34,23.34,9.83,48.60,20.85,-0.84,4.70,1242,1.0255,43.67,0.0804
28/07/2026,23:04,139.27,24.35,23.27,9.83,48.77,20.86,-0.86,4.69,1238,1.0251,43.63,0.0800
28/07/2026,23:05,139.35,24.28,23.26,9.82,48.65,20.89,-0.86,4.69,1239,1.0254,43.53,0.0799
28/07/2026,23:06,139.32,24.27,23.27,9.83,48.71,20.89,-0.83,4.69,1244,1.0254,43.43,0.0802
28/07/2026,23:07,139.39,24.24,23.23,9.85,48.70,20.84,-0.82,4.69,1242,1.0257,43.39,0.0795
28/07/2026,23:08,139.39,24.19,23.26,9.78,48.53,20.86,-0.82,4.69,1241,1.0258,43.35,0.0802
28/07/2026,23:09,139.31,24.13,23.27,9.74,48.58,20.82,-0.83,4.70,1242,1.0257,43.24,0.0799
28/07/2026,23:10,139.26,24.10,23.24,9.75,48.53,20.87,-0.83,4.70,1238,1.0259,43.33,0.0799
28/07/2026,23:11,139.23,24.08,23.21,9.78,48.49,20.82,-0.84,4.69,1238,1.0261,43.25,0.0796
28/07/2026,23:12,139.22,24.02,23.21,9.76,48.54,20.85,-0.82,4.67,1236,1.0263,43.23,0.0801
28/07/2026,23:13,139.20,23.96,23.20,9.78,48.49,20.87,-0.78,4.68,1235,1.0260,43.21,0.0807
28/07/2026,23:14,139.24,23.92,23.20,9.75,48.59,20.86,-0.79,4.68,1237,1.0257,43.23,0.0803
28/07/2026,23:15,139.16,23.91,23.24,9.75,48.53,20.87,-0.76,4.68,1237,1.0258,43.39,0.0803
28/07/2026,23:16,139.21,23.86,23.25,9.72,48.48,20.87,-0.75,4.67,1241,1.0255,43.46,0.0800
28/07/2026,23:17,139.25,23.87,23.20,9.73,48.43,20.90,-0.80,4.65,1241,1.0258,43.31,0.0796
28/07/2026,23:18,139.16,23.84,23.17,9.79,48.39,20.91,-0.85,4.66,1243,1.0260,43.24,0.0794
28/07/2026,23:19,139.12,23.82,23.18,9.80,48.42,20.94,-0.85,4.66,1243,1.0257,43.33,0.0797
28/07/2026,23:20,139.17,23.71,23.19,9.81,48.38,20.94,-0.81,4.64,1246,1.0255,43.25,0.0805
28/07/2026,23:21,139.18,23.65,23.18,9.87,48.36,20.92,-0.82,4.65,1242,1.0257,43.15,0.0807
28/07/2026,23:22,139.18,23.65,23.26,9.89,48.24,20.90,-0.83,4.64,1245,1.0254,43.14,0.0811
28/07/2026,23:23,139.17,23.62,23.35,9.88,48.30,20.88,-0.82,4.64,1245,1.0255,43.10,0.0814
28/07/2026,23:24,139.20,23.61,23.34,9.87,48.27,20.85,-0.81,4.66,1245,1.0259,43.22,0.0818
28/07/2026,23:25,139.14,23.57,23.41,9.92,48.13,20.85,-0.82,4.67,1235,1.0263,43.22,0.0816
28/07/2026,23:26,139.14,23.56,23.39,9.89,48.13,20.82,-0.79,4.66,1230,1.0264,43.26,0.0817
28/07/2026,23:27,139.13,23.59,23.40,9.88,47.97,20.82,-0.79,4.65,1231,1.0267,43.35,0.0814
28/07/2026,23:28,139.10,23.61,23.36,9.88,47.83,20.85,-0.81,4.65,1231,1.0267,43.34,0.0818
28/07/2026,23:29,139.07,23.59,23.30,9.83,47.83,20.87,-0.80,4.66,1235,1.0270,43.39,0.0819
28/07/2026,23:30,139.06,23.58,23.28,9.82,47.82,20.90,-0.78,4.67,1235,1.0271,43.38,0.0818
28/07/2026,23:31,139.07,23.56,23.28,9.82,47.75,20.94,-0.77,4.68,1235,1.0265,43.28,0.0824
28/07/2026,23:32,139.11,23.63,23.23,9.79,47.70,20.98,-0.78,4.68,1236,1.0260,43.34,0.0822
28/07/2026,23:33,139.12,23.64,23.16,9.81,47.82,20.96,-0.78,4.68,1235,1.0262,43.26,0.0817
28/07/2026,23:34,139.19,23.64,23.15,9.77,47.70,20.99,-0.75,4.69,1237,1.0260,43.24,0.0813
28/07/2026,23:35,139.16,23.59,23.12,9.77,47.54,21.03,-0.77,4.69,1239,1.0260,43.26,0.0808
28/07/2026,23:36,139.13,23.54,23.13,9.78,47.73,21.05,-0.79,4.71,1236,1.0260,43.23,0.0812
28/07/2026,23:37,139.19,23.51,23.16,9.74,47.64,21.03,-0.80,4.70,1237,1.0259,43.27,0.0812
28/07/2026,23:38,139.08,23.54,23.14,9.77,47.63,21.06,-0.76,4.70,1239,1.0258,43.37,0.0814
28/07/2026,23:39,139.10,23.55,23.19,9.77,47.53,21.08,-0.77,4.71,1239,1.0256,43.41,0.0820
28/07/2026,23:40,139.16,23.51,23.17,9.77,47.52,21.12,-0.80,4.71,1239,1.0255,43.24,0.0822
28/07/2026,23:41,139.22,23.46,23.13,9.83,47.46,21.10,-0.83,4.72,1237,1.0253,43.15,0.0821
28/07/2026,23:42,139.16,23.42,23.15,9.81,47.46,21.05,-0.85,4.70,1240,1.0252,43.26,0.0823
28/07/2026,23:43,139.13,23.39,23.16,9.81,47.31,21.08,-0.86,4.69,1235,1.0254,43.25,0.0815
28/07/2026,23:44,139.11,23.41,23.12,9.78,47.30,21.08,-0.88,4.68,1232,1.0256,43.19,0.0812
28/07/2026,23:45,139.13,23.37,23.07,9.77,47.37,21.12,-0.85,4.68,1229,1.0253,43.11,0.0813
28/07/2026,23:46,139.11,23.36,23.09,9.76,47.42,21.13,-0.82,4.68,1231,1.0255,43.08,0.0813
28/07/2026,23:47,139.14,23.33,23.12,9.78,47.45,21.13,-0.85,4.68,1235,1.0254,43.11,0.0810
28/07/2026,23:48,139.13,23.34,23.15,9.82,47.39,21.17,-0.84,4.67,1235,1.0252,43.12,0.0813
28/07/2026,23:49,139.11,23.30,23.13,9.82,47.40,21.14,-0.83,4.67,1237,1.0252,42.94,0.0807
28/07/2026,23:50,139.11,23.22,23.14,9.79,47.40,21.12,-0.83,4.69,1240,1.0248,42.84,0.0808
28/07/2026,23:51,139.07,23.26,23.13,9.82,47.37,21.10,-0.83,4.68,1236,1.0250,42.94,0.0809
28/07/2026,23:52,139.12,23.27,23.12,9.82,47.44,21.13,-0.80,4.68,1237,1.0250,43.03,0.0810
28/07/2026,23:53,139.01,23.29,23.19,9.83,47.47,21.14,-0.83,4.70,1239,1.0250,42.95,0.0808
28/07/2026,23:54,139.03,23.22,23.19,9.84,47.57,21.14,-0.84,4.69,1242,1.0249,42.93,0.0810
28/07/2026,23:55,138.98,23.14,23.23,9.86,47.55,21.15,-0.85,4.70,1244,1.0251,42.76,0.0809
28/07/2026,23:56,138.96,23.12,23.27,9.84,47.69,21.16,-0.86,4.69,1247,1.0255,42.77,0.0810
28/07/2026,23:57,138.95,23.15,23.28,9.82,47.82,21.13,-0.86,4.69,1244,1.0256,42.77,0.0810
28/07/2026,23:58,138.92,23.14,23.26,9.79,47.80,21.11,-0.84,4.68,1245,1.0259,42.91,0.0807
28/07/2026,23:59,138.95,23.12,23.23,9.80,47.87,21.11,-0.84,4.69,1244,1.0261,42.90,0.0806
29/07/2026,00:00,138.98,23.09,23.18,9.83,47.70,21.08,-0.86,4.69,1248,1.0260,42.84,0.0806
29/07/2026,00:01,138.97,23.06,23.17,9.82,47.59,21.07,-0.88,4.68,1246,1.0261,42.90,0.0807
29/07/2026,00:02,138.90,23.06,23.18,9.84,47.62,21.09,-0.85,4.68,1245,1.0261,42.95,0.0800
29/07/2026,00:03,138.84,23.06,23.12,9.84,47.65,21.09,-0.85,4.68,1243,1.0260,42.90,0.0800
29/07/2026,00:04,138.81,23.06,23.13,9.84,47.68,21.09,-0.85,4.68,1245,1.0257,42.90,0.0798
29/07/2026,00:05,138.84,23.03,23.18,9.87,47.59,21.09,-0.83,4.68,1246,1.0255,43.00,0.0800
29/07/2026,00:06,138.80,23.03,23.20,9.85,47.60,21.10,-0.86,4.67,1243,1.0255,43.07,0.0800
29/07/2026,00:07,138.76,22.99,23.18,9.86,47.54,21.07,-0.87,4.67,1242,1.0255,43.11,0.0800
29/07/2026,00:08,138.72,23.01,23.18,9.87,47.55,21.09,-0.82,4.67,1237,1.0251,43.20,0.0800
29/07/2026,00:09,138.70,22.99,23.25,9.88,47.72,21.06,-0.82,4.68,1237,1.0249,43.30,0.0805
29/07/2026,00:10,138.64,22.99,23.24,9.87,47.75,21.06,-0.81,4.68,1239,1.0250,43.40,0.0811
29/07/2026,00:11,138.67,22.92,23.28,9.91,47.75,21.07,-0.81,4.68,1236,1.0251,43.29,0.0807
29/07/2026,00:12,138.68,22.93,23.25,9.88,47.70,21.00,-0.82,4.67,1238,1.0251,43.37,0.0813
29/07/2026,00:13,138.76,22.90,23.26,9.88,47.69,20.98,-0.80,4.66,1246,1.0251,43.34,0.0809
29/07/2026,00:14,138.88,22.98,23.32,9.87,47.73,20.98,-0.83,4.67,1244,1.0253,43.08,0.0808
29/07/2026,00:15,138.95,22.99,23.35,9.84,47.72,20.98,-0.83,4.68,1247,1.0249,43.18,0.0802
29/07/2026,00:16,138.92,22.94,23.37,9.86,47.61,20.95,-0.81,4.67,1251,1.0248,42.94,0.0802
29/07/2026,00:17,138.94,22.86,23.40,9.90,47.75,20.89,-0.80,4.67,1249,1.0246,42.95,0.0804
29/07/2026,00:18,138.97,22.84,23.43,9.90,47.74,20.91,-0.85,4.68,1251,1.0245,42.94,0.0802
29/07/2026,00:19,139.02,22.77,23.44,9.93,47.75,20.91,-0.85,4.66,1248,1.0247,43.04,0.0805
29/07/2026,00:20,138.99,22.71,23.39,9.87,47.71,20.91,-0.86,4.66,1246,1.0246,43.03,0.0802
29/07/2026,00:21,139.00,22.65,23.38,9.86,47.71,20.90,-0.88,4.67,1241,1.0250,43.15,0.0808
29/07/2026,00:22,138.96,22.64,23.40,9.88,47.75,20.93,-0.88,4.67,1239,1.0252,42.94,0.0806
29/07/2026,00:23,138.90,22.61,23.40,9.94,47.69,20.96,-0.87,4.67,1240,1.0250,42.97,0.0804
29/07/2026,00:24,138.87,22.61,23.39,9.92,47.72,20.96,-0.85,4.68,1239,1.0249,42.93,0.0800
29/07/2026,00:25,138.88,22.55,23.29,9.88,47.76,20.96,-0.86,4.69,1238,1.0243,42.89,0.0806
29/07/2026,00:26,138.88,22.51,23.35,9.89,47.83,20.93,-0.88,4.69,1240,1.0246,42.88,0.0805
29/07/2026,00:27,138.87,22.52,23.37,9.90,47.93,20.94,-0.87,4.69,1242,1.0245,42.86,0.0798
29/07/2026,00:28,138.96,22.57,23.38,9.88,47.93,20.93,-0.87,4.70,1242,1.0247,42.92,0.0796
29/07/2026,00:29,139.02,22.53,23.35,9.89,47.90,20.93,-0.87,4.69,1242,1.0241,42.88,0.0795
29/07/2026,00:30,138.97,22.53,23.35,9.88,47.92,21.00,-0.84,4.68,1244,1.0242,42.74,0.0800
29/07/2026,00:31,138.93,22.58,23.39,9.86,47.93,20.98,-0.88,4.67,1240,1.0241,42.74,0.0801
29/07/2026,00:32,138.80,22.55,23.42,9.88,47.72,20.96,-0.89,4.69,1244,1.0243,42.81,0.0801
29/07/2026,00:33,138.79,22.53,23.46,9.87,47.58,20.93,-0.89,4.69,1243,1.0245,42.79,0.0799
29/07/2026,00:34,138.80,22.51,23.44,9.88,47.62,20.94,-0.88,4.70,1249,1.0247,42.84,0.0796
29/07/2026,00:35,138.76,22.52,23.44,9.89,47.55,20.94,-0.92,4.70,1251,1.0249,42.90,0.0797
29/07/2026,00:36,138.75,22.55,23.43,9.91,47.52,20.90,-0.92,4.70,1249,1.0248,42.92,0.0799
29/07/2026,00:37,138.75,22.51,23.49,9.91,47.50,20.90,-0.93,4.70,1246,1.0250,42.83,0.0805
29/07/2026,00:38,138.76,22.49,23.45,9.88,47.47,20.89,-0.92,4.70,1251,1.0248,42.62,0.0808
29/07/2026,00:39,138.80,22.43,23.46,9.88,47.46,20.85,-0.90,4.69,1249,1.0250,42.54,0.0808
29/07/2026,00:40,138.82,22.44,23.45,9.84,47.50,20.88,-0.88,4.68,1244,1.0251,42.54,0.0812
29/07/2026,00:41,138.81,22.44,23.44,9.84,47.53,20.93,-0.87,4.70,1247,1.0251,42.63,0.0810
29/07/2026,00:42,138.83,22.41,23.47,9.85,47.51,20.97,-0.89,4.70,1240,1.0254,42.53,0.0814
29/07/2026,00:43,138.81,22.38,23.42,9.82,47.48,20.99,-0.90,4.69,1240,1.0252,42.53,0.0811
29/07/2026,00:44,138.87,22.40,23.37,9.82,47.51,21.03,-0.93,4.68,1239,1.0251,42.60,0.0810
29/07/2026,00:45,138.90,22.36,23.31,9.80,47.48,21.02,-0.95,4.67,1239,1.0252,42.63,0.0807
29/07/2026,00:46,138.90,22.38,23.27,9.79,47.62,21.04,-0.95,4.68,1232,1.0252,42.61,0.0807
29/07/2026,00:47,138.90,22.37,23.30,9.80,47.66,21.05,-0.98,4.69,1233,1.0254,42.62,0.0807
29/07/2026,00:48,138.92,22.33,23.31,9.85,47.53,21.04,-0.98,4.70,1232,1.0255,42.63,0.0808
29/07/2026,00:49,138.95,22.26,23.26,9.81,47.51,20.99,-0.96,4.70,1232,1.0251,42.67,0.0807
29/07/2026,00:50,138.99,22.25,23.22,9.81,47.54,21.04,-0.95,4.71,1232,1.0250,42.71,0.0804
29/07/2026,00:51,139.06,22.23,23.23,9.81,47.58,21.04,-0.96,4.71,1236,1.0249,42.60,0.0808
29/07/2026,00:52,139.03,22.26,23.24,9.81,47.47,21.02,-0.93,4.71,1237,1.0246,42.54,0.0809
29/07/2026,00:53,139.01,22.19,23.29,9.77,47.57,21.00,-0.93,4.71,1242,1.0250,42.61,0.0810
29/07/2026,00:54,139.00,22.14,23.31,9.77,47.56,21.00,-0.92,4.70,1242,1.0251,42.63,0.0812
29/07/2026,00:55,138.94,22.16,23.33,9.78,47.60,21.00,-0.92,4.72,1244,1.0251,42.64,0.0811
29/07/2026,00:56,138.93,22.15,23.38,9.79,47.66,21.03,-0.93,4.71,1244,1.0254,42.60,0.0819
29/07/2026,00:57,138.99,22.16,23.37,9.78,47.68,21.02,-0.91,4.73,1245,1.0252,42.64,0.0816
29/07/2026,00:58,139.04,22.16,23.42,9.78,47.64,21.08,-0.92,4.71,1248,1.0256,42.53,0.0818
29/07/2026,00:59,139.04,22.15,23.43,9.77,47.69,21.11,-0.91,4.68,1247,1.0257,42.46,0.0820
29/07/2026,01:00,139.02,22.15,23.43,9.78,47.66,21.07,-0.94,4.68,1248,1.0256,42.38,0.0823
29/07/2026,01:01,138.99,22.15,23.48,9.79,47.77,21.02,-0.91,4.67,1244,1.0256,42.37,0.0813
29/07/2026,01:02,138.99,22.17,23.47,9.79,47.68,21.01,-0.89,4.66,1250,1.0251,42.44,0.0806
29/07/2026,01:03,138.93,22.21,23.46,9.77,47.64,21.04,-0.89,4.66,1253,1.0249,42.35,0.0807
29/07/2026,01:04,138.92,22.22,23.47,9.77,47.65,21.04,-0.88,4.66,1254,1.0251,42.24,0.0802
29/07/2026,01:05,138.93,22.16,23.53,9.80,47.68,21.00,-0.86,4.67,1252,1.0248,42.14,0.0800
29/07/2026,01:06,138.98,22.08,23.53,9.81,47.66,21.03,-0.85,4.67,1247,1.0248,42.25,0.0803
29/07/2026,01:07,138.99,22.06,23.58,9.80,47.61,21.07,-0.84,4.67,1250,1.0249,42.38,0.0796
29/07/2026,01:08,138.99,22.00,23.57,9.82,47.57,21.08,-0.89,4.67,1252,1.0250,42.37,0.0796
29/07/2026,01:09,139.04,21.95,23.52,9.82,47.51,21.03,-0.89,4.68,1255,1.0249,42.38,0.0790
29/07/2026,01:10,139.04,21.88,23.53,9.79,47.58,21.00,-0.87,4.71,1251,1.0250,42.42,0.0786
29/07/2026,01:11,139.07,21.86,23.59,9.79,47.55,21.01,-0.88,4.71,1260,1.0255,42.34,0.0783
29/07/2026,01:12,139.04,21.80,23.67,9.83,47.65,20.99,-0.88,4.71,1253,1.0254,42.42,0.0789
29/07/2026,01:13,139.12,21.76,23.63,9.81,47.61,21.00,-0.86,4.72,1255,1.0255,42.50,0.0791
29/07/2026,01:14,139.13,21.74,23.59,9.86,47.54,20.98,-0.88,4.73,1246,1.0256,42.48,0.0791
29/07/2026,01:15,139.21,21.78,23.56,9.85,47.51,20.99,-0.88,4.73,1246,1.0255,42.54,0.0788
29/07/2026,01:16,139.24,21.76,23.52,9.86,47.50,21.01,-0.88,4.73,1245,1.0254,42.51,0.0786
29/07/2026,01:17,139.20,21.68,23.51,9.89,47.58,20.99,-0.89,4.71,1249,1.0254,42.50,0.0784
29/07/2026,01:18,139.21,21.70,23.52,9.88,47.69,20.98,-0.90,4.71,1244,1.0255,42.39,0.0786
29/07/2026,01:19,139.17,21.69,23.55,9.90,47.58,20.94,-0.87,4.70,1245,1.0257,42.24,0.0784
29/07/2026,01:20,139.14,21.71,23.52,9.85,47.69,20.95,-0.87,4.70,1243,1.0254,42.09,0.0791
29/07/2026,01:21,139.08,21.74,23.48,9.81,47.79,20.93,-0.85,4.71,1245,1.0253,42.28,0.0795
29/07/2026,01:22,139.08,21.72,23.47,9.82,47.80,20.97,-0.87,4.73,1244,1.0256,42.40,0.0797
29/07/2026,01:23,139.01,21.73,23.48,9.82,47.79,20.99,-0.87,4.73,1244,1.0261,42.43,0.0795
29/07/2026,01:24,139.03,21.72,23.49,9.80,47.74,21.03,-0.90,4.73,1247,1.0263,42.54,0.0792
29/07/2026,01:25,139.02,21.70,23.47,9.80,47.63,21.02,-0.89,4.72,1246,1.0265,42.60,0.0792
29/07/2026,01:26,139.01,21.66,23.47,9.77,47.64,21.06,-0.90,4.72,1245,1.0268,42.56,0.0789
29/07/2026,01:27,139.05,21.65,23.53,9.73,47.65,21.07,-0.89,4.72,1247,1.0267,42.50,0.0789
29/07/2026,01:28,139.04,21.63,23.54,9.75,47.67,21.09,-0.87,4.71,1250,1.0268,42.56,0.0792
29/07/2026,01:29,139.04,21.62,23.53,9.72,47.82,21.13,-0.84,4.73,1248,1.0273,42.67,0.0796
29/07/2026,01:30,138.98,21.61,23.56,9.72,47.82,21.18,-0.83,4.73,1247,1.0269,42.83,0.0799
29/07/2026,01:31,139.01,21.56,23.59,9.71,47.90,21.14,-0.82,4.74,1244,1.0268,42.99,0.0797
29/07/2026,01:32,139.04,21.55,23.58,9.69,47.78,21.17,-0.82,4.74,1246,1.0267,42.90,0.0796
29/07/2026,01:33,139.07,21.49,23.51,9.69,47.78,21.14,-0.80,4.74,1246,1.0269,42.96,0.0789
29/07/2026,01:34,139.15,21.50,23.50,9.70,47.83,21.15,-0.81,4.75,1244,1.0264,42.96,0.0792
29/07/2026,01:35,139.16,21.49,23.50,9.72,47.84,21.15,-0.82,4.76,1246,1.0263,43.00,0.0792
29/07/2026,01:36,139.21,21.45,23.47,9.70,47.91,21.11,-0.83,4.76,1246,1.0264,42.98,0.0790
29/07/2026,01:37,139.28,21.42,23.47,9.71,47.81,21.12,-0.83,4.77,1246,1.0265,43.03,0.0792
29/07/2026,01:38,139.28,21.45,23.39,9.72,47.71,21.11,-0.85,4.77,1248,1.0266,42.98,0.0791
29/07/2026,01:39,139.29,21.43,23.42,9.73,47.74,21.14,-0.86,4.76,1246,1.0262,42.98,0.0790
29/07/2026,01:40,139.27,21.45,23.34,9.70,47.61,21.15,-0.87,4.77,1245,1.0261,43.09,0.0791
29/07/2026,01:41,139.31,21.50,23.42,9.70,47.55,21.16,-0.85,4.77,1246,1.0260,42.93,0.0788
29/07/2026,01:42,139.31,21.46,23.42,9.67,47.52,21.16,-0.89,4.76,1247,1.0260,42.76,0.0800
29/07/2026,01:43,139.30,21.40,23.41,9.69,47.48,21.13,-0.87,4.75,1244,1.0260,42.73,0.0799
29/07/2026,01:44,139.37,21.39,23.44,9.70,47.54,21.13,-0.87,4.76,1241,1.0260,42.71,0.0804
29/07/2026,01:45,139.44,21.37,23.38,9.69,47.57,21.12,-0.89,4.75,1237,1.0262,42.68,0.0808
29/07/2026,01:46,139.47,21.40,23.32,9.68,47.63,21.16,-0.87,4.74,1237,1.0261,42.74,0.0809
29/07/2026,01:47,139.49,21.39,23.38,9.68,47.53,21.14,-0.87,4.74,1240,1.0259,42.81,0.0805
29/07/2026,01:48,139.43,21.42,23.39,9.66,47.52,21.17,-0.85,4.73,1242,1.0258,42.68,0.0808
29/07/2026,01:49,139.43,21.35,23.36,9.70,47.50,21.19,-0.85,4.73,1242,1.0257,42.82,0.0809
29/07/2026,01:50,139.42,21.26,23.35,9.68,47.46,21.23,-0.85,4.72,1239,1.0256,42.83,0.0810
29/07/2026,01:51,139.37,21.23,23.41,9.69,47.41,21.24,-0.83,4.71,1242,1.0257,42.79,0.0816
29/07/2026,01:52,139.39,21.19,23.39,9.68,47.31,21.21,-0.83,4.71,1245,1.0259,42.69,0.0820
29/07/2026,01:53,139.34,21.28,23.38,9.68,47.24,21.23,-0.83,4.71,1246,1.0259,42.85,0.0819
29/07/2026,01:54,139.33,21.25,23.42,9.68,47.19,21.22,-0.84,4.71,1247,1.0261,42.87,0.0821
29/07/2026,01:55,139.35,21.22,23.37,9.67,47.20,21.21,-0.83,4.74,1247,1.0260,42.79,0.0816
29/07/2026,01:56,139.37,21.19,23.40,9.67,47.17,21.19,-0.83,4.75,1247,1.0258,42.70,0.0808
29/07/2026,01:57,139.33,21.18,23.36,9.67,47.10,21.15,-0.81,4.74,1248,1.0256,42.63,0.0812
29/07/2026,01:58,139.41,21.23,23.36,9.70,47.16,21.15,-0.80,4.76,1245,1.0254,42.79,0.0810
29/07/2026,01:59,139.38,21.15,23.32,9.70,47.06,21.15,-0.82,4.77,1246,1.0253,42.93,0.0812
29/07/2026,02:00,139.34,21.14,23.32,9.70,46.95,21.14,-0.80,4.77,1246,1.0255,42.92,0.0812
29/07/2026,02:01,139.33,21.10,23.34,9.70,47.00,21.14,-0.79,4.76,1249,1.0257,42.91,0.0805
29/07/2026,02:02,139.32,21.04,23.33,9.70,46.97,21.10,-0.79,4.76,1253,1.0255,42.80,0.0810
29/07/2026,02:03,139.29,21.05,23.32,9.70,47.05,21.12,-0.80,4.76,1255,1.0253,42.80,0.0811
29/07/2026,02:04,139.26,21.07,23.37,9.72,47.05,21.10,-0.82,4.76,1253,1.0248,42.72,0.0809
29/07/2026,02:05,139.22,21.04,23.42,9.71,46.95,21.06,-0.83,4.74,1254,1.0246,42.72,0.0811
29/07/2026,02:06,139.24,21.08,23.37,9.70,47.01,21.10,-0.87,4.73,1254,1.0249,42.67,0.0805
29/07/2026,02:07,139.25,21.08,23.43,9.68,47.04,21.10,-0.85,4.74,1249,1.0250,42.63,0.0801
29/07/2026,02:08,139.32,21.12,23.46,9.69,47.02,21.11,-0.87,4.77,1248,1.0250,42.48,0.0803
29/07/2026,02:09,139.30,21.16,23.46,9.68,47.08,21.09,-0.86,4.76,1242,1.0250,42.63,0.0798
29/07/2026,02:10,139.28,21.08,23.50,9.66,47.10,21.13,-0.85,4.75,1244,1.0251,42.57,0.0797
29/07/2026,02:11,139.28,21.10,23.48,9.66,47.24,21.17,-0.83,4.74,1240,1.0249,42.46,0.0790
29/07/2026,02:12,139.38,21.06,23.51,9.66,47.10,21.18,-0.85,4.74,1241,1.0251,42.33,0.0789
29/07/2026,02:13,139.31,21.08,23.48,9.68,47.15,21.16,-0.87,4.73,1248,1.0252,42.40,0.0791
29/07/2026,02:14,139.38,21.06,23.46,9.67,47.13,21.19,-0.89,4.74,1240,1.0255,42.56,0.0786
29/07/2026,02:15,139.45,21.06,23.43,9.68,47.14,21.24,-0.88,4.75,1240,1.0250,42.58,0.0790
29/07/2026,02:16,139.39,21.07,23.44,9.67,47.24,21.24,-0.89,4.74,1242,1.0252,42.51,0.0791
29/07/2026,02:17,139.40,21.08,23.42,9.70,47.31,21.21,-0.87,4.73,1239,1.0248,42.53,0.0792
29/07/2026,02:18,139.40,21.07,23.38,9.72,47.37,21.24,-0.87,4.73,1241,1.0246,42.59,0.0788
29/07/2026,02:19,139.37,21.04,23.33,9.70,47.35,21.22,-0.88,4.73,1237,1.0244,42.60,0.0787
29/07/2026,02:20,139.37,21.10,23.34,9.76,47.35,21.19,-0.90,4.72,1238,1.0247,42.52,0.0783
29/07/2026,02:21,139.34,21.10,23.30,9.76,47.41,21.18,-0.91,4.71,1237,1.0249,42.53,0.0785
29/07/2026,02:22,139.36,21.07,23.34,9.74,47.48,21.20,-0.90,4.71,1235,1.0254,42.46,0.0787
29/07/2026,02:23,139.41,21.04,23.36,9.76,47.50,21.19,-0.87,4.70,1232,1.0254,42.42,0.0782
29/07/2026,02:24,139.48,21.06,23.36,9.75,47.56,21.16,-0.89,4.69,1231,1.0256,42.44,0.0782
29/07/2026,02:25,139.49,21.00,23.31,9.78,47.58,21.19,-0.86,4.68,1235,1.0259,42.45,0.0781
29/07/2026,02:26,139.50,20.94,23.28,9.78,47.62,21.22,-0.84,4.69,1238,1.0259,42.44,0.0784
29/07/2026,02:27,139.53,20.90,23.31,9.80,47.61,21.21,-0.86,4.69,1242,1.0256,42.54,0.0781
29/07/2026,02:28,139.42,20.89,23.33,9.79,47.57,21.18,-0.85,4.67,1242,1.0257,42.43,0.0782
29/07/2026,02:29,139.39,20.88,23.33,9.78,47.62,21.17,-0.82,4.67,1237,1.0258,42.43,0.0782
29/07/2026,02:30,139.48,20.87,23.32,9.73,47.55,21.16,-0.82,4.66,1238,1.0256,42.36,0.0779
29/07/2026,02:31,139.45,20.87,23.36,9.71,47.49,21.13,-0.82,4.68,1238,1.0253,42.27,0.0783
29/07/2026,02:32,139.47,20.85,23.35,9.75,47.56,21.06,-0.85,4.67,1240,1.0251,42.23,0.0784
29/07/2026,02:33,139.39,20.85,23.41,9.76,47.53,21.07,-0.87,4.67,1241,1.0249,42.14,0.0781
29/07/2026,02:34,139.38,20.91,23.33,9.80,47.60,21.09,-0.89,4.67,1244,1.0252,42.19,0.0783
29/07/2026,02:35,139.44,20.89,23.37,9.77,47.49,21.14,-0.88,4.67,1248,1.0251,42.22,0.0785
29/07/2026,02:36,139.52,20.86,23.35,9.76,47.47,21.16,-0.88,4.67,1248,1.0252,42.55,0.0785
29/07/2026,02:37,139.47,20.81,23.39,9.77,47.40,21.16,-0.89,4.68,1254,1.0254,42.61,0.0791
29/07/2026,02:38,139.42,20.80,23.42,9.79,47.39,21.14,-0.92,4.68,1252,1.0253,42.74,0.0792
29/07/2026,02:39,139.40,20.86,23.44,9.78,47.37,21.11,-0.91,4.66,1249,1.0255,42.86,0.0790
29/07/2026,02:40,139.29,20.83,23.51,9.81,47.43,21.08,-0.93,4.66,1251,1.0253,42.80,0.0791
29/07/2026,02:41,139.33,20.82,23.53,9.78,47.35,21.10,-0.92,4.69,1251,1.0254,42.67,0.0798
29/07/2026,02:42,139.32,20.82,23.53,9.76,47.45,21.02,-0.88,4.71,1248,1.0255,42.56,0.0795
29/07/2026,02:43,139.43,20.84,23.48,9.77,47.45,21.06,-0.91,4.71,1245,1.0255,42.48,0.0793
29/07/2026,02:44,139.40,20.85,23.53,9.82,47.61,21.08,-0.94,4.70,1249,1.0255,42.29,0.0794
29/07/2026,02:45,139.42,20.86,23.63,9.79,47.60,21.08,-0.91,4.73,1251,1.0255,42.34,0.0791
29/07/2026,02:46,139.36,20.89,23.64,9.80,47.57,21.06,-0.93,4.73,1250,1.0255,42.21,0.0792
29/07/2026,02:47,139.36,20.90,23.63,9.76,47.46,21.09,-0.93,4.72,1247,1.0257,42.14,0.0800
29/07/2026,02:48,139.38,20.92,23.59,9.77,47.46,21.08,-0.95,4.71,1246,1.0260,42.15,0.0800
29/07/2026,02:49,139.38,20.91,23.59,9.75,47.46,21.06,-0.95,4.71,1247,1.0261,42.17,0.0798
29/07/2026,02:50,139.45,20.87,23.56,9.73,47.50,21.07,-0.93,4.71,1250,1.0262,42.12,0.0801
29/07/2026,02:51,139.45,20.85,23.57,9.76,47.56,21.06,-0.92,4.69,1246,1.0261,42.05,0.0803
29/07/2026,02:52,139.45,20.84,23.57,9.77,47.53,21.09,-0.95,4.69,1246,1.0265,42.11,0.0800
29/07/2026,02:53,139.39,20.87,23.54,9.80,47.53,21.10,-0.92,4.70,1245,1.0267,42.11,0.0798
29/07/2026,02:54,139.40,20.90,23.48,9.79,47.43,21.08,-0.90,4.70,1240,1.0264,42.14,0.0800
29/07/2026,02:55,139.42,20.86,23.50,9.83,47.46,21.08,-0.92,4.69,1243,1.0262,42.21,0.0796
29/07/2026,02:56,139.43,20.80,23.50,9.81,47.47,21.04,-0.90,4.70,1248,1.0261,42.02,0.0800
29/07/2026,02:57,139.42,20.76,23.50,9.86,47.35,21.03,-0.88,4.69,1244,1.0260,41.97,0.0802
29/07/2026,02:58,139.35,20.72,23.53,9.87,47.40,21.04,-0.85,4.68,1242,1.0258,42.02,0.0805
29/07/2026,02:59,139.32,20.74,23.48,9.89,47.41,20.99,-0.85,4.68,1242,1.0258,42.09,0.0809
29/07/2026,03:00,139.38,20.71,23.53,9.89,47.30,20.97,-0.83,4.68,1244,1.0262,42.22,0.0810
29/07/2026,03:01,139.37,20.68,23.57,9.91,47.40,20.92,-0.87,4.67,1246,1.0258,42.29,0.0804
29/07/2026,03:02,139.37,20.68,23.56,9.93,47.40,20.88,-0.89,4.68,1244,1.0260,42.20,0.0808
29/07/2026,03:03,139.37,20.67,23.52,9.92,47.32,20.85,-0.91,4.68,1246,1.0262,42.24,0.0806
29/07/2026,03:04,139.42,20.62,23.50,9.90,47.23,20.86,-0.89,4.68,1243,1.0261,42.24,0.0812
29/07/2026,03:05,139.39,20.60,23.51,9.88,47.24,20.89,-0.90,4.68,1244,1.0257,42.29,0.0811
29/07/2026,03:06,139.32,20.59,23.53,9.89,47.38,20.91,-0.88,4.67,1247,1.0257,42.26,0.0815
29/07/2026,03:07,139.26,20.62,23.55,9.87,47.31,20.94,-0.85,4.67,1248,1.0255,42.22,0.0815
29/07/2026,03:08,139.24,20.56,23.50,9.88,47.17,20.90,-0.86,4.66,1250,1.0256,42.26,0.0817
29/07/2026,03:09,139.13,20.49,23.50,9.87,47.10,20.92,-0.89,4.67,1249,1.0258,42.23,0.0820
29/07/2026,03:10,139.21,20.50,23.54,9.85,47.05,20.92,-0.92,4.67,1254,1.0256,42.27,0.0821
29/07/2026,03:11,139.22,20.58,23.60,9.84,47.04,20.91,-0.89,4.69,1253,1.0254,42.37,0.0819
29/07/2026,03:12,139.16,20.55,23.61,9.84,46.98,20.92,-0.91,4.69,1253,1.0255,42.35,0.0821
29/07/2026,03:13,139.19,20.59,23.64,9.83,47.09,20.91,-0.88,4.70,1250,1.0254,42.32,0.0818
29/07/2026,03:14,139.18,20.63,23.66,9.82,46.94,20.89,-0.91,4.69,1255,1.0255,42.19,0.0817
29/07/2026,03:15,139.17,20.63,23.71,9.78,46.86,20.90,-0.95,4.68,1256,1.0258,42.12,0.0820
29/07/2026,03:16,139.10,20.68,23.67,9.79,46.85,20.89,-0.96,4.69,1254,1.0256,42.22,0.0821
29/07/2026,03:17,139.11,20.64,23.64,9.79,46.86,20.95,-0.96,4.67,1258,1.0258,42.22,0.0820
29/07/2026,03:18,139.08,20.63,23.71,9.78,46.82,20.94,-0.94,4.67,1254,1.0259,42.25,0.0819
29/07/2026,03:19,139.14,20.61,23.70,9.79,46.95,20.97,-0.97,4.69,1263,1.0262,42.13,0.0814
29/07/2026,03:20,139.14,20.60,23.72,9.77,47.01,20.98,-0.97,4.68,1256,1.0265,42.12,0.0814
29/07/2026,03:21,139.09,20.60,23.77,9.78,46.99,21.04,-0.97,4.68,1256,1.0260,42.26,0.0818
29/07/2026,03:22,139.13,20.59,23.83,9.80,46.98,21.01,-0.99,4.68,1254,1.0260,42.28,0.0816
29/07/2026,03:23,139.14,20.62,23.80,9.77,47.07,21.06,-0.97,4.68,1256,1.0262,42.33,0.0813
29/07/2026,03:24,139.11,20.62,23.80,9.81,47.03,21.08,-0.97,4.67,1253,1.0264,42.33,0.0810
29/07/2026,03:25,139.13,20.62,23.76,9.80,47.16,21.05,-0.97,4.67,1251,1.0264,42.25,0.0814
29/07/2026,03:26,139.10,20.61,23.78,9.76,47.24,21.06,-0.99,4.68,1247,1.0264,42.30,0.0816
29/07/2026,03:27,139.06,20.60,23.71,9.77,47.39,21.07,-0.99,4.69,1245,1.0266,42.35,0.0810
29/07/2026,03:28,139.09,20.56,23.67,9.74,47.38,21.06,-1.01,4.71,1248,1.0263,42.37,0.0815
29/07/2026,03:29,139.05,20.52,23.68,9.71,47.44,21.03,-0.99,4.71,1251,1.0266,42.41,0.0815
29/07/2026,03:30,139.06,20.56,23.67,9.73,47.43,21.03,-0.98,4.71,1254,1.0264,42.33,0.0815
29/07/2026,03:31,139.08,20.53,23.59,9.74,47.44,21.01,-0.97,4.72,1254,1.0262,42.31,0.0816
29/07/2026,03:32,139.15,20.50,23.54,9.74,47.49,20.98,-0.97,4.70,1255,1.0260,42.27,0.0817
29/07/2026,03:33,139.19,20.57,23.56,9.71,47.53,20.95,-0.96,4.70,1255,1.0260,42.26,0.0824
29/07/2026,03:34,139.19,20.57,23.58,9.69,47.46,21.00,-0.95,4.70,1250,1.0261,42.35,0.0822
29/07/2026,03:35,139.28,20.63,23.60,9.71,47.45,21.00,-0.97,4.69,1255,1.0260,42.36,0.0822
29/07/2026,03:36,139.37,20.62,23.60,9.69,47.39,21.00,-0.97,4.69,1256,1.0264,42.42,0.0823
29/07/2026,03:37,139.35,20.62,23.65,9.66,47.48,21.00,-0.97,4.69,1259,1.0267,42.24,0.0829
29/07/2026,03:38,139.40,20.65,23.64,9.66,47.42,20.99,-0.97,4.68,1255,1.0261,42.06,0.0829
29/07/2026,03:39,139.46,20.60,23.58,9.66,47.29,20.99,-0.98,4.68,1256,1.0261,42.13,0.0832
29/07/2026,03:40,139.42,20.61,23.59,9.66,47.20,21.00,-0.95,4.69,1256,1.0259,41.95,0.0835
29/07/2026,03:41,139.53,20.59,23.57,9.65,47.12,21.02,-0.95,4.67,1254,1.0257,41.92,0.0840
29/07/2026,03:42,139.51,20.64,23.61,9.62,47.13,21.01,-0.94,4.66,1255,1.0256,41.90,0.0838
29/07/2026,03:43,139.52,20.67,23.59,9.64,47.05,21.01,-0.92,4.64,1256,1.0254,41.94,0.0835
29/07/2026,03:44,139.54,20.61,23.70,9.66,47.18,21.05,-0.90,4.65,1257,1.0250,41.98,0.0837
29/07/2026,03:45,139.52,20.57,23.74,9.67,47.16,21.06,-0.93,4.65,1256,1.0254,42.05,0.0832
29/07/2026,03:46,139.45,20.61,23.78,9.68,47.21,21.05,-0.95,4.65,1255,1.0252,42.19,0.0834
29/07/2026,03:47,139.44,20.57,23.75,9.66,47.39,21.03,-0.93,4.66,1258,1.0256,42.19,0.0831
29/07/2026,03:48,139.49,20.57,23.76,9.70,47.39,21.09,-0.92,4.66,1257,1.0259,42.23,0.0829
29/07/2026,03:49,139.47,20.52,23.80,9.69,47.41,21.07,-0.91,4.67,1256,1.0258,42.12,0.0828
29/07/2026,03:50,139.49,20.50,23.83,9.72,47.41,21.03,-0.89,4.67,1251,1.0255,42.15,0.0828
29/07/2026,03:51,139.45,20.46,23.76,9.70,47.38,21.03,-0.90,4.68,1245,1.0256,42.15,0.0824
29/07/2026,03:52,139.46,20.47,23.76,9.73,47.31,21.05,-0.88,4.68,1241,1.0254,42.18,0.0830
29/07/2026,03:53,139.45,20.52,23.75,9.72,47.29,21.06,-0.87,4.68,1237,1.0256,42.30,0.0833
29/07/2026,03:54,139.43,20.44,23.72,9.72,47.23,21.03,-0.86,4.66,1237,1.0253,42.32,0.0833
29/07/2026,03:55,139.39,20.47,23.65,9.74,47.29,21.06,-0.86,4.67,1235,1.0250,42.13,0.0835
29/07/2026,03:56,139.35,20.40,23.60,9.78,47.32,21.08,-0.91,4.68,1236,1.0250,42.32,0.0833
29/07/2026,03:57,139.48,20.45,23.55,9.80,47.39,21.05,-0.92,4.67,1241,1.0251,42.30,0.0837
29/07/2026,03:58,139.51,20.42,23.57,9.80,47.49,21.07,-0.92,4.69,1244,1.0252,42.20,0.0840
29/07/2026,03:59,139.49,20.45,23.52,9.80,47.44,21.01,-0.92,4.69,1248,1.0253,42.13,0.0839
29/07/2026,04:00,139.46,20.44,23.50,9.81,47.41,21.01,-0.92,4.70,1247,1.0254,42.16,0.0838
29/07/2026,04:01,139.43,20.46,23.48,9.85,47.36,21.01,-0.93,4.71,1240,1.0254,42.15,0.0839
29/07/2026,04:02,139.40,20.40,23.47,9.85,47.30,20.99,-0.92,4.73,1243,1.0255,42.20,0.0840
29/07/2026,04:03,139.41,20.42,23.45,9.85,47.36,20.99,-0.89,4.74,1240,1.0254,42.26,0.0838
29/07/2026,04:04,139.44,20.42,23.34,9.83,47.35,21.00,-0.89,4.72,1240,1.0256,42.24,0.0834
29/07/2026,04:05,139.48,20.39,23.36,9.83,47.39,20.98,-0.88,4.74,1244,1.0257,42.19,0.0830
29/07/2026,04:06,139.45,20.36,23.38,9.84,47.33,20.99,-0.86,4.72,1247,1.0255,42.28,0.0829
29/07/2026,04:07,139.45,20.33,23.40,9.82,47.28,21.03,-0.85,4.74,1248,1.0257,42.27,0.0833
29/07/2026,04:08,139.48,20.33,23.40,9.81,47.22,21.00,-0.88,4.73,1248,1.0255,42.27,0.0834
29/07/2026,04:09,139.48,20.33,23.42,9.83,47.19,20.99,-0.87,4.72,1250,1.0252,42.26,0.0831
29/07/2026,04:10,139.46,20.38,23.41,9.85,47.25,20.98,-0.87,4.73,1250,1.0247,42.23,0.0837
29/07/2026,04:11,139.51,20.37,23.41,9.85,47.12,20.97,-0.87,4.70,1247,1.0247,42.27,0.0834
29/07/2026,04:12,139.51,20.41,23.44,9.83,47.10,20.98,-0.85,4.71,1250,1.0243,42.11,0.0837
29/07/2026,04:13,139.49,20.38,23.43,9.84,47.17,21.00,-0.85,4.72,1250,1.0242,42.05,0.0833
29/07/2026,04:14,139.45,20.41,23.37,9.83,47.04,21.00,-0.85,4.74,1248,1.0239,42.12,0.0840
29/07/2026,04:15,139.47,20.44,23.37,9.80,47.04,20.98,-0.83,4.75,1246,1.0241,42.19,0.0837
29/07/2026,04:16,139.58,20.45,23.35,9.79,47.08,20.95,-0.83,4.75,1248,1.0243,42.19,0.0837
29/07/2026,04:17,139.50,20.39,23.44,9.84,47.04,20.98,-0.84,4.75,1247,1.0240,42.25,0.0837
29/07/2026,04:18,139.59,20.36,23.46,9.85,47.10,21.00,-0.81,4.72,1252,1.0242,42.22,0.0837
29/07/2026,04:19,139.60,20.38,23.50,9.83,47.11,20.98,-0.83,4.72,1254,1.0241,42.27,0.0837
29/07/2026,04:20,139.47,20.37,23.50,9.84,47.13,20.94,-0.86,4.72,1249,1.0245,42.21,0.0841
29/07/2026,04:21,139.45,20.32,23.46,9.80,47.24,20.97,-0.89,4.72,1248,1.0244,42.16,0.0842
29/07/2026,04:22,139.37,20.31,23.51,9.80,47.03,20.96,-0.92,4.72,1247,1.0241,42.02,0.0842
29/07/2026,04:23,139.31,20.33,23.50,9.82,47.09,20.98,-0.92,4.71,1248,1.0241,42.03,0.0841
29/07/2026,04:24,139.34,20.30,23.49,9.86,47.11,21.01,-0.92,4.71,1246,1.0242,42.11,0.0841
29/07/2026,04:25,139.23,20.29,23.48,9.86,47.09,20.99,-0.89,4.70,1251,1.0238,41.95,0.0842
29/07/2026,04:26,139.22,20.30,23.49,9.87,47.12,20.94,-0.90,4.72,1251,1.0238,41.87,0.0840
29/07/2026,04:27,139.28,20.29,23.48,9.87,47.04,20.94,-0.89,4.72,1249,1.0235,41.86,0.0832
29/07/2026,04:28,139.26,20.30,23.50,9.86,47.02,20.99,-0.85,4.72,1249,1.0239,41.89,0.0831
29/07/2026,04:29,139.25,20.30,23.45,9.83,47.00,20.99,-0.83,4.72,1246,1.0241,41.88,0.0830
29/07/2026,04:30,139.30,20.30,23.45,9.87,47.07,20.98,-0.85,4.73,1247,1.0239,41.84,0.0832
29/07/2026,04:31,139.31,20.30,23.42,9.84,47.14,21.00,-0.86,4.72,1244,1.0240,41.91,0.0835
29/07/2026,04:32,139.36,20.35,23.45,9.81,47.00,21.01,-0.86,4.71,1242,1.0240,41.88,0.0835
29/07/2026,04:33,139.29,20.26,23.40,9.81,46.90,21.00,-0.86,4.73,1244,1.0242,41.82,0.0830
29/07/2026,04:34,139.33,20.25,23.36,9.82,46.97,21.00,-0.86,4.73,1242,1.0242,41.78,0.0834
29/07/2026,04:35,139.26,20.31,23.39,9.79,47.11,21.01,-0.83,4.72,1242,1.0242,41.92,0.0832
29/07/2026,04:36,139.22,20.32,23.29,9.79,47.06,20.99,-0.84,4.71,1243,1.0243,41.87,0.0829
29/07/2026,04:37,139.20,20.31,23.30,9.80,47.06,21.02,-0.83,4.70,1241,1.0245,41.88,0.0826
29/07/2026,04:38,139.13,20.29,23.28,9.82,47.05,21.02,-0.83,4.70,1237,1.0243,41.93,0.0827
29/07/2026,04:39,139.12,20.37,23.26,9.85,46.99,20.99,-0.86,4.70,1241,1.0245,41.85,0.0826
29/07/2026,04:40,139.06,20.40,23.31,9.84,47.01,20.97,-0.84,4.71,1243,1.0246,41.70,0.0830
29/07/2026,04:41,139.06,20.41,23.31,9.80,47.16,20.99,-0.87,4.70,1240,1.0248,41.88,0.0830
29/07/2026,04:42,139.06,20.39,23.29,9.81,47.18,21.02,-0.86,4.70,1236,1.0245,41.77,0.0832
29/07/2026,04:43,139.09,20.41,23.30,9.79,47.18,21.04,-0.86,4.72,1236,1.0245,41.82,0.0826
29/07/2026,04:44,139.17,20.44,23.30,9.80,47.12,21.03,-0.84,4.71,1238,1.0249,41.73,0.0830
29/07/2026,04:45,139.14,20.48,23.32,9.82,47.16,21.00,-0.86,4.68,1244,1.0249,41.67,0.0833
29/07/2026,04:46,139.06,20.50,23.31,9.84,47.15,21.01,-0.85,4.67,1244,1.0251,41.72,0.0838
29/07/2026,04:47,139.06,20.53,23.29,9.82,47.19,21.00,-0.81,4.67,1241,1.0250,41.67,0.0845
29/07/2026,04:48,139.09,20.50,23.31,9.84,47.19,21.01,-0.82,4.67,1248,1.0248,41.60,0.0846
29/07/2026,04:49,139.09,20.52,23.32,9.86,47.09,21.04,-0.83,4.66,1247,1.0252,41.70,0.0845
29/07/2026,04:50,139.11,20.53,23.35,9.82,47.10,21.07,-0.84,4.67,1243,1.0253,41.71,0.0846
29/07/2026,04:51,139.05,20.50,23.43,9.82,47.13,21.08,-0.86,4.66,1246,1.0256,41.66,0.0840
29/07/2026,04:52,139.15,20.48,23.44,9.80,47.31,21.05,-0.83,4.66,1245,1.0251,41.74,0.0835
29/07/2026,04:53,139.12,20.48,23.38,9.83,47.36,21.01,-0.82,4.66,1248,1.0250,41.95,0.0836
29/07/2026,04:54,139.10,20.47,23.43,9.83,47.39,20.99,-0.85,4.66,1251,1.0250,41.99,0.0836
29/07/2026,04:55,139.15,20.47,23.41,9.83,47.30,20.96,-0.85,4.65,1250,1.0255,41.94,0.0838
29/07/2026,04:56,139.09,20.50,23.53,9.83,47.35,20.95,-0.89,4.67,1254,1.0256,41.90,0.0838
29/07/2026,04:57,139.07,20.51,23.60,9.82,47.41,20.93,-0.93,4.67,1262,1.0255,41.85,0.0833
29/07/2026,04:58,139.13,20.48,23.56,9.80,47.42,20.93,-0.93,4.65,1264,1.0256,41.88,0.0831
29/07/2026,04:59,139.06,20.40,23.60,9.79,47.39,20.91,-0.92,4.66,1263,1.0256,41.89,0.0828
29/07/2026,05:00,139.01,20.38,23.64,9.79,47.33,20.90,-0.95,4.66,1263,1.0255,41.87,0.0834
29/07/2026,05:01,139.02,20.32,23.63,9.78,47.26,20.91,-0.91,4.66,1258,1.0258,42.00,0.0834
29/07/2026,05:02,139.07,20.32,23.65,9.76,47.34,20.89,-0.90,4.67,1260,1.0258,42.08,0.0837
29/07/2026,05:03,139.10,20.26,23.66,9.77,47.26,20.88,-0.90,4.69,1256,1.0259,42.10,0.0836
29/07/2026,05:04,139.09,20.33,23.57,9.74,47.28,20.91,-0.91,4.68,1263,1.0259,42.04,0.0831
29/07/2026,05:05,139.11,20.37,23.58,9.73,47.28,20.92,-0.93,4.69,1261,1.0257,42.08,0.0830
29/07/2026,05:06,139.02,20.40,23.64,9.75,47.36,20.96,-0.93,4.69,1256,1.0261,42.02,0.0833
29/07/2026,05:07,138.92,20.40,23.65,9.81,47.30,20.97,-0.97,4.68,1255,1.0260,41.94,0.0835
29/07/2026,05:08,138.98,20.34,23.68,9.73,47.30,20.93,-0.96,4.68,1256,1.0264,41.87,0.0841
29/07/2026,05:09,139.00,20.37,23.74,9.77,47.33,20.93,-0.96,4.70,1254,1.0262,41.95,0.0841
29/07/2026,05:10,139.07,20.39,23.74,9.76,47.39,20.97,-0.95,4.71,1257,1.0261,41.97,0.0843
29/07/2026,05:11,139.10,20.41,23.75,9.77,47.35,20.94,-0.95,4.71,1251,1.0262,41.91,0.0847
29/07/2026,05:12,139.17,20.43,23.74,9.77,47.27,20.95,-0.96,4.70,1253,1.0260,41.93,0.0844
29/07/2026,05:13,139.17,20.46,23.73,9.73,47.23,20.95,-0.95,4.70,1252,1.0259,41.87,0.0841
29/07/2026,05:14,139.18,20.49,23.72,9.74,47.33,20.99,-0.94,4.69,1253,1.0258,41.89,0.0837
29/07/2026,05:15,139.19,20.50,23.69,9.74,47.49,20.99,-0.93,4.68,1252,1.0259,41.89,0.0835
29/07/2026,05:16,139.17,20.50,23.68,9.76,47.51,20.98,-0.93,4.70,1250,1.0262,42.06,0.0832
29/07/2026,05:17,139.24,20.51,23.65,9.79,47.49,20.99,-0.92,4.70,1251,1.0259,42.24,0.0830
29/07/2026,05:18,139.22,20.55,23.65,9.80,47.49,20.96,-0.89,4.69,1254,1.0258,42.18,0.0828
29/07/2026,05:19,139.26,20.51,23.67,9.77,47.57,20.96,-0.88,4.69,1255,1.0260,42.19,0.0825
29/07/2026,05:20,139.25,20.58,23.67,9.79,47.64,20.94,-0.84,4.68,1252,1.0261,42.23,0.0820
29/07/2026,05:21,139.29,20.54,23.62,9.80,47.70,20.94,-0.83,4.68,1252,1.0264,42.18,0.0809
29/07/2026,05:22,139.33,20.50,23.59,9.76,47.63,20.92,-0.85,4.67,1252,1.0265,42.15,0.0803
29/07/2026,05:23,139.32,20.47,23.63,9.83,47.68,20.94,-0.85,4.67,1249,1.0264,42.08,0.0800
29/07/2026,05:24,139.28,20.47,23.62,9.82,47.65,20.97,-0.88,4.67,1252,1.0262,42.01,0.0805
29/07/2026,05:25,139.35,20.46,23.61,9.83,47.79,20.98,-0.87,4.67,1251,1.0260,42.18,0.0800
29/07/2026,05:26,139.34,20.44,23.61,9.81,47.78,21.02,-0.86,4.66,1248,1.0260,42.20,0.0797
29/07/2026,05:27,139.26,20.45,23.65,9.79,47.77,21.05,-0.86,4.67,1250,1.0258,42.15,0.0801
29/07/2026,05:28,139.35,20.51,23.65,9.77,47.88,21.10,-0.90,4.69,1248,1.0260,42.07,0.0797
29/07/2026,05:29,139.35,20.55,23.65,9.77,47.81,21.08,-0.91,4.70,1250,1.0258,42.09,0.0796
29/07/2026,05:30,139.37,20.56,23.67,9.80,47.90,21.04,-0.89,4.70,1251,1.0262,42.11,0.0799
29/07/2026,05:31,139.35,20.53,23.67,9.82,47.93,21.03,-0.90,4.71,1248,1.0260,42.12,0.0801
29/07/2026,05:32,139.28,20.53,23.68,9.82,47.92,21.02,-0.89,4.71,1245,1.0259,42.02,0.0804
29/07/2026,05:33,139.28,20.52,23.66,9.84,47.91,21.02,-0.87,4.72,1243,1.0260,42.05,0.0800
29/07/2026,05:34,139.22,20.54,23.63,9.91,47.85,20.96,-0.89,4.71,1239,1.0263,42.06,0.0797
29/07/2026,05:35,139.16,20.54,23.62,9.90,47.86,21.00,-0.89,4.71,1241,1.0267,42.10,0.0797
29/07/2026,05:36,139.18,20.55,23.62,9.93,47.82,21.01,-0.89,4.71,1240,1.0269,42.08,0.0794
29/07/2026,05:37,139.21,20.52,23.54,9.94,47.81,20.98,-0.89,4.73,1241,1.0269,42.16,0.0798
29/07/2026,05:38,139.19,20.52,23.46,9.92,47.83,21.02,-0.86,4.73,1239,1.0269,42.07,0.0795
29/07/2026,05:39,139.27,20.53,23.43,9.93,47.80,21.00,-0.86,4.73,1234,1.0267,42.11,0.0803
29/07/2026,05:40,139.24,20.60,23.37,9.93,47.71,21.03,-0.85,4.75,1236,1.0269,42.21,0.0803
29/07/2026,05:41,139.23,20.63,23.30,9.92,47.63,21.04,-0.87,4.74,1237,1.0273,42.28,0.0801
29/07/2026,05:42,139.26,20.67,23.26,9.89,47.53,21.03,-0.84,4.74,1242,1.0275,42.20,0.0801
29/07/2026,05:43,139.26,20.71,23.22,9.91,47.57,21.05,-0.84,4.72,1238,1.0273,42.25,0.0796
29/07/2026,05:44,139.20,20.72,23.21,9.90,47.61,21.03,-0.84,4.73,1237,1.0272,42.17,0.0793
29/07/2026,05:45,139.16,20.78,23.18,9.86,47.61,21.00,-0.81,4.73,1235,1.0278,42.19,0.0791
29/07/2026,05:46,139.18,20.80,23.23,9.83,47.62,21.01,-0.79,4.72,1236,1.0281,41.99,0.0790
29/07/2026,05:47,139.22,20.80,23.19,9.83,47.57,21.03,-0.80,4.71,1236,1.0280,42.13,0.0793
29/07/2026,05:48,139.11,20.85,23.19,9.81,47.52,21.06,-0.79,4.71,1240,1.0282,42.12,0.0791
29/07/2026,05:49,139.14,20.89,23.25,9.83,47.60,21.03,-0.79,4.70,1243,1.0280,41.95,0.0794
29/07/2026,05:50,139.19,20.91,23.21,9.80,47.67,21.05,-0.83,4.70,1245,1.0281,41.94,0.0795
29/07/2026,05:51,139.12,20.90,23.27,9.78,47.66,21.10,-0.87,4.70,1248,1.0280,42.01,0.0797
29/07/2026,05:52,139.16,20.93,23.28,9.72,47.64,21.11,-0.88,4.70,1250,1.0280,42.05,0.0799
29/07/2026,05:53,139.26,20.96,23.29,9.73,47.56,21.11,-0.87,4.71,1250,1.0279,41.93,0.0804
29/07/2026,05:54,139.24,20.99,23.29,9.71,47.62,21.08,-0.86,4.71,1249,1.0278,41.92,0.0801
29/07/2026,05:55,139.28,20.99,23.25,9.71,47.46,21.12,-0.86,4.71,1248,1.0278,42.07,0.0801
29/07/2026,05:56,139.34,20.97,23.32,9.72,47.56,21.15,-0.85,4.71,1242,1.0278,42.02,0.0797
29/07/2026,05:57,139.38,20.93,23.36,9.79,47.47,21.16,-0.85,4.71,1241,1.0277,42.03,0.0799
29/07/2026,05:58,139.38,20.95,23.36,9.82,47.49,21.17,-0.86,4.69,1249,1.0278,42.03,0.0798
29/07/2026,05:59,139.44,20.94,23.38,9.82,47.45,21.21,-0.87,4.69,1250,1.0277,42.06,0.0798
29/07/2026,06:00,139.45,20.96,23.49,9.82,47.53,21.24,-0.87,4.72,1252,1.0277,42.02,0.0795
29/07/2026,06:01,139.41,20.99,23.57,9.83,47.50,21.21,-0.88,4.75,1259,1.0278,42.03,0.0791
29/07/2026,06:02,139.48,20.99,23.59,9.85,47.45,21.23,-0.90,4.76,1263,1.0278,42.18,0.0794
29/07/2026,06:03,139.53,21.02,23.61,9.92,47.38,21.24,-0.90,4.77,1267,1.0280,42.18,0.0796
29/07/2026,06:04,139.52,21.05,23.73,9.94,47.45,21.27,-0.87,4.77,1271,1.0279,42.28,0.0798
29/07/2026,06:05,139.62,21.07,23.79,9.94,47.35,21.24,-0.85,4.78,1272,1.0282,42.40,0.0793
29/07/2026,06:06,139.57,21.08,23.86,9.93,47.38,21.21,-0.88,4.79,1276,1.0282,42.50,0.0792
29/07/2026,06:07,139.61,21.09,23.85,9.94,47.40,21.15,-0.88,4.79,1275,1.0280,42.46,0.0798
29/07/2026,06:08,139.60,21.06,23.93,9.98,47.28,21.12,-0.90,4.81,1281,1.0279,42.52,0.0800
29/07/2026,06:09,139.58,21.05,23.92,9.97,47.14,21.13,-0.94,4.81,1277,1.0283,42.43,0.0804
29/07/2026,06:10,139.61,21.05,23.97,10.00,47.13,21.10,-0.94,4.82,1283,1.0278,42.48,0.0802
29/07/2026,06:11,139.60,21.05,23.98,9.98,47.11,21.09,-0.97,4.82,1287,1.0274,42.43,0.0797
29/07/2026,06:12,139.69,21.00,24.03,9.99,47.23,21.02,-0.96,4.83,1288,1.0272,42.43,0.0792
29/07/2026,06:13,139.69,20.96,24.07,10.03,47.23,21.00,-0.97,4.86,1287,1.0274,42.34,0.0789
29/07/2026,06:14,139.75,20.99,24.12,10.04,47.35,21.00,-0.97,4.86,1286,1.0272,42.35,0.0792
29/07/2026,06:15,139.76,20.98,24.12,10.09,47.45,20.94,-0.97,4.85,1286,1.0272,42.38,0.0794
29/07/2026,06:16,139.82,20.97,24.16,10.16,47.40,20.95,-0.96,4.84,1288,1.0272,42.36,0.0794
29/07/2026,06:17,139.79,20.91,24.15,10.16,47.38,20.96,-1.00,4.85,1284,1.0270,42.17,0.0797
29/07/2026,06:18,139.84,20.93,24.18,10.15,47.39,20.96,-1.00,4.84,1284,1.0271,42.19,0.0795
29/07/2026,06:19,139.86,20.98,24.24,10.21,47.24,20.93,-1.02,4.83,1281,1.0269,42.25,0.0794
29/07/2026,06:20,139.87,21.01,24.19,10.20,47.17,20.89,-1.01,4.83,1283,1.0266,42.25,0.0797
29/07/2026,06:21,139.82,20.98,24.16,10.18,47.12,20.88,-1.02,4.83,1283,1.0269,42.29,0.0793
29/07/2026,06:22,139.79,21.02,24.19,10.20,47.06,20.89,-1.02,4.84,1285,1.0268,42.30,0.0793
29/07/2026,06:23,139.80,21.05,24.16,10.19,47.09,20.81,-1.01,4.83,1282,1.0271,42.40,0.0790
29/07/2026,06:24,139.76,21.07,24.14,10.22,47.20,20.84,-0.99,4.84,1284,1.0271,42.38,0.0794
29/07/2026,06:25,139.73,21.03,24.17,10.20,47.17,20.81,-0.98,4.85,1284,1.0271,42.42,0.0794
29/07/2026,06:26,139.65,20.98,24.13,10.19,47.12,20.82,-1.00,4.86,1284,1.0273,42.36,0.0792
29/07/2026,06:27,139.69,21.01,24.17,10.22,47.10,20.83,-0.99,4.86,1285,1.0273,42.36,0.0799
29/07/2026,06:28,139.75,20.97,24.22,10.26,46.97,20.77,-0.98,4.85,1289,1.0271,42.33,0.0800
29/07/2026,06:29,139.71,20.98,24.25,10.27,46.93,20.77,-1.01,4.84,1291,1.0273,42.25,0.0797
29/07/2026,06:30,139.79,21.02,24.29,10.28,46.88,20.72,-1.04,4.86,1293,1.0276,42.18,0.0796
29/07/2026,06:31,139.84,21.01,24.35,10.31,47.00,20.71,-1.07,4.86,1291,,42.20,0.0794
29/07/2026,06:32,139.82,20.95,24.34,10.32,46.93,20.68,-1.07,4.86,1295,,42.20,0.0795
29/07/2026,06:33,139.83,20.94,24.36,10.34,46.93,20.67,-1.08,4.85,1293,,42.17,0.0795
29/07/2026,06:34,139.83,20.98,24.36,10.33,46.85,20.65,-1.10,4.84,1296,,42.08,0.0800
29/07/2026,06:35,139.79,21.01,24.38,10.31,46.84,20.64,-1.09,4.84,1295,,41.93,0.0802
29/07/2026,06:36,139.76,21.04,24.36,10.33,46.89,20.66,-1.10,4.84,1289,,41.91,0.0801
29/07/2026,06:37,139.74,21.05,24.41,10.34,46.92,20.66,-1.09,4.85,1294,,41.87,0.0799
29/07/2026,06:38,139.65,21.06,24.46,10.36,46.90,20.64,-1.13,4.84,1297,,41.93,0.0796
29/07/2026,06:39,139.60,21.07,24.46,10.32,46.88,20.63,-1.13,4.85,1293,,41.92,0.0790
29/07/2026,06:40,139.59,21.12,24.48,10.31,46.82,20.65,-1.14,4.83,1292,,41.74,0.0789
29/07/2026,06:41,139.57,21.09,24.49,10.35,46.97,20.65,-1.13,4.82,1296,,41.77,0.0790
29/07/2026,06:42,139.56,21.18,24.53,10.36,46.99,20.62,-1.13,4.82,1294,,41.82,0.0792
29/07/2026,06:43,139.61,21.22,24.56,10.39,46.98,20.62,-1.14,4.83,1294,1.0264,41.61,0.0793
29/07/2026,06:44,139.61,21.18,24.54,10.43,47.01,20.59,-1.13,4.81,1297,1.0262,41.62,0.0794
29/07/2026,06:45,139.57,21.24,24.53,10.43,47.13,20.61,-1.13,4.82,1292,1.0258,41.56,0.0794
29/07/2026,06:46,139.66,21.16,24.45,10.44,47.15,20.59,-1.16,4.81,1293,1.0260,41.60,0.0795
29/07/2026,06:47,139.69,21.20,24.50,10.41,47.23,20.58,-1.17,4.81,1292,1.0262,41.67,0.0800
29/07/2026,06:48,139.66,21.23,24.59,10.39,47.10,20.56,-1.17,4.82,1292,1.0261,41.65,0.0796
29/07/2026,06:49,139.65,21.27,24.53,10.39,47.07,20.54,-1.16,4.82,1290,1.0260,41.66,0.0791
29/07/2026,06:50,139.64,21.31,24.47,10.39,47.10,20.54,-1.18,4.82,1290,1.0263,41.58,0.0787
29/07/2026,06:51,139.59,21.27,24.40,10.42,47.13,20.54,-1.16,4.83,1292,1.0266,41.62,0.0784
29/07/2026,06:52,139.53,21.27,24.40,10.41,47.12,20.54,-1.14,4.84,1287,1.0267,41.51,0.0783
29/07/2026,06:53,139.52,21.25,24.41,10.40,47.14,20.56,-1.11,4.85,1286,1.0266,41.53,0.0779
29/07/2026,06:54,139.49,21.28,24.39,10.40,47.15,20.58,-1.12,4.84,1284,1.0262,41.55,0.0782
29/07/2026,06:55,139.48,21.33,24.39,10.38,47.21,20.62,-1.14,4.84,1282,1.0259,41.43,0.0781
29/07/2026,06:56,139.47,21.35,24.33,10.35,47.27,20.59,-1.14,4.84,1286,1.0261,41.53,0.0785
29/07/2026,06:57,139.60,21.35,24.30,10.34,47.28,20.59,-1.10,4.84,1284,1.0264,41.58,0.0785
29/07/2026,06:58,139.65,21.44,24.26,10.35,47.26,20.58,-1.13,4.83,1284,1.0263,41.60,0.0787
29/07/2026,06:59,139.60,21.40,24.23,10.36,47.22,20.61,-1.16,4.84,1287,1.0263,41.62,0.0787
29/07/2026,07:00,139.63,21.46,24.22,10.34,47.22,20.63,-1.16,4.83,1283,1.0263,41.55,0.0787
29/07/2026,07:01,139.61,21.51,24.22,10.35,47.15,20.60,-1.16,4.84,1287,1.0266,41.45,0.0786
29/07/2026,07:02,139.57,21.57,24.24,10.34,47.24,20.58,-1.14,4.84,1285,1.0269,41.33,0.0792
29/07/2026,07:03,139.55,21.58,24.24,10.37,47.23,20.59,-1.14,4.83,1288,1.0269,41.34,0.0789
29/07/2026,07:04,139.52,21.59,24.18,10.34,47.20,20.60,-1.13,4.84,1289,1.0266,41.35,0.0789
29/07/2026,07:05,139.50,21.60,24.21,10.36,47.35,20.56,-1.13,4.84,1289,1.0268,41.38,0.0793
29/07/2026,07:06,139.54,21.61,24.23,10.33,47.40,20.57,-1.16,4.86,1290,1.0272,41.52,0.0795
29/07/2026,07:07,139.52,21.61,24.26,10.29,47.32,20.55,-1.18,4.87,1292,1.0272,41.52,0.0802
29/07/2026,07:08,139.46,21.71,24.30,10.32,47.38,20.50,-1.18,4.87,1290,1.0270,41.64,0.0799
29/07/2026,07:09,139.54,21.70,24.34,10.34,47.34,20.50,-1.22,4.86,1291,1.0271,41.69,0.0799
29/07/2026,07:10,139.57,21.66,24.41,10.38,47.39,20.50,-1.24,4.86,1291,1.0267,41.77,0.0802
29/07/2026,07:11,139.53,21.66,24.42,10.39,47.41,20.50,-1.24,4.86,1294,1.0265,41.74,0.0799
29/07/2026,07:12,139.49,21.68,24.47,10.41,47.37,20.50,-1.25,4.84,1295,1.0264,41.66,0.0792
29/07/2026,07:13,139.50,21.65,24.42,10.40,47.42,20.47,-1.23,4.84,1300,1.0261,41.71,0.0790
29/07/2026,07:14,139.54,21.67,24.41,10.42,47.50,20.44,-1.26,4.85,1300,1.0265,41.81,0.0786
29/07/2026,07:15,139.63,21.70,24.40,10.40,47.42,20.45,-1.25,4.86,1301,1.0266,41.91,0.0786
29/07/2026,07:16,139.63,21.73,24.38,10.39,47.43,20.48,-1.24,4.84,1299,1.0265,41.92,0.0793
29/07/2026,07:17,139.64,21.68,24.37,10.39,47.35,20.45,-1.21,4.85,1299,1.0266,41.90,0.0790
29/07/2026,07:18,139.65,21.71,24.45,10.40,47.34,20.45,-1.18,4.85,1298,1.0261,41.95,0.0794
29/07/2026,07:19,139.65,21.74,24.51,10.39,47.42,20.43,-1.18,4.84,1298,1.0260,41.88,0.0792
29/07/2026,07:20,139.64,21.71,24.52,10.37,47.39,20.42,-1.18,4.83,1293,1.0261,41.73,0.0790
29/07/2026,07:21,139.65,21.74,24.51,10.37,47.40,20.41,-1.18,4.83,1287,1.0260,41.75,0.0788
29/07/2026,07:22,139.60,21.78,24.42,10.33,47.41,20.40,-1.19,4.81,1288,1.0262,41.80,0.0792
29/07/2026,07:23,139.64,21.82,24.41,10.36,47.43,20.39,-1.17,4.83,1288,1.0265,41.78,0.0794
29/07/2026,07:24,139.64,21.82,24.42,10.35,47.45,20.38,-1.16,4.84,1290,1.0265,41.84,0.0792
29/07/2026,07:25,139.65,21.85,24.46,10.35,47.34,20.43,-1.16,4.84,1291,1.0263,41.73,0.0794
29/07/2026,07:26,139.61,21.88,24.43,10.31,47.45,20.48,-1.14,4.84,1293,1.0264,41.92,0.0794
29/07/2026,07:27,139.72,21.87,24.46,10.30,47.36,20.45,-1.13,4.86,1292,1.0266,41.89,0.0798
29/07/2026,07:28,139.78,21.91,24.42,10.30,47.46,20.43,-1.12,4.86,1294,1.0264,42.04,0.0799
29/07/2026,07:29,139.73,21.90,24.40,10.30,47.51,20.40,-1.10,4.85,1297,1.0265,42.05,0.0795
29/07/2026,07:30,139.73,21.92,24.38,10.31,47.46,20.37,-1.14,4.86,1297,1.0263,42.12,0.0798
29/07/2026,07:31,139.74,21.90,24.41,10.33,47.49,20.35,-1.17,4.85,1296,1.0262,42.05,0.0802
29/07/2026,07:32,139.77,21.96,24.45,10.29,47.52,20.37,-1.19,4.86,1294,1.0259,42.31,0.0806
29/07/2026,07:33,139.78,22.00,24.38,10.28,47.51,20.35,-1.16,4.86,1291,1.0264,42.28,0.0805
29/07/2026,07:34,139.81,22.02,24.38,10.31,47.41,20.29,-1.16,4.87,1291,1.0262,42.41,0.0806
29/07/2026,07:35,139.81,22.06,24.37,10.32,47.39,20.32,-1.17,4.87,1293,1.0259,42.57,0.0808
29/07/2026,07:36,139.75,22.10,24.41,10.32,47.37,20.30,-1.15,4.85,1299,1.0260,42.59,0.0810
29/07/2026,07:37,139.76,22.13,24.46,10.29,47.50,20.31,-1.18,4.84,1296,1.0263,42.63,0.0813
29/07/2026,07:38,139.71,22.10,24.44,10.35,47.48,20.31,-1.21,4.83,1299,1.0265,42.62,0.0812
29/07/2026,07:39,139.71,22.09,24.44,10.36,47.41,20.35,-1.24,4.84,1296,1.0266,42.76,0.0813
29/07/2026,07:40,139.72,22.07,24.45,10.33,47.38,20.31,-1.24,4.84,1296,1.0266,42.78,0.0811
29/07/2026,07:41,139.78,22.11,24.48,10.36,47.38,20.36,-1.22,4.84,1299,1.0264,42.86,0.0808
29/07/2026,07:42,139.70,22.14,24.52,10.37,47.37,20.38,-1.18,4.85,1301,1.0261,42.92,0.0808
29/07/2026,07:43,139.69,22.13,24.56,10.36,47.32,20.43,-1.17,4.86,1303,1.0260,42.85,0.0809
29/07/2026,07:44,139.69,22.09,24.62,10.38,47.28,20.38,-1.18,4.85,1305,1.0263,42.83,0.0806
29/07/2026,07:45,139.71,22.10,24.62,10.43,47.27,20.34,-1.16,4.85,1307,1.0262,42.89,0.0803
29/07/2026,07:46,139.73,22.17,24.59,10.45,47.25,20.32,-1.17,4.84,1306,1.0263,42.94,0.0807
29/07/2026,07:47,139.66,22.28,24.65,10.45,47.31,20.28,-1.18,4.84,1306,1.0262,42.94,0.0802
29/07/2026,07:48,139.62,22.30,24.62,10.43,47.33,20.26,-1.20,4.83,1303,1.0258,42.72,0.0799
29/07/2026,07:49,139.62,22.32,24.63,10.39,47.33,20.26,-1.22,4.85,1300,1.0257,42.85,0.0796
29/07/2026,07:50,139.57,22.36,24.62,10.40,47.39,20.29,-1.23,4.84,1298,1.0258,42.82,0.0797
29/07/2026,07:51,139.65,22.38,24.62,10.40,47.31,20.29,-1.24,4.85,1299,1.0257,42.90,0.0792
29/07/2026,07:52,139.58,22.33,24.69,10.37,47.40,20.32,-1.22,4.85,1302,1.0258,42.82,0.0795
29/07/2026,07:53,139.57,22.30,24.68,10.38,47.52,20.31,-1.24,4.86,1301,1.0258,42.64,0.0797
29/07/2026,07:54,139.53,22.32,24.69,10.42,47.43,20.30,-1.25,4.85,1304,1.0258,42.73,0.0797
29/07/2026,07:55,139.52,22.35,24.70,10.45,47.42,20.30,-1.24,4.86,1302,1.0258,42.73,0.0803
29/07/2026,07:56,139.55,22.36,24.69,10.45,47.51,20.29,-1.24,4.87,1295,1.0259,42.67,0.0802
29/07/2026,07:57,139.57,22.38,24.64,10.47,47.46,20.26,-1.27,4.86,1297,1.0257,42.61,0.0807
29/07/2026,07:58,139.61,22.44,24.60,10.47,47.42,20.26,-1.26,4.87,1294,1.0256,42.49,0.0807
29/07/2026,07:59,139.60,22.50,24.60,10.43,47.48,20.21,-1.25,4.84,1291,1.0260,42.49,0.0802
29/07/2026,08:00,139.62,22.55,24.54,10.46,47.48,20.19,-1.22,4.84,1293,1.0261,42.34,0.0804
29/07/2026,08:01,139.63,22.55,24.62,10.46,47.59,20.20,-1.21,4.84,1289,1.0263,42.43,0.0800
29/07/2026,08:02,139.56,22.53,24.60,10.47,47.61,20.19,-1.18,4.83,1293,1.0261,42.55,0.0802
29/07/2026,08:03,139.62,22.60,24.61,10.47,47.54,20.18,-1.14,4.82,1291,1.0260,42.55,0.0805
29/07/2026,08:04,139.65,22.64,24.56,10.46,47.54,20.19,-1.13,4.81,1286,1.0262,42.55,0.0805
29/07/2026,08:05,139.68,22.66,24.55,10.48,47.41,20.19,-1.15,4.81,1291,1.0260,42.51,0.0806
29/07/2026,08:06,139.58,22.69,24.51,10.46,47.52,20.19,-1.15,4.83,1287,1.0260,42.43,0.0807
29/07/2026,08:07,139.53,22.73,24.44,10.44,47.52,20.19,-1.14,4.85,1285,1.0265,42.40,0.0812
29/07/2026,08:08,139.54,22.72,24.40,10.40,47.54,20.19,-1.14,4.85,1283,1.0265,42.42,0.0815
29/07/2026,08:09,139.55,22.72,24.40,10.37,47.49,20.20,-1.13,4.86,1287,1.0261,42.43,0.0809
29/07/2026,08:10,139.62,22.79,24.36,10.32,47.51,20.23,-1.15,4.85,1286,1.0265,42.53,0.0806
29/07/2026,08:11,139.59,22.76,24.46,10.37,47.59,20.24,-1.13,4.86,1288,1.0265,42.53,0.0806
29/07/2026,08:12,139.59,22.74,24.53,10.40,47.72,20.26,-1.10,4.85,1284,1.0263,42.49,0.0804
29/07/2026,08:13,139.62,22.76,24.54,10.35,47.70,20.23,-1.07,4.86,1284,1.0264,42.54,0.0806
29/07/2026,08:14,139.61,22.79,24.55,10.33,47.71,20.24,-1.05,4.86,1283,1.0262,42.61,0.0812
29/07/2026,08:15,139.61,22.81,24.55,10.31,47.63,20.26,-1.02,4.86,1290,1.0260,42.57,0.0805
29/07/2026,08:16,139.61,22.85,24.52,10.28,47.68,20.26,-1.03,4.89,1293,1.0258,42.52,0.0809
29/07/2026,08:17,139.55,22.86,24.48,10.26,47.73,20.30,-1.01,4.87,1290,1.0258,42.53,0.0810
29/07/2026,08:18,139.54,22.90,24.49,10.26,47.77,20.26,-0.98,4.87,1287,1.0261,42.52,0.0805
29/07/2026,08:19,139.57,22.89,24.46,10.25,47.74,20.29,-1.00,4.86,1284,1.0258,42.50,0.0802
29/07/2026,08:20,139.47,22.91,24.46,10.26,47.61,20.31,-1.05,4.86,1283,1.0258,42.55,0.0798
29/07/2026,08:21,139.50,22.94,24.45,10.20,47.61,20.30,-1.05,4.85,1281,1.0260,42.57,0.0794
29/07/2026,08:22,139.49,23.00,24.41,10.18,47.56,20.32,-1.05,4.83,1278,1.0258,42.48,0.0786
29/07/2026,08:23,139.49,22.97,24.40,10.17,47.37,20.30,-1.07,4.84,1279,1.0259,42.49,0.0790
29/07/2026,08:24,139.45,23.00,24.43,10.19,47.39,20.32,-1.04,4.85,1281,1.0260,42.48,0.0787
29/07/2026,08:25,139.53,23.03,24.41,10.18,47.47,20.34,-1.02,4.87,1277,1.0257,42.63,0.0783
29/07/2026,08:26,139.61,23.12,24.39,10.20,47.47,20.39,-1.03,4.86,1278,1.0259,42.63,0.0779
29/07/2026,08:27,139.62,23.07,24.34,10.22,47.44,20.40,-1.04,4.89,1285,1.0260,42.51,0.0776
29/07/2026,08:28,139.60,23.07,24.24,10.20,47.48,20.42,-1.02,4.91,1281,1.0262,42.49,0.0776
29/07/2026,08:29,139.59,23.07,24.25,10.18,47.49,20.43,-1.02,4.90,1280,1.0264,42.48,0.0782
29/07/2026,08:30,139.59,23.13,24.26,10.18,47.34,20.41,-1.01,4.90,1281,1.0267,42.43,0.0787
29/07/2026,08:31,139.63,23.10,24.18,10.15,47.33,20.37,-1.04,4.88,1279,1.0263,42.36,0.0788
29/07/2026,08:32,139.70,23.15,24.25,10.16,47.35,20.38,-1.05,4.87,1282,1.0263,42.38,0.0788
29/07/2026,08:33,139.63,23.18,24.20,10.19,47.28,20.37,-1.04,4.86,1278,1.0262,42.32,0.0792
29/07/2026,08:34,139.62,23.17,24.25,10.18,47.24,20.35,-1.03,4.85,1281,1.0264,42.24,0.0794
29/07/2026,08:35,139.64,23.16,24.20,10.23,47.25,20.34,-1.02,4.83,1285,1.0263,42.17,0.0795
29/07/2026,08:36,139.71,23.17,24.22,10.25,47.30,20.32,-1.01,4.83,1281,1.0264,42.11,0.0790
29/07/2026,08:37,139.69,23.18,24.25,10.23,47.33,20.36,-1.02,4.85,1283,1.0262,42.19,0.0790
29/07/2026,08:38,139.65,23.15,24.24,10.24,47.39,20.35,-1.05,4.87,1288,1.0261,42.27,0.0795
29/07/2026,08:39,139.65,23.20,24.23,10.20,47.49,20.38,-1.07,4.87,1291,1.0262,42.33,0.0799
29/07/2026,08:40,139.65,23.18,24.17,10.19,47.49,20.39,-1.08,4.87,1285,1.0256,42.31,0.0798
29/07/2026,08:41,139.65,23.20,24.17,10.16,47.39,20.37,-1.08,4.88,1285,1.0259,42.35,0.0804
29/07/2026,08:42,139.58,23.23,24.19,10.19,47.38,20.43,-1.09,4.86,1285,1.0262,42.34,0.0801
29/07/2026,08:43,139.57,23.18,24.25,10.20,47.40,20.43,-1.08,4.85,1282,1.0257,42.33,0.0800
29/07/2026,08:44,139.53,23.21,24.26,10.23,47.36,20.39,-1.08,4.86,1281,1.0257,42.38,0.0799
29/07/2026,08:45,139.47,23.33,24.19,10.24,47.35,20.34,-1.08,4.86,1284,1.0259,42.35,0.0801
29/07/2026,08:46,139.52,23.28,24.17,10.24,47.28,20.32,-1.09,4.85,1287,1.0258,42.32,0.0803
29/07/2026,08:47,139.57,23.36,24.23,10.28,47.29,20.34,-1.12,4.86,1289,1.0261,42.31,0.0800
29/07/2026,08:48,139.56,23.44,24.27,10.31,47.26,20.34,-1.12,4.86,1288,1.0260,42.31,0.0799
29/07/2026,08:49,139.57,23.45,24.32,10.34,47.40,20.33,-1.11,4.86,1292,1.0261,42.34,0.0802
29/07/2026,08:50,139.59,23.47,24.33,10.38,47.44,20.31,-1.13,4.84,1294,1.0263,42.16,0.0802
29/07/2026,08:51,139.55,23.49,24.33,10.37,47.55,20.32,-1.11,4.85,1291,1.0263,42.12,0.0797
29/07/2026,08:52,139.56,23.54,24.33,10.37,47.53,20.34,-1.10,4.85,1292,1.0264,42.19,0.0801
29/07/2026,08:53,139.53,23.58,24.26,10.40,47.51,20.32,-1.10,4.86,1291,1.0264,42.12,0.0799
29/07/2026,08:54,139.58,23.56,24.31,10.43,47.51,20.33,-1.11,4.85,1291,1.0259,42.08,0.0796
29/07/2026,08:55,139.59,23.60,24.34,10.44,47.59,20.27,-1.09,4.86,1291,1.0263,41.92,0.0797
29/07/2026,08:56,139.59,23.59,24.30,10.46,47.46,20.24,-1.08,4.86,1286,1.0261,41.86,0.0802
29/07/2026,08:57,139.60,23.59,24.25,10.47,47.58,20.19,-1.09,4.85,1285,1.0259,41.91,0.0801
29/07/2026,08:58,139.65,23.62,24.25,10.41,47.50,20.17,-1.10,4.86,1287,1.0259,41.84,0.0800
29/07/2026,08:59,139.70,23.67,24.22,10.43,47.45,20.18,-1.11,4.84,1284,1.0261,42.06,0.0798
29/07/2026,09:00,139.75,23.73,24.26,10.40,47.49,20.19,-1.11,4.84,1288,1.0256,42.10,0.0801
29/07/2026,09:01,139.75,23.73,24.26,10.37,47.53,20.23,-1.11,4.84,1289,1.0258,42.14,0.0798
29/07/2026,09:02,139.88,23.70,24.22,10.40,47.48,20.20,-1.11,4.85,1291,1.0262,42.22,0.0802
29/07/2026,09:03,139.87,23.78,24.23,10.42,47.51,20.25,-1.11,4.85,1292,1.0263,42.24,0.0797
29/07/2026,09:04,139.89,23.76,24.21,10.42,47.51,20.25,-1.13,4.87,1290,1.0262,42.28,0.0803
29/07/2026,09:05,139.89,23.72,24.25,10.35,47.48,20.31,-1.11,4.86,1288,1.0263,42.34,0.0805
29/07/2026,09:06,139.88,23.75,24.28,10.35,47.42,20.34,-1.15,4.86,1289,1.0265,42.43,0.0803
29/07/2026,09:07,139.87,23.73,24.26,10.37,47.43,20.34,-1.17,4.87,1287,1.0266,42.34,0.0807
29/07/2026,09:08,139.88,23.74,24.28,10.37,47.51,20.31,-1.14,4.88,1285,1.0265,42.27,0.0806
29/07/2026,09:09,139.84,23.73,24.34,10.33,47.44,20.34,-1.16,4.88,1287,1.0268,42.13,0.0798
29/07/2026,09:10,139.83,23.75,24.30,10.32,47.47,20.31,-1.15,4.89,1285,1.0269,42.17,0.0798
29/07/2026,09:11,139.85,23.76,24.27,10.36,47.48,20.29,-1.11,4.88,1283,1.0267,42.03,0.0807
29/07/2026,09:12,139.88,23.73,24.30,10.35,47.66,20.24,-1.10,4.88,1281,1.0269,41.99,0.0808
29/07/2026,09:13,139.91,23.77,24.29,10.38,47.63,20.22,-1.12,4.87,1283,1.0276,41.91,0.0802
29/07/2026,09:14,139.87,23.85,24.27,10.36,47.63,20.20,-1.12,4.88,1284,1.0275,42.05,0.0802
29/07/2026,09:15,139.79,23.87,24.25,10.41,47.67,20.24,-1.07,4.90,1279,1.0276,42.19,0.0803
29/07/2026,09:16,139.74,23.89,24.27,10.40,47.72,20.28,-1.08,4.90,1284,1.0277,42.29,0.0808
29/07/2026,09:17,139.63,23.93,24.30,10.45,47.86,20.28,-1.09,4.89,1280,1.0279,42.37,0.0805
29/07/2026,09:18,139.57,23.94,24.36,10.43,47.96,20.26,-1.09,4.89,1287,1.0275,42.57,0.0797
29/07/2026,09:19,139.55,23.94,24.34,10.43,48.04,20.25,-1.11,4.89,1288,1.0272,42.60,0.0799
29/07/2026,09:20,139.58,23.92,24.36,10.40,47.94,20.23,-1.10,4.88,1290,1.0275,42.63,0.0799
29/07/2026,09:21,139.58,23.92,24.42,10.40,47.94,20.23,-1.10,4.87,1293,1.0277,42.66,0.0799
29/07/2026,09:22,139.55,23.99,24.41,10.39,48.03,20.21,-1.11,4.87,1295,1.0278,42.65,0.0797
29/07/2026,09:23,139.51,24.02,24.46,10.36,47.91,20.23,-1.11,4.89,1295,1.0276,42.73,0.0798
29/07/2026,09:24,139.53,24.00,24.52,10.33,47.99,20.25,-1.07,4.90,1295,1.0275,42.74,0.0803
29/07/2026,09:25,139.49,24.01,24.49,10.29,48.00,20.24,-1.06,4.89,1293,1.0274,42.74,0.0804
29/07/2026,09:26,139.54,24.02,24.48,10.29,48.01,20.23,-1.09,4.90,1294,1.0275,42.70,0.0806
29/07/2026,09:27,139.58,24.05,24.48,10.32,47.99,20.20,-1.11,4.89,1295,1.0272,42.67,0.0809
29/07/2026,09:28,139.59,24.06,24.53,10.31,47.97,20.25,-1.11,4.90,1295,1.0267,42.65,0.0812
29/07/2026,09:29,139.55,24.02,24.52,10.31,47.98,20.28,-1.10,4.89,1292,1.0266,42.72,0.0811
29/07/2026,09:30,139.54,24.04,24.50,10.33,47.90,20.29,-1.09,4.89,1288,1.0268,42.69,0.0814
29/07/2026,09:31,139.54,24.12,24.47,10.35,47.81,20.31,-1.13,4.88,1289,1.0264,42.64,0.0813
29/07/2026,09:32,139.58,24.19,24.48,10.35,47.81,20.31,-1.10,4.89,1288,1.0264,42.71,0.0812
29/07/2026,09:33,139.59,24.16,24.53,10.37,47.87,20.34,-1.12,4.91,1289,1.0261,42.61,0.0820
29/07/2026,09:34,139.68,24.13,24.48,10.35,47.95,20.33,-1.10,4.91,1290,1.0262,42.62,0.0814
29/07/2026,09:35,139.70,24.17,24.42,10.34,47.96,20.31,-1.13,4.88,1291,1.0264,42.65,0.0816
29/07/2026,09:36,139.74,24.15,24.41,10.32,48.00,20.31,-1.13,4.90,1286,1.0268,42.74,0.0821
29/07/2026,09:37,139.73,24.19,24.35,10.30,47.99,20.34,-1.16,4.89,1291,1.0265,42.74,0.0821
29/07/2026,09:38,139.83,24.21,24.38,10.31,47.89,20.33,-1.15,4.90,1292,1.0264,42.67,0.0822
29/07/2026,09:39,139.80,24.24,24.43,10.28,47.90,20.34,-1.12,4.88,1288,1.0261,42.59,0.0820
29/07/2026,09:40,139.74,24.28,24.42,10.29,47.98,20.34,-1.10,4.86,1291,1.0258,42.72,0.0823
29/07/2026,09:41,139.66,24.39,24.44,10.29,48.21,20.31,-1.10,4.85,1286,1.0261,42.64,0.0818
29/07/2026,09:42,139.76,24.51,24.32,10.27,48.15,20.32,-1.14,4.85,1279,1.0262,42.60,0.0816
29/07/2026,09:43,139.67,24.50,24.28,10.32,48.21,20.32,-1.14,4.86,1280,1.0260,42.72,0.0821
29/07/2026,09:44,139.64,24.54,24.27,10.37,48.17,20.36,-1.10,4.86,1285,1.0260,42.57,0.0815
29/07/2026,09:45,139.63,24.61,24.28,10.37,48.12,20.33,-1.10,4.86,1288,1.0262,42.53,0.0816
29/07/2026,09:46,139.66,24.61,24.33,10.37,48.10,20.34,-1.10,4.85,1289,1.0264,42.43,0.0813
29/07/2026,09:47,139.56,24.61,24.40,10.38,48.14,20.34,-1.10,4.85,1293,1.0264,42.62,0.0811
29/07/2026,09:48,139.55,24.63,24.40,10.42,48.08,20.31,-1.13,4.83,1292,1.0262,42.54,0.0814
29/07/2026,09:49,139.49,24.63,24.39,10.41,48.07,20.30,-1.12,4.83,1289,1.0263,42.57,0.0818
29/07/2026,09:50,139.50,24.66,24.51,10.42,48.05,20.29,-1.16,4.83,1296,1.0262,42.65,0.0818
29/07/2026,09:51,139.56,24.67,24.39,10.38,48.03,20.29,-1.13,4.83,1291,1.0261,42.61,0.0819
29/07/2026,09:52,139.60,24.71,24.41,10.37,48.11,20.27,-1.13,4.83,1295,1.0259,42.77,0.0819
29/07/2026,09:53,139.63,24.74,24.45,10.39,48.05,20.26,-1.15,4.82,1298,1.0259,42.82,0.0817
29/07/2026,09:54,139.73,24.73,24.46,10.43,48.05,20.24,-1.18,4.82,1300,1.0259,42.83,0.0814
29/07/2026,09:55,139.67,24.73,24.51,10.44,48.03,20.24,-1.16,4.82,1301,1.0262,42.80,0.0812
29/07/2026,09:56,139.68,24.71,24.52,10.44,47.94,20.24,-1.20,4.81,1301,1.0265,42.60,0.0812
29/07/2026,09:57,139.66,24.74,24.55,10.46,47.98,20.23,-1.20,4.82,1300,1.0263,42.68,0.0813
29/07/2026,09:58,139.64,24.80,24.54,10.45,47.96,20.25,-1.20,4.84,1301,1.0267,42.74,0.0813
29/07/2026,09:59,139.60,24.78,24.61,10.41,47.95,20.25,-1.19,4.85,1298,1.0268,42.63,0.0814
29/07/2026,10:00,139.62,24.79,24.59,10.38,47.94,20.31,-1.20,4.85,1298,1.0269,42.59,0.0809
29/07/2026,10:01,139.61,24.85,24.62,10.38,47.82,20.30,-1.22,4.86,1299,1.0268,42.60,0.0811
29/07/2026,10:02,139.60,24.83,24.64,10.38,47.70,20.31,-1.20,4.84,1297,1.0269,42.73,0.0811
29/07/2026,10:03,139.60,24.83,24.64,10.41,47.82,20.27,-1.19,4.84,1296,1.0268,42.77,0.0807
29/07/2026,10:04,139.68,24.84,24.64,10.38,47.87,20.28,-1.19,4.86,1294,1.0271,42.91,0.0809
29/07/2026,10:05,139.68,24.82,24.64,10.36,47.90,20.27,-1.17,4.87,1299,1.0272,43.02,0.0804
29/07/2026,10:06,139.68,24.79,24.63,10.33,47.94,20.31,-1.17,4.85,1299,1.0271,42.98,0.0798
29/07/2026,10:07,139.71,24.87,24.62,10.31,47.88,20.33,-1.17,4.87,1301,1.0275,43.10,0.0797
29/07/2026,10:08,139.70,24.89,24.66,10.30,47.82,20.36,-1.16,4.86,1300,1.0274,43.15,0.0802
29/07/2026,10:09,139.78,24.87,24.62,10.31,47.86,20.37,-1.17,4.86,1298,1.0277,43.18,0.0797
29/07/2026,10:10,139.73,24.91,24.66,10.29,47.88,20.42,-1.14,4.85,1302,1.0276,43.18,0.0797
29/07/2026,10:11,139.77,24.93,24.69,10.30,47.97,20.41,-1.14,4.85,1307,1.0277,43.15,0.0800
29/07/2026,10:12,139.83,24.97,24.70,10.34,47.96,20.40,-1.16,4.85,1304,1.0277,43.03,0.0790
29/07/2026,10:13,139.78,25.00,24.64,10.29,48.01,20.40,-1.16,4.84,1298,1.0279,43.06,0.0788
29/07/2026,10:14,139.77,25.08,24.59,10.28,48.08,20.39,-1.17,4.86,1296,1.0278,42.96,0.0787
29/07/2026,10:15,139.77,25.13,24.50,10.33,48.00,20.38,-1.20,4.87,1292,1.0279,42.95,0.0785
29/07/2026,10:16,139.79,25.16,24.49,10.36,48.04,20.39,-1.20,4.85,1290,1.0278,42.96,0.0784
29/07/2026,10:17,139.88,25.20,24.42,10.34,48.10,20.40,-1.19,4.86,1290,1.0280,43.08,0.0786
29/07/2026,10:18,139.86,25.19,24.41,10.33,48.05,20.38,-1.19,4.86,1288,1.0278,43.10,0.0787
29/07/2026,10:19,139.88,25.18,24.39,10.34,48.12,20.40,-1.17,4.86,1288,1.0278,43.23,0.0782
29/07/2026,10:20,139.87,25.14,24.39,10.35,48.26,20.42,-1.17,4.89,1288,1.0281,43.21,0.0784
29/07/2026,10:21,139.87,25.23,24.40,10.34,48.22,20.43,-1.16,4.89,1285,1.0282,43.27,0.0778
29/07/2026,10:22,139.76,25.25,24.37,10.35,48.32,20.41,-1.16,4.89,1284,1.0285,43.30,0.0782
29/07/2026,10:23,139.79,25.26,24.38,10.41,48.27,20.40,-1.17,4.89,1288,1.0281,43.40,0.0779
29/07/2026,10:24,139.86,25.28,24.38,10.42,48.21,20.38,-1.17,4.87,1286,1.0278,43.35,0.0776
29/07/2026,10:25,139.84,25.24,24.39,10.42,48.20,20.36,-1.17,4.84,1292,1.0277,43.37,0.0769
29/07/2026,10:26,139.89,25.28,24.44,10.37,48.21,20.35,-1.18,4.83,1292,1.0279,43.45,0.0766
29/07/2026,10:27,139.85,25.32,24.48,10.40,48.18,20.34,-1.19,4.83,1292,1.0277,43.44,0.0764
29/07/2026,10:28,139.86,25.31,24.49,10.36,48.26,20.30,-1.18,4.84,1291,1.0278,43.38,0.0761
29/07/2026,10:29,139.84,25.31,24.39,10.37,48.27,20.30,-1.18,4.83,1289,1.0282,43.34,0.0761
29/07/2026,10:30,139.85,25.32,24.39,10.36,48.20,20.31,-1.17,4.84,1287,1.0283,43.34,0.0758
29/07/2026,10:31,139.86,25.32,24.35,10.37,48.10,20.31,-1.15,4.85,1284,1.0283,43.25,0.0762
29/07/2026,10:32,139.85,25.37,24.33,10.36,48.13,20.32,-1.13,4.86,1285,1.0278,43.16,0.0764
29/07/2026,10:33,139.82,25.40,24.34,10.35,48.07,20.30,-1.14,4.84,1288,1.0278,43.25,0.0765
29/07/2026,10:34,139.80,25.43,24.27,10.34,48.12,20.26,-1.14,4.85,1285,1.0279,43.34,0.0768
29/07/2026,10:35,139.72,25.40,24.25,10.36,48.08,20.25,-1.13,4.84,1284,1.0280,43.35,0.0769
29/07/2026,10:36,139.74,25.44,24.26,10.38,48.07,20.26,-1.10,4.86,1284,1.0279,43.47,0.0762
29/07/2026,10:37,139.71,25.50,24.23,10.45,48.04,20.27,-1.11,4.88,1279,1.0276,43.60,0.0762
29/07/2026,10:38,139.68,25.58,24.30,10.48,48.06,20.25,-1.12,4.87,1284,1.0275,43.63,0.0766
29/07/2026,10:39,139.64,25.64,24.37,10.47,48.03,20.25,-1.13,4.87,1284,1.0276,43.75,0.0769
29/07/2026,10:40,139.60,25.56,24.34,10.44,48.07,20.25,-1.13,4.87,1282,1.0280,43.68,0.0775
29/07/2026,10:41,139.55,25.57,24.34,10.46,48.02,20.24,-1.14,4.86,1285,1.0278,43.73,0.0777
29/07/2026,10:42,139.56,25.57,24.28,10.46,47.93,20.24,-1.11,4.87,1281,1.0278,43.56,0.0777
29/07/2026,10:43,139.60,25.57,24.24,10.47,47.93,20.24,-1.12,4.87,1282,1.0279,43.62,0.0781
29/07/2026,10:44,139.59,25.63,24.29,10.45,47.99,20.22,-1.12,4.86,1283,1.0278,43.70,0.0780
29/07/2026,10:45,139.62,25.66,24.27,10.46,47.94,20.24,-1.11,4.87,1279,1.0281,43.56,0.0782
29/07/2026,10:46,139.66,25.66,24.30,10.46,48.06,20.26,-1.10,4.86,1278,1.0279,43.43,0.0784
29/07/2026,10:47,139.68,25.65,24.29,10.43,48.12,20.25,-1.11,4.86,1281,1.0276,43.48,0.0790
29/07/2026,10:48,139.58,25.72,24.30,10.46,48.12,20.29,-1.10,4.86,1280,1.0277,43.33,0.0792
29/07/2026,10:49,139.59,25.79,24.22,10.46,48.06,20.25,-1.08,4.84,1281,1.0277,43.22,0.0792
29/07/2026,10:50,139.61,25.77,24.27,10.46,48.10,20.20,-1.06,4.82,1284,1.0277,43.19,0.0791
29/07/2026,10:51,139.58,25.79,24.25,10.48,48.19,20.19,-1.08,4.84,1289,1.0275,43.24,0.0791
29/07/2026,10:52,139.57,25.85,24.29,10.47,48.22,20.21,-1.07,4.84,1290,1.0270,43.24,0.0786
29/07/2026,10:53,139.57,25.85,24.36,10.48,48.19,20.24,-1.05,4.82,1286,1.0268,43.30,0.0783
29/07/2026,10:54,139.49,25.91,24.35,10.47,48.16,20.25,-1.06,4.84,1287,1.0265,43.30,0.0783
29/07/2026,10:55,139.44,25.90,24.33,10.39,48.21,20.22,-1.07,4.85,1283,1.0267,43.25,0.0782
29/07/2026,10:56,139.39,25.86,24.28,10.40,48.02,20.23,-1.07,4.86,1283,1.0266,43.26,0.0783
29/07/2026,10:57,139.37,25.90,24.31,10.40,47.94,20.22,-1.06,4.87,1286,1.0267,43.32,0.0794
29/07/2026,10:58,139.40,25.89,24.35,10.39,47.89,20.23,-1.08,4.87,1287,1.0266,43.24,0.0789
29/07/2026,10:59,139.41,25.94,24.45,10.37,47.80,20.24,-1.09,4.87,1289,1.0263,43.13,0.0790
29/07/2026,11:00,139.39,25.99,24.40,10.41,47.91,20.28,-1.11,4.86,1293,1.0267,43.13,0.0795
29/07/2026,11:01,139.43,25.95,24.44,10.40,47.79,20.31,-1.11,4.87,1297,1.0264,43.21,0.0795
29/07/2026,11:02,139.38,25.94,24.45,10.39,47.70,20.33,-1.11,4.87,1296,1.0264,43.08,0.0799
29/07/2026,11:03,139.39,25.96,24.44,10.40,47.63,20.36,-1.11,4.88,1294,1.0265,42.96,0.0804
29/07/2026,11:04,139.42,25.99,24.43,10.43,47.82,20.30,-1.10,4.89,1292,1.0266,42.90,0.0799
29/07/2026,11:05,139.39,25.97,24.45,10.43,47.85,20.32,-1.13,4.90,1296,1.0265,42.79,0.0799
29/07/2026,11:06,139.40,26.02,24.50,10.42,47.80,20.28,-1.13,4.90,1290,1.0266,42.88,0.0804
29/07/2026,11:07,139.38,26.05,24.48,10.42,47.86,20.31,-1.14,4.89,1292,1.0266,42.85,0.0798
29/07/2026,11:08,139.32,26.05,24.48,10.38,47.80,20.33,-1.18,4.88,1295,1.0267,42.93,0.0800
29/07/2026,11:09,139.28,26.10,24.54,10.35,47.89,20.35,-1.17,4.87,1297,1.0265,43.01,0.0793
29/07/2026,11:10,139.30,26.11,24.59,10.36,47.96,20.36,-1.19,4.86,1294,1.0266,43.02,0.0789
29/07/2026,11:11,139.36,26.09,24.59,10.37,47.87,20.38,-1.19,4.86,1291,1.0267,43.10,0.0793
29/07/2026,11:12,139.41,26.11,24.57,10.35,47.88,20.35,-1.20,4.87,1292,1.0268,43.00,0.0788
29/07/2026,11:13,139.48,26.19,24.49,10.34,47.96,20.33,-1.19,4.87,1287,1.0269,43.03,0.0783
29/07/2026,11:14,139.45,26.15,24.53,10.33,48.02,20.28,-1.20,4.88,1290,1.0264,43.09,0.0785
29/07/2026,11:15,139.49,26.25,24.45,10.32,48.08,20.34,-1.19,4.86,1289,1.0265,43.02,0.0785
29/07/2026,11:16,139.46,26.27,24.42,10.32,48.04,20.35,-1.17,4.86,1288,1.0263,43.06,0.0785
29/07/2026,11:17,139.49,26.24,24.45,10.33,48.04,20.34,-1.17,4.85,1293,1.0267,43.04,0.0782
29/07/2026,11:18,139.53,26.26,24.45,10.33,48.09,20.36,-1.18,4.86,1290,1.0268,43.06,0.0778
29/07/2026,11:19,139.47,26.22,24.46,10.27,48.11,20.37,-1.23,4.86,1288,1.0268,43.08,0.0781
29/07/2026,11:20,139.51,26.26,24.45,10.33,48.17,20.34,-1.21,4.84,1286,1.0268,43.06,0.0786
29/07/2026,11:21,139.55,26.25,24.43,10.38,48.12,20.34,-1.23,4.85,1285,1.0265,43.11,0.0788
29/07/2026,11:22,139.57,26.35,24.35,10.38,48.09,20.34,-1.24,4.85,1283,1.0268,43.07,0.0783
29/07/2026,11:23,139.65,26.36,24.33,10.39,48.18,20.36,-1.23,4.85,1285,1.0271,43.10,0.0786
29/07/2026,11:24,139.65,26.36,24.31,10.37,48.12,20.38,-1.24,4.85,1286,1.0274,43.15,0.0793
29/07/2026,11:25,139.68,26.43,24.24,10.39,48.15,20.39,-1.23,4.85,1289,1.0276,43.20,0.0792
29/07/2026,11:26,139.67,26.44,24.20,10.39,48.14,20.39,-1.21,4.84,1292,1.0275,43.10,0.0792
29/07/2026,11:27,139.68,26.44,24.25,10.36,48.01,20.38,-1.18,4.84,1289,1.0272,43.15,0.0794
29/07/2026,11:28,139.72,26.47,24.18,10.33,48.22,20.37,-1.18,4.85,1288,1.0273,42.93,0.0798
29/07/2026,11:29,139.67,26.51,24.26,10.32,48.17,20.34,-1.17,4.86,1288,1.0276,42.91,0.0796
29/07/2026,11:30,139.59,26.46,24.30,10.29,48.08,20.34,-1.13,4.87,1287,1.0278,42.93,0.0794
29/07/2026,11:31,139.59,26.56,24.39,10.30,48.17,20.35,-1.14,4.87,1291,1.0275,42.88,0.0795
29/07/2026,11:32,139.55,26.53,24.41,10.34,48.03,20.39,-1.17,4.87,1292,1.0276,42.91,0.0798
29/07/2026,11:33,139.52,26.56,24.38,10.29,48.01,20.35,-1.15,4.86,1291,1.0275,42.94,0.0792
29/07/2026,11:34,139.49,26.55,24.36,10.27,48.01,20.36,-1.11,4.85,1287,1.0274,42.95,0.0794
29/07/2026,11:35,139.57,26.55,24.38,10.27,47.90,20.37,-1.14,4.86,1291,1.0277,43.00,0.0793
29/07/2026,11:36,139.55,26.54,24.42,10.28,47.90,20.36,-1.13,4.86,1287,1.0279,42.93,0.0790
29/07/2026,11:37,139.53,26.57,24.38,10.31,47.82,20.40,-1.14,4.85,1288,1.0281,43.08,0.0791
29/07/2026,11:38,139.58,26.62,24.36,10.31,47.89,20.43,-1.12,4.86,1287,1.0282,43.03,0.0792
29/07/2026,11:39,139.59,26.65,24.35,10.33,47.81,20.41,-1.13,4.85,1286,1.0278,43.02,0.0792
29/07/2026,11:40,139.56,26.66,24.38,10.33,47.82,20.39,-1.12,4.83,1285,1.0277,42.91,0.0795
29/07/2026,11:41,139.57,26.74,24.34,10.37,47.74,20.39,-1.15,4.84,1288,1.0277,42.96,0.0795
29/07/2026,11:42,139.53,26.78,24.33,10.35,47.75,20.35,-1.14,4.85,1288,1.0279,43.00,0.0789
29/07/2026,11:43,139.59,26.82,24.25,10.37,47.60,20.35,-1.14,4.85,1289,1.0280,42.97,0.0787
29/07/2026,11:44,139.62,26.81,24.37,10.36,47.61,20.32,-1.11,4.86,1292,1.0275,43.01,0.0782
29/07/2026,11:45,139.59,26.83,24.34,10.36,47.64,20.31,-1.15,4.86,1293,1.0277,43.12,0.0780
29/07/2026,11:46,139.69,26.85,24.35,10.39,47.64,20.29,-1.13,4.86,1291,1.0275,43.21,0.0782
29/07/2026,11:47,139.68,26.92,24.31,10.42,47.63,20.28,-1.14,4.87,1284,1.0272,43.27,0.0780
29/07/2026,11:48,139.72,26.97,24.28,10.47,47.67,20.29,-1.14,4.85,1286,1.0278,43.35,0.0779
29/07/2026,11:49,139.71,26.98,24.30,10.49,47.63,20.29,-1.11,4.85,1286,1.0274,43.21,0.0781
29/07/2026,11:50,139.69,27.02,24.33,10.47,47.57,20.29,-1.09,4.86,1285,1.0269,43.23,0.0781
29/07/2026,11:51,139.66,27.12,24.31,10.47,47.57,20.30,-1.13,4.85,1284,1.0273,43.29,0.0782
29/07/2026,11:52,139.72,27.18,24.27,10.46,47.57,20.28,-1.12,4.86,1285,1.0274,43.34,0.0782
29/07/2026,11:53,139.67,27.22,24.27,10.47,47.68,20.25,-1.11,4.86,1283,1.0279,43.27,0.0781
29/07/2026,11:54,139.72,27.20,24.29,10.48,47.71,20.27,-1.11,4.89,1289,1.0282,43.38,0.0773
29/07/2026,11:55,139.66,27.22,24.33,10.47,47.78,20.24,-1.11,4.88,1290,1.0282,43.29,0.0772
29/07/2026,11:56,139.68,27.23,24.38,10.45,47.86,20.24,-1.11,4.86,1292,1.0282,43.06,0.0769
29/07/2026,11:57,139.57,27.24,24.46,10.45,47.85,20.21,-1.14,4.86,1297,1.0283,43.02,0.0773
29/07/2026,11:58,139.60,27.26,24.46,10.47,47.91,20.19,-1.14,4.84,1296,1.0283,43.07,0.0773
29/07/2026,11:59,139.61,27.29,24.45,10.42,47.71,20.18,-1.17,4.85,1300,1.0283,43.27,0.0773
29/07/2026,12:00,139.71,27.35,24.43,10.40,47.72,20.17,-1.17,4.85,1299,1.0282,43.28,0.0773
29/07/2026,12:01,139.73,27.38,24.51,10.42,47.70,20.16,-1.16,4.86,1304,1.0286,43.29,0.0766
29/07/2026,12:02,139.69,27.37,24.51,10.43,47.75,20.14,-1.18,4.85,1304,1.0285,43.24,0.0768
29/07/2026,12:03,139.80,27.40,24.52,10.41,47.74,20.10,-1.19,4.87,1307,1.0284,43.13,0.0775
29/07/2026,12:04,139.81,27.40,24.48,10.40,47.69,20.13,-1.20,4.86,1303,1.0283,43.24,0.0773
29/07/2026,12:05,139.81,27.34,24.53,10.45,47.85,20.12,-1.19,4.87,1301,1.0281,43.26,0.0775
29/07/2026,12:06,139.76,27.40,24.54,10.43,47.84,20.14,-1.21,4.85,1300,1.0277,43.35,0.0776
29/07/2026,12:07,139.67,27.42,24.55,10.42,47.83,20.15,-1.21,4.85,1295,1.0276,43.39,0.0774
29/07/2026,12:08,139.64,27.47,24.57,10.39,47.82,20.16,-1.21,4.85,1298,1.0276,43.44,0.0774
29/07/2026,12:09,139.62,27.43,24.56,10.40,47.92,20.16,-1.19,4.86,1291,1.0276,43.40,0.0776
29/07/2026,12:10,139.64,27.41,24.50,10.39,47.90,20.15,-1.21,4.84,1292,1.0277,43.28,0.0774
29/07/2026,12:11,139.57,27.40,24.44,10.38,47.94,20.18,-1.24,4.84,1294,1.0279,43.25,0.0772
29/07/2026,12:12,139.58,27.36,24.49,10.37,47.89,20.23,-1.22,4.85,1294,1.0276,43.48,0.0768
29/07/2026,12:13,139.60,27.34,24.55,10.34,47.90,20.27,-1.24,4.85,1294,1.0277,43.60,0.0772
29/07/2026,12:14,139.60,27.37,24.57,10.31,47.95,20.24,-1.25,4.86,1295,1.0279,43.58,0.0765
29/07/2026,12:15,139.58,27.42,24.54,10.34,48.05,20.28,-1.23,4.86,1295,1.0279,43.57,0.0761
29/07/2026,12:16,139.54,27.44,24.44,10.37,48.03,20.31,-1.21,4.85,1294,1.0280,43.49,0.0769
29/07/2026,12:17,139.49,27.45,24.40,10.34,48.10,20.34,-1.15,4.84,1292,1.0283,43.49,0.0768
29/07/2026,12:18,139.55,27.52,24.35,10.37,48.12,20.34,-1.17,4.83,1286,1.0280,43.49,0.0763
29/07/2026,12:19,139.51,27.48,24.33,10.37,48.07,20.28,-1.16,4.82,1285,1.0281,43.43,0.0761
29/07/2026,12:20,139.51,27.50,24.31,10.39,48.07,20.30,-1.16,4.82,1284,1.0281,43.40,0.0758
29/07/2026,12:21,139.55,27.60,24.31,10.42,47.96,20.23,-1.19,4.82,1287,1.0279,43.29,0.0750
29/07/2026,12:22,139.54,27.63,24.28,10.44,47.96,20.25,-1.19,4.83,1283,1.0280,43.19,0.0747
29/07/2026,12:23,139.56,27.60,24.33,10.46,47.97,20.25,-1.20,4.83,1289,1.0280,43.29,0.0750
29/07/2026,12:24,139.50,27.60,24.32,10.41,47.92,20.27,-1.19,4.84,1290,1.0277,43.26,0.0753
29/07/2026,12:25,139.36,27.60,24.37,10.46,47.92,20.26,-1.20,4.85,1287,1.0274,43.39,0.0752
29/07/2026,12:26,139.39,27.66,24.36,10.43,48.08,20.25,-1.21,4.85,1288,1.0274,43.37,0.0752
29/07/2026,12:27,139.34,27.73,24.38,10.44,47.97,20.29,-1.18,4.85,1292,1.0271,43.38,0.0755
29/07/2026,12:28,139.41,27.81,24.40,10.45,47.94,20.26,-1.18,4.86,1291,1.0271,43.45,0.0757
29/07/2026,12:29,139.46,27.82,24.40,10.43,47.98,20.29,-1.16,4.86,1287,1.0271,43.42,0.0753
29/07/2026,12:30,139.53,27.85,24.39,10.44,47.95,20.32,-1.19,4.85,1288,1.0270,43.47,0.0753
29/07/2026,12:31,139.52,27.88,24.35,10.42,47.83,20.33,-1.17,4.86,1288,1.0269,43.43,0.0749
29/07/2026,12:32,139.50,27.90,24.35,10.36,47.93,20.30,-1.19,4.86,1281,1.0268,43.28,0.0749
29/07/2026,12:33,139.50,27.90,24.34,10.38,48.08,20.24,-1.18,4.85,1282,1.0270,43.26,0.0750
29/07/2026,12:34,139.47,27.92,24.28,10.40,48.04,20.22,-1.15,4.84,1285,1.0271,43.31,0.0753
29/07/2026,12:35,139.39,27.93,24.32,10.41,47.79,20.22,-1.14,4.83,1287,1.0267,43.25,0.0748
29/07/2026,12:36,139.46,28.00,24.33,10.39,47.87,20.21,-1.15,4.82,1290,1.0270,43.22,0.0750
29/07/2026,12:37,139.40,27.99,24.31,10.44,47.98,20.21,-1.15,4.82,1288,1.0271,43.06,0.0750
29/07/2026,12:38,139.36,28.04,24.31,10.41,48.02,20.24,-1.15,4.82,1289,1.0270,43.14,0.0751
29/07/2026,12:39,139.39,28.04,24.32,10.42,47.98,20.26,-1.15,4.83,1284,1.0270,43.27,0.0752
29/07/2026,12:40,139.40,28.01,24.31,10.44,48.04,20.28,-1.16,4.83,1289,1.0268,43.25,0.0761
29/07/2026,12:41,139.30,28.10,24.32,10.47,48.04,20.30,-1.16,4.83,1290,1.0267,43.38,0.0752
29/07/2026,12:42,139.30,28.07,24.30,10.46,48.06,20.28,-1.16,4.83,1290,1.0268,43.45,0.0750
29/07/2026,12:43,139.35,28.05,24.29,10.49,48.15,20.28,-1.16,4.84,1291,1.0269,43.43,0.0750
29/07/2026,12:44,139.38,28.15,24.29,10.47,48.04,20.28,-1.16,4.85,1288,1.0269,43.39,0.0747
29/07/2026,12:45,139.42,28.19,24.27,10.46,48.03,20.31,-1.16,4.85,1287,1.0268,43.54,0.0744
29/07/2026,12:46,139.45,28.16,24.26,10.44,48.06,20.28,-1.18,4.86,1282,1.0264,43.58,0.0748
29/07/2026,12:47,139.42,28.19,24.26,10.45,47.93,20.27,-1.16,4.85,1284,1.0266,43.53,0.0744
29/07/2026,12:48,139.42,28.18,24.25,10.41,47.93,20.30,-1.18,4.86,1289,1.0271,43.51,0.0749
29/07/2026,12:49,139.38,28.15,24.24,10.40,48.03,20.34,-1.19,4.84,1287,1.0266,43.54,0.0753
29/07/2026,12:50,139.42,28.18,24.26,10.41,48.04,20.33,-1.19,4.85,1286,1.0267,43.60,0.0759
29/07/2026,12:51,139.42,28.15,24.28,10.39,48.01,20.35,-1.20,4.85,1288,1.0267,43.66,0.0751
29/07/2026,12:52,139.37,28.15,24.34,10.37,48.17,20.33,-1.18,4.86,1292,1.0272,43.64,0.0744
29/07/2026,12:53,139.39,28.13,24.32,10.31,48.10,20.37,-1.15,4.86,1288,1.0271,43.57,0.0748
29/07/2026,12:54,139.39,28.08,24.35,10.30,48.20,20.38,-1.14,4.85,1284,1.0271,43.59,0.0744
29/07/2026,12:55,139.32,28.13,24.34,10.35,48.03,20.43,-1.14,4.85,1287,1.0271,43.72,0.0745
29/07/2026,12:56,139.31,28.08,24.35,10.34,48.07,20.43,-1.13,4.85,1285,1.0274,43.76,0.0742
29/07/2026,12:57,139.35,28.06,24.35,10.33,48.14,20.41,-1.15,4.85,1290,1.0275,43.60,0.0748
29/07/2026,12:58,139.40,28.11,24.31,10.30,48.14,20.42,-1.15,4.85,1288,1.0274,43.48,0.0744
29/07/2026,12:59,139.40,28.14,24.37,10.33,48.08,20.44,-1.14,4.86,1290,1.0274,43.49,0.0747
29/07/2026,13:00,139.41,28.13,24.36,10.38,48.07,20.48,-1.13,4.85,1295,1.0271,43.34,0.0745
29/07/2026,13:01,139.41,28.15,24.43,10.39,48.12,20.43,-1.12,4.85,1295,1.0269,43.33,0.0744
29/07/2026,13:02,139.39,28.18,24.50,10.34,48.07,20.46,-1.14,4.86,1294,1.0269,43.48,0.0751
29/07/2026,13:03,139.42,28.18,24.46,10.36,47.97,20.44,-1.15,4.86,1296,1.0270,43.45,0.0751
29/07/2026,13:04,139.37,28.17,24.50,10.42,48.02,20.46,-1.15,4.85,1295,1.0271,43.55,0.0746
29/07/2026,13:05,139.36,28.19,24.48,10.43,47.89,20.49,-1.15,4.84,1293,1.0268,43.62,0.0748
29/07/2026,13:06,139.34,28.27,24.43,10.43,47.81,20.46,-1.16,4.83,1290,1.0270,43.73,0.0746
29/07/2026,13:07,139.34,28.32,24.42,10.45,47.76,20.46,-1.14,4.82,1293,1.0272,43.68,0.0749
29/07/2026,13:08,139.36,28.38,24.34,10.45,47.70,20.42,-1.11,4.83,1285,1.0273,43.68,0.0756
29/07/2026,13:09,139.43,28.41,24.39,10.40,47.74,20.38,-1.12,4.83,1288,1.0272,43.71,0.0758
29/07/2026,13:10,139.46,28.47,24.36,10.37,47.77,20.43,-1.12,4.82,1288,1.0272,43.82,0.0762
29/07/2026,13:11,139.36,28.44,24.39,10.37,47.73,20.43,-1.11,4.84,1287,1.0274,43.79,0.0758
29/07/2026,13:12,139.39,28.44,24.40,10.37,47.73,20.41,-1.09,4.84,1284,1.0271,43.74,0.0765
29/07/2026,13:13,139.29,28.52,24.44,10.40,47.83,20.39,-1.06,4.85,1285,1.0272,43.81,0.0769
29/07/2026,13:14,139.33,28.57,24.43,10.42,47.78,20.36,-1.08,4.85,1279,1.0274,43.92,0.0774
29/07/2026,13:15,139.32,28.60,24.32,10.43,47.79,20.38,-1.08,4.84,1276,1.0274,43.80,0.0774
29/07/2026,13:16,139.28,28.60,24.33,10.44,47.92,20.37,-1.09,4.84,1284,1.0274,43.84,0.0775
29/07/2026,13:17,139.26,28.66,24.38,10.42,47.91,20.38,-1.07,4.84,1283,1.0275,43.83,0.0784
29/07/2026,13:18,139.28,28.67,24.30,10.42,48.03,20.36,-1.05,4.82,1284,1.0275,43.76,0.0781
29/07/2026,13:19,139.37,28.68,24.35,10.44,48.10,20.35,-1.07,4.84,1284,1.0274,43.68,0.0782
29/07/2026,13:20,139.27,28.69,24.35,10.41,48.10,20.34,-1.09,4.84,1286,1.0268,43.76,0.0786
29/07/2026,13:21,139.28,28.70,24.38,10.37,48.12,20.32,-1.09,4.84,1289,1.0267,43.85,0.0780
29/07/2026,13:22,139.31,28.71,24.35,10.39,48.16,20.32,-1.09,4.86,1291,1.0265,43.84,0.0786
29/07/2026,13:23,139.38,28.70,24.42,10.39,48.17,20.34,-1.07,4.86,1288,1.0263,43.83,0.0780
29/07/2026,13:24,139.36,28.73,24.40,10.40,48.20,20.27,-1.08,4.87,1284,1.0260,44.01,0.0774
29/07/2026,13:25,139.38,28.76,24.33,10.41,48.26,20.31,-1.08,4.85,1284,1.0259,43.87,0.0771
29/07/2026,13:26,139.43,28.79,24.21,10.39,48.26,20.34,-1.07,4.84,1283,1.0262,43.85,0.0772
29/07/2026,13:27,139.46,28.83,24.21,10.39,48.25,20.31,-1.07,4.82,1287,1.0261,43.88,0.0774
29/07/2026,13:28,139.56,28.76,24.24,10.41,48.28,20.29,-1.07,4.83,1284,1.0261,43.92,0.0782
29/07/2026,13:29,139.52,28.73,24.19,10.41,48.40,20.30,-1.05,4.83,1286,1.0264,43.88,0.0779
29/07/2026,13:30,139.58,28.72,24.27,10.49,48.38,20.34,-1.06,4.83,1288,1.0266,43.94,0.0781
29/07/2026,13:31,139.62,28.78,24.24,10.46,48.43,20.34,-1.07,4.84,1289,1.0266,43.96,0.0781
29/07/2026,13:32,139.68,28.83,24.26,10.49,48.44,20.34,-1.09,4.83,1289,1.0267,43.92,0.0786
29/07/2026,13:33,139.67,28.83,24.33,10.47,48.33,20.31,-1.11,4.84,1289,1.0267,43.89,0.0785
29/07/2026,13:34,139.66,28.83,24.31,10.45,48.36,20.32,-1.11,4.84,1292,1.0267,43.82,0.0782
29/07/2026,13:35,139.68,28.89,24.32,10.45,48.44,20.31,-1.10,4.83,1295,1.0271,43.78,0.0782
29/07/2026,13:36,139.66,28.95,24.31,10.48,48.45,20.29,-1.08,4.83,1294,1.0266,43.82,0.0784
29/07/2026,13:37,139.66,28.91,24.31,10.42,48.59,20.28,-1.12,4.84,1293,1.0266,43.88,0.0780
29/07/2026,13:38,139.58,28.96,24.23,10.41,48.59,20.29,-1.11,4.84,1289,1.0267,43.83,0.0779
29/07/2026,13:39,139.55,28.98,24.30,10.40,48.59,20.31,-1.13,4.82,1295,1.0263,43.87,0.0782
29/07/2026,13:40,139.50,28.96,24.34,10.36,48.55,20.31,-1.10,4.83,1296,1.0259,43.98,0.0781
29/07/2026,13:41,139.51,28.94,24.40,10.39,48.56,20.32,-1.11,4.84,1297,1.0259,43.94,0.0783
29/07/2026,13:42,139.50,28.92,24.38,10.39,48.61,20.33,-1.12,4.86,1296,1.0259,43.94,0.0783
29/07/2026,13:43,139.54,28.95,24.38,10.39,48.60,20.39,-1.09,4.89,1294,1.0262,43.91,0.0782
29/07/2026,13:44,139.53,28.90,24.39,10.43,48.54,20.40,-1.09,4.87,1291,1.0259,43.87,0.0784
29/07/2026,13:45,139.53,28.96,24.40,10.42,48.62,20.40,-1.08,4.86,1289,1.0257,43.86,0.0789
29/07/2026,13:46,139.61,28.96,24.40,10.43,48.60,20.41,-1.06,4.86,1291,1.0259,43.83,0.0786
29/07/2026,13:47,139.64,28.97,24.36,10.44,48.68,20.38,-1.06,4.85,1294,1.0263,43.96,0.0788
29/07/2026,13:48,139.61,29.00,24.39,10.44,48.64,20.39,-1.06,4.88,1293,1.0265,43.94,0.0788
29/07/2026,13:49,139.66,29.00,24.39,10.43,48.78,20.39,-1.06,4.88,1293,1.0267,43.88,0.0783
29/07/2026,13:50,139.64,29.02,24.33,10.41,48.91,20.43,-1.06,4.87,1293,1.0268,43.92,0.0781
29/07/2026,13:51,139.74,29.02,24.32,10.44,48.85,20.42,-1.09,4.88,1291,1.0267,43.95,0.0779
29/07/2026,13:52,139.70,29.03,24.39,10.39,48.85,20.44,-1.11,4.87,1287,1.0269,43.99,0.0785
29/07/2026,13:53,139.69,28.98,24.43,10.41,48.80,20.39,-1.14,4.87,1291,1.0268,43.98,0.0783
29/07/2026,13:54,139.72,29.03,24.43,10.44,48.94,20.39,-1.14,4.87,1289,1.0271,44.00,0.0787
29/07/2026,13:55,139.77,29.04,24.43,10.42,48.94,20.39,-1.14,4.86,1285,1.0270,43.96,0.0783
29/07/2026,13:56,139.72,29.11,24.42,10.43,48.87,20.36,-1.16,4.87,1284,1.0272,43.90,0.0782
29/07/2026,13:57,139.66,29.13,24.38,10.41,48.89,20.36,-1.18,4.85,1285,1.0274,44.03,0.0782
29/07/2026,13:58,139.65,29.12,24.38,10.46,48.92,20.35,-1.18,4.84,1289,1.0278,44.12,0.0777
29/07/2026,13:59,139.64,29.11,24.38,10.45,48.98,20.38,-1.18,4.84,1291,1.0278,44.02,0.0780
29/07/2026,14:00,139.59,29.07,24.41,10.48,48.91,20.41,-1.17,4.83,1292,1.0281,43.82,0.0773
29/07/2026,14:01,139.61,29.03,24.38,10.43,48.84,20.38,-1.19,4.83,1288,1.0280,43.92,0.0771
29/07/2026,14:02,139.59,29.08,24.33,10.38,48.85,20.41,-1.19,4.81,1285,1.0279,43.98,0.0773
29/07/2026,14:03,139.61,29.06,24.37,10.36,48.86,20.42,-1.16,4.80,1283,1.0280,43.90,0.0771
29/07/2026,14:04,139.58,29.06,24.37,10.36,48.90,20.48,-1.15,4.80,1282,1.0279,43.98,0.0771
29/07/2026,14:05,139.52,29.09,24.36,10.39,48.94,20.51,-1.12,4.81,1280,1.0275,44.03,0.0775
29/07/2026,14:06,139.53,29.10,24.29,10.38,48.96,20.51,-1.13,4.82,1273,1.0270,43.93,0.0776
29/07/2026,14:07,139.53,29.17,24.25,10.42,49.09,20.45,-1.09,4.82,1274,1.0268,44.02,0.0780
29/07/2026,14:08,139.55,29.13,24.23,10.40,49.06,20.45,-1.10,4.83,1275,1.0271,44.01,0.0777
29/07/2026,14:09,139.49,29.14,24.25,10.36,49.06,20.38,-1.09,4.81,1279,1.0272,43.85,0.0775
29/07/2026,14:10,139.52,29.13,24.22,10.37,49.12,20.36,-1.12,4.81,1281,1.0272,43.83,0.0777
29/07/2026,14:11,139.58,29.22,24.22,10.33,49.13,20.39,-1.12,4.80,1278,1.0272,43.93,0.0773
29/07/2026,14:12,139.58,29.25,24.24,10.28,49.11,20.38,-1.10,4.80,1276,1.0268,43.90,0.0773
29/07/2026,14:13,139.58,29.25,24.12,10.26,49.08,20.39,-1.12,4.78,1273,1.0269,43.99,0.0768
29/07/2026,14:14,139.58,29.22,24.11,10.23,48.98,20.43,-1.09,4.78,1270,1.0269,44.05,0.0762
29/07/2026,14:15,139.58,29.30,24.13,10.22,48.93,20.41,-1.11,4.80,1270,1.0270,44.06,0.0765
29/07/2026,14:16,139.51,29.26,24.09,10.20,48.93,20.43,-1.10,4.77,1272,1.0268,44.13,0.0765
29/07/2026,14:17,139.48,29.28,24.08,10.18,48.96,20.42,-1.10,4.77,1271,1.0265,44.08,0.0768
29/07/2026,14:18,139.53,29.31,23.98,10.16,48.95,20.40,-1.10,4.78,1267,1.0268,44.07,0.0765
29/07/2026,14:19,139.56,29.33,23.93,10.19,48.94,20.42,-1.09,4.77,1265,1.0269,44.02,0.0769
29/07/2026,14:20,139.50,29.35,23.90,10.17,48.96,20.38,-1.07,4.79,1267,1.0268,43.89,0.0768
29/07/2026,14:21,139.56,29.37,23.95,10.15,49.04,20.41,-1.08,4.78,1269,1.0267,43.90,0.0769
29/07/2026,14:22,139.55,29.40,23.90,10.17,48.97,20.41,-1.04,4.78,1268,1.0267,43.98,0.0768
29/07/2026,14:23,139.61,29.37,23.84,10.16,48.87,20.41,-1.01,4.78,1265,1.0261,43.96,0.0768
29/07/2026,14:24,139.59,29.41,23.77,10.16,48.98,20.47,-1.00,4.78,1268,1.0262,43.98,0.0763
29/07/2026,14:25,139.49,29.46,23.72,10.22,48.92,20.51,-0.98,4.77,1270,1.0262,43.99,0.0763
29/07/2026,14:26,139.45,29.43,23.69,10.27,48.93,20.51,-0.96,4.77,1272,1.0262,44.08,0.0762
29/07/2026,14:27,139.41,29.44,23.55,10.28,48.99,20.52,-0.96,4.77,1276,1.0265,44.13,0.0768
29/07/2026,14:28,139.33,29.46,23.44,10.22,49.06,20.52,-0.93,4.77,1272,1.0263,44.18,0.0771
29/07/2026,14:29,139.27,29.44,23.26,10.25,49.04,20.51,-0.92,4.75,1271,1.0264,44.24,0.0773
29/07/2026,14:30,139.19,29.49,23.13,10.26,48.98,20.50,-0.92,4.76,1273,1.0262,44.21,0.0774
29/07/2026,14:31,139.18,29.49,23.00,10.26,48.99,20.50,-0.92,4.75,1277,1.0262,44.21,0.0777
29/07/2026,14:32,139.14,29.45,22.96,10.24,48.96,20.47,-0.90,4.75,1285,1.0256,44.18,0.0772
29/07/2026,14:33,139.13,29.45,22.93,10.21,48.81,20.47,-0.89,4.74,1287,1.0258,44.18,0.0774
29/07/2026,14:34,139.11,29.46,22.90,10.25,48.74,20.49,-0.86,4.76,1286,1.0263,44.02,0.0775
29/07/2026,14:35,139.05,29.51,22.84,10.28,48.74,20.47,-0.85,4.75,1283,1.0262,43.96,0.0775
29/07/2026,14:36,139.07,29.56,22.73,10.33,48.71,20.49,-0.83,4.73,1284,1.0263,44.14,0.0781
29/07/2026,14:37,139.10,29.59,22.69,10.28,48.82,20.50,-0.85,4.74,1283,1.0263,44.07,0.0777
29/07/2026,14:38,139.12,29.60,22.66,10.28,48.69,20.55,-0.84,4.75,1289,1.0263,43.93,0.0775
29/07/2026,14:39,139.13,29.64,22.68,10.27,48.66,20.52,-0.82,4.73,1294,1.0263,43.97,0.0775
29/07/2026,14:40,139.16,29.64,22.67,10.27,48.69,20.54,-0.82,4.73,1292,1.0261,44.07,0.0778
29/07/2026,14:41,139.16,29.68,22.67,10.25,48.62,20.55,-0.79,4.74,1294,1.0261,44.17,0.0772
29/07/2026,14:42,139.10,29.72,22.65,10.29,48.64,20.54,-0.80,4.75,1298,1.0264,44.35,0.0773
29/07/2026,14:43,139.06,29.66,22.67,10.29,48.56,20.50,-0.81,4.74,1304,1.0265,44.38,0.0782
29/07/2026,14:44,139.02,29.68,22.67,10.29,48.62,20.46,-0.78,4.74,1306,1.0264,44.38,0.0778
29/07/2026,14:45,139.13,29.68,22.63,10.31,48.59,20.44,-0.78,4.74,1307,1.0268,44.37,0.0781
29/07/2026,14:46,139.06,29.69,22.67,10.26,48.63,20.45,-0.77,4.73,1307,1.0270,44.27,0.0774
29/07/2026,14:47,139.01,29.64,22.64,10.24,48.59,20.40,-0.77,4.72,1304,1.0270,44.21,0.0771
29/07/2026,14:48,138.98,29.67,22.66,10.26,48.64,20.40,-0.79,4.71,1304,1.0269,44.21,0.0771
29/07/2026,14:49,138.88,29.72,22.68,10.26,48.71,20.35,-0.80,4.71,1301,1.0269,44.31,0.0770
29/07/2026,14:50,138.79,29.74,22.67,10.27,48.78,20.38,-0.81,4.71,1303,1.0272,44.27,0.0766
29/07/2026,14:51,138.77,29.75,22.73,10.26,48.78,20.36,-0.81,4.70,1301,1.0272,44.32,0.0768
29/07/2026,14:52,138.77,29.72,22.71,10.25,48.79,20.39,-0.80,4.72,1302,1.0272,44.42,0.0766
29/07/2026,14:53,138.72,29.65,22.75,10.25,48.75,20.42,-0.82,4.73,1303,1.0273,44.39,0.0765
29/07/2026,14:54,138.76,29.66,22.73,10.27,48.68,20.40,-0.84,4.75,1302,1.0271,44.36,0.0762
29/07/2026,14:55,138.82,29.68,22.75,10.26,48.73,20.37,-0.81,4.75,1301,1.0272,44.24,0.0764
29/07/2026,14:56,138.77,29.68,22.74,10.24,48.83,20.34,-0.83,4.74,1296,1.0267,44.21,0.0763
29/07/2026,14:57,138.80,29.63,22.72,10.19,48.83,20.38,-0.85,4.75,1292,1.0269,44.22,0.0761
29/07/2026,14:58,138.81,29.65,22.78,10.22,48.86,20.37,-0.85,4.74,1291,1.0267,44.29,0.0757
29/07/2026,14:59,138.76,29.65,22.79,10.20,48.77,20.40,-0.82,4.75,1295,1.0267,44.16,0.0758
29/07/2026,15:00,138.67,29.63,22.77,10.23,48.72,20.38,-0.81,4.74,1295,1.0265,44.20,0.0760
29/07/2026,15:01,138.63,29.62,22.77,10.20,48.68,20.40,-0.81,4.74,1305,1.0264,44.08,0.0759
29/07/2026,15:02,138.73,29.61,22.75,10.19,48.74,20.37,-0.80,4.74,1305,1.0264,44.20,0.0756
29/07/2026,15:03,138.68,29.68,22.75,10.19,48.76,20.36,-0.84,4.74,1301,1.0263,44.22,0.0757
29/07/2026,15:04,138.68,29.66,22.75,10.18,48.74,20.38,-0.86,4.74,1302,1.0267,44.21,0.0764
29/07/2026,15:05,138.65,29.66,22.77,10.18,48.77,20.40,-0.86,4.73,1303,1.0267,44.24,0.0760
29/07/2026,15:06,138.76,29.67,22.81,10.19,48.77,20.38,-0.87,4.74,1307,1.0272,44.40,0.0762
29/07/2026,15:07,138.65,29.72,22.80,10.21,48.84,20.36,-0.86,4.75,1308,1.0274,44.40,0.0764
29/07/2026,15:08,138.74,29.72,22.81,10.21,48.92,20.39,-0.85,4.76,1307,1.0273,44.47,0.0771
29/07/2026,15:09,138.72,29.70,22.83,10.20,48.85,20.44,-0.85,4.78,1306,1.0271,44.45,0.0769
29/07/2026,15:10,138.77,29.68,22.83,10.22,48.73,20.47,-0.89,4.78,1309,1.0268,44.43,0.0769
29/07/2026,15:11,138.77,29.68,22.91,10.26,48.71,20.47,-0.90,4.78,1312,1.0268,44.59,0.0767
29/07/2026,15:12,138.70,29.67,22.89,10.21,48.66,20.47,-0.89,4.77,1311,1.0265,44.75,0.0764
29/07/2026,15:13,138.72,29.69,22.91,10.23,48.59,20.47,-0.88,4.78,1304,1.0264,44.66,0.0772
29/07/2026,15:14,138.72,29.64,22.85,10.23,48.58,20.45,-0.87,4.77,1309,1.0258,44.64,0.0769
29/07/2026,15:15,138.68,29.58,22.91,10.25,48.54,20.45,-0.89,4.77,1306,1.0256,44.65,0.0766
29/07/2026,15:16,138.71,29.59,22.91,10.29,48.51,20.44,-0.87,4.78,1303,1.0256,44.73,0.0768
29/07/2026,15:17,138.68,29.59,22.88,10.28,48.54,20.48,-0.90,4.77,1304,1.0259,44.79,0.0765
29/07/2026,15:18,138.75,29.53,22.89,10.29,48.58,20.42,-0.89,4.78,1306,1.0262,44.62,0.0766
29/07/2026,15:19,138.80,29.56,22.90,10.26,48.72,20.40,-0.89,4.78,1305,1.0261,44.65,0.0767
29/07/2026,15:20,138.83,29.57,22.90,10.27,48.71,20.43,-0.87,4.77,1306,1.0259,44.55,0.0770
29/07/2026,15:21,138.86,29.57,22.89,10.27,48.64,20.46,-0.90,4.78,1307,1.0262,44.63,0.0768
29/07/2026,15:22,138.90,29.64,22.86,10.25,48.59,20.46,-0.89,4.78,1306,1.0259,44.59,0.0769
29/07/2026,15:23,138.93,29.63,22.88,10.29,48.47,20.46,-0.89,4.78,1310,1.0254,44.49,0.0768
29/07/2026,15:24,138.94,29.65,22.91,10.33,48.41,20.46,-0.91,4.79,1305,1.0249,44.42,0.0768
29/07/2026,15:25,138.88,29.63,22.85,10.31,48.42,20.44,-0.90,4.77,1305,1.0249,44.43,0.0766
29/07/2026,15:26,138.84,29.59,22.87,10.30,48.42,20.42,-0.91,4.78,1307,1.0251,44.35,0.0765
29/07/2026,15:27,138.79,29.56,22.91,10.32,48.57,20.44,-0.91,4.80,1308,1.0249,44.35,0.0763
29/07/2026,15:28,138.75,29.56,22.89,10.28,48.60,20.42,-0.91,4.79,1306,1.0247,44.41,0.0769
29/07/2026,15:29,138.80,29.58,22.90,10.25,48.69,20.43,-0.92,4.80,1308,1.0248,44.29,0.0769
29/07/2026,15:30,138.78,29.62,23.01,10.27,48.61,20.45,-0.93,4.81,1308,1.0247,44.40,0.0766
29/07/2026,15:31,138.75,29.59,22.98,10.28,48.46,20.43,-0.94,4.80,1309,1.0246,44.28,0.0769
29/07/2026,15:32,138.79,29.56,23.01,10.24,48.48,20.45,-0.93,4.79,1307,1.0245,44.20,0.0771
29/07/2026,15:33,138.77,29.62,23.00,10.26,48.54,20.45,-0.89,4.78,1310,1.0246,44.19,0.0770
29/07/2026,15:34,138.71,29.63,22.99,10.25,48.55,20.45,-0.90,4.79,1310,1.0248,44.20,0.0774
29/07/2026,15:35,138.74,29.68,23.04,10.24,48.52,20.43,-0.88,4.79,1312,1.0249,44.23,0.0776
29/07/2026,15:36,138.75,29.67,23.03,10.27,48.58,20.44,-0.92,4.80,1313,1.0254,44.30,0.0780
29/07/2026,15:37,138.80,29.68,22.99,10.26,48.55,20.48,-0.94,4.80,1316,1.0254,44.24,0.0780
29/07/2026,15:38,138.78,29.73,23.03,10.29,48.46,20.48,-0.92,4.78,1314,1.0255,44.22,0.0786
29/07/2026,15:39,138.76,29.75,23.03,10.26,48.43,20.48,-0.93,4.78,1316,1.0257,44.32,0.0789
29/07/2026,15:40,138.76,29.73,23.06,10.23,48.32,20.44,-0.92,4.78,1319,1.0261,44.32,0.0799
29/07/2026,15:41,138.78,29.78,23.22,10.21,48.23,20.42,-0.89,4.77,1322,1.0263,44.38,0.0801
29/07/2026,15:42,138.79,29.79,23.09,10.23,48.21,20.44,-0.93,4.76,1314,1.0262,44.45,0.0800
29/07/2026,15:43,138.84,29.81,23.04,10.20,48.14,20.44,-0.95,4.75,1314,1.0261,44.38,0.0801
29/07/2026,15:44,138.83,29.76,23.02,10.22,48.13,20.41,-0.92,4.76,1307,1.0263,44.46,0.0801
29/07/2026,15:45,138.84,29.75,22.98,10.26,48.05,20.42,-0.92,4.76,1303,1.0261,44.32,0.0800
29/07/2026,15:46,138.77,29.79,22.96,10.24,47.97,20.34,-0.90,4.76,1299,1.0261,44.37,0.0808
29/07/2026,15:47,138.73,29.74,22.86,10.24,48.13,20.45,-0.92,4.77,1297,1.0262,44.39,0.0802
29/07/2026,15:48,138.71,29.84,22.79,10.24,48.18,20.40,-0.93,4.76,1296,1.0258,44.35,0.0805
29/07/2026,15:49,138.72,29.86,22.84,10.23,48.21,20.38,-0.90,4.76,1298,1.0260,44.45,0.0811
29/07/2026,15:50,138.77,29.89,22.87,10.25,48.24,20.38,-0.87,4.75,1300,1.0262,44.39,0.0811
29/07/2026,15:51,138.84,29.89,22.88,10.24,48.13,20.36,-0.84,4.76,1301,1.0263,44.44,0.0814
29/07/2026,15:52,138.89,29.83,22.81,10.24,48.26,20.34,-0.84,4.75,1302,1.0259,44.48,0.0811
29/07/2026,15:53,138.85,29.86,22.80,10.23,48.34,20.40,-0.83,4.75,1300,1.0258,44.41,0.0813
29/07/2026,15:54,138.82,29.86,22.81,10.23,48.41,20.39,-0.81,4.75,1301,1.0258,44.44,0.0807
29/07/2026,15:55,138.83,29.92,22.71,10.25,48.53,20.40,-0.78,4.75,1299,1.0257,44.37,0.0811
29/07/2026,15:56,138.82,29.89,22.73,10.21,48.49,20.41,-0.77,4.75,1298,1.0255,44.42,0.0809
29/07/2026,15:57,138.82,29.88,22.77,10.20,48.51,20.37,-0.76,4.76,1296,1.0254,44.41,0.0807
29/07/2026,15:58,138.79,29.81,22.75,10.18,48.45,20.37,-0.77,4.77,1293,1.0254,44.36,0.0804
29/07/2026,15:59,138.84,29.84,22.70,10.13,48.48,20.36,-0.81,4.77,1299,1.0255,44.55,0.0805
29/07/2026,16:00,138.88,29.92,22.74,10.14,48.60,20.39,-0.79,4.77,1298,1.0252,44.51,0.0805
29/07/2026,16:01,138.93,29.91,22.78,10.17,48.45,20.41,-0.79,4.76,1299,1.0253,44.40,0.0802
29/07/2026,16:02,138.93,29.90,22.88,10.18,48.45,20.40,-0.82,4.75,1299,1.0250,44.48,0.0804
29/07/2026,16:03,138.91,29.86,22.94,10.17,48.51,20.43,-0.81,4.76,1296,1.0251,44.42,0.0808
29/07/2026,16:04,138.90,29.88,22.97,10.15,48.56,20.45,-0.80,4.77,1295,1.0251,44.58,0.0805
29/07/2026,16:05,138.95,29.84,23.01,10.17,48.52,20.44,-0.81,4.77,1292,1.0252,44.58,0.0802
29/07/2026,16:06,139.03,29.90,23.15,10.18,48.57,20.44,-0.84,4.76,1292,1.0259,44.49,0.0797
29/07/2026,16:07,139.00,29.86,23.27,10.16,48.53,20.43,-0.85,4.78,1291,1.0257,44.35,0.0790
29/07/2026,16:08,139.01,29.82,23.40,10.14,48.43,20.42,-0.87,4.77,1291,1.0261,44.30,0.0790
29/07/2026,16:09,139.06,29.81,23.46,10.11,48.33,20.40,-0.90,4.76,1291,1.0263,44.36,0.0789
29/07/2026,16:10,139.12,29.79,23.58,10.13,48.27,20.41,-0.92,4.76,1291,1.0265,44.34,0.0787
29/07/2026,16:11,139.14,29.82,23.74,10.10,48.33,20.35,-0.94,4.76,1286,1.0264,44.39,0.0783
29/07/2026,16:12,139.21,29.86,23.82,10.09,48.32,20.34,-0.94,4.78,1286,1.0265,44.39,0.0785
29/07/2026,16:13,139.25,29.89,23.94,10.12,48.44,20.38,-1.00,4.81,1284,1.0261,44.36,0.0787
29/07/2026,16:14,139.23,29.90,23.98,10.16,48.46,20.38,-1.04,4.81,1285,1.0262,44.48,0.0783
29/07/2026,16:15,139.27,29.91,24.03,10.12,48.46,20.35,-1.06,4.78,1282,1.0267,44.48,0.0777
29/07/2026,16:16,139.24,29.92,24.02,10.15,48.42,20.41,-1.07,4.79,1285,1.0269,44.44,0.0781
29/07/2026,16:17,139.27,29.93,24.05,10.13,48.54,20.39,-1.06,4.78,1281,1.0267,44.42,0.0780
29/07/2026,16:18,139.31,29.94,24.09,10.14,48.58,20.37,-1.07,4.77,1280,1.0268,44.54,0.0785
29/07/2026,16:19,139.30,29.98,24.07,10.14,48.57,20.40,-1.08,4.77,1277,1.0265,44.40,0.0786
29/07/2026,16:20,139.31,30.00,24.09,10.18,48.62,20.44,-1.10,4.77,1279,1.0266,44.31,0.0783
29/07/2026,16:21,139.33,30.02,24.09,10.18,48.60,20.42,-1.09,4.77,1279,1.0267,44.26,0.0780
29/07/2026,16:22,139.36,30.00,24.09,10.19,48.65,20.42,-1.08,4.79,1282,1.0264,44.23,0.0779
29/07/2026,16:23,139.38,29.93,24.06,10.21,48.66,20.46,-1.10,4.80,1282,1.0267,44.12,0.0773
29/07/2026,16:24,139.44,29.82,24.12,10.23,48.71,20.49,-1.07,4.80,1281,1.0267,44.04,0.0778
29/07/2026,16:25,139.45,29.86,24.13,10.23,48.73,20.48,-1.08,4.81,1281,1.0266,44.04,0.0778
29/07/2026,16:26,139.49,29.87,24.10,10.26,48.75,20.46,-1.09,4.81,1279,1.0267,44.03,0.0774
29/07/2026,16:27,139.50,29.86,24.11,10.24,48.82,20.50,-1.11,4.80,1282,1.0266,43.90,0.0764
29/07/2026,16:28,139.48,29.85,24.11,10.22,48.79,20.47,-1.08,4.82,1282,1.0269,44.06,0.0762
29/07/2026,16:29,139.50,29.91,24.11,10.18,48.79,20.51,-1.05,4.82,1280,1.0266,44.01,0.0758
29/07/2026,16:30,139.56,29.89,24.13,10.18,48.71,20.54,-1.02,4.82,1278,1.0267,44.03,0.0755
29/07/2026,16:31,139.67,29.90,24.16,10.18,48.71,20.58,-1.01,4.83,1284,1.0268,44.03,0.0751
29/07/2026,16:32,139.72,29.89,24.19,10.15,48.81,20.55,-1.02,4.83,1283,1.0265,43.94,0.0750
29/07/2026,16:33,139.72,29.92,24.13,10.10,48.67,20.54,-1.03,4.82,1280,1.0267,43.96,0.0747
29/07/2026,16:34,139.72,29.94,24.13,10.13,48.49,20.58,-1.00,4.83,1275,1.0270,43.94,0.0743
29/07/2026,16:35,139.76,29.96,24.11,10.11,48.42,20.59,-1.00,4.82,1274,1.0270,43.96,0.0740
29/07/2026,16:36,139.80,29.96,24.04,10.07,48.28,20.59,-1.01,4.82,1274,1.0273,43.97,0.0744
29/07/2026,16:37,139.74,30.00,24.02,10.08,48.31,20.56,-1.04,4.81,1269,1.0274,44.00,0.0740
29/07/2026,16:38,139.78,30.00,23.98,10.09,48.34,20.60,-1.03,4.82,1270,1.0272,44.07,0.0733
29/07/2026,16:39,139.75,29.97,23.99,10.09,48.34,20.57,-1.04,4.82,1269,1.0272,44.11,0.0736
29/07/2026,16:40,139.73,29.98,24.03,10.06,48.36,20.53,-1.06,4.80,1272,1.0274,44.12,0.0738
29/07/2026,16:41,139.75,29.98,24.03,10.08,48.29,20.60,-1.06,4.81,1270,1.0274,44.16,0.0740
29/07/2026,16:42,139.70,29.96,24.07,10.09,48.38,20.61,-1.05,4.80,1271,1.0275,44.12,0.0737
29/07/2026,16:43,139.75,29.96,24.06,10.12,48.36,20.57,-1.03,4.79,1273,1.0276,44.09,0.0738
29/07/2026,16:44,139.71,29.99,24.01,10.11,48.34,20.60,-1.04,4.80,1271,1.0273,44.22,0.0741
29/07/2026,16:45,139.80,29.97,24.05,10.12,48.19,20.61,-1.04,4.79,1273,1.0273,44.30,0.0737
29/07/2026,16:46,139.79,30.02,24.05,10.16,48.24,20.61,-1.02,4.78,1271,1.0271,44.29,0.0736
29/07/2026,16:47,139.82,30.05,24.04,10.22,48.25,20.60,-1.00,4.79,1271,1.0270,44.31,0.0734
29/07/2026,16:48,139.77,30.10,24.03,10.22,48.25,20.59,-1.00,4.79,1266,1.0273,44.34,0.0737
29/07/2026,16:49,139.81,30.05,24.01,10.24,48.24,20.59,-1.02,4.79,1265,1.0273,44.27,0.0732
29/07/2026,16:50,139.81,30.07,23.98,10.22,48.14,20.59,-1.01,4.79,1267,1.0272,44.18,0.0725
29/07/2026,16:51,139.80,30.09,24.00,10.20,48.20,20.60,-1.03,4.79,1270,1.0274,44.15,0.0726
29/07/2026,16:52,139.73,30.03,24.03,10.20,48.25,20.58,-0.98,4.80,1268,1.0273,44.20,0.0725
29/07/2026,16:53,139.86,29.99,23.97,10.17,48.31,20.55,-1.00,4.81,1267,1.0275,44.31,0.0727
29/07/2026,16:54,139.80,29.99,23.98,10.20,48.34,20.53,-0.99,4.79,1272,1.0275,44.22,0.0730
29/07/2026,16:55,139.78,30.00,23.96,10.18,48.22,20.50,-1.00,4.77,1265,1.0271,44.30,0.0732
29/07/2026,16:56,139.75,30.06,23.93,10.23,48.31,20.51,-1.02,4.75,1267,1.0272,44.31,0.0734
29/07/2026,16:57,139.70,30.06,23.89,10.23,48.27,20.54,-1.04,4.75,1264,1.0272,44.39,0.0732
29/07/2026,16:58,139.67,30.01,23.90,10.26,48.27,20.53,-1.03,4.73,1262,1.0272,44.41,0.0729
29/07/2026,16:59,139.56,29.99,23.85,10.25,48.40,20.52,-1.01,4.73,1261,1.0270,44.38,0.0727
29/07/2026,17:00,139.57,29.95,23.84,10.26,48.34,20.51,-1.03,4.73,1262,1.0268,44.47,0.0725
29/07/2026,17:01,139.58,29.92,23.88,10.24,48.24,20.51,-1.01,4.74,1262,1.0271,44.36,0.0722
29/07/2026,17:02,139.57,29.90,23.87,10.27,48.27,20.52,-1.02,4.73,1263,1.0273,44.34,0.0726
29/07/2026,17:03,139.45,29.85,23.80,10.26,48.29,20.50,-1.01,4.71,1264,1.0271,44.39,0.0729
29/07/2026,17:04,139.37,29.89,23.87,10.22,48.17,20.53,-0.98,4.71,1267,1.0274,44.47,0.0728
29/07/2026,17:05,139.45,29.90,23.86,10.21,48.17,20.51,-1.02,4.73,1272,1.0275,44.46,0.0723
29/07/2026,17:06,139.43,29.96,23.90,10.25,48.20,20.49,-1.03,4.74,1275,1.0271,44.41,0.0721
29/07/2026,17:07,139.31,29.90,23.93,10.26,48.21,20.49,-1.05,4.75,1276,1.0266,44.43,0.0725
29/07/2026,17:08,139.35,29.90,23.96,10.28,48.25,20.51,-1.05,4.75,1278,1.0264,44.41,0.0725
29/07/2026,17:09,139.41,29.89,23.99,10.30,48.39,20.53,-1.07,4.74,1280,1.0262,44.30,0.0727
29/07/2026,17:10,139.41,29.84,23.96,10.32,48.39,20.54,-1.07,4.74,1279,1.0261,44.38,0.0728
29/07/2026,17:11,139.40,29.85,23.99,10.31,48.50,20.53,-1.08,4.75,1283,1.0257,44.41,0.0739
29/07/2026,17:12,139.35,29.86,23.94,10.29,48.47,20.54,-1.09,4.75,1280,1.0257,44.43,0.0743
29/07/2026,17:13,139.32,29.85,24.01,10.31,48.38,20.56,-1.07,4.74,1276,1.0259,44.34,0.0742
29/07/2026,17:14,139.25,29.79,24.01,10.31,48.27,20.55,-1.05,4.74,1275,1.0261,44.30,0.0743
29/07/2026,17:15,139.23,29.79,24.05,10.29,48.27,20.56,-1.04,4.75,1280,1.0261,44.38,0.0738
29/07/2026,17:16,139.24,29.72,24.11,10.27,48.24,20.58,-1.04,4.75,1283,1.0265,44.40,0.0737
29/07/2026,17:17,139.28,29.68,24.08,10.29,48.34,20.52,-1.05,4.75,1282,1.0266,44.32,0.0742
29/07/2026,17:18,139.30,29.70,24.07,10.31,48.24,20.53,-1.04,4.76,1281,1.0265,44.22,0.0738
29/07/2026,17:19,139.36,29.71,24.10,10.29,48.18,20.52,-1.05,4.77,1281,1.0267,44.34,0.0738
29/07/2026,17:20,139.38,29.72,24.08,10.21,48.22,20.59,-1.08,4.78,1283,1.0267,44.40,0.0734
29/07/2026,17:21,139.47,29.64,24.09,10.18,48.32,20.60,-1.07,4.78,1285,1.0270,44.24,0.0735
29/07/2026,17:22,139.58,29.59,24.12,10.18,48.25,20.60,-1.08,4.78,1286,1.0273,44.23,0.0735
29/07/2026,17:23,139.53,29.57,24.17,10.16,48.11,20.57,-1.10,4.75,1282,1.0274,44.24,0.0728
29/07/2026,17:24,139.57,29.55,24.11,10.21,48.16,20.60,-1.06,4.76,1281,1.0274,44.36,0.0730
29/07/2026,17:25,139.60,29.51,24.14,10.24,48.20,20.63,-1.05,4.76,1278,1.0269,44.30,0.0726
29/07/2026,17:26,139.58,29.47,24.17,10.24,48.14,20.64,-1.04,4.76,1280,1.0269,44.27,0.0724
29/07/2026,17:27,139.54,29.46,24.16,10.23,48.36,20.64,-1.06,4.76,1275,1.0271,44.37,0.0723
29/07/2026,17:28,139.55,29.45,24.15,10.23,48.43,20.65,-1.07,4.75,1278,1.0269,44.24,0.0720
29/07/2026,17:29,139.58,29.46,24.15,10.26,48.42,20.56,-1.07,4.77,1279,1.0272,44.18,0.0721
29/07/2026,17:30,139.57,29.45,24.05,10.23,48.37,20.59,-1.11,4.77,1276,1.0275,44.16,0.0721
29/07/2026,17:31,139.63,29.46,23.98,10.29,48.30,20.61,-1.10,4.77,1274,1.0277,44.18,0.0723
29/07/2026,17:32,139.60,29.44,24.02,10.30,48.21,20.58,-1.10,4.77,1269,1.0274,44.20,0.0727
29/07/2026,17:33,139.61,29.38,24.03,10.27,48.28,20.60,-1.09,4.75,1267,1.0271,44.11,0.0730
29/07/2026,17:34,139.61,29.36,24.00,10.26,48.28,20.59,-1.10,4.74,1269,1.0270,44.04,0.0739
29/07/2026,17:35,139.53,29.39,23.97,10.28,48.43,20.54,-1.08,4.77,1270,1.0272,43.94,0.0730
29/07/2026,17:36,139.54,29.29,23.95,10.30,48.55,20.54,-1.06,4.76,1269,1.0276,44.08,0.0732
29/07/2026,17:37,139.45,29.28,24.02,10.28,48.56,20.53,-1.04,4.77,1271,1.0275,43.97,0.0728
29/07/2026,17:38,139.42,29.29,23.98,10.27,48.55,20.53,-0.99,4.79,1269,1.0274,44.01,0.0731
29/07/2026,17:39,139.41,29.33,24.00,10.26,48.62,20.54,-0.97,4.80,1272,1.0276,44.13,0.0728
29/07/2026,17:40,139.44,29.29,23.97,10.30,48.68,20.54,-1.00,4.79,1271,1.0279,44.02,0.0726
29/07/2026,17:41,139.44,29.31,23.98,10.25,48.73,20.53,-0.95,4.78,1266,1.0277,43.94,0.0724
29/07/2026,17:42,139.41,29.30,23.97,10.26,48.69,20.54,-0.95,4.78,1267,1.0272,43.79,0.0726
29/07/2026,17:43,139.44,29.35,23.95,10.30,48.71,20.53,-0.97,4.79,1267,1.0272,43.70,0.0723
29/07/2026,17:44,139.47,29.36,23.92,10.30,48.82,20.49,-0.95,4.79,1271,1.0274,43.83,0.0726
29/07/2026,17:45,139.47,29.31,23.87,10.32,48.72,20.48,-0.94,4.78,1267,1.0273,43.78,0.0728
29/07/2026,17:46,139.49,29.33,23.92,10.33,48.77,20.50,-0.95,4.76,1269,1.0275,43.82,0.0728
29/07/2026,17:47,139.49,29.37,23.91,10.36,48.76,20.44,-0.99,4.78,1268,1.0272,43.83,0.0724
29/07/2026,17:48,139.49,29.35,23.92,10.32,48.64,20.40,-1.01,4.79,1267,1.0273,43.79,0.0722
29/07/2026,17:49,139.44,29.36,23.89,10.31,48.56,20.39,-1.01,4.80,1269,1.0272,43.84,0.0721
29/07/2026,17:50,139.46,29.38,23.93,10.33,48.44,20.42,-1.02,4.79,1271,1.0275,43.87,0.0720
29/07/2026,17:51,139.48,29.38,23.98,10.31,48.37,20.41,-1.03,4.80,1270,1.0276,43.94,0.0728
29/07/2026,17:52,139.52,29.40,23.93,10.30,48.56,20.42,-1.04,4.81,1272,1.0272,44.06,0.0730
29/07/2026,17:53,139.63,29.34,23.90,10.36,48.70,20.45,-1.03,4.81,1269,1.0270,44.05,0.0728
29/07/2026,17:54,139.57,29.38,23.94,10.34,48.78,20.46,-1.01,4.80,1270,1.0276,44.02,0.0728
29/07/2026,17:55,139.62,29.38,23.94,10.34,48.69,20.44,-1.02,4.79,1273,1.0276,44.18,0.0730
29/07/2026,17:56,139.59,29.38,24.04,10.27,48.75,20.46,-1.03,4.79,1271,1.0276,44.28,0.0733
29/07/2026,17:57,139.52,29.40,24.04,10.27,48.70,20.46,-1.03,4.79,1274,1.0275,44.24,0.0735
29/07/2026,17:58,139.56,29.38,24.09,10.27,48.68,20.42,-1.02,4.81,1278,1.0276,44.21,0.0735
29/07/2026,17:59,139.59,29.34,24.09,10.25,48.73,20.42,-1.01,4.81,1281,1.0277,44.20,0.0739
29/07/2026,18:00,139.54,29.35,24.08,10.25,48.69,20.45,-1.02,4.82,1279,1.0274,44.17,0.0738
29/07/2026,18:01,139.57,29.35,24.12,10.22,48.65,20.48,-1.03,4.82,1277,1.0275,44.16,0.0737
29/07/2026,18:02,139.61,29.37,24.12,10.19,48.54,20.47,-1.03,4.83,1280,1.0275,44.07,0.0733
29/07/2026,18:03,139.61,29.36,24.11,10.18,48.50,20.47,-1.03,4.83,1279,1.0274,44.12,0.0728
29/07/2026,18:04,139.56,29.39,24.08,10.20,48.46,20.51,-1.02,4.83,1275,1.0275,44.14,0.0732
29/07/2026,18:05,139.57,29.29,24.07,10.23,48.40,20.50,-0.99,4.83,1272,1.0274,44.23,0.0728
29/07/2026,18:06,139.50,29.35,24.02,10.23,48.46,20.55,-0.99,4.82,1270,1.0278,44.13,0.0725
29/07/2026,18:07,139.64,29.36,23.97,10.21,48.46,20.57,-1.02,4.81,1266,1.0279,44.21,0.0731
29/07/2026,18:08,139.65,29.33,23.92,10.20,48.45,20.50,-1.04,4.82,1267,1.0277,44.15,0.0731
29/07/2026,18:09,139.64,29.31,23.94,10.15,48.35,20.50,-1.04,4.82,1262,1.0279,44.18,0.0737
29/07/2026,18:10,139.74,29.28,23.87,10.19,48.23,20.48,-1.02,4.82,1259,1.0277,44.09,0.0736
29/07/2026,18:11,139.75,29.31,23.86,10.19,48.15,20.45,-1.01,4.82,1264,1.0278,44.18,0.0739
29/07/2026,18:12,139.75,29.34,23.92,10.18,48.15,20.51,-1.03,4.82,1268,1.0273,44.16,0.0735
29/07/2026,18:13,139.79,29.31,23.92,10.19,48.15,20.50,-1.04,4.83,1270,1.0270,44.14,0.0739
29/07/2026,18:14,139.77,29.27,23.87,10.18,48.19,20.52,-1.04,4.83,1271,1.0268,44.22,0.0740
29/07/2026,18:15,139.76,29.26,23.92,10.24,48.12,20.54,-1.04,4.83,1274,1.0269,44.21,0.0742
29/07/2026,18:16,139.75,29.26,23.95,10.24,48.17,20.53,-1.06,4.81,1277,1.0268,44.27,0.0735
29/07/2026,18:17,139.71,29.25,23.94,10.21,48.14,20.51,-1.04,4.81,1271,1.0270,44.24,0.0733
29/07/2026,18:18,139.67,29.24,23.95,10.23,48.19,20.53,-1.05,4.81,1270,1.0272,44.30,0.0731
29/07/2026,18:19,139.62,29.23,23.95,10.22,48.06,20.49,-1.03,4.80,1269,1.0277,44.28,0.0732
29/07/2026,18:20,139.58,29.22,23.95,10.24,47.93,20.50,-1.03,4.82,1268,1.0283,44.12,0.0727
29/07/2026,18:21,139.50,29.21,23.98,10.27,47.90,20.48,-1.03,4.82,1267,1.0279,44.09,0.0720
29/07/2026,18:22,139.48,29.20,23.99,10.23,48.02,20.47,-1.05,4.81,1264,1.0278,44.10,0.0722
29/07/2026,18:23,139.46,29.16,23.96,10.24,48.11,20.50,-1.03,4.80,1267,1.0279,43.95,0.0723
29/07/2026,18:24,139.41,29.17,23.89,10.25,48.29,20.50,-1.05,4.78,1270,1.0279,44.05,0.0726
29/07/2026,18:25,139.34,29.14,23.91,10.24,48.29,20.50,-1.06,4.80,1270,1.0280,44.02,0.0728
29/07/2026,18:26,139.44,29.11,23.90,10.25,48.24,20.50,-1.06,4.80,1271,1.0276,44.04,0.0729
29/07/2026,18:27,139.46,29.08,23.99,10.24,48.22,20.48,-1.07,4.80,1270,1.0276,44.04,0.0726
29/07/2026,18:28,139.47,29.11,24.04,10.21,48.24,20.48,-1.07,4.80,1264,1.0275,44.14,0.0723
29/07/2026,18:29,139.52,29.09,24.00,10.23,48.33,20.49,-1.08,4.78,1266,1.0272,44.20,0.0727
29/07/2026,18:30,139.57,29.07,24.05,10.26,48.34,20.50,-1.05,4.79,1265,1.0273,44.24,0.0727
29/07/2026,18:31,139.51,29.02,24.03,10.25,48.24,20.54,-1.03,4.78,1260,1.0273,44.20,0.0730
29/07/2026,18:32,139.45,28.98,24.01,10.23,48.30,20.52,-1.02,4.80,1260,1.0271,44.27,0.0728
29/07/2026,18:33,139.44,28.99,24.00,10.24,48.34,20.51,-1.04,4.81,1259,1.0269,44.34,0.0727
29/07/2026,18:34,139.42,28.98,23.98,10.26,48.40,20.54,-1.02,4.79,1264,1.0270,44.45,0.0725
29/07/2026,18:35,139.40,28.94,23.97,10.27,48.39,20.53,-1.03,4.80,1262,1.0270,44.55,0.0729
29/07/2026,18:36,139.40,28.92,23.93,10.25,48.31,20.48,-1.01,4.77,1263,1.0272,44.46,0.0728
29/07/2026,18:37,139.43,28.88,23.90,10.24,48.36,20.48,-1.01,4.77,1263,1.0270,44.49,0.0735
29/07/2026,18:38,139.39,28.84,23.89,10.28,48.43,20.49,-1.02,4.77,1258,1.0270,44.58,0.0739
29/07/2026,18:39,139.38,28.89,23.86,10.27,48.44,20.50,-1.00,4.79,1260,1.0277,44.66,0.0738
29/07/2026,18:40,139.32,28.91,23.90,10.26,48.51,20.49,-0.97,4.78,1261,1.0276,44.77,0.0732
29/07/2026,18:41,139.38,28.94,23.83,10.25,48.35,20.51,-0.94,4.78,1256,1.0280,44.76,0.0734
29/07/2026,18:42,139.40,28.94,23.77,10.25,48.44,20.53,-0.93,4.78,1259,1.0280,44.73,0.0737
29/07/2026,18:43,139.39,28.92,23.74,10.25,48.50,20.54,-0.94,4.77,1258,1.0283,44.89,0.0737
29/07/2026,18:44,139.34,28.87,23.72,10.22,48.43,20.52,-0.94,4.76,1263,1.0281,44.88,0.0741
29/07/2026,18:45,139.32,28.79,23.70,10.24,48.49,20.51,-0.94,4.78,1262,1.0276,44.73,0.0740
29/07/2026,18:46,139.30,28.71,23.65,10.22,48.55,20.53,-0.94,4.78,1261,1.0277,44.63,0.0742
29/07/2026,18:47,139.29,28.73,23.62,10.23,48.49,20.50,-0.95,4.79,1255,1.0277,44.68,0.0747
29/07/2026,18:48,139.27,28.78,23.63,10.24,48.50,20.48,-0.96,4.79,1254,1.0277,44.76,0.0747
29/07/2026,18:49,139.30,28.74,23.61,10.27,48.48,20.47,-0.98,4.78,1253,1.0280,44.75,0.0752
29/07/2026,18:50,139.26,28.74,23.58,10.29,48.45,20.46,-0.97,4.78,1255,1.0284,44.65,0.0750
29/07/2026,18:51,139.24,28.74,23.55,10.29,48.38,20.45,-0.95,4.77,1246,1.0284,44.51,0.0750
29/07/2026,18:52,139.27,28.69,23.50,10.27,48.32,20.42,-0.95,4.78,1245,1.0286,44.54,0.0753
29/07/2026,18:53,139.30,28.72,23.45,10.28,48.38,20.41,-0.94,4.78,1245,1.0286,44.53,0.0754
29/07/2026,18:54,139.24,28.67,23.41,10.29,48.36,20.40,-0.95,4.78,1249,1.0287,44.43,0.0753
29/07/2026,18:55,139.21,28.67,23.43,10.32,48.44,20.40,-0.94,4.78,1251,1.0284,44.23,0.0754
29/07/2026,18:56,139.17,28.64,23.44,10.31,48.42,20.37,-0.95,4.78,1253,1.0282,44.33,0.0753
29/07/2026,18:57,139.12,28.63,23.44,10.32,48.31,20.35,-0.96,4.78,1251,1.0284,44.26,0.0749
29/07/2026,18:58,139.13,28.61,23.40,10.32,48.28,20.36,-0.94,4.80,1256,1.0280,44.22,0.0755
29/07/2026,18:59,139.18,28.60,23.49,10.31,48.34,20.36,-0.95,4.80,1259,1.0282,44.26,0.0752
29/07/2026,19:00,139.10,28.58,23.62,10.32,48.33,20.33,-0.97,4.80,1265,1.0287,44.19,0.0751
29/07/2026,19:01,139.11,28.59,23.69,10.32,48.32,20.32,-0.96,4.80,1264,1.0286,44.36,0.0759
29/07/2026,19:02,139.09,28.50,23.70,10.29,48.34,20.28,-0.98,4.80,1264,1.0285,44.39,0.0759
29/07/2026,19:03,139.03,28.55,23.76,10.31,48.31,20.27,-0.97,4.80,1264,1.0284,44.41,0.0765
29/07/2026,19:04,139.08,28.49,23.75,10.31,48.08,20.26,-0.98,4.79,1265,1.0285,44.25,0.0766
29/07/2026,19:05,139.09,28.43,23.77,10.28,48.10,20.30,-0.97,4.80,1264,1.0285,44.11,0.0766
29/07/2026,19:06,139.11,28.41,23.79,10.27,48.10,20.31,-0.99,4.80,1266,1.0285,43.96,0.0771
29/07/2026,19:07,139.11,28.38,23.77,10.32,48.16,20.28,-1.01,4.78,1263,1.0282,43.93,0.0780
29/07/2026,19:08,139.09,28.32,23.79,10.27,48.27,20.33,-0.99,4.79,1264,1.0278,44.03,0.0775
29/07/2026,19:09,139.12,28.30,23.82,10.26,48.27,20.31,-0.98,4.79,1262,1.0279,43.93,0.0769
29/07/2026,19:10,139.11,28.33,23.78,10.28,48.15,20.32,-0.97,4.79,1264,1.0277,43.89,0.0765
29/07/2026,19:11,139.14,28.31,23.76,10.26,48.25,20.32,-0.97,4.78,1263,1.0279,43.92,0.0765
29/07/2026,19:12,139.19,28.32,23.75,10.28,48.36,20.35,-0.96,4.79,1262,1.0278,43.96,0.0770
29/07/2026,19:13,139.20,28.26,23.76,10.27,48.34,20.31,-0.98,4.78,1262,1.0277,44.00,0.0763
29/07/2026,19:14,139.21,28.21,23.81,10.25,48.28,20.32,-0.97,4.78,1260,1.0280,44.10,0.0758
29/07/2026,19:15,139.23,28.20,23.79,10.20,48.38,20.35,-0.94,4.76,1259,1.0281,44.18,0.0754
29/07/2026,19:16,139.24,28.19,23.81,10.17,48.44,20.37,-0.96,4.78,1259,1.0281,44.15,0.0755
29/07/2026,19:17,139.14,28.18,23.84,10.20,48.41,20.38,-0.98,4.78,1263,1.0279,44.13,0.0757
29/07/2026,19:18,139.12,28.16,23.84,10.19,48.43,20.39,-0.95,4.77,1260,1.0283,43.96,0.0757
29/07/2026,19:19,139.16,28.20,23.86,10.23,48.37,20.43,-0.97,4.80,1260,1.0282,44.02,0.0764
29/07/2026,19:20,139.13,28.20,23.74,10.23,48.30,20.43,-0.97,4.79,1257,1.0286,44.05,0.0759
29/07/2026,19:21,139.11,28.20,23.80,10.24,48.28,20.40,-0.99,4.79,1260,1.0287,43.98,0.0761
29/07/2026,19:22,139.08,28.27,23.83,10.23,48.29,20.44,-0.99,4.78,1266,1.0287,43.95,0.0762
29/07/2026,19:23,139.04,28.27,23.80,10.25,48.31,20.47,-0.96,4.78,1268,1.0280,43.82,0.0762
29/07/2026,19:24,139.12,28.22,23.79,10.27,48.24,20.50,-0.99,4.78,1271,1.0279,43.89,0.0758
29/07/2026,19:25,139.15,28.28,23.83,10.31,48.08,20.46,-0.99,4.78,1267,1.0279,43.84,0.0759
29/07/2026,19:26,139.17,28.19,23.87,10.33,48.11,20.46,-0.99,4.79,1268,1.0278,43.85,0.0763
29/07/2026,19:27,139.19,28.15,23.90,10.32,48.08,20.46,-1.01,4.79,1266,1.0277,43.84,0.0760
29/07/2026,19:28,139.16,28.07,23.94,10.28,48.13,20.45,-0.99,4.80,1269,1.0280,43.72,0.0761
29/07/2026,19:29,139.11,28.04,23.97,10.28,48.14,20.46,-0.99,4.79,1265,1.0277,43.72,0.0753
29/07/2026,19:30,139.07,28.04,23.94,10.27,48.10,20.51,-0.99,4.79,1262,1.0278,43.64,0.0758
29/07/2026,19:31,139.04,27.98,23.94,10.28,48.10,20.55,-1.02,4.78,1266,1.0275,43.68,0.0754
29/07/2026,19:32,139.05,27.95,23.99,10.28,48.09,20.53,-0.99,4.78,1272,1.0272,43.66,0.0759
29/07/2026,19:33,139.03,27.97,24.00,10.22,48.14,20.57,-0.97,4.78,1270,1.0269,43.70,0.0757
29/07/2026,19:34,138.99,27.95,23.99,10.24,48.18,20.57,-0.97,4.77,1277,1.0270,43.56,0.0760
29/07/2026,19:35,139.03,27.97,24.03,10.24,48.18,20.54,-0.99,4.77,1273,1.0266,43.67,0.0761
29/07/2026,19:36,139.04,27.99,24.05,10.25,48.30,20.51,-0.98,4.78,1270,1.0262,43.68,0.0765
29/07/2026,19:37,139.09,27.94,23.96,10.27,48.28,20.48,-0.96,4.79,1264,1.0261,43.73,0.0767
29/07/2026,19:38,139.04,27.95,23.91,10.29,48.27,20.45,-0.92,4.79,1258,1.0257,43.87,0.0769
29/07/2026,19:39,139.07,27.92,23.87,10.33,48.31,20.46,-0.96,4.79,1257,1.0261,43.77,0.0772
29/07/2026,19:40,139.01,27.93,23.90,10.30,48.27,20.49,-0.95,4.77,1260,1.0261,43.80,0.0768
29/07/2026,19:41,139.02,27.85,23.86,10.31,48.35,20.49,-0.94,4.77,1258,1.0266,43.84,0.0764
29/07/2026,19:42,139.01,27.84,23.78,10.26,48.25,20.48,-0.90,4.79,1256,1.0268,43.85,0.0761
29/07/2026,19:43,138.99,27.80,23.79,10.27,48.26,20.49,-0.89,4.80,1262,1.0270,43.81,0.0760
29/07/2026,19:44,138.98,27.78,23.80,10.29,48.25,20.45,-0.88,4.79,1260,1.0269,43.83,0.0760
29/07/2026,19:45,138.98,27.76,23.79,10.26,48.34,20.40,-0.88,4.78,1257,1.0267,43.61,0.0763
29/07/2026,19:46,138.92,27.75,23.82,10.24,48.41,20.41,-0.88,4.78,1257,1.0268,43.54,0.0759
29/07/2026,19:47,139.02,27.76,23.76,10.26,48.30,20.41,-0.92,4.80,1256,1.0267,43.44,0.0765
29/07/2026,19:48,139.05,27.75,23.73,10.21,48.32,20.41,-0.93,4.82,1260,1.0267,43.31,0.0771
29/07/2026,19:49,139.06,27.80,23.74,10.19,48.35,20.42,-0.92,4.80,1259,1.0269,43.39,0.0762
29/07/2026,19:50,139.09,27.73,23.71,10.17,48.39,20.43,-0.93,4.79,1259,1.0267,43.31,0.0760
29/07/2026,19:51,139.09,27.69,23.79,10.18,48.39,20.39,-0.94,4.80,1258,1.0265,43.24,0.0762
29/07/2026,19:52,139.06,27.63,23.84,10.20,48.36,20.35,-0.95,4.80,1260,1.0262,43.10,0.0760
29/07/2026,19:53,139.11,27.58,23.83,10.22,48.22,20.35,-0.94,4.80,1262,1.0261,43.20,0.0761
29/07/2026,19:54,139.17,27.55,23.82,10.24,48.02,20.36,-0.93,4.80,1261,1.0261,43.15,0.0763
29/07/2026,19:55,139.23,27.53,23.84,10.22,48.12,20.40,-0.92,4.79,1264,1.0261,43.19,0.0764
29/07/2026,19:56,139.24,27.57,23.87,10.21,48.13,20.44,-0.97,4.78,1265,1.0262,43.20,0.0763
29/07/2026,19:57,139.26,27.60,23.89,10.18,48.26,20.46,-0.96,4.79,1270,1.0262,43.24,0.0764
29/07/2026,19:58,139.28,27.55,23.82,10.10,48.13,20.47,-0.97,4.80,1271,1.0262,43.12,0.0765
29/07/2026,19:59,139.26,27.57,23.88,10.10,48.09,20.48,-1.00,4.81,1272,1.0265,43.22,0.0769
29/07/2026,20:00,139.25,27.61,23.86,10.12,47.97,20.45,-1.04,4.80,1270,1.0262,43.26,0.0771
29/07/2026,20:01,139.30,27.53,23.82,10.14,47.99,20.51,-1.03,4.82,1268,1.0260,43.42,0.0775
29/07/2026,20:02,139.26,27.55,23.75,10.13,48.06,20.51,-1.05,4.80,1267,1.0259,43.45,0.0769
29/07/2026,20:03,139.26,27.57,23.79,10.10,48.05,20.55,-1.05,4.81,1269,1.0257,43.32,0.0772
29/07/2026,20:04,139.23,27.58,23.77,10.11,48.01,20.53,-1.05,4.81,1265,1.0257,43.30,0.0777
29/07/2026,20:05,139.22,27.53,23.80,10.09,48.11,20.52,-1.05,4.80,1267,1.0256,43.34,0.0781
29/07/2026,20:06,139.32,27.54,23.81,10.06,48.05,20.54,-1.06,4.79,1265,1.0258,43.44,0.0791
29/07/2026,20:07,139.39,27.55,23.79,10.07,48.03,20.53,-1.04,4.80,1267,1.0261,43.57,0.0786
29/07/2026,20:08,139.45,27.60,23.81,10.06,48.06,20.58,-1.01,4.81,1269,1.0257,43.73,0.0787
29/07/2026,20:09,139.52,27.55,23.83,10.09,48.00,20.61,-1.00,4.82,1271,1.0255,43.75,0.0790
29/07/2026,20:10,139.53,27.48,23.83,10.13,48.01,20.59,-0.99,4.81,1270,1.0255,43.87,0.0788
29/07/2026,20:11,139.51,27.50,23.90,10.14,48.06,20.62,-0.99,4.79,1266,1.0253,43.85,0.0787
29/07/2026,20:12,139.55,27.44,23.93,10.20,48.01,20.60,-1.05,4.79,1267,1.0254,43.76,0.0784
29/07/2026,20:13,139.52,27.46,23.94,10.22,48.06,20.60,-1.05,4.81,1265,1.0252,43.78,0.0785
29/07/2026,20:14,139.46,27.49,23.93,10.22,48.17,20.60,-1.06,4.81,1264,1.0254,43.87,0.0781
29/07/2026,20:15,139.49,27.44,23.95,10.21,48.03,20.63,-1.06,4.80,1272,1.0253,43.94,0.0780
29/07/2026,20:16,139.55,27.47,23.98,10.19,48.10,20.61,-1.07,4.80,1271,1.0256,43.95,0.0780
29/07/2026,20:17,139.55,27.44,24.02,10.22,48.22,20.58,-1.10,4.79,1273,1.0255,44.00,0.0784
29/07/2026,20:18,139.61,27.42,23.97,10.23,48.25,20.55,-1.11,4.79,1272,1.0254,43.93,0.0782
29/07/2026,20:19,139.61,27.39,24.02,10.19,48.26,20.54,-1.10,4.79,1271,1.0258,43.96,0.0786
29/07/2026,20:20,139.65,27.36,24.03,10.19,48.15,20.55,-1.09,4.81,1273,1.0259,44.01,0.0786
29/07/2026,20:21,139.65,27.28,24.03,10.15,48.19,20.54,-1.07,4.80,1275,1.0258,43.94,0.0784
29/07/2026,20:22,139.66,27.23,24.01,10.16,48.16,20.54,-1.04,4.80,1272,1.0253,43.92,0.0785
29/07/2026,20:23,139.69,27.23,23.99,10.19,48.09,20.55,-1.04,4.80,1271,1.0254,43.81,0.0780
29/07/2026,20:24,139.72,27.23,23.95,10.18,48.14,20.58,-1.03,4.79,1267,1.0252,43.91,0.0778
29/07/2026,20:25,139.75,27.22,23.87,10.15,48.25,20.58,-1.02,4.80,1265,1.0254,43.82,0.0774
29/07/2026,20:26,139.66,27.17,23.85,10.14,48.26,20.57,-1.00,4.81,1259,1.0255,43.82,0.0777
29/07/2026,20:27,139.74,27.17,23.85,10.15,48.30,20.57,-1.01,4.81,1254,1.0256,43.81,0.0773
29/07/2026,20:28,139.83,27.14,23.82,10.16,48.43,20.59,-1.02,4.82,1255,1.0254,43.91,0.0766
29/07/2026,20:29,139.86,27.08,23.75,10.15,48.37,20.56,-1.03,4.83,1256,1.0254,43.97,0.0766
29/07/2026,20:30,139.91,27.03,23.74,10.17,48.43,20.57,-1.04,4.84,1256,1.0254,44.05,0.0761
29/07/2026,20:31,139.86,26.94,23.74,10.22,48.45,20.54,-1.05,4.82,1258,1.0251,43.93,0.0760
29/07/2026,20:32,139.83,26.99,23.76,10.23,48.47,20.58,-1.08,4.82,1256,1.0253,44.04,0.0756
29/07/2026,20:33,139.77,26.95,23.74,10.22,48.45,20.57,-1.08,4.81,1256,1.0257,44.18,0.0759
29/07/2026,20:34,139.70,26.88,23.66,10.23,48.59,20.60,-1.06,4.82,1256,1.0259,44.10,0.0755
29/07/2026,20:35,139.70,26.89,23.72,10.25,48.48,20.58,-1.04,4.81,1254,1.0260,44.20,0.0758
29/07/2026,20:36,139.63,26.86,23.67,10.28,48.43,20.58,-1.01,4.81,1256,1.0257,44.20,0.0756
29/07/2026,20:37,139.63,26.78,23.66,10.30,48.39,20.62,-1.00,4.81,1254,1.0259,44.07,0.0753
29/07/2026,20:38,139.62,26.73,23.67,10.32,48.39,20.61,-1.00,4.83,1255,1.0260,44.14,0.0751
29/07/2026,20:39,139.67,26.75,23.63,10.29,48.40,20.61,-0.99,4.82,1256,1.0261,44.21,0.0752
29/07/2026,20:40,139.67,26.73,23.55,10.29,48.35,20.61,-1.00,4.81,1254,1.0260,44.31,0.0750
29/07/2026,20:41,139.67,26.71,23.57,10.27,48.28,20.58,-0.99,4.82,1257,1.0261,44.21,0.0752
29/07/2026,20:42,139.61,26.69,23.59,10.30,48.27,20.60,-0.97,4.80,1251,1.0262,44.15,0.0756
29/07/2026,20:43,139.54,26.67,23.59,10.34,48.30,20.58,-0.96,4.78,1250,1.0262,44.05,0.0754
29/07/2026,20:44,139.51,26.65,23.58,10.36,48.30,20.60,-0.97,4.79,1254,1.0260,44.11,0.0754
29/07/2026,20:45,139.48,26.60,23.56,10.42,48.33,20.53,-0.96,4.79,1252,1.0258,44.06,0.0758
29/07/2026,20:46,139.54,26.62,23.54,10.41,48.25,20.55,-0.98,4.78,1248,1.0258,44.03,0.0764
29/07/2026,20:47,139.48,26.57,23.48,10.40,48.25,20.56,-0.99,4.77,1244,1.0257,44.01,0.0768
29/07/2026,20:48,139.41,26.57,23.55,10.36,48.18,20.54,-0.98,4.79,1248,1.0256,44.08,0.0773
29/07/2026,20:49,139.37,26.59,23.49,10.33,48.15,20.51,-1.00,4.77,1252,1.0253,44.12,0.0774
29/07/2026,20:50,139.34,26.56,23.55,10.29,48.11,20.51,-0.98,4.75,1254,1.0253,44.21,0.0773
29/07/2026,20:51,139.34,26.53,23.52,10.32,48.03,20.46,-0.99,4.77,1252,1.0254,44.29,0.0780
29/07/2026,20:52,139.31,26.50,23.49,10.31,48.01,20.49,-0.99,4.77,1255,1.0258,44.35,0.0779
29/07/2026,20:53,139.27,26.51,23.45,10.30,48.02,20.45,-0.98,4.76,1254,1.0259,44.41,0.0781
29/07/2026,20:54,139.30,26.57,23.47,10.29,48.01,20.40,-0.99,4.76,1253,1.0262,44.46,0.0782
29/07/2026,20:55,139.17,26.59,23.44,10.31,48.03,20.39,-0.99,4.76,1259,1.0263,44.42,0.0776
29/07/2026,20:56,139.19,26.55,23.44,10.32,48.03,20.35,-0.99,4.77,1259,1.0263,44.32,0.0776
29/07/2026,20:57,139.16,26.58,23.52,10.31,47.95,20.34,-0.98,4.76,1261,1.0259,44.30,0.0774
29/07/2026,20:58,139.02,26.57,23.61,10.34,47.92,20.33,-0.96,4.75,1261,1.0258,44.37,0.0777
29/07/2026,20:59,139.00,26.52,23.61,10.36,47.83,20.36,-0.97,4.76,1259,1.0258,44.36,0.0769
29/07/2026,21:00,139.03,26.52,23.67,10.37,47.77,20.37,-0.95,4.77,1261,1.0256,44.51,0.0767
29/07/2026,21:01,139.00,26.51,23.67,10.37,47.68,20.38,-0.97,4.75,1258,1.0256,44.39,0.0772
29/07/2026,21:02,138.97,26.48,23.69,10.36,47.56,20.41,-0.95,4.73,1259,1.0259,44.30,0.0772
29/07/2026,21:03,139.02,26.42,23.70,10.35,47.55,20.46,-0.97,4.73,1260,1.0260,44.32,0.0774
29/07/2026,21:04,139.01,26.37,23.71,10.38,47.47,20.46,-0.95,4.73,1259,1.0255,44.14,0.0774
29/07/2026,21:05,139.08,26.32,23.73,10.36,47.50,20.43,-0.95,4.74,1258,1.0256,44.05,0.0773
29/07/2026,21:06,139.13,26.29,23.72,10.36,47.42,20.46,-0.96,4.74,1256,1.0259,44.07,0.0770
29/07/2026,21:07,139.03,26.30,23.77,10.37,47.46,20.42,-1.00,4.73,1259,1.0259,43.97,0.0773
29/07/2026,21:08,138.92,26.35,23.74,10.37,47.55,20.41,-0.97,4.74,1255,1.0260,43.99,0.0773
29/07/2026,21:09,138.86,26.34,23.74,10.37,47.59,20.41,-0.97,4.72,1253,1.0261,43.94,0.0773
29/07/2026,21:10,138.82,26.32,23.69,10.33,47.73,20.41,-0.96,4.74,1257,1.0262,43.97,0.0779
29/07/2026,21:11,138.84,26.29,23.67,10.32,47.81,20.45,-0.97,4.75,1258,1.0265,43.86,0.0787
29/07/2026,21:12,138.80,26.22,23.63,10.32,47.79,20.44,-0.96,4.75,1252,1.0265,43.84,0.0789
29/07/2026,21:13,138.74,26.23,23.59,10.34,47.76,20.42,-0.96,4.74,1250,1.0264,43.73,0.0791
29/07/2026,21:14,138.70,26.27,23.53,10.34,47.76,20.40,-0.97,4.73,1249,1.0264,43.73,0.0793
29/07/2026,21:15,138.69,26.27,23.50,10.33,47.78,20.42,-0.98,4.75,1249,1.0268,43.52,0.0795
29/07/2026,21:16,138.76,26.21,23.51,10.33,47.68,20.41,-0.98,4.74,1252,1.0265,43.39,0.0792
29/07/2026,21:17,138.73,26.12,23.55,10.35,47.75,20.42,-0.96,4.74,1253,1.0263,43.31,0.0807
29/07/2026,21:18,138.71,26.12,23.53,10.33,47.85,20.38,-0.97,4.76,1249,1.0264,43.27,0.0809
29/07/2026,21:19,138.70,26.11,23.55,10.35,47.91,20.31,-0.94,4.75,1252,1.0261,43.19,0.0803
29/07/2026,21:20,138.72,26.10,23.52,10.31,47.92,20.31,-0.96,4.76,1251,1.0260,43.12,0.0802
29/07/2026,21:21,138.75,26.09,23.51,10.38,47.94,20.31,-0.97,4.77,1251,1.0261,43.17,0.0806
29/07/2026,21:22,138.80,26.10,23.57,10.40,47.94,20.27,-0.94,4.76,1253,1.0259,43.21,0.0807
29/07/2026,21:23,138.79,26.07,23.57,10.39,47.92,20.27,-0.94,4.75,1257,1.0260,43.24,0.0808
29/07/2026,21:24,138.78,26.01,23.57,10.38,47.92,20.26,-0.95,4.74,1260,1.0257,43.22,0.0803
29/07/2026,21:25,138.78,25.94,23.61,10.38,47.92,20.30,-0.97,4.73,1262,1.0256,43.15,0.0805
29/07/2026,21:26,138.88,25.87,23.74,10.38,47.97,20.29,-0.99,4.74,1262,1.0258,43.00,0.0802
29/07/2026,21:27,138.79,25.88,23.73,10.38,47.98,20.31,-0.94,4.72,1260,1.0257,43.12,0.0805
29/07/2026,21:28,138.81,25.90,23.73,10.34,47.98,20.33,-0.95,4.72,1264,1.0260,43.19,0.0808
29/07/2026,21:29,138.84,25.84,23.70,10.34,47.89,20.38,-1.00,4.72,1262,1.0259,43.14,0.0803
29/07/2026,21:30,138.85,25.82,23.79,10.37,47.85,20.40,-1.00,4.74,1264,1.0257,43.24,0.0803
29/07/2026,21:31,138.83,25.76,23.83,10.39,47.90,20.39,-0.99,4.75,1264,1.0255,43.19,0.0802
29/07/2026,21:32,138.82,25.67,23.80,10.44,47.91,20.36,-1.00,4.76,1260,1.0254,42.99,0.0804
29/07/2026,21:33,138.83,25.68,23.82,10.44,47.97,20.37,-0.99,4.78,1261,1.0253,42.92,0.0802
29/07/2026,21:34,138.85,25.68,23.82,10.45,47.89,20.30,-0.98,4.78,1258,1.0254,43.00,0.0804
29/07/2026,21:35,138.86,25.67,23.74,10.46,47.94,20.27,-0.97,4.76,1258,1.0256,42.96,0.0803
29/07/2026,21:36,138.82,25.64,23.74,10.47,48.02,20.25,-0.96,4.79,1263,1.0257,43.03,0.0803
29/07/2026,21:37,138.85,25.59,23.74,10.49,47.99,20.24,-0.93,4.79,1268,1.0261,42.92,0.0813
29/07/2026,21:38,138.83,25.58,23.75,10.43,47.88,20.20,-0.95,4.80,1266,1.0262,42.91,0.0807
29/07/2026,21:39,138.80,25.53,23.76,10.39,47.97,20.24,-0.95,4.81,1265,1.0263,43.06,0.0806
29/07/2026,21:40,138.84,25.56,23.78,10.38,47.96,20.23,-0.99,4.82,1268,1.0262,43.01,0.0810
29/07/2026,21:41,138.87,25.56,23.80,10.34,47.94,20.22,-1.00,4.82,1263,1.0265,43.21,0.0803
29/07/2026,21:42,138.92,25.58,23.77,10.33,48.05,20.20,-1.00,4.82,1259,1.0267,43.18,0.0800
29/07/2026,21:43,138.95,25.59,23.73,10.32,48.03,20.27,-1.00,4.83,1261,1.0266,43.17,0.0797
29/07/2026,21:44,138.93,25.60,23.68,10.34,48.13,20.30,-0.97,4.83,1260,1.0269,43.03,0.0792
29/07/2026,21:45,139.05,25.63,23.69,10.31,48.06,20.26,-0.97,4.82,1260,1.0267,42.96,0.0791
29/07/2026,21:46,139.08,25.59,23.67,10.32,48.01,20.31,-0.98,4.80,1259,1.0267,43.08,0.0800
29/07/2026,21:47,139.07,25.52,23.60,10.29,48.02,20.33,-0.97,4.81,1262,1.0269,42.94,0.0797
29/07/2026,21:48,139.07,25.48,23.59,10.31,48.01,20.35,-1.00,4.82,1256,1.0267,42.98,0.0798
29/07/2026,21:49,139.14,25.46,23.55,10.32,48.00,20.37,-1.00,4.80,1255,1.0266,43.00,0.0803
29/07/2026,21:50,139.18,25.47,23.55,10.30,47.97,20.35,-0.97,4.80,1258,1.0262,43.06,0.0805
29/07/2026,21:51,139.23,25.44,23.54,10.32,47.96,20.34,-0.97,4.79,1257,1.0265,43.14,0.0804
29/07/2026,21:52,139.23,25.39,23.61,10.34,47.93,20.33,-0.97,4.79,1261,1.0264,43.29,0.0806
29/07/2026,21:53,139.36,25.36,23.59,10.30,48.02,20.30,-0.95,4.78,1258,1.0267,43.36,0.0804
29/07/2026,21:54,139.36,25.41,23.62,10.23,48.07,20.31,-0.96,4.79,1257,1.0269,43.30,0.0805
29/07/2026,21:55,139.36,25.37,23.66,10.19,48.06,20.35,-0.93,4.77,1257,1.0271,43.28,0.0807
29/07/2026,21:56,139.40,25.35,23.69,10.18,48.03,20.36,-0.93,4.77,1259,1.0272,43.27,0.0806
29/07/2026,21:57,139.41,25.38,23.72,10.21,47.99,20.37,-0.96,4.77,1262,1.0267,43.24,0.0804
29/07/2026,21:58,139.51,25.38,23.76,10.20,47.89,20.37,-0.96,4.76,1263,1.0267,43.22,0.0803
29/07/2026,21:59,139.57,25.38,23.79,10.21,47.98,20.37,-0.97,4.76,1264,1.0266,43.23,0.0808
29/07/2026,22:00,139.56,25.36,23.75,10.21,47.98,20.39,-0.97,4.74,1256,1.0268,43.45,0.0807
29/07/2026,22:01,139.53,25.34,23.69,10.15,48.00,20.40,-0.98,4.74,1253,1.0265,43.41,0.0803
29/07/2026,22:02,139.47,25.30,23.71,10.12,47.83,20.43,-0.96,4.74,1250,1.0262,43.48,0.0798
29/07/2026,22:03,139.41,25.25,23.74,10.10,47.94,20.45,-0.95,4.74,1248,1.0262,43.55,0.0801
29/07/2026,22:04,139.42,25.16,23.73,10.10,47.92,20.46,-0.93,4.74,1245,1.0259,43.61,0.0798
29/07/2026,22:05,139.35,25.14,23.69,10.08,47.97,20.50,-0.90,4.75,1239,1.0264,43.55,0.0797
29/07/2026,22:06,139.35,25.11,23.61,10.08,47.91,20.50,-0.90,4.73,1236,1.0266,43.53,0.0797
29/07/2026,22:07,139.33,25.12,23.57,10.05,47.93,20.56,-0.89,4.74,1230,1.0265,43.47,0.0802
29/07/2026,22:08,139.28,25.14,23.51,10.08,47.85,20.57,-0.89,4.75,1228,1.0267,43.27,0.0803
29/07/2026,22:09,139.19,25.09,23.40,10.07,47.82,20.56,-0.87,4.75,1228,1.0268,43.28,0.0799
29/07/2026,22:10,139.14,25.08,23.35,10.08,47.70,20.56,-0.85,4.74,1228,1.0269,43.33,0.0794
29/07/2026,22:11,139.16,25.14,23.27,10.06,47.78,20.60,-0.82,4.75,1226,1.0268,43.34,0.0794
29/07/2026,22:12,139.16,25.12,23.24,10.07,47.91,20.57,-0.80,4.74,1230,1.0268,43.31,0.0799
29/07/2026,22:13,139.26,25.10,23.24,10.09,47.91,20.56,-0.81,4.75,1228,1.0262,43.28,0.0802
29/07/2026,22:14,139.12,25.08,23.22,10.11,47.84,20.57,-0.78,4.77,1231,1.0262,43.25,0.0805
29/07/2026,22:15,139.16,25.01,23.14,10.08,47.89,20.60,-0.78,4.78,1228,1.0262,43.27,0.0800
29/07/2026,22:16,139.14,24.98,23.19,10.06,47.78,20.60,-0.79,4.76,1232,1.0260,43.30,0.0804
29/07/2026,22:17,139.00,24.97,23.20,10.06,47.80,20.61,-0.81,4.75,1231,1.0259,43.30,0.0797
29/07/2026,22:18,138.89,24.98,23.15,10.05,47.66,20.61,-0.77,4.74,1228,1.0259,43.38,0.0800
29/07/2026,22:19,138.86,24.94,23.12,10.03,47.65,20.62,-0.76,4.72,1227,1.0259,43.37,0.0795
29/07/2026,22:20,138.89,24.87,23.09,10.00,47.64,20.63,-0.75,4.73,1230,1.0258,43.22,0.0800
29/07/2026,22:21,138.90,24.86,23.05,9.96,47.71,20.69,-0.75,4.72,1231,1.0260,43.25,0.0791
29/07/2026,22:22,138.88,24.85,23.10,9.99,47.66,20.71,-0.76,4.71,1233,1.0263,43.13,0.0794
29/07/2026,22:23,138.88,24.76,23.14,10.03,47.73,20.71,-0.78,4.71,1234,1.0261,43.12,0.0800
29/07/2026,22:24,138.80,24.74,23.22,10.03,47.64,20.78,-0.81,4.69,1236,1.0265,43.18,0.0798
29/07/2026,22:25,138.69,24.73,23.24,10.07,47.66,20.74,-0.82,4.69,1232,1.0269,43.07,0.0798
29/07/2026,22:26,138.67,24.75,23.27,10.06,47.68,20.75,-0.82,4.68,1235,1.0270,43.07,0.0798
29/07/2026,22:27,138.61,24.68,23.20,10.07,47.66,20.75,-0.84,4.66,1232,1.0269,43.07,0.0800
29/07/2026,22:28,138.71,24.66,23.21,10.01,47.72,20.76,-0.82,4.67,1239,1.0270,43.02,0.0801
29/07/2026,22:29,138.66,24.66,23.23,9.99,47.68,20.79,-0.83,4.67,1239,1.0273,43.01,0.0802
29/07/2026,22:30,138.68,24.65,23.28,10.01,47.80,20.75,-0.83,4.67,1241,1.0270,43.02,0.0803
29/07/2026,22:31,138.71,24.63,23.26,10.00,47.76,20.74,-0.85,4.65,1239,1.0269,43.01,0.0806
29/07/2026,22:32,138.82,24.55,23.25,10.02,47.82,20.71,-0.85,4.67,1240,1.0266,42.91,0.0805
29/07/2026,22:33,138.83,24.59,23.29,10.03,47.80,20.72,-0.84,4.66,1239,1.0265,42.94,0.0799
29/07/2026,22:34,138.85,24.61,23.30,10.05,47.93,20.71,-0.85,4.65,1240,1.0267,42.96,0.0805
29/07/2026,22:35,138.84,24.58,23.32,10.06,47.93,20.69,-0.84,4.64,1236,1.0267,43.07,0.0802
29/07/2026,22:36,138.82,24.50,23.27,10.06,47.81,20.68,-0.84,4.65,1230,1.0267,43.06,0.0803
29/07/2026,22:37,138.90,24.48,23.30,10.04,47.79,20.70,-0.83,4.64,1229,1.0269,43.07,0.0798
29/07/2026,22:38,138.84,24.44,23.30,10.05,47.83,20.66,-0.83,4.62,1229,1.0269,43.10,0.0794
29/07/2026,22:39,138.89,24.39,23.31,10.03,47.88,20.71,-0.79,4.63,1229,1.0270,43.03,0.0799
29/07/2026,22:40,138.85,24.38,23.27,10.07,47.92,20.70,-0.78,4.63,1229,1.0274,43.12,0.0793
29/07/2026,22:41,138.75,24.37,23.24,10.09,47.81,20.69,-0.76,4.64,1227,1.0273,43.09,0.0788
29/07/2026,22:42,138.77,24.35,23.18,10.05,47.78,20.67,-0.79,4.66,1227,1.0273,43.17,0.0786
29/07/2026,22:43,138.80,24.30,23.25,10.05,47.73,20.65,-0.79,4.65,1231,1.0269,43.11,0.0786
29/07/2026,22:44,138.75,24.26,23.22,10.05,47.71,20.60,-0.81,4.65,1232,1.0270,43.09,0.0787
29/07/2026,22:45,138.69,24.26,23.23,10.09,47.56,20.59,-0.80,4.66,1236,1.0269,42.90,0.0789
29/07/2026,22:46,138.69,24.25,23.26,10.11,47.54,20.62,-0.82,4.66,1240,1.0268,42.90,0.0790
29/07/2026,22:47,138.69,24.19,23.21,10.14,47.54,20.62,-0.82,4.67,1239,1.0263,42.85,0.0789
29/07/2026,22:48,138.74,24.18,23.24,10.15,47.55,20.58,-0.82,4.67,1241,1.0266,42.89,0.0792
29/07/2026,22:49,138.67,24.20,23.24,10.14,47.58,20.58,-0.82,4.67,1242,1.0264,42.86,0.0790
29/07/2026,22:50,138.63,24.16,23.30,10.14,47.62,20.61,-0.81,4.66,1242,1.0265,42.85,0.0789
29/07/2026,22:51,138.64,24.13,23.29,10.13,47.75,20.59,-0.85,4.67,1244,1.0263,42.94,0.0789
29/07/2026,22:52,138.70,24.12,23.27,10.15,47.57,20.59,-0.84,4.66,1245,1.0262,43.06,0.0788
29/07/2026,22:53,138.70,24.10,23.33,10.09,47.62,20.57,-0.83,4.65,1237,1.0260,43.07,0.0791
29/07/2026,22:54,138.74,24.07,23.29,10.07,47.63,20.58,-0.86,4.64,1239,1.0259,43.21,0.0794
29/07/2026,22:55,138.70,24.12,23.33,10.03,47.62,20.62,-0.85,4.65,1238,1.0257,43.06,0.0793
29/07/2026,22:56,138.69,24.09,23.28,10.02,47.61,20.63,-0.82,4.67,1234,1.0259,43.10,0.0793
29/07/2026,22:57,138.73,24.08,23.26,10.02,47.35,20.66,-0.82,4.66,1234,1.0256,43.06,0.0787
29/07/2026,22:58,138.75,24.04,23.29,9.98,47.36,20.65,-0.84,4.66,1232,1.0257,43.17,0.0794
29/07/2026,22:59,138.78,24.00,23.28,9.97,47.43,20.67,-0.82,4.65,1233,1.0255,43.22,0.0799
29/07/2026,23:00,138.72,23.95,23.20,9.99,47.38,20.73,-0.83,4.64,1231,1.0254,43.21,0.0801
29/07/2026,23:01,138.68,23.95,23.15,10.02,47.32,20.74,-0.82,4.64,1228,1.0257,43.19,0.0799
29/07/2026,23:02,138.66,23.91,23.13,10.00,47.32,20.74,-0.82,4.65,1234,1.0258,43.10,0.0802
29/07/2026,23:03,138.70,23.86,23.15,9.98,47.33,20.79,-0.84,4.65,1233,1.0257,43.12,0.0803
29/07/2026,23:04,138.65,23.82,23.22,9.98,47.36,20.81,-0.84,4.65,1236,1.0258,43.05,0.0809
29/07/2026,23:05,138.62,23.78,23.16,9.99,47.35,20.82,-0.83,4.65,1236,1.0259,43.00,0.0811
29/07/2026,23:06,138.59,23.77,23.15,9.98,47.37,20.85,-0.79,4.66,1233,1.0258,43.00,0.0814
29/07/2026,23:07,138.63,23.77,23.19,10.02,47.33,20.90,-0.81,4.68,1226,1.0255,42.89,0.0811
29/07/2026,23:08,138.58,23.75,23.22,10.00,47.34,20.94,-0.81,4.68,1230,1.0257,43.00,0.0809
29/07/2026,23:09,138.51,23.71,23.19,10.01,47.40,20.89,-0.78,4.69,1230,1.0254,42.91,0.0812
29/07/2026,23:10,138.53,23.67,23.23,10.05,47.45,20.87,-0.80,4.67,1232,1.0252,42.89,0.0814
29/07/2026,23:11,138.47,23.64,23.21,10.03,47.51,20.87,-0.79,4.68,1231,1.0251,42.76,0.0814
29/07/2026,23:12,138.54,23.61,23.21,10.04,47.52,20.89,-0.80,4.68,1233,1.0256,42.77,0.0810
29/07/2026,23:13,138.55,23.61,23.22,10.02,47.52,20.86,-0.82,4.68,1236,1.0258,42.74,0.0810
29/07/2026,23:14,138.60,23.54,23.24,10.02,47.46,20.85,-0.81,4.67,1234,1.0258,42.77,0.0807
29/07/2026,23:15,138.59,23.54,23.21,10.00,47.43,20.82,-0.81,4.66,1230,1.0253,42.69,0.0810
29/07/2026,23:16,138.57,23.52,23.23,9.97,47.41,20.85,-0.82,4.65,1232,1.0252,42.60,0.0811
29/07/2026,23:17,138.59,23.46,23.22,9.96,47.43,20.90,-0.83,4.66,1229,1.0248,42.53,0.0808
29/07/2026,23:18,138.63,23.45,23.21,9.97,47.61,20.89,-0.81,4.65,1231,1.0247,42.57,0.0805
29/07/2026,23:19,138.60,23.49,23.17,9.98,47.52,20.88,-0.79,4.67,1229,1.0246,42.53,0.0810
29/07/2026,23:20,138.70,23.49,23.13,9.97,47.45,20.84,-0.77,4.67,1230,1.0245,42.59,0.0808
29/07/2026,23:21,138.77,23.44,23.15,9.95,47.45,20.86,-0.77,4.67,1231,1.0247,42.65,0.0803
29/07/2026,23:22,138.76,23.50,23.11,9.98,47.45,20.83,-0.77,4.67,1227,1.0244,42.61,0.0809
29/07/2026,23:23,138.75,23.46,23.13,9.99,47.39,20.78,-0.77,4.66,1233,1.0242,42.73,0.0809
29/07/2026,23:24,138.71,23.41,23.13,10.02,47.22,20.78,-0.78,4.68,1231,1.0245,42.77,0.0811
29/07/2026,23:25,138.68,23.31,23.10,10.02,47.23,20.74,-0.81,4.67,1228,1.0244,42.84,0.0817
29/07/2026,23:26,138.60,23.33,23.09,10.05,47.24,20.71,-0.80,4.66,1226,1.0244,42.77,0.0817
29/07/2026,23:27,138.58,23.31,23.09,10.05,47.22,20.67,-0.80,4.67,1230,1.0243,42.98,0.0820
29/07/2026,23:28,138.57,23.22,23.19,10.00,47.26,20.69,-0.80,4.67,1230,1.0245,42.96,0.0823
29/07/2026,23:29,138.51,23.19,23.21,10.02,47.27,20.70,-0.80,4.68,1232,1.0247,43.07,0.0827
29/07/2026,23:30,138.58,23.19,23.22,10.01,47.19,20.67,-0.81,4.70,1229,1.0247,42.97,0.0826
29/07/2026,23:31,138.59,23.09,23.19,9.97,47.15,20.70,-0.82,4.70,1229,1.0249,42.77,0.0822
29/07/2026,23:32,138.54,23.07,23.15,9.93,47.23,20.69,-0.82,4.68,1226,1.0249,42.79,0.0817
29/07/2026,23:33,138.49,23.00,23.11,9.92,47.24,20.71,-0.84,4.67,1225,1.0248,42.74,0.0813
29/07/2026,23:34,138.59,23.05,23.09,9.96,47.18,20.75,-0.84,4.66,1230,1.0250,42.72,0.0811
29/07/2026,23:35,138.53,23.03,23.05,9.96,47.16,20.73,-0.81,4.65,1229,1.0251,42.71,0.0811
29/07/2026,23:36,138.53,23.07,23.09,9.97,47.17,20.72,-0.80,4.65,1234,1.0248,42.62,0.0816
29/07/2026,23:37,138.57,23.04,23.11,10.01,47.28,20.74,-0.79,4.64,1234,1.0249,42.58,0.0816
29/07/2026,23:38,138.57,23.03,23.10,10.02,47.22,20.74,-0.78,4.65,1232,1.0250,42.52,0.0816
29/07/2026,23:39,138.60,22.99,23.10,10.04,47.19,20.74,-0.80,4.66,1237,1.0251,42.49,0.0811
29/07/2026,23:40,138.55,22.98,23.13,10.02,47.20,20.74,-0.80,4.66,1235,1.0254,42.41,0.0808
29/07/2026,23:41,138.61,22.94,23.16,10.03,47.25,20.72,-0.82,4.65,1239,1.0258,42.50,0.0808
29/07/2026,23:42,138.53,22.94,23.20,10.08,47.15,20.72,-0.82,4.64,1240,1.0262,42.51,0.0808
29/07/2026,23:43,138.60,22.94,23.18,10.09,47.17,20.73,-0.82,4.65,1239,1.0265,42.48,0.0811
29/07/2026,23:44,138.54,22.96,23.15,10.06,47.18,20.74,-0.83,4.65,1241,1.0263,42.35,0.0809
29/07/2026,23:45,138.54,23.00,23.16,10.08,47.13,20.72,-0.82,4.66,1242,1.0262,42.35,0.0815
29/07/2026,23:46,138.49,22.98,23.15,10.07,47.12,20.74,-0.83,4.66,1240,1.0263,42.29,0.0823
29/07/2026,23:47,138.42,22.90,23.20,10.04,47.05,20.78,-0.87,4.65,1241,1.0260,42.41,0.0822
29/07/2026,23:48,138.43,22.83,23.21,10.08,46.99,20.70,-0.85,4.64,1240,1.0256,42.31,0.0823
29/07/2026,23:49,138.41,22.80,23.17,10.07,47.01,20.68,-0.88,4.63,1238,1.0255,42.37,0.0824
29/07/2026,23:50,138.31,22.80,23.19,10.04,47.00,20.68,-0.86,4.64,1236,1.0254,42.37,0.0834
29/07/2026,23:51,138.30,22.72,23.16,10.08,46.89,20.67,-0.87,4.63,1231,1.0250,42.37,0.0834
29/07/2026,23:52,138.21,22.72,23.12,10.04,46.79,20.70,-0.90,4.63,1235,1.0248,42.41,0.0836
29/07/2026,23:53,138.22,22.67,23.14,10.04,46.87,20.74,-0.93,4.64,1235,1.0244,42.37,0.0835
29/07/2026,23:54,138.25,22.64,23.17,10.05,46.78,20.71,-0.90,4.65,1237,1.0247,42.29,0.0841
29/07/2026,23:55,138.28,22.61,23.20,10.05,46.81,20.70,-0.91,4.63,1237,1.0247,42.20,0.0845
29/07/2026,23:56,138.20,22.59,23.19,10.06,46.84,20.69,-0.91,4.65,1238,1.0243,42.22,0.0849
29/07/2026,23:57,138.19,22.57,23.20,10.05,47.01,20.71,-0.89,4.66,1231,1.0248,42.28,0.0856
29/07/2026,23:58,138.24,22.63,23.11,10.07,47.03,20.69,-0.92,4.66,1234,1.0248,42.32,0.0855
29/07/2026,23:59,138.20,22.56,23.06,10.08,47.10,20.68,-0.89,4.67,1233,1.0250,42.37,0.0854
30/07/2026,00:00,138.19,22.54,23.03,10.07,47.05,20.66,-0.93,4.67,1236,1.0248,42.35,0.0857
30/07/2026,00:01,138.15,22.56,23.03,10.09,47.05,20.66,-0.93,4.68,1233,1.0248,42.45,0.0855
30/07/2026,00:02,138.23,22.49,23.01,10.04,47.02,20.71,-0.93,4.69,1228,1.0251,42.49,0.0855
30/07/2026,00:03,138.22,22.49,23.06,10.02,46.97,20.73,-0.93,4.70,1227,1.0252,42.52,0.0854
30/07/2026,00:04,138.26,22.45,23.07,10.01,46.98,20.76,-0.89,4.70,1228,1.0254,42.54,0.0853
30/07/2026,00:05,138.27,22.38,23.11,10.03,47.07,20.79,-0.88,4.70,1228,1.0253,42.47,0.0858
30/07/2026,00:06,138.29,22.34,23.05,10.07,47.09,20.79,-0.90,4.70,1227,1.0255,42.54,0.0859
30/07/2026,00:07,138.33,22.38,23.03,10.08,46.99,20.76,-0.88,4.68,1231,1.0254,42.48,0.0860
30/07/2026,00:08,138.34,22.34,23.10,10.05,47.06,20.77,-0.88,4.67,1235,1.0255,42.37,0.0856
30/07/2026,00:09,138.32,22.36,23.07,10.07,47.19,20.78,-0.89,4.68,1234,1.0259,42.34,0.0858
30/07/2026,00:10,138.36,22.42,23.11,10.05,47.11,20.78,-0.90,4.69,1237,1.0257,42.36,0.0859
30/07/2026,00:11,138.32,22.44,23.12,10.03,47.05,20.80,-0.90,4.68,1238,1.0254,42.43,0.0858
30/07/2026,00:12,138.35,22.41,23.10,10.01,47.05,20.77,-0.88,4.66,1238,1.0255,42.40,0.0857
30/07/2026,00:13,138.39,22.36,23.11,10.02,46.93,20.74,-0.87,4.66,1240,1.0257,42.37,0.0862
30/07/2026,00:14,138.33,22.31,23.08,10.01,46.98,20.71,-0.86,4.65,1237,1.0257,42.29,0.0864
30/07/2026,00:15,138.40,22.28,23.09,10.00,47.02,20.74,-0.87,4.64,1233,1.0257,42.24,0.0861
30/07/2026,00:16,138.41,22.28,23.11,10.05,46.98,20.75,-0.82,4.65,1232,1.0258,42.16,0.0857
30/07/2026,00:17,138.43,22.24,23.13,10.03,46.89,20.79,-0.81,4.66,1235,1.0259,42.15,0.0858
30/07/2026,00:18,138.38,22.22,23.18,10.00,46.94,20.80,-0.78,4.66,1238,1.0260,42.10,0.0854
30/07/2026,00:19,138.40,22.22,23.19,9.97,46.99,20.75,-0.77,4.68,1239,1.0259,42.08,0.0857
30/07/2026,00:20,138.46,22.22,23.20,9.97,47.00,20.73,-0.78,4.69,1240,1.0260,42.22,0.0854
30/07/2026,00:21,138.51,22.19,23.21,10.00,46.99,20.79,-0.81,4.70,1243,1.0263,42.21,0.0851
30/07/2026,00:22,138.46,22.21,23.21,9.99,46.97,20.82,-0.84,4.69,1241,1.0265,42.27,0.0856
30/07/2026,00:23,138.45,22.19,23.16,10.01,46.99,20.85,-0.82,4.69,1238,1.0259,42.25,0.0857
30/07/2026,00:24,138.42,22.20,23.20,10.02,47.03,20.87,-0.80,4.68,1239,1.0258,42.30,0.0852
30/07/2026,00:25,138.38,22.18,23.21,10.07,47.00,20.87,-0.82,4.67,1239,1.0257,42.20,0.0846
30/07/2026,00:26,138.37,22.24,23.24,10.07,46.95,20.91,-0.82,4.66,1241,1.0260,42.10,0.0849
30/07/2026,00:27,138.31,22.28,23.23,10.06,47.03,20.89,-0.83,4.67,1240,1.0259,42.16,0.0852
30/07/2026,00:28,138.30,22.19,23.31,10.08,47.03,20.85,-0.85,4.70,1240,1.0256,42.06,0.0858
30/07/2026,00:29,138.30,22.18,23.33,10.09,46.94,20.84,-0.88,4.70,1240,1.0258,42.11,0.0855
30/07/2026,00:30,138.34,22.14,23.29,10.07,46.83,20.83,-0.88,4.70,1242,1.0259,42.10,0.0861
30/07/2026,00:31,138.38,22.16,23.29,10.07,46.90,20.84,-0.88,4.70,1242,1.0260,42.09,0.0862
30/07/2026,00:32,138.36,22.11,23.32,10.04,46.75,20.82,-0.88,4.70,1248,1.0260,42.14,0.0863
30/07/2026,00:33,138.35,22.10,23.35,10.03,46.75,20.80,-0.88,4.70,1245,1.0258,42.26,0.0862
30/07/2026,00:34,138.36,22.12,23.31,10.04,46.73,20.79,-0.88,4.69,1244,1.0257,42.33,0.0866
30/07/2026,00:35,138.40,22.14,23.36,10.06,46.73,20.72,-0.86,4.68,1241,1.0255,42.17,0.0858
30/07/2026,00:36,138.37,22.11,23.29,10.07,46.64,20.73,-0.85,4.68,1234,1.0257,42.32,0.0862
30/07/2026,00:37,138.36,22.06,23.28,10.10,46.69,20.67,-0.85,4.68,1232,1.0260,42.32,0.0866
30/07/2026,00:38,138.40,22.02,23.19,10.09,46.78,20.66,-0.86,4.68,1234,1.0260,42.30,0.0867
30/07/2026,00:39,138.45,22.00,23.18,10.08,46.98,20.67,-0.85,4.68,1234,1.0260,42.13,0.0865
30/07/2026,00:40,138.46,22.01,23.15,10.10,46.89,20.64,-0.84,4.68,1230,1.0257,42.12,0.0869
30/07/2026,00:41,138.47,22.00,23.17,10.11,46.79,20.63,-0.84,4.68,1235,1.0257,42.18,0.0874
30/07/2026,00:42,138.49,21.90,23.20,10.13,46.72,20.61,-0.85,4.68,1235,1.0258,42.13,0.0882
30/07/2026,00:43,138.41,21.98,23.11,10.10,46.86,20.59,-0.86,4.67,1231,1.0255,42.20,0.0885
30/07/2026,00:44,138.40,22.02,23.20,10.05,46.86,20.62,-0.89,4.67,1228,1.0255,42.15,0.0887
30/07/2026,00:45,138.41,22.04,23.05,10.03,46.89,20.58,-0.85,4.68,1228,1.0255,42.03,0.0890
30/07/2026,00:46,138.47,22.02,23.07,10.02,46.87,20.61,-0.82,4.69,1228,1.0256,41.93,0.0887
30/07/2026,00:47,138.51,22.02,23.06,10.00,46.98,20.63,-0.81,4.70,1229,1.0260,42.09,0.0883
30/07/2026,00:48,138.54,21.95,23.00,10.00,46.97,20.63,-0.80,4.69,1222,1.0261,41.96,0.0888
30/07/2026,00:49,138.63,21.88,22.98,10.02,47.09,20.67,-0.79,4.70,1221,1.0265,41.85,0.0886
30/07/2026,00:50,138.53,21.80,22.99,9.97,47.19,20.65,-0.78,4.69,1218,1.0267,41.83,0.0884
30/07/2026,00:51,138.62,21.76,22.96,9.96,46.97,20.69,-0.80,4.69,1221,1.0268,42.14,0.0882
30/07/2026,00:52,138.64,21.78,22.94,9.94,47.12,20.67,-0.76,4.68,1220,1.0269,42.13,0.0885
30/07/2026,00:53,138.67,21.70,22.92,9.97,47.12,20.70,-0.75,4.68,1224,1.0266,42.27,0.0883
30/07/2026,00:54,138.66,21.62,22.93,9.99,47.15,20.72,-0.74,4.69,1227,1.0266,42.38,0.0881
30/07/2026,00:55,138.64,21.61,22.96,10.01,47.07,20.75,-0.76,4.68,1231,1.0263,42.31,0.0886
30/07/2026,00:56,138.59,21.58,23.01,10.01,47.01,20.74,-0.75,4.68,1230,1.0265,42.15,0.0877
30/07/2026,00:57,138.56,21.57,22.97,9.99,47.02,20.72,-0.74,4.67,1226,1.0262,42.08,0.0874
30/07/2026,00:58,138.58,21.58,22.95,9.97,46.88,20.75,-0.71,4.68,1224,1.0260,42.05,0.0874
30/07/2026,00:59,138.53,21.55,22.93,10.01,46.95,20.77,-0.73,4.68,1225,1.0259,42.11,0.0877
30/07/2026,01:00,138.49,21.50,22.96,9.99,46.99,20.76,-0.72,4.67,1229,1.0258,42.14,0.0881
30/07/2026,01:01,138.47,21.50,23.04,9.99,47.03,20.79,-0.73,4.67,1231,1.0258,42.30,0.0883
30/07/2026,01:02,138.45,21.49,23.06,10.01,46.97,20.80,-0.74,4.66,1235,1.0257,42.28,0.0880
30/07/2026,01:03,138.51,21.47,23.08,10.02,47.12,20.73,-0.76,4.66,1240,1.0258,42.38,0.0880
30/07/2026,01:04,138.51,21.44,23.13,10.02,47.20,20.76,-0.77,4.66,1239,1.0256,42.25,0.0883
30/07/2026,01:05,138.53,21.45,23.17,10.01,47.18,20.75,-0.79,4.66,1237,1.0256,42.27,0.0884
30/07/2026,01:06,138.52,21.43,23.19,10.02,47.21,20.75,-0.82,4.65,1237,1.0258,42.19,0.0886
30/07/2026,01:07,138.46,21.35,23.24,10.01,47.25,20.75,-0.81,4.65,1234,1.0256,42.13,0.0880
30/07/2026,01:08,138.49,21.33,23.20,9.98,47.19,20.75,-0.80,4.65,1239,1.0254,42.07,0.0875
30/07/2026,01:09,138.52,21.25,23.26,9.98,47.09,20.71,-0.80,4.66,1238,1.0256,42.04,0.0874
30/07/2026,01:10,138.51,21.31,23.33,9.98,47.10,20.71,-0.80,4.66,1239,1.0254,42.13,0.0874
30/07/2026,01:11,138.58,21.28,23.33,9.94,46.91,20.70,-0.79,4.67,1242,1.0256,42.11,0.0879
30/07/2026,01:12,138.65,21.31,23.32,9.90,47.04,20.71,-0.80,4.67,1242,1.0255,42.21,0.0877
30/07/2026,01:13,138.64,21.30,23.29,9.90,46.92,20.69,-0.81,4.66,1242,1.0257,42.20,0.0879
30/07/2026,01:14,138.67,21.29,23.30,9.95,46.99,20.70,-0.81,4.66,1241,1.0259,42.11,0.0876
30/07/2026,01:15,138.72,21.23,23.37,9.92,46.97,20.75,-0.79,4.66,1239,1.0257,42.11,0.0875
30/07/2026,01:16,138.73,21.27,23.40,9.90,47.01,20.75,-0.77,4.67,1241,1.0255,42.20,0.0875
30/07/2026,01:17,138.73,21.21,23.44,9.91,46.84,20.74,-0.80,4.67,1239,1.0252,42.13,0.0873
30/07/2026,01:18,138.74,21.20,23.44,9.91,46.79,20.75,-0.82,4.65,1235,1.0253,42.12,0.0876
30/07/2026,01:19,138.75,21.19,23.39,9.86,46.91,20.76,-0.78,4.65,1232,1.0255,42.27,0.0873
30/07/2026,01:20,138.75,21.17,23.36,9.85,46.92,20.76,-0.78,4.63,1231,1.0255,42.20,0.0875
30/07/2026,01:21,138.69,21.16,23.35,9.87,46.99,20.79,-0.79,4.65,1233,1.0255,42.20,0.0874
30/07/2026,01:22,138.68,21.17,23.31,9.84,46.98,20.78,-0.80,4.65,1234,1.0252,42.16,0.0878
30/07/2026,01:23,138.68,21.20,23.33,9.88,47.00,20.74,-0.81,4.66,1231,1.0250,42.19,0.0883
30/07/2026,01:24,138.69,21.15,23.36,9.88,47.01,20.78,-0.78,4.67,1232,1.0253,42.10,0.0880
30/07/2026,01:25,138.72,21.14,23.35,9.86,47.09,20.79,-0.79,4.67,1232,1.0249,42.08,0.0882
30/07/2026,01:26,138.79,21.13,23.35,9.90,47.16,20.79,-0.79,4.66,1233,1.0255,42.12,0.0883
30/07/2026,01:27,138.75,21.06,23.30,9.90,47.12,20.79,-0.80,4.65,1235,1.0252,42.28,0.0879
30/07/2026,01:28,138.76,21.03,23.29,9.88,47.02,20.82,-0.80,4.65,1238,1.0253,42.28,0.0873
30/07/2026,01:29,138.69,21.02,23.24,9.90,47.00,20.76,-0.80,4.65,1238,1.0251,42.16,0.0868
30/07/2026,01:30,138.75,20.96,23.23,9.95,47.02,20.75,-0.80,4.67,1238,1.0255,42.28,0.0862
30/07/2026,01:31,138.77,20.92,23.20,9.94,46.91,20.73,-0.81,4.67,1233,1.0251,42.26,0.0863
30/07/2026,01:32,138.75,20.86,23.17,9.92,47.02,20.73,-0.82,4.66,1231,1.0249,42.39,0.0857
30/07/2026,01:33,138.75,20.88,23.11,9.92,46.95,20.73,-0.83,4.66,1233,1.0250,42.39,0.0855
30/07/2026,01:34,138.71,20.88,23.07,9.95,46.88,20.72,-0.83,4.66,1232,1.0250,42.36,0.0855
30/07/2026,01:35,138.72,20.87,23.07,9.95,46.91,20.67,-0.85,4.66,1232,1.0252,42.24,0.0855
30/07/2026,01:36,138.65,20.82,23.03,9.97,46.85,20.66,-0.83,4.64,1230,1.0251,42.25,0.0859
30/07/2026,01:37,138.63,20.77,23.02,9.96,46.83,20.66,-0.81,4.65,1230,1.0248,42.25,0.0851
30/07/2026,01:38,138.56,20.76,22.96,9.96,46.94,20.64,-0.82,4.66,1227,1.0250,42.26,0.0854
30/07/2026,01:39,138.53,20.77,22.92,9.93,46.95,20.67,-0.81,4.64,1223,1.0254,42.23,0.0860
30/07/2026,01:40,138.48,20.75,22.87,9.90,46.86,20.69,-0.81,4.65,1221,1.0254,42.18,0.0855
30/07/2026,01:41,138.43,20.78,22.81,9.93,46.80,20.69,-0.81,4.64,1222,1.0255,42.23,0.0854
30/07/2026,01:42,138.38,20.73,22.83,9.97,46.81,20.68,-0.80,4.65,1224,1.0259,42.27,0.0850
30/07/2026,01:43,138.35,20.71,22.83,9.96,46.81,20.73,-0.81,4.65,1229,1.0260,42.28,0.0847
30/07/2026,01:44,138.33,20.70,22.88,10.00,46.70,20.72,-0.81,4.65,1229,1.0256,42.26,0.0850
30/07/2026,01:45,138.35,20.73,22.87,9.97,46.78,20.70,-0.83,4.65,1229,1.0260,42.29,0.0856
30/07/2026,01:46,138.31,20.74,22.91,9.97,46.75,20.66,-0.82,4.66,1227,1.0260,42.32,0.0856
30/07/2026,01:47,138.32,20.78,22.93,10.00,46.76,20.70,-0.80,4.67,1232,1.0262,42.17,0.0862
30/07/2026,01:48,138.34,20.80,22.96,9.97,46.76,20.70,-0.82,4.69,1235,1.0262,42.14,0.0861
30/07/2026,01:49,138.35,20.80,22.97,9.99,46.73,20.72,-0.85,4.69,1232,1.0262,42.05,0.0862
30/07/2026,01:50,138.33,20.83,23.00,9.97,46.75,20.75,-0.85,4.71,1229,1.0261,41.98,0.0865
30/07/2026,01:51,138.36,20.81,22.95,9.99,46.73,20.74,-0.82,4.71,1228,1.0260,41.89,0.0868
30/07/2026,01:52,138.37,20.77,22.96,10.03,46.87,20.76,-0.81,4.70,1229,1.0259,41.87,0.0867
30/07/2026,01:53,138.43,20.76,22.97,10.00,46.88,20.74,-0.81,4.71,1234,1.0262,41.82,0.0864
30/07/2026,01:54,138.45,20.69,22.96,10.01,46.86,20.77,-0.80,4.70,1229,1.0264,41.76,0.0867
30/07/2026,01:55,138.47,20.69,22.97,10.00,46.93,20.78,-0.80,4.70,1230,1.0266,41.80,0.0872
30/07/2026,01:56,138.49,20.66,23.03,10.02,46.94,20.78,-0.81,4.71,1228,1.0265,41.89,0.0874
30/07/2026,01:57,138.46,20.62,23.02,10.00,46.85,20.78,-0.79,4.72,1226,1.0268,42.02,0.0876
30/07/2026,01:58,138.51,20.63,23.05,9.98,46.90,20.76,-0.83,4.71,1225,1.0271,41.86,0.0883
30/07/2026,01:59,138.54,20.60,23.05,9.95,46.86,20.80,-0.86,4.71,1228,1.0267,41.83,0.0886
30/07/2026,02:00,138.56,20.58,23.06,9.99,46.89,20.81,-0.86,4.72,1225,1.0266,41.87,0.0881
30/07/2026,02:01,138.56,20.64,23.04,9.98,46.98,20.83,-0.85,4.71,1225,1.0262,41.93,0.0881
30/07/2026,02:02,138.58,20.64,23.03,9.98,47.04,20.84,-0.84,4.72,1229,1.0267,42.00,0.0886
30/07/2026,02:03,138.67,20.65,23.05,10.03,47.03,20.84,-0.83,4.73,1231,1.0272,41.98,0.0887
30/07/2026,02:04,138.76,20.64,23.06,10.02,46.98,20.81,-0.83,4.71,1229,1.0272,42.12,0.0887
30/07/2026,02:05,138.76,20.60,23.09,10.01,47.02,20.82,-0.81,4.70,1227,1.0275,42.08,0.0887
30/07/2026,02:06,138.72,20.52,23.09,10.02,47.11,20.82,-0.81,4.70,1229,1.0275,41.97,0.0890
30/07/2026,02:07,138.68,20.55,23.10,9.99,47.12,20.84,-0.82,4.70,1228,1.0277,41.94,0.0890
30/07/2026,02:08,138.63,20.51,23.09,9.97,47.12,20.84,-0.79,4.68,1232,1.0277,41.90,0.0884
30/07/2026,02:09,138.64,20.52,23.07,9.99,47.18,20.82,-0.79,4.69,1236,1.0274,41.68,0.0881
30/07/2026,02:10,138.67,20.48,23.06,10.04,47.12,20.79,-0.78,4.69,1237,1.0274,41.64,0.0886
30/07/2026,02:11,138.73,20.50,23.10,10.05,47.11,20.77,-0.78,4.69,1235,1.0273,41.76,0.0888
30/07/2026,02:12,138.78,20.51,23.09,10.02,46.96,20.77,-0.81,4.69,1234,1.0275,41.81,0.0889
30/07/2026,02:13,138.88,20.46,23.04,10.04,47.00,20.81,-0.80,4.70,1227,1.0274,41.79,0.0887
30/07/2026,02:14,138.88,20.45,23.03,10.09,46.96,20.80,-0.80,4.68,1225,1.0271,41.82,0.0885
30/07/2026,02:15,138.82,20.46,23.09,10.09,47.04,20.81,-0.77,4.69,1229,1.0273,41.86,0.0889
30/07/2026,02:16,138.73,20.43,23.03,10.08,47.01,20.78,-0.74,4.71,1229,1.0277,41.81,0.0886
30/07/2026,02:17,138.69,20.38,23.02,10.02,46.94,20.80,-0.74,4.69,1231,1.0277,41.78,0.0886
30/07/2026,02:18,138.70,20.35,23.08,10.01,46.98,20.78,-0.75,4.69,1234,1.0277,41.81,0.0883
30/07/2026,02:19,138.77,20.39,23.13,10.01,47.08,20.74,-0.75,4.68,1234,1.0276,41.75,0.0883
30/07/2026,02:20,138.76,20.29,23.13,10.00,47.03,20.73,-0.76,4.68,1237,1.0276,41.72,0.0882
30/07/2026,02:21,138.70,20.27,23.11,10.01,47.08,20.73,-0.80,4.68,1236,1.0276,41.83,0.0883
30/07/2026,02:22,138.74,20.21,23.13,10.02,47.01,20.74,-0.78,4.69,1241,1.0275,41.84,0.0883
30/07/2026,02:23,138.72,20.23,23.15,10.02,47.17,20.76,-0.78,4.69,1241,1.0278,41.87,0.0877
30/07/2026,02:24,138.65,20.25,23.15,10.03,47.22,20.78,-0.80,4.71,1246,1.0281,41.81,0.0878
30/07/2026,02:25,138.70,20.25,23.14,10.03,47.14,20.75,-0.81,4.71,1239,1.0279,41.89,0.0876
30/07/2026,02:26,138.72,20.22,23.18,10.01,47.09,20.76,-0.83,4.72,1235,1.0278,41.76,0.0878
30/07/2026,02:27,138.74,20.32,23.18,10.00,47.17,20.79,-0.83,4.72,1236,1.0269,41.76,0.0875
30/07/2026,02:28,138.83,20.34,23.20,10.04,47.26,20.76,-0.85,4.73,1236,1.0270,41.79,0.0879
30/07/2026,02:29,138.85,20.29,23.18,10.02,47.26,20.77,-0.80,4.73,1234,1.0267,41.89,0.0871
30/07/2026,02:30,138.87,20.29,23.15,10.02,47.40,20.78,-0.81,4.72,1239,1.0264,41.94,0.0871
30/07/2026,02:31,138.91,20.33,23.12,9.99,47.36,20.77,-0.80,4.73,1235,1.0264,41.94,0.0868
30/07/2026,02:32,138.92,20.32,23.15,9.97,47.36,20.77,-0.82,4.73,1236,1.0269,41.89,0.0865
30/07/2026,02:33,138.98,20.29,23.18,9.97,47.31,20.78,-0.80,4.73,1237,1.0265,41.83,0.0859
30/07/2026,02:34,138.98,20.29,23.24,9.96,47.26,20.84,-0.81,4.72,1240,1.0268,41.72,0.0862
30/07/2026,02:35,138.99,20.27,23.23,9.98,47.28,20.83,-0.81,4.73,1239,1.0267,41.73,0.0862
30/07/2026,02:36,138.97,20.27,23.26,10.00,47.35,20.86,-0.80,4.73,1237,1.0265,41.78,0.0856
30/07/2026,02:37,138.97,20.28,23.29,10.03,47.27,20.77,-0.80,4.71,1236,1.0262,41.89,0.0859
30/07/2026,02:38,138.96,20.21,23.23,10.02,47.16,20.75,-0.80,4.73,1236,1.0262,41.95,0.0864
30/07/2026,02:39,138.93,20.17,23.23,9.98,47.24,20.79,-0.81,4.72,1240,1.0260,42.00,0.0858
30/07/2026,02:40,138.92,20.14,23.20,9.95,47.28,20.79,-0.79,4.71,1238,1.0259,41.89,0.0853
30/07/2026,02:41,138.95,20.04,23.17,9.98,47.30,20.77,-0.77,4.70,1238,1.0260,41.96,0.0850
30/07/2026,02:42,138.95,20.05,23.22,10.00,47.08,20.78,-0.78,4.70,1239,1.0264,42.00,0.0844
30/07/2026,02:43,138.97,20.05,23.25,10.01,46.99,20.78,-0.78,4.69,1241,1.0265,41.97,0.0847
30/07/2026,02:44,138.91,20.07,23.26,10.01,46.97,20.76,-0.80,4.68,1242,1.0263,41.92,0.0846
30/07/2026,02:45,139.01,20.11,23.28,9.98,46.93,20.76,-0.81,4.69,1239,1.0261,41.95,0.0839
30/07/2026,02:46,139.00,20.16,23.29,9.99,47.05,20.69,-0.83,4.69,1239,1.0259,41.96,0.0840
30/07/2026,02:47,139.02,20.23,23.33,9.98,46.97,20.65,-0.79,4.70,1239,1.0258,42.03,0.0836
30/07/2026,02:48,139.05,20.21,23.35,9.98,46.90,20.65,-0.80,4.70,1239,1.0261,42.07,0.0836
30/07/2026,02:49,138.97,20.18,23.39,10.01,46.95,20.67,-0.82,4.69,1240,1.0261,42.06,0.0836
30/07/2026,02:50,138.98,20.17,23.40,10.03,46.82,20.67,-0.84,4.68,1242,1.0259,41.96,0.0834
30/07/2026,02:51,138.93,20.14,23.37,10.07,46.71,20.63,-0.85,4.66,1241,1.0257,42.02,0.0839
30/07/2026,02:52,138.89,20.14,23.39,10.05,46.62,20.64,-0.86,4.67,1239,1.0257,42.02,0.0834
30/07/2026,02:53,138.82,20.18,23.38,10.02,46.64,20.60,-0.88,4.68,1239,1.0259,41.97,0.0829
30/07/2026,02:54,138.82,20.16,23.43,10.02,46.69,20.61,-0.89,4.69,1241,1.0259,41.89,0.0830
30/07/2026,02:55,138.74,20.13,23.45,10.02,46.77,20.62,-0.89,4.68,1243,1.0255,41.82,0.0822
30/07/2026,02:56,138.72,20.08,23.44,10.04,46.90,20.61,-0.91,4.67,1242,1.0257,41.79,0.0824
30/07/2026,02:57,138.68,20.11,23.47,10.05,47.11,20.61,-0.91,4.67,1241,1.0255,41.75,0.0820
30/07/2026,02:58,138.71,20.10,23.43,10.06,47.04,20.62,-0.91,4.68,1243,1.0257,41.71,0.0822
30/07/2026,02:59,138.70,20.03,23.45,10.07,47.02,20.63,-0.93,4.67,1241,1.0257,41.69,0.0826
30/07/2026,03:00,138.72,20.04,23.42,10.07,47.08,20.62,-0.94,4.67,1237,1.0256,41.71,0.0827
30/07/2026,03:01,138.74,19.99,23.40,10.03,47.02,20.62,-0.93,4.67,1234,1.0253,41.75,0.0831
30/07/2026,03:02,138.78,20.02,23.44,10.01,47.10,20.63,-0.93,4.67,1233,1.0252,41.74,0.0835
30/07/2026,03:03,138.76,20.08,23.44,10.01,47.18,20.62,-0.94,4.66,1236,1.0253,41.84,0.0837
30/07/2026,03:04,138.71,20.07,23.42,10.02,47.02,20.60,-0.94,4.67,1237,1.0253,41.85,0.0838
30/07/2026,03:05,138.67,20.09,23.35,10.02,47.05,20.64,-0.92,4.68,1235,1.0256,41.73,0.0837
30/07/2026,03:06,138.69,20.07,23.33,10.01,47.04,20.60,-0.90,4.67,1238,1.0254,41.61,0.0841
30/07/2026,03:07,138.61,20.00,23.35,9.99,46.97,20.58,-0.89,4.66,1236,1.0254,41.61,0.0842
30/07/2026,03:08,138.59,19.98,23.30,10.02,47.04,20.58,-0.88,4.66,1232,1.0256,41.63,0.0846
30/07/2026,03:09,138.60,19.95,23.22,10.02,46.97,20.59,-0.88,4.66,1234,1.0260,41.69,0.0850
30/07/2026,03:10,138.57,19.94,23.16,10.01,46.87,20.59,-0.89,4.67,1231,1.0259,41.67,0.0857
30/07/2026,03:11,138.49,19.95,23.09,9.99,46.93,20.61,-0.86,4.68,1232,1.0258,41.65,0.0865
30/07/2026,03:12,138.49,19.97,23.13,10.01,46.89,20.68,-0.85,4.68,1241,1.0257,41.59,0.0865
30/07/2026,03:13,138.47,19.94,23.13,9.95,47.03,20.68,-0.86,4.69,1241,1.0257,41.61,0.0864
30/07/2026,03:14,138.54,19.90,23.14,9.92,47.11,20.64,-0.86,4.70,1243,1.0255,41.63,0.0864
30/07/2026,03:15,138.55,19.92,23.16,9.93,47.10,20.64,-0.82,4.71,1237,1.0256,41.76,0.0863
30/07/2026,03:16,138.59,19.87,23.15,9.94,47.19,20.59,-0.84,4.71,1237,1.0255,41.78,0.0867
30/07/2026,03:17,138.62,19.80,23.09,9.93,47.25,20.62,-0.83,4.69,1236,1.0257,41.91,0.0865
30/07/2026,03:18,138.65,19.84,23.12,9.94,47.36,20.63,-0.82,4.70,1235,1.0258,41.84,0.0863
30/07/2026,03:19,138.74,19.87,23.15,9.93,47.25,20.68,-0.80,4.70,1235,1.0260,41.85,0.0865
30/07/2026,03:20,138.72,19.89,23.14,9.92,47.32,20.67,-0.80,4.70,1235,1.0258,41.86,0.0862
30/07/2026,03:21,138.69,19.86,23.15,9.90,47.32,20.65,-0.80,4.68,1240,1.0257,41.87,0.0862
30/07/2026,03:22,138.70,19.89,23.18,9.93,47.40,20.63,-0.82,4.66,1240,1.0254,41.97,0.0861
30/07/2026,03:23,138.78,19.89,23.19,9.94,47.28,20.67,-0.86,4.65,1240,1.0252,41.81,0.0863
30/07/2026,03:24,138.74,19.93,23.27,9.94,47.25,20.65,-0.86,4.65,1243,1.0248,41.86,0.0868
30/07/2026,03:25,138.78,19.90,23.25,9.92,47.23,20.62,-0.86,4.66,1239,1.0246,41.80,0.0865
30/07/2026,03:26,138.83,19.92,23.21,9.90,47.23,20.63,-0.87,4.67,1241,1.0246,41.66,0.0863
30/07/2026,03:27,138.84,19.90,23.25,9.90,47.37,20.69,-0.83,4.66,1240,1.0245,41.68,0.0868
30/07/2026,03:28,138.83,19.87,23.22,9.88,47.30,20.73,-0.84,4.66,1238,1.0243,41.53,0.0869
30/07/2026,03:29,138.79,19.83,23.23,9.88,47.25,20.77,-0.84,4.65,1236,1.0244,41.63,0.0873
30/07/2026,03:30,138.75,19.87,23.24,9.86,47.12,20.79,-0.84,4.64,1233,1.0243,41.56,0.0872
30/07/2026,03:31,138.79,19.81,23.19,9.85,46.98,20.82,-0.83,4.65,1228,1.0243,41.57,0.0868
30/07/2026,03:32,138.78,19.79,23.16,9.88,46.83,20.79,-0.86,4.64,1231,1.0241,41.48,0.0863
30/07/2026,03:33,138.80,19.80,23.17,9.89,46.93,20.76,-0.85,4.63,1228,1.0242,41.58,0.0863
30/07/2026,03:34,138.77,19.84,23.10,9.87,46.96,20.80,-0.85,4.65,1231,1.0241,41.45,0.0867
30/07/2026,03:35,138.80,19.87,23.02,9.87,46.95,20.78,-0.85,4.65,1231,1.0248,41.39,0.0862
30/07/2026,03:36,138.80,19.89,23.00,9.89,46.96,20.81,-0.81,4.67,1229,1.0250,41.43,0.0863
30/07/2026,03:37,138.81,19.81,23.05,9.90,46.97,20.80,-0.80,4.66,1228,1.0249,41.36,0.0865
30/07/2026,03:38,138.78,19.80,23.07,9.89,47.03,20.78,-0.82,4.65,1228,1.0252,41.41,0.0868
30/07/2026,03:39,138.79,19.79,23.03,9.87,47.11,20.79,-0.83,4.64,1227,1.0253,41.44,0.0872
30/07/2026,03:40,138.75,19.76,23.00,9.85,47.13,20.78,-0.84,4.64,1225,1.0254,41.45,0.0869
30/07/2026,03:41,138.68,19.78,23.02,9.87,47.09,20.76,-0.85,4.65,1228,1.0259,41.50,0.0871
30/07/2026,03:42,138.70,19.79,23.02,9.86,47.08,20.74,-0.80,4.65,1230,1.0259,41.34,0.0875
30/07/2026,03:43,138.66,19.76,23.04,9.87,47.07,20.72,-0.80,4.64,1230,1.0257,41.35,0.0877
30/07/2026,03:44,138.59,19.75,23.09,9.85,47.15,20.75,-0.80,4.64,1233,1.0258,41.38,0.0878
30/07/2026,03:45,138.57,19.71,23.11,9.85,47.10,20.77,-0.79,4.64,1237,1.0258,41.50,0.0880
30/07/2026,03:46,138.54,19.67,23.07,9.87,47.11,20.76,-0.77,4.65,1238,1.0261,41.49,0.0885
30/07/2026,03:47,138.54,19.61,23.06,9.87,47.17,20.79,-0.78,4.65,1237,1.0264,41.33,0.0883
30/07/2026,03:48,138.60,19.64,23.09,9.84,47.13,20.81,-0.77,4.66,1230,1.0266,41.33,0.0876
30/07/2026,03:49,138.63,19.72,23.13,9.85,47.19,20.79,-0.80,4.65,1232,1.0264,41.51,0.0882
30/07/2026,03:50,138.64,19.74,23.11,9.84,47.08,20.79,-0.76,4.66,1236,1.0270,41.58,0.0878
30/07/2026,03:51,138.69,19.72,23.12,9.84,47.09,20.76,-0.79,4.65,1234,1.0268,41.71,0.0878
30/07/2026,03:52,138.74,19.77,23.13,9.84,47.18,20.78,-0.76,4.67,1234,1.0266,41.83,0.0881
30/07/2026,03:53,138.76,19.75,23.13,9.86,47.20,20.83,-0.74,4.65,1233,1.0268,41.89,0.0877
30/07/2026,03:54,138.72,19.76,23.08,9.83,47.27,20.79,-0.77,4.65,1232,1.0267,41.91,0.0880
30/07/2026,03:55,138.77,19.76,23.09,9.80,47.30,20.80,-0.77,4.67,1239,1.0269,41.96,0.0876
30/07/2026,03:56,138.72,19.74,23.06,9.80,47.35,20.80,-0.79,4.68,1239,1.0266,41.97,0.0873
30/07/2026,03:57,138.70,19.74,23.09,9.84,47.28,20.81,-0.77,4.69,1236,1.0267,42.03,0.0875
30/07/2026,03:58,138.69,19.71,23.12,9.86,47.24,20.85,-0.77,4.68,1235,1.0265,41.82,0.0873
30/07/2026,03:59,138.78,19.71,23.12,9.86,47.18,20.88,-0.75,4.67,1232,1.0268,41.68,0.0870
30/07/2026,04:00,138.81,19.77,23.09,9.84,47.28,20.89,-0.77,4.67,1231,1.0271,41.88,0.0876
30/07/2026,04:01,138.87,19.75,23.06,9.90,47.13,20.92,-0.77,4.69,1229,1.0272,41.87,0.0881
30/07/2026,04:02,138.84,19.74,23.04,9.89,47.19,20.93,-0.77,4.67,1232,1.0273,41.93,0.0878
30/07/2026,04:03,138.81,19.77,23.02,9.87,47.07,20.93,-0.75,4.70,1233,1.0270,41.99,0.0875
30/07/2026,04:04,138.81,19.74,23.01,9.86,47.09,20.94,-0.72,4.70,1226,1.0270,42.04,0.0868
30/07/2026,04:05,138.85,19.76,23.03,9.90,47.06,20.94,-0.73,4.68,1225,1.0267,42.05,0.0864
30/07/2026,04:06,138.87,19.78,23.02,9.89,47.12,20.98,-0.77,4.68,1225,1.0258,42.01,0.0863
30/07/2026,04:07,138.90,19.82,23.02,9.91,47.04,20.98,-0.80,4.68,1230,1.0261,41.95,0.0868
30/07/2026,04:08,138.87,19.82,23.04,9.95,47.08,20.98,-0.82,4.70,1230,1.0262,41.81,0.0864
30/07/2026,04:09,138.92,19.71,23.03,9.97,47.06,20.98,-0.83,4.69,1230,1.0261,41.80,0.0869
30/07/2026,04:10,138.99,19.70,23.07,9.99,47.08,20.94,-0.85,4.68,1233,1.0259,41.90,0.0867
30/07/2026,04:11,139.00,19.68,23.06,9.95,47.10,20.92,-0.84,4.67,1233,1.0260,41.83,0.0870
30/07/2026,04:12,139.09,19.72,23.06,9.95,47.03,20.90,-0.82,4.65,1231,1.0255,41.91,0.0866
30/07/2026,04:13,139.10,19.78,22.99,9.92,46.95,20.89,-0.81,4.65,1230,1.0254,41.94,0.0866
30/07/2026,04:14,139.08,19.76,23.06,9.91,46.93,20.89,-0.77,4.64,1233,1.0251,41.91,0.0869
30/07/2026,04:15,139.09,19.78,23.11,9.88,46.85,20.93,-0.78,4.65,1239,1.0255,41.85,0.0868
30/07/2026,04:16,139.09,19.78,23.15,9.88,46.95,20.98,-0.79,4.65,1240,1.0256,41.78,0.0866
30/07/2026,04:17,139.11,19.71,23.22,9.88,46.93,20.98,-0.80,4.64,1248,1.0256,41.69,0.0864
30/07/2026,04:18,139.09,19.65,23.25,9.90,46.84,20.98,-0.79,4.64,1251,1.0258,41.67,0.0865
30/07/2026,04:19,139.12,19.63,23.26,9.87,46.74,20.98,-0.82,4.62,1248,1.0253,41.70,0.0868
30/07/2026,04:20,139.07,19.66,23.29,9.90,46.72,21.00,-0.88,4.64,1245,1.0251,41.67,0.0867
30/07/2026,04:21,139.00,19.62,23.37,9.95,46.70,21.02,-0.85,4.65,1249,1.0249,41.56,0.0862
30/07/2026,04:22,139.00,19.60,23.38,9.95,46.80,21.02,-0.85,4.66,1249,1.0253,41.55,0.0865
30/07/2026,04:23,138.89,19.60,23.45,9.96,46.78,20.97,-0.87,4.64,1249,1.0251,41.49,0.0861
30/07/2026,04:24,138.82,19.59,23.40,9.96,46.98,20.93,-0.85,4.65,1247,1.0246,41.43,0.0863
30/07/2026,04:25,138.86,19.54,23.45,9.96,47.02,20.90,-0.85,4.64,1243,1.0247,41.39,0.0861
30/07/2026,04:26,138.79,19.56,23.48,9.95,47.01,20.92,-0.84,4.65,1240,1.0245,41.34,0.0860
30/07/2026,04:27,138.76,19.56,23.49,9.95,47.02,20.92,-0.83,4.66,1236,1.0246,41.26,0.0857
30/07/2026,04:28,138.69,19.61,23.45,9.98,47.03,20.93,-0.83,4.67,1233,1.0248,41.25,0.0860
30/07/2026,04:29,138.72,19.63,23.35,9.99,46.92,20.92,-0.84,4.67,1229,1.0247,41.28,0.0855
30/07/2026,04:30,138.67,19.52,23.28,10.00,46.92,20.94,-0.82,4.66,1225,1.0245,41.21,0.0857
30/07/2026,04:31,138.70,19.58,23.24,9.99,46.79,20.97,-0.80,4.66,1223,1.0247,41.27,0.0859
30/07/2026,04:32,138.68,19.56,23.24,10.02,46.87,20.98,-0.81,4.65,1227,1.0253,41.07,0.0864
30/07/2026,04:33,138.73,19.61,23.26,10.01,46.94,20.95,-0.81,4.65,1231,1.0256,41.04,0.0862
30/07/2026,04:34,138.71,19.60,23.16,10.01,46.85,20.94,-0.79,4.63,1234,1.0253,40.97,0.0862
30/07/2026,04:35,138.71,19.67,23.17,10.01,46.75,20.94,-0.83,4.63,1241,1.0253,41.02,0.0863
30/07/2026,04:36,138.70,19.67,23.24,10.02,46.76,20.93,-0.84,4.64,1248,1.0254,41.15,0.0862
30/07/2026,04:37,138.75,19.75,23.28,10.05,46.73,20.93,-0.86,4.64,1245,1.0251,41.23,0.0864
30/07/2026,04:38,138.73,19.72,23.29,10.07,46.70,20.87,-0.84,4.63,1246,1.0249,41.33,0.0864
30/07/2026,04:39,138.73,19.75,23.36,10.08,46.72,20.86,-0.84,4.62,1247,1.0252,41.33,0.0864
30/07/2026,04:40,138.75,19.74,23.40,10.11,46.77,20.82,-0.86,4.62,1248,1.0257,41.37,0.0863
30/07/2026,04:41,138.85,19.71,23.44,10.08,46.65,20.83,-0.88,4.63,1246,1.0255,41.44,0.0867
30/07/2026,04:42,138.78,19.71,23.42,10.10,46.70,20.84,-0.92,4.62,1248,1.0256,41.43,0.0872
30/07/2026,04:43,138.74,19.71,23.44,10.11,46.75,20.87,-0.91,4.62,1247,1.0253,41.60,0.0879
30/07/2026,04:44,138.79,19.68,23.42,10.10,46.73,20.90,-0.90,4.62,1247,1.0253,41.60,0.0890
30/07/2026,04:45,138.84,19.72,23.40,10.09,46.73,20.91,-0.90,4.61,1244,1.0254,41.57,0.0892
30/07/2026,04:46,138.85,19.69,23.37,10.02,46.64,20.94,-0.94,4.58,1243,1.0254,41.58,0.0890
30/07/2026,04:47,138.84,19.69,23.37,10.03,46.78,20.97,-0.95,4.58,1244,1.0254,41.60,0.0888
30/07/2026,04:48,138.80,19.70,23.37,10.01,46.79,20.93,-0.94,4.59,1242,1.0250,41.61,0.0883
30/07/2026,04:49,138.78,19.77,23.37,10.01,46.89,20.96,-0.91,4.61,1239,1.0248,41.69,0.0883
30/07/2026,04:50,138.76,19.70,23.36,10.01,46.95,20.99,-0.93,4.61,1239,1.0249,41.66,0.0883
30/07/2026,04:51,138.76,19.72,23.37,10.01,46.93,20.97,-0.91,4.62,1239,1.0250,41.55,0.0879
30/07/2026,04:52,138.74,19.69,23.38,9.99,47.09,20.94,-0.91,4.62,1239,1.0250,41.62,0.0877
30/07/2026,04:53,138.71,19.68,23.39,10.00,47.02,20.97,-0.91,4.61,1244,1.0249,41.60,0.0878
30/07/2026,04:54,138.70,19.69,23.46,9.99,47.08,20.97,-0.94,4.61,1243,1.0243,41.55,0.0881
30/07/2026,04:55,138.80,19.70,23.47,10.00,46.98,20.98,-0.94,4.63,1237,1.0244,41.60,0.0875
30/07/2026,04:56,138.75,19.73,23.45,10.00,47.07,20.98,-0.93,4.63,1241,1.0245,41.60,0.0879
30/07/2026,04:57,138.80,19.73,23.42,9.92,47.11,20.97,-0.90,4.65,1241,1.0250,41.71,0.0882
30/07/2026,04:58,138.77,19.78,23.43,9.99,47.02,20.97,-0.89,4.64,1240,1.0250,41.74,0.0882
30/07/2026,04:59,138.70,19.81,23.46,10.02,46.97,20.97,-0.92,4.64,1238,1.0253,41.76,0.0880
30/07/2026,05:00,138.75,19.80,23.46,10.03,46.79,20.99,-0.93,4.62,1237,1.0255,41.81,0.0882
30/07/2026,05:01,138.67,19.89,23.45,10.04,47.03,20.94,-0.96,4.63,1241,1.0256,41.78,0.0881
30/07/2026,05:02,138.68,19.88,23.38,10.00,46.99,20.97,-1.00,4.64,1236,1.0254,41.70,0.0883
30/07/2026,05:03,138.70,19.90,23.34,9.99,47.06,21.00,-0.99,4.66,1240,1.0251,41.66,0.0877
30/07/2026,05:04,138.69,19.85,23.37,9.99,47.16,20.99,-1.00,4.65,1245,1.0252,41.74,0.0879
30/07/2026,05:05,138.58,19.86,23.37,10.02,47.24,20.97,-0.99,4.64,1243,1.0251,41.65,0.0877
30/07/2026,05:06,138.60,19.88,23.37,10.00,47.35,20.95,-0.98,4.66,1242,1.0247,41.75,0.0875
30/07/2026,05:07,138.61,19.93,23.35,10.01,47.32,20.94,-0.95,4.66,1246,1.0249,41.74,0.0864
30/07/2026,05:08,138.60,19.90,23.39,10.01,47.46,20.88,-0.94,4.67,1246,1.0255,41.61,0.0867
30/07/2026,05:09,138.54,19.94,23.35,10.02,47.36,20.86,-0.95,4.66,1243,1.0254,41.51,0.0870
30/07/2026,05:10,138.56,19.86,23.32,10.01,47.29,20.85,-0.90,4.64,1242,1.0251,41.69,0.0872
30/07/2026,05:11,138.56,19.87,23.31,10.03,47.37,20.85,-0.89,4.65,1245,1.0257,41.68,0.0869
30/07/2026,05:12,138.52,19.86,23.28,10.03,47.21,20.85,-0.87,4.66,1243,1.0259,41.69,0.0868
30/07/2026,05:13,138.46,19.92,23.33,10.01,47.16,20.84,-0.88,4.66,1245,1.0263,41.71,0.0867
30/07/2026,05:14,138.49,19.92,23.37,10.00,47.28,20.81,-0.87,4.66,1246,1.0261,41.86,0.0868
30/07/2026,05:15,138.55,19.95,23.36,9.97,47.21,20.85,-0.91,4.67,1249,1.0260,41.85,0.0865
30/07/2026,05:16,138.64,19.96,23.36,9.94,47.13,20.90,-0.94,4.68,1246,1.0259,41.91,0.0866
30/07/2026,05:17,138.67,20.00,23.34,9.93,47.18,20.91,-0.94,4.69,1250,1.0264,41.99,0.0867
30/07/2026,05:18,138.62,19.98,23.44,9.91,47.30,20.91,-0.94,4.68,1256,1.0265,41.98,0.0868
30/07/2026,05:19,138.66,19.95,23.50,9.93,47.24,20.93,-0.90,4.69,1248,1.0265,42.00,0.0867
30/07/2026,05:20,138.72,19.90,23.49,9.95,47.25,20.95,-0.90,4.67,1245,1.0267,41.90,0.0870
30/07/2026,05:21,138.74,19.84,23.42,9.96,47.24,20.98,-0.91,4.67,1246,1.0264,41.89,0.0869
30/07/2026,05:22,138.82,19.89,23.44,9.96,47.23,21.00,-0.91,4.68,1248,1.0268,41.98,0.0873
30/07/2026,05:23,138.89,19.86,23.50,9.97,47.25,21.00,-0.91,4.69,1246,1.0266,41.96,0.0872
30/07/2026,05:24,138.87,19.81,23.44,9.98,47.30,20.99,-0.90,4.69,1245,1.0268,41.99,0.0871
30/07/2026,05:25,138.88,19.82,23.43,9.96,47.16,20.96,-0.90,4.67,1245,1.0270,41.98,0.0873
30/07/2026,05:26,138.89,19.83,23.48,9.98,47.24,20.98,-0.93,4.68,1245,1.0270,42.00,0.0872
30/07/2026,05:27,138.82,19.83,23.42,9.97,47.15,20.98,-0.92,4.69,1245,1.0270,41.95,0.0878
30/07/2026,05:28,138.81,19.86,23.43,9.95,47.02,20.94,-0.92,4.69,1243,1.0269,41.96,0.0882
30/07/2026,05:29,138.81,19.87,23.42,9.94,47.07,20.94,-0.93,4.67,1243,1.0267,41.94,0.0876
30/07/2026,05:30,138.75,19.93,23.36,9.90,47.05,20.95,-0.92,4.68,1236,1.0269,41.90,0.0873
30/07/2026,05:31,138.73,19.96,23.32,9.92,47.02,20.90,-0.87,4.68,1238,1.0267,41.93,0.0867
30/07/2026,05:32,138.78,19.97,23.32,9.92,46.97,20.91,-0.87,4.68,1236,1.0268,41.97,0.0865
30/07/2026,05:33,138.79,19.93,23.30,9.95,47.07,20.93,-0.88,4.68,1242,1.0264,41.97,0.0868
30/07/2026,05:34,138.76,19.93,23.31,9.94,46.96,20.89,-0.90,4.68,1242,1.0257,42.03,0.0868
30/07/2026,05:35,138.73,20.00,23.34,9.93,46.88,20.88,-0.86,4.67,1242,1.0256,41.91,0.0872
30/07/2026,05:36,138.73,19.98,23.32,9.95,47.07,20.85,-0.85,4.67,1245,1.0254,41.92,0.0874
30/07/2026,05:37,138.83,20.05,23.35,9.96,47.06,20.84,-0.87,4.68,1243,1.0257,41.89,0.0870
30/07/2026,05:38,138.84,20.04,23.40,9.97,47.08,20.81,-0.87,4.68,1239,1.0258,41.82,0.0868
30/07/2026,05:39,138.80,20.04,23.41,9.97,47.20,20.78,-0.86,4.69,1241,1.0253,41.85,0.0872
30/07/2026,05:40,138.87,20.05,23.37,9.97,47.21,20.81,-0.86,4.69,1240,1.0250,41.91,0.0873
30/07/2026,05:41,138.87,20.11,23.38,9.97,47.19,20.80,-0.86,4.68,1246,1.0249,41.98,0.0875
30/07/2026,05:42,138.78,20.04,23.38,9.96,47.22,20.81,-0.87,4.67,1246,1.0249,41.95,0.0874
30/07/2026,05:43,138.75,20.02,23.40,9.95,47.25,20.81,-0.86,4.68,1249,1.0250,41.90,0.0865
30/07/2026,05:44,138.77,19.98,23.46,9.92,47.23,20.79,-0.82,4.67,1249,1.0248,41.87,0.0862
30/07/2026,05:45,138.79,19.97,23.47,9.92,47.24,20.81,-0.81,4.66,1244,1.0247,41.80,0.0866
30/07/2026,05:46,138.79,19.99,23.47,9.91,47.20,20.80,-0.83,4.66,1243,1.0251,41.88,0.0861
30/07/2026,05:47,138.77,20.00,23.50,9.87,47.16,20.76,-0.83,4.65,1242,1.0253,41.74,0.0864
30/07/2026,05:48,138.72,20.03,23.49,9.88,46.96,20.76,-0.86,4.66,1242,1.0250,41.73,0.0862
30/07/2026,05:49,138.76,20.08,23.49,9.86,47.00,20.76,-0.84,4.66,1246,1.0251,41.67,0.0861
30/07/2026,05:50,138.83,20.10,23.54,9.84,46.94,20.75,-0.84,4.67,1247,1.0250,41.66,0.0858
30/07/2026,05:51,138.95,20.10,23.60,9.84,47.06,20.77,-0.86,4.64,1251,1.0249,41.77,0.0850
30/07/2026,05:52,138.90,20.03,23.61,9.85,47.06,20.80,-0.88,4.64,1248,1.0247,41.80,0.0858
30/07/2026,05:53,138.99,20.03,23.59,9.83,46.95,20.81,-0.87,4.64,1243,1.0245,41.84,0.0854
30/07/2026,05:54,138.99,20.01,23.54,9.83,46.84,20.78,-0.87,4.65,1247,1.0248,41.69,0.0850
30/07/2026,05:55,139.00,20.02,23.54,9.86,46.88,20.80,-0.88,4.66,1239,1.0246,41.71,0.0852
30/07/2026,05:56,138.93,20.04,23.46,9.84,46.83,20.83,-0.90,4.66,1240,1.0247,41.65,0.0857
30/07/2026,05:57,138.96,20.05,23.45,9.83,46.90,20.80,-0.89,4.66,1237,1.0244,41.69,0.0852
30/07/2026,05:58,139.01,20.09,23.41,9.89,46.89,20.83,-0.89,4.67,1234,1.0241,41.59,0.0852
30/07/2026,05:59,138.97,20.08,23.35,9.82,46.86,20.87,-0.85,4.66,1234,1.0239,41.47,0.0851
30/07/2026,06:00,139.02,20.07,23.28,9.88,46.94,20.86,-0.87,4.68,1238,1.0240,41.53,0.0853
30/07/2026,06:01,139.04,20.12,23.28,9.94,47.10,20.88,-0.90,4.69,1244,1.0244,41.52,0.0849
30/07/2026,06:02,139.02,20.18,23.36,10.00,47.16,20.87,-0.87,4.72,1251,1.0247,41.53,0.0853
30/07/2026,06:03,139.13,20.21,23.44,10.03,47.15,20.86,-0.85,4.72,1254,1.0247,41.48,0.0849
30/07/2026,06:04,139.18,20.17,23.48,10.06,47.27,20.88,-0.86,4.72,1261,1.0247,41.55,0.0846
30/07/2026,06:05,139.20,20.20,23.52,10.06,47.28,20.85,-0.91,4.74,1262,1.0249,41.65,0.0840
30/07/2026,06:06,139.16,20.24,23.60,10.11,47.17,20.83,-0.90,4.75,1265,1.0248,41.54,0.0844
30/07/2026,06:07,139.21,20.27,23.62,10.14,47.06,20.83,-0.94,4.77,1271,1.0251,41.63,0.0844
30/07/2026,06:08,139.29,20.29,23.65,10.17,47.03,20.77,-0.91,4.77,1267,1.0251,41.55,0.0845
30/07/2026,06:09,139.28,20.31,23.61,10.19,47.14,20.74,-0.92,4.75,1267,1.0252,41.61,0.0842
30/07/2026,06:10,139.30,20.29,23.63,10.22,47.04,20.71,-0.92,4.75,1265,1.0254,41.64,0.0852
30/07/2026,06:11,139.19,20.33,23.60,10.23,47.19,20.67,-0.92,4.75,1263,1.0254,41.64,0.0853
30/07/2026,06:12,139.09,20.36,23.66,10.26,47.32,20.64,-0.92,4.76,1261,1.0255,41.88,0.0857
30/07/2026,06:13,139.03,20.38,23.68,10.27,47.34,20.60,-0.91,4.76,1264,1.0257,41.89,0.0859
30/07/2026,06:14,139.17,20.42,23.72,10.30,47.21,20.59,-0.90,4.77,1261,1.0257,41.78,0.0861
30/07/2026,06:15,139.15,20.45,23.73,10.30,47.29,20.60,-0.90,4.78,1266,1.0259,41.71,0.0863
30/07/2026,06:16,139.16,20.47,23.76,10.27,47.31,20.66,-0.93,4.78,1270,1.0260,41.77,0.0860
30/07/2026,06:17,139.17,20.42,23.77,10.23,47.42,20.63,-0.93,4.79,1270,1.0262,41.99,0.0864
30/07/2026,06:18,139.20,20.37,23.79,10.24,47.48,20.63,-0.95,4.77,1267,1.0264,42.04,0.0864
30/07/2026,06:19,139.26,20.35,23.80,10.22,47.50,20.61,-0.97,4.79,1266,1.0265,42.00,0.0860
30/07/2026,06:20,139.24,20.36,23.84,10.26,47.42,20.57,-0.96,4.80,1269,1.0265,42.10,0.0862
30/07/2026,06:21,139.34,20.43,23.82,10.28,47.43,20.55,-1.00,4.80,1271,1.0264,42.21,0.0864
30/07/2026,06:22,139.33,20.42,23.85,10.28,47.40,20.55,-1.00,4.80,1270,1.0266,42.31,0.0861
30/07/2026,06:23,139.40,20.44,23.88,10.30,47.39,20.51,-1.00,4.80,1273,1.0264,42.23,0.0859
30/07/2026,06:24,139.39,20.39,23.89,10.32,47.38,20.53,-1.00,4.80,1271,1.0267,42.14,0.0858
30/07/2026,06:25,139.35,20.38,23.90,10.34,47.28,20.50,-1.03,4.81,1276,1.0266,42.28,0.0857
30/07/2026,06:26,139.32,20.44,23.93,10.37,47.38,20.45,-1.04,4.82,1281,1.0266,42.26,0.0856
30/07/2026,06:27,139.27,20.52,23.93,10.39,47.38,20.50,-1.03,4.82,1278,1.0267,42.18,0.0853
30/07/2026,06:28,139.34,20.46,23.99,10.38,47.24,20.54,-1.04,4.81,1282,1.0270,42.15,0.0854
30/07/2026,06:29,139.34,20.43,24.06,10.38,47.25,20.59,-1.05,4.82,1285,1.0273,42.23,0.0854
30/07/2026,06:30,139.37,20.38,24.06,10.45,47.33,20.56,-1.09,4.84,1286,1.0276,42.21,0.0854
30/07/2026,06:31,139.34,20.40,24.09,10.45,47.47,20.53,-1.07,4.84,1282,1.0274,42.14,0.0849
30/07/2026,06:32,139.37,20.40,24.13,10.47,47.51,20.51,-1.06,4.86,1277,1.0272,42.15,0.0854
30/07/2026,06:33,139.40,20.32,24.14,10.46,47.46,20.49,-1.03,4.85,1277,1.0269,42.15,0.0854
30/07/2026,06:34,139.41,20.35,24.19,10.52,47.56,20.50,-1.05,4.85,1273,1.0271,42.13,0.0853
30/07/2026,06:35,139.39,20.38,24.22,10.52,47.53,20.47,-1.04,4.84,1281,1.0271,42.10,0.0848
30/07/2026,06:36,139.29,20.43,24.18,10.55,47.44,20.46,-1.10,4.84,1275,1.0270,42.23,0.0851
30/07/2026,06:37,139.26,20.46,24.12,10.60,47.43,20.43,-1.10,4.84,1277,1.0273,42.24,0.0851
30/07/2026,06:38,139.22,20.52,24.11,10.58,47.40,20.36,-1.11,4.84,1280,1.0276,42.18,0.0852
30/07/2026,06:39,139.16,20.51,24.09,10.59,47.42,20.33,-1.15,4.83,1285,1.0279,42.09,0.0849
30/07/2026,06:40,139.20,20.50,24.04,10.57,47.44,20.30,-1.17,4.85,1282,1.0278,42.21,0.0849
30/07/2026,06:41,139.26,20.50,24.04,10.51,47.35,20.32,-1.18,4.85,1282,1.0278,42.21,0.0851
30/07/2026,06:42,139.31,20.59,24.07,10.45,47.34,20.35,-1.15,4.87,1285,1.0274,42.23,0.0852
30/07/2026,06:43,139.24,20.64,24.08,10.43,47.19,20.31,-1.16,4.86,1287,1.0273,42.11,0.0853
30/07/2026,06:44,139.26,20.70,24.14,10.45,47.15,20.27,-1.15,4.87,1287,1.0271,42.25,0.0854
30/07/2026,06:45,139.29,20.71,24.18,10.51,47.21,20.30,-1.15,4.87,1288,1.0270,42.32,0.0852
30/07/2026,06:46,139.24,20.63,24.20,10.48,47.17,20.25,-1.17,4.86,1286,1.0270,42.13,0.0853
30/07/2026,06:47,139.28,20.65,24.20,10.46,47.15,20.25,-1.15,4.87,1288,1.0267,42.12,0.0854
30/07/2026,06:48,139.30,20.60,24.23,10.47,47.12,20.27,-1.12,4.87,1289,1.0266,42.06,0.0856
30/07/2026,06:49,139.34,20.61,24.21,10.48,47.12,20.22,-1.09,4.86,1285,1.0265,42.09,0.0858
30/07/2026,06:50,139.32,20.64,24.19,10.46,47.15,20.21,-1.07,4.85,1283,1.0268,41.92,0.0860
30/07/2026,06:51,139.37,20.68,24.19,10.45,47.25,20.21,-1.06,4.86,1283,1.0267,41.82,0.0858
30/07/2026,06:52,139.40,20.64,24.16,10.45,47.24,20.22,-1.01,4.86,1273,1.0271,41.73,0.0857
30/07/2026,06:53,139.41,20.63,24.16,10.46,47.22,20.23,-1.04,4.86,1269,1.0273,41.77,0.0860
30/07/2026,06:54,139.49,20.64,24.21,10.49,47.17,20.21,-1.07,4.87,1270,1.0273,41.89,0.0862
30/07/2026,06:55,139.44,20.61,24.21,10.47,47.18,20.24,-1.05,4.87,1261,1.0272,41.90,0.0864
30/07/2026,06:56,139.31,20.64,24.09,10.52,47.23,20.23,-1.06,4.87,1258,1.0270,41.93,0.0872
30/07/2026,06:57,139.24,20.69,24.10,10.52,47.32,20.28,-1.05,4.87,1261,1.0267,41.93,0.0867
30/07/2026,06:58,139.15,20.73,24.04,10.53,47.23,20.27,-1.04,4.85,1262,1.0266,42.02,0.0869
30/07/2026,06:59,139.14,20.76,23.98,10.52,47.30,20.27,-1.03,4.85,1265,1.0267,42.04,0.0870
30/07/2026,07:00,139.15,20.74,24.06,10.50,47.15,20.26,-1.01,4.84,1270,1.0267,42.09,0.0865
30/07/2026,07:01,139.23,20.77,24.10,10.49,47.19,20.23,-1.01,4.83,1270,1.0263,42.10,0.0866
30/07/2026,07:02,139.19,20.80,24.13,10.51,47.13,20.23,-1.03,4.82,1273,1.0260,41.98,0.0870
30/07/2026,07:03,139.22,20.85,24.15,10.55,47.11,20.16,-1.05,4.82,1273,1.0260,41.98,0.0866
30/07/2026,07:04,139.22,20.87,24.16,10.55,47.11,20.13,-1.02,4.82,1267,1.0255,41.95,0.0866
30/07/2026,07:05,139.18,20.89,24.12,10.52,47.07,20.15,-1.00,4.83,1269,1.0255,41.90,0.0867
30/07/2026,07:06,139.23,20.91,24.14,10.53,47.13,20.13,-0.98,4.79,1273,1.0251,41.94,0.0864
30/07/2026,07:07,139.21,20.94,24.14,10.52,47.04,20.14,-0.98,4.80,1273,1.0253,41.87,0.0866
30/07/2026,07:08,139.27,20.89,24.09,10.49,47.08,20.16,-0.97,4.81,1273,1.0256,41.75,0.0870
30/07/2026,07:09,139.26,20.95,24.08,10.45,47.12,20.14,-0.95,4.82,1273,1.0259,41.63,0.0873
30/07/2026,07:10,139.26,20.97,24.10,10.46,47.25,20.11,-0.93,4.80,1271,1.0259,41.56,0.0875
30/07/2026,07:11,139.24,20.97,24.07,10.47,47.30,20.12,-0.90,4.82,1267,1.0262,41.75,0.0873
30/07/2026,07:12,139.22,20.92,24.07,10.50,47.24,20.10,-0.94,4.81,1267,1.0262,41.87,0.0879
30/07/2026,07:13,139.25,20.87,24.06,10.53,47.22,20.13,-0.94,4.83,1264,1.0262,41.92,0.0875
30/07/2026,07:14,139.27,20.83,23.98,10.51,47.34,20.16,-0.95,4.82,1263,1.0268,41.76,0.0879
30/07/2026,07:15,139.26,20.81,23.88,10.47,47.49,20.14,-0.97,4.81,1267,1.0269,41.71,0.0875
30/07/2026,07:16,139.27,20.81,23.89,10.48,47.55,20.13,-0.97,4.80,1273,1.0267,41.70,0.0878
30/07/2026,07:17,139.27,20.85,23.90,10.47,47.54,20.14,-1.03,4.80,1280,1.0266,41.68,0.0885
30/07/2026,07:18,139.37,20.90,23.88,10.42,47.53,20.15,-1.05,4.80,1279,1.0267,41.67,0.0891
30/07/2026,07:19,139.32,20.97,23.94,10.41,47.49,20.18,-1.05,4.81,1281,1.0265,41.75,0.0895
30/07/2026,07:20,139.31,20.99,23.96,10.40,47.45,20.20,-1.02,4.82,1283,1.0266,41.92,0.0896
30/07/2026,07:21,139.31,20.98,23.98,10.37,47.38,20.19,-1.04,4.81,1280,1.0266,41.95,0.0893
30/07/2026,07:22,139.31,21.02,24.01,10.37,47.37,20.18,-1.02,4.82,1283,1.0264,42.01,0.0887
30/07/2026,07:23,139.32,21.04,24.03,10.38,47.24,20.14,-1.02,4.81,1281,1.0263,41.96,0.0888
30/07/2026,07:24,139.38,21.11,24.08,10.35,47.15,20.16,-1.06,4.81,1282,1.0265,42.05,0.0888
30/07/2026,07:25,139.35,21.06,24.15,10.39,47.08,20.18,-1.07,4.80,1278,1.0263,42.10,0.0886
30/07/2026,07:26,139.38,21.10,24.13,10.36,47.13,20.18,-1.08,4.83,1281,1.0265,42.13,0.0888
30/07/2026,07:27,139.30,21.13,24.19,10.38,47.13,20.19,-1.10,4.83,1284,1.0266,42.07,0.0892
30/07/2026,07:28,139.25,21.15,24.21,10.40,47.23,20.22,-1.08,4.83,1290,1.0264,42.00,0.0891
30/07/2026,07:29,139.30,21.17,24.24,10.41,47.22,20.26,-1.12,4.82,1285,1.0263,42.08,0.0889
30/07/2026,07:30,139.34,21.18,24.27,10.40,47.40,20.24,-1.13,4.82,1287,1.0261,42.11,0.0889
30/07/2026,07:31,139.36,21.22,24.30,10.42,47.27,20.22,-1.11,4.83,1281,1.0260,42.04,0.0885
30/07/2026,07:32,139.40,21.31,24.32,10.41,47.31,20.24,-1.12,4.83,1279,1.0259,42.02,0.0884
30/07/2026,07:33,139.40,21.33,24.28,10.43,47.39,20.24,-1.12,4.83,1285,1.0260,42.09,0.0881
30/07/2026,07:34,139.45,21.32,24.26,10.44,47.40,20.28,-1.12,4.83,1281,1.0259,41.94,0.0881
30/07/2026,07:35,139.39,21.30,24.30,10.39,47.34,20.27,-1.12,4.84,1284,1.0258,41.82,0.0876
30/07/2026,07:36,139.37,21.27,24.32,10.37,47.30,20.23,-1.11,4.84,1290,1.0259,41.90,0.0878
30/07/2026,07:37,139.35,21.34,24.32,10.34,47.18,20.23,-1.08,4.84,1287,1.0260,42.02,0.0874
30/07/2026,07:38,139.29,21.35,24.35,10.35,47.29,20.22,-1.08,4.84,1283,1.0261,41.94,0.0881
30/07/2026,07:39,139.29,21.37,24.32,10.34,47.56,20.24,-1.08,4.85,1279,1.0261,41.89,0.0882
30/07/2026,07:40,139.32,21.37,24.25,10.35,47.52,20.23,-1.07,4.87,1279,1.0262,41.93,0.0880
30/07/2026,07:41,139.29,21.40,24.27,10.35,47.58,20.28,-1.07,4.88,1278,1.0260,41.92,0.0879
30/07/2026,07:42,139.38,21.41,24.26,10.34,47.53,20.26,-1.10,4.86,1281,1.0265,41.87,0.0881
30/07/2026,07:43,139.46,21.37,24.28,10.35,47.55,20.28,-1.10,4.87,1281,1.0267,42.06,0.0884
30/07/2026,07:44,139.49,21.39,24.29,10.30,47.47,20.29,-1.10,4.87,1281,1.0265,42.15,0.0892
30/07/2026,07:45,139.56,21.36,24.30,10.31,47.45,20.33,-1.09,4.86,1283,1.0266,42.05,0.0892
30/07/2026,07:46,139.56,21.40,24.26,10.34,47.35,20.33,-1.09,4.85,1284,1.0264,41.97,0.0888
30/07/2026,07:47,139.51,21.46,24.25,10.33,47.44,20.36,-1.08,4.85,1283,1.0267,42.04,0.0892
30/07/2026,07:48,139.49,21.47,24.26,10.31,47.55,20.37,-1.11,4.84,1278,1.0265,41.93,0.0887
30/07/2026,07:49,139.44,21.49,24.26,10.40,47.46,20.38,-1.10,4.84,1280,1.0268,41.89,0.0892
30/07/2026,07:50,139.49,21.50,24.31,10.41,47.40,20.39,-1.07,4.83,1284,1.0266,41.90,0.0887
30/07/2026,07:51,139.52,21.59,24.26,10.41,47.40,20.34,-1.06,4.84,1283,1.0265,41.82,0.0891
30/07/2026,07:52,139.53,21.58,24.23,10.40,47.55,20.38,-1.05,4.85,1275,1.0259,41.80,0.0888
30/07/2026,07:53,139.48,21.60,24.25,10.43,47.52,20.36,-1.07,4.85,1276,1.0256,41.79,0.0893
30/07/2026,07:54,139.52,21.64,24.19,10.40,47.55,20.36,-1.09,4.82,1276,1.0253,41.67,0.0893
30/07/2026,07:55,139.54,21.59,24.22,10.40,47.57,20.30,-1.10,4.84,1280,1.0255,41.73,0.0894
30/07/2026,07:56,139.52,21.55,24.25,10.40,47.57,20.28,-1.10,4.83,1280,1.0255,41.73,0.0892
30/07/2026,07:57,139.52,21.55,24.24,10.40,47.46,20.25,-1.12,4.83,1277,1.0258,41.67,0.0884
30/07/2026,07:58,139.55,21.59,24.24,10.40,47.47,20.23,-1.12,4.85,1278,1.0255,41.56,0.0885
30/07/2026,07:59,139.56,21.68,24.25,10.39,47.39,20.27,-1.09,4.84,1278,1.0255,41.43,0.0882
30/07/2026,08:00,139.53,21.64,24.26,10.39,47.33,20.30,-1.09,4.85,1275,1.0252,41.46,0.0882
30/07/2026,08:01,139.60,21.65,24.32,10.38,47.30,20.33,-1.11,4.84,1273,1.0253,41.49,0.0878
30/07/2026,08:02,139.60,21.68,24.27,10.37,47.30,20.31,-1.10,4.85,1271,1.0257,41.40,0.0880
30/07/2026,08:03,139.50,21.74,24.24,10.36,47.30,20.28,-1.06,4.86,1272,1.0261,41.43,0.0879
30/07/2026,08:04,139.51,21.77,24.25,10.33,47.19,20.30,-1.08,4.85,1271,1.0262,41.50,0.0877
30/07/2026,08:05,139.48,21.79,24.17,10.32,47.31,20.31,-1.08,4.84,1269,1.0260,41.45,0.0879
30/07/2026,08:06,139.51,21.78,24.16,10.36,47.33,20.29,-1.08,4.85,1272,1.0257,41.54,0.0876
30/07/2026,08:07,139.47,21.80,24.16,10.39,47.43,20.30,-1.09,4.85,1272,1.0257,41.59,0.0878
30/07/2026,08:08,139.51,21.85,24.08,10.38,47.41,20.32,-1.08,4.85,1276,1.0257,41.71,0.0880
30/07/2026,08:09,139.46,21.87,24.02,10.37,47.31,20.31,-1.06,4.85,1279,1.0260,41.80,0.0875
30/07/2026,08:10,139.51,21.87,23.97,10.35,47.36,20.31,-1.05,4.86,1280,1.0259,41.74,0.0874
30/07/2026,08:11,139.53,21.82,24.12,10.38,47.35,20.27,-1.05,4.86,1279,1.0258,41.87,0.0869
30/07/2026,08:12,139.44,21.84,24.15,10.40,47.33,20.28,-1.05,4.87,1276,1.0256,41.78,0.0865
30/07/2026,08:13,139.45,21.84,24.20,10.39,47.32,20.25,-1.08,4.89,1275,1.0255,41.64,0.0866
30/07/2026,08:14,139.53,21.87,24.15,10.41,47.28,20.25,-1.04,4.88,1273,1.0252,41.64,0.0867
30/07/2026,08:15,139.54,21.91,24.20,10.43,47.21,20.30,-1.06,4.89,1275,1.0254,41.62,0.0869
30/07/2026,08:16,139.65,21.95,24.17,10.43,47.21,20.27,-1.04,4.89,1277,1.0252,41.73,0.0872
30/07/2026,08:17,139.66,21.97,24.16,10.43,47.23,20.24,-1.05,4.87,1281,1.0256,41.87,0.0873
30/07/2026,08:18,139.58,22.04,24.12,10.38,47.15,20.26,-1.06,4.86,1281,1.0256,42.06,0.0874
30/07/2026,08:19,139.59,22.07,24.14,10.38,47.17,20.25,-1.05,4.85,1279,1.0257,41.99,0.0869
30/07/2026,08:20,139.52,22.06,24.17,10.40,47.16,20.23,-1.03,4.85,1278,1.0260,42.00,0.0863
30/07/2026,08:21,139.58,22.10,24.17,10.41,47.26,20.25,-1.02,4.83,1278,1.0260,41.95,0.0862
30/07/2026,08:22,139.57,22.15,24.18,10.44,47.29,20.21,-1.02,4.85,1282,1.0263,41.94,0.0867
30/07/2026,08:23,139.56,22.19,24.19,10.44,47.31,20.18,-1.05,4.84,1284,1.0263,42.11,0.0871
30/07/2026,08:24,139.58,22.21,24.20,10.46,47.32,20.17,-1.04,4.84,1284,1.0261,42.08,0.0868
30/07/2026,08:25,139.54,22.22,24.16,10.44,47.37,20.13,-1.08,4.85,1285,1.0263,42.10,0.0864
30/07/2026,08:26,139.61,22.23,24.19,10.43,47.34,20.13,-1.10,4.86,1284,1.0265,42.00,0.0866
30/07/2026,08:27,139.66,22.22,24.22,10.45,47.38,20.11,-1.10,4.84,1284,1.0263,41.90,0.0859
30/07/2026,08:28,139.65,22.22,24.26,10.45,47.27,20.12,-1.14,4.84,1288,1.0265,41.85,0.0860
30/07/2026,08:29,139.65,22.22,24.34,10.44,47.26,20.11,-1.16,4.83,1290,1.0265,41.87,0.0854
30/07/2026,08:30,139.60,22.20,24.35,10.48,47.32,20.18,-1.15,4.84,1288,1.0268,41.91,0.0858
30/07/2026,08:31,139.63,22.22,24.29,10.45,47.28,20.17,-1.16,4.83,1286,1.0272,41.87,0.0858
30/07/2026,08:32,139.65,22.22,24.35,10.43,47.30,20.19,-1.13,4.83,1286,1.0271,41.91,0.0862
30/07/2026,08:33,139.70,22.26,24.30,10.47,47.42,20.19,-1.12,4.82,1287,1.0270,41.88,0.0858
30/07/2026,08:34,139.70,22.29,24.28,10.48,47.32,20.22,-1.12,4.83,1286,1.0273,41.98,0.0854
30/07/2026,08:35,139.65,22.39,24.29,10.45,47.29,20.25,-1.12,4.82,1285,1.0272,42.06,0.0849
30/07/2026,08:36,139.59,22.45,24.29,10.42,47.33,20.27,-1.10,4.82,1282,1.0272,42.04,0.0849
30/07/2026,08:37,139.52,22.48,24.28,10.40,47.46,20.26,-1.10,4.82,1279,1.0268,42.12,0.0847
30/07/2026,08:38,139.40,22.50,24.27,10.40,47.46,20.28,-1.07,4.83,1278,1.0268,42.06,0.0852
30/07/2026,08:39,139.38,22.55,24.28,10.37,47.52,20.26,-1.05,4.84,1283,1.0266,42.23,0.0850
30/07/2026,08:40,139.39,22.56,24.27,10.36,47.45,20.26,-1.01,4.85,1276,1.0267,42.15,0.0854
30/07/2026,08:41,139.39,22.54,24.20,10.41,47.52,20.24,-1.02,4.84,1268,1.0268,42.15,0.0857
30/07/2026,08:42,139.30,22.56,24.18,10.43,47.60,20.24,-1.01,4.84,1268,1.0268,42.19,0.0855
30/07/2026,08:43,139.30,22.59,24.15,10.40,47.52,20.20,-1.02,4.85,1275,1.0264,42.19,0.0855
30/07/2026,08:44,139.30,22.61,24.20,10.39,47.58,20.19,-1.00,4.81,1277,1.0266,42.28,0.0851
30/07/2026,08:45,139.28,22.55,24.17,10.41,47.60,20.21,-0.99,4.82,1275,1.0266,42.36,0.0855
30/07/2026,08:46,139.30,22.54,24.08,10.41,47.41,20.14,-1.03,4.82,1274,1.0269,42.42,0.0858
30/07/2026,08:47,139.27,22.54,24.06,10.40,47.51,20.22,-1.01,4.83,1270,1.0267,42.42,0.0863
30/07/2026,08:48,139.19,22.60,24.02,10.41,47.56,20.23,-1.02,4.82,1266,1.0269,42.37,0.0861
30/07/2026,08:49,139.16,22.58,23.99,10.39,47.67,20.21,-1.02,4.81,1269,1.0271,42.38,0.0863
30/07/2026,08:50,139.17,22.55,24.04,10.39,47.57,20.22,-1.03,4.80,1271,1.0268,42.29,0.0864
30/07/2026,08:51,139.27,22.59,23.98,10.39,47.59,20.24,-1.04,4.80,1273,1.0265,42.18,0.0861
30/07/2026,08:52,139.27,22.61,23.91,10.43,47.60,20.22,-1.01,4.81,1272,1.0265,42.24,0.0862
30/07/2026,08:53,139.26,22.68,23.91,10.50,47.56,20.23,-0.97,4.81,1270,1.0265,42.31,0.0863
30/07/2026,08:54,139.18,22.68,23.94,10.50,47.60,20.21,-0.97,4.85,1271,1.0267,42.30,0.0859
30/07/2026,08:55,139.19,22.70,23.94,10.49,47.69,20.22,-0.95,4.84,1270,1.0266,42.24,0.0862
30/07/2026,08:56,139.16,22.68,23.93,10.51,47.69,20.18,-0.95,4.84,1277,1.0262,42.28,0.0857
30/07/2026,08:57,139.15,22.72,24.02,10.50,47.73,20.16,-0.93,4.86,1278,1.0263,42.21,0.0863
30/07/2026,08:58,139.15,22.74,24.06,10.47,47.71,20.19,-0.94,4.87,1278,1.0262,42.11,0.0862
30/07/2026,08:59,139.24,22.75,24.07,10.49,47.76,20.18,-0.93,4.87,1278,1.0261,42.02,0.0858
30/07/2026,09:00,139.26,22.81,24.09,10.46,47.78,20.16,-0.96,4.86,1282,1.0265,42.08,0.0856
30/07/2026,09:01,139.24,22.82,24.02,10.52,47.67,20.17,-0.93,4.87,1278,1.0266,42.15,0.0856
30/07/2026,09:02,139.26,22.85,23.98,10.52,47.63,20.14,-0.93,4.87,1276,1.0264,42.23,0.0853
30/07/2026,09:03,139.29,22.85,24.04,10.49,47.65,20.15,-0.97,4.86,1283,1.0265,42.37,0.0851
30/07/2026,09:04,139.30,22.92,24.04,10.50,47.60,20.19,-0.99,4.87,1281,1.0269,42.23,0.0852
30/07/2026,09:05,139.28,22.86,23.99,10.54,47.63,20.19,-1.03,4.87,1274,1.0269,42.17,0.0852
30/07/2026,09:06,139.28,22.82,24.01,10.55,47.67,20.18,-1.00,4.87,1268,1.0270,42.23,0.0851
30/07/2026,09:07,139.29,22.90,24.06,10.57,47.80,20.18,-1.00,4.85,1269,1.0269,42.29,0.0852
30/07/2026,09:08,139.24,22.92,23.99,10.56,47.92,20.16,-1.01,4.85,1268,1.0270,42.26,0.0853
30/07/2026,09:09,139.12,22.98,24.05,10.58,48.01,20.13,-1.00,4.87,1275,1.0266,42.26,0.0852
30/07/2026,09:10,139.13,23.04,24.06,10.57,48.01,20.12,-0.98,4.87,1270,1.0266,42.28,0.0852
30/07/2026,09:11,139.18,23.03,24.01,10.54,47.93,20.10,-0.99,4.87,1277,1.0265,42.33,0.0849
30/07/2026,09:12,139.21,23.13,24.02,10.54,47.87,20.14,-1.03,4.88,1279,1.0264,42.36,0.0853
30/07/2026,09:13,139.13,23.15,24.09,10.48,47.91,20.15,-1.04,4.88,1281,1.0262,42.36,0.0851
30/07/2026,09:14,139.18,23.21,24.14,10.48,47.80,20.16,-1.04,4.87,1283,1.0261,42.33,0.0852
30/07/2026,09:15,139.21,23.25,24.17,10.48,47.77,20.12,-1.04,4.86,1282,1.0259,42.32,0.0855
30/07/2026,09:16,139.16,23.27,24.20,10.48,47.92,20.10,-1.09,4.86,1283,1.0260,42.41,0.0852
30/07/2026,09:17,139.16,23.33,24.22,10.50,47.91,20.09,-1.10,4.86,1287,1.0260,42.40,0.0852
30/07/2026,09:18,139.22,23.34,24.25,10.50,47.85,20.09,-1.08,4.86,1286,1.0260,42.52,0.0851
30/07/2026,09:19,139.18,23.32,24.23,10.48,47.79,20.11,-1.08,4.86,1283,1.0260,42.65,0.0853
30/07/2026,09:20,139.12,23.33,24.24,10.51,47.76,20.15,-1.10,4.85,1285,1.0257,42.70,0.0848
30/07/2026,09:21,139.12,23.27,24.29,10.49,47.67,20.12,-1.11,4.84,1281,1.0258,42.53,0.0849
30/07/2026,09:22,139.09,23.36,24.29,10.46,47.58,20.15,-1.12,4.83,1278,1.0262,42.52,0.0845
30/07/2026,09:23,139.05,23.38,24.27,10.48,47.57,20.17,-1.13,4.83,1284,1.0264,42.56,0.0845
30/07/2026,09:24,138.99,23.38,24.26,10.51,47.41,20.13,-1.09,4.85,1283,1.0266,42.43,0.0846
30/07/2026,09:25,138.99,23.44,24.20,10.47,47.42,20.13,-1.08,4.83,1282,1.0273,42.46,0.0850
30/07/2026,09:26,138.96,23.46,24.16,10.49,47.50,20.13,-1.07,4.84,1288,1.0271,42.46,0.0853
30/07/2026,09:27,139.02,23.41,24.23,10.53,47.47,20.10,-1.05,4.83,1287,1.0268,42.47,0.0856
30/07/2026,09:28,139.05,23.40,24.22,10.51,47.46,20.11,-1.09,4.83,1289,1.0269,42.44,0.0850
30/07/2026,09:29,139.04,23.42,24.27,10.49,47.43,20.14,-1.11,4.84,1297,1.0266,42.31,0.0852
30/07/2026,09:30,139.06,23.42,24.29,10.46,47.60,20.15,-1.13,4.83,1296,1.0263,42.39,0.0856
30/07/2026,09:31,139.01,23.42,24.33,10.45,47.60,20.20,-1.14,4.84,1296,1.0268,42.34,0.0856
30/07/2026,09:32,139.04,23.43,24.31,10.44,47.51,20.22,-1.18,4.83,1290,1.0269,42.49,0.0860
30/07/2026,09:33,139.00,23.46,24.32,10.41,47.52,20.18,-1.15,4.83,1292,1.0271,42.32,0.0860
30/07/2026,09:34,139.07,23.52,24.36,10.44,47.54,20.21,-1.17,4.82,1291,1.0274,42.37,0.0857
30/07/2026,09:35,139.07,23.53,24.38,10.42,47.38,20.19,-1.15,4.82,1293,1.0271,42.35,0.0854
30/07/2026,09:36,139.16,23.49,24.41,10.39,47.38,20.23,-1.16,4.82,1294,1.0270,42.37,0.0851
30/07/2026,09:37,139.28,23.48,24.43,10.38,47.48,20.28,-1.17,4.81,1296,1.0269,42.41,0.0856
30/07/2026,09:38,139.25,23.53,24.47,10.37,47.56,20.29,-1.18,4.81,1296,1.0272,42.63,0.0857
30/07/2026,09:39,139.23,23.55,24.41,10.40,47.53,20.26,-1.16,4.82,1297,1.0274,42.72,0.0855
30/07/2026,09:40,139.29,23.56,24.37,10.36,47.61,20.28,-1.14,4.82,1294,1.0273,42.60,0.0845
30/07/2026,09:41,139.24,23.60,24.43,10.38,47.66,20.24,-1.13,4.82,1296,1.0273,42.66,0.0850
30/07/2026,09:42,139.23,23.60,24.44,10.35,47.84,20.24,-1.14,4.83,1290,1.0275,42.57,0.0849
30/07/2026,09:43,139.30,23.66,24.46,10.34,47.90,20.23,-1.13,4.82,1291,1.0274,42.66,0.0849
30/07/2026,09:44,139.28,23.65,24.45,10.38,47.93,20.22,-1.10,4.84,1293,1.0275,42.63,0.0848
30/07/2026,09:45,139.23,23.69,24.48,10.39,48.01,20.24,-1.08,4.84,1291,1.0274,42.56,0.0849
30/07/2026,09:46,139.25,23.70,24.46,10.38,47.94,20.25,-1.11,4.85,1294,1.0275,42.48,0.0854
30/07/2026,09:47,139.25,23.72,24.49,10.38,47.91,20.28,-1.14,4.86,1297,1.0276,42.49,0.0849
30/07/2026,09:48,139.30,23.78,24.53,10.37,47.89,20.25,-1.13,4.86,1302,1.0274,42.47,0.0845
30/07/2026,09:49,139.29,23.82,24.58,10.38,47.84,20.23,-1.16,4.86,1301,1.0271,42.46,0.0843
30/07/2026,09:50,139.29,23.84,24.55,10.32,47.73,20.24,-1.19,4.86,1297,1.0269,42.39,0.0841
30/07/2026,09:51,139.28,23.84,24.56,10.36,47.77,20.21,-1.19,4.86,1295,1.0270,42.31,0.0842
30/07/2026,09:52,139.28,23.83,24.53,10.37,47.83,20.26,-1.20,4.87,1295,1.0271,42.31,0.0843
30/07/2026,09:53,139.24,23.82,24.47,10.40,47.79,20.27,-1.19,4.86,1293,1.0274,42.39,0.0842
30/07/2026,09:54,139.27,23.79,24.42,10.41,47.72,20.24,-1.19,4.86,1291,1.0274,42.44,0.0840
30/07/2026,09:55,139.35,23.85,24.42,10.47,47.78,20.24,-1.19,4.85,1294,1.0274,42.44,0.0840
30/07/2026,09:56,139.36,23.87,24.47,10.46,47.62,20.21,-1.19,4.84,1294,1.0274,42.32,0.0841
30/07/2026,09:57,139.32,23.89,24.50,10.49,47.64,20.19,-1.18,4.84,1294,1.0271,42.37,0.0841
30/07/2026,09:58,139.35,23.92,24.43,10.46,47.78,20.17,-1.20,4.83,1294,1.0273,42.23,0.0843
30/07/2026,09:59,139.39,23.96,24.39,10.47,47.78,20.22,-1.17,4.82,1292,1.0269,42.10,0.0842
30/07/2026,10:00,139.38,23.97,24.48,10.51,47.75,20.19,-1.20,4.81,1293,1.0268,42.13,0.0840
30/07/2026,10:01,139.39,23.94,24.52,10.47,47.83,20.19,-1.16,4.80,1291,1.0267,42.07,0.0845
30/07/2026,10:02,139.44,23.93,24.53,10.48,47.92,20.20,-1.18,4.78,1293,1.0264,42.17,0.0842
30/07/2026,10:03,139.36,23.94,24.55,10.48,47.85,20.19,-1.19,4.78,1290,1.0263,42.16,0.0844
30/07/2026,10:04,139.41,23.93,24.48,10.53,47.84,20.20,-1.20,4.79,1295,1.0263,42.33,0.0847
30/07/2026,10:05,139.45,23.91,24.54,10.54,47.82,20.18,-1.18,4.80,1293,1.0261,42.29,0.0848
30/07/2026,10:06,139.45,24.00,24.54,10.57,47.96,20.15,-1.16,4.80,1293,1.0262,42.33,0.0852
30/07/2026,10:07,139.38,24.01,24.50,10.64,47.96,20.10,-1.20,4.80,1290,1.0262,42.42,0.0851
30/07/2026,10:08,139.34,24.03,24.50,10.68,47.97,20.09,-1.19,4.83,1291,1.0262,42.45,0.0853
30/07/2026,10:09,139.21,24.01,24.54,10.69,47.94,20.06,-1.21,4.83,1290,1.0262,42.38,0.0845
30/07/2026,10:10,139.31,24.03,24.55,10.68,47.94,20.06,-1.18,4.85,1297,1.0260,42.43,0.0845
30/07/2026,10:11,139.34,24.05,24.54,10.76,47.90,20.03,-1.16,4.83,1293,1.0262,42.41,0.0852
30/07/2026,10:12,139.39,24.05,24.49,10.78,47.95,19.98,-1.16,4.84,1290,1.0262,42.45,0.0856
30/07/2026,10:13,139.39,24.10,24.49,10.79,48.01,19.96,-1.17,4.85,1291,1.0259,42.48,0.0860
30/07/2026,10:14,139.39,24.17,24.46,10.80,48.02,19.98,-1.17,4.84,1292,1.0263,42.42,0.0861
30/07/2026,10:15,139.37,24.23,24.37,10.84,48.11,19.95,-1.14,4.84,1293,1.0266,42.62,0.0862
30/07/2026,10:16,139.31,24.25,24.37,10.88,48.12,19.93,-1.15,4.85,1292,1.0271,42.60,0.0868
30/07/2026,10:17,139.27,24.28,24.44,10.92,48.06,19.94,-1.17,4.86,1291,1.0274,42.64,0.0863
30/07/2026,10:18,139.22,24.28,24.43,10.95,48.11,19.93,-1.14,4.86,1289,1.0268,42.59,0.0867
30/07/2026,10:19,139.17,24.35,24.42,10.98,48.02,19.92,-1.17,4.87,1289,1.0273,42.58,0.0869
30/07/2026,10:20,139.18,24.35,24.42,11.02,47.94,19.87,-1.16,4.87,1288,1.0270,42.61,0.0871
30/07/2026,10:21,139.10,24.41,24.47,11.07,47.93,19.84,-1.16,4.87,1293,1.0273,42.60,0.0870
30/07/2026,10:22,139.00,24.49,24.44,11.08,47.93,19.82,-1.18,4.90,1288,1.0272,42.67,0.0866
30/07/2026,10:23,139.04,24.51,24.47,11.12,47.81,19.78,-1.12,4.90,1289,1.0269,42.71,0.0862
30/07/2026,10:24,138.96,24.51,24.49,11.12,47.75,19.77,-1.13,4.89,1285,1.0273,42.75,0.0862
30/07/2026,10:25,138.90,24.55,24.50,11.15,47.76,19.73,-1.12,4.88,1287,1.0271,42.54,0.0866
30/07/2026,10:26,138.85,24.55,24.44,11.15,47.62,19.68,-1.12,4.88,1286,1.0273,42.52,0.0872
30/07/2026,10:27,138.90,24.55,24.40,11.15,47.65,19.67,-1.14,4.91,1290,1.0276,42.63,0.0878
30/07/2026,10:28,138.88,24.57,24.43,11.21,47.64,19.68,-1.15,4.91,1293,1.0280,42.63,0.0878
30/07/2026,10:29,138.90,24.62,24.50,11.22,47.63,19.63,-1.13,4.90,1293,1.0279,42.60,0.0882
30/07/2026,10:30,138.81,24.65,24.47,11.27,47.64,19.61,-1.14,4.90,1289,1.0278,42.63,0.0888
30/07/2026,10:31,138.87,24.68,24.44,11.30,47.67,19.59,-1.16,4.90,1285,1.0280,42.65,0.0890
30/07/2026,10:32,138.83,24.71,24.38,11.33,47.63,19.55,-1.15,4.90,1279,1.0285,42.70,0.0895
30/07/2026,10:33,138.84,24.80,24.35,11.32,47.77,19.52,-1.18,4.91,1279,1.0287,42.76,0.0893
30/07/2026,10:34,138.84,24.74,24.36,11.32,47.62,19.48,-1.17,4.88,1282,1.0288,42.69,0.0896
30/07/2026,10:35,138.79,24.68,24.36,11.35,47.53,19.47,-1.14,4.86,1283,1.0284,42.63,0.0903
30/07/2026,10:36,138.80,24.75,24.33,11.36,47.61,19.41,-1.16,4.86,1280,1.0284,42.66,0.0904
30/07/2026,10:37,138.78,24.75,24.36,11.34,47.72,19.36,-1.17,4.86,1281,1.0283,42.81,0.0915
30/07/2026,10:38,138.72,24.74,24.37,11.34,47.71,19.38,-1.13,4.87,1284,1.0286,42.94,0.0921
30/07/2026,10:39,138.67,24.78,24.38,11.38,47.77,19.32,-1.15,4.86,1287,1.0287,43.06,0.0917
30/07/2026,10:40,138.70,24.83,24.35,11.39,47.82,19.30,-1.16,4.88,1290,1.0291,43.15,0.0919
30/07/2026,10:41,138.70,24.87,24.38,11.40,47.83,19.32,-1.16,4.88,1292,1.0294,43.06,0.0915
30/07/2026,10:42,138.73,24.89,24.30,11.40,47.86,19.33,-1.20,4.87,1289,1.0292,43.07,0.0916
30/07/2026,10:43,138.72,24.93,24.32,11.42,47.96,19.35,-1.15,4.86,1295,1.0293,43.18,0.0916
30/07/2026,10:44,138.71,24.93,24.35,11.45,48.07,19.33,-1.15,4.88,1296,1.0292,43.06,0.0918
30/07/2026,10:45,138.73,24.94,24.41,11.45,48.03,19.29,-1.18,4.88,1293,1.0290,43.18,0.0921
30/07/2026,10:46,138.69,24.98,24.48,11.45,48.00,19.24,-1.19,4.86,1291,1.0289,43.21,0.0920
30/07/2026,10:47,138.65,25.06,24.53,11.47,48.00,19.26,-1.22,4.86,1291,1.0290,43.11,0.0922
30/07/2026,10:48,138.67,25.06,24.52,11.48,48.01,19.22,-1.20,4.87,1290,1.0291,43.14,0.0928
30/07/2026,10:49,138.63,25.07,24.58,11.44,48.03,19.21,-1.20,4.87,1295,1.0293,43.09,0.0929
30/07/2026,10:50,138.68,25.08,24.59,11.42,47.99,19.21,-1.18,4.88,1291,1.0291,43.14,0.0925
30/07/2026,10:51,138.76,25.06,24.59,11.44,48.02,19.20,-1.18,4.89,1292,1.0292,43.14,0.0928
30/07/2026,10:52,138.77,25.07,24.55,11.45,48.05,19.19,-1.19,4.90,1297,1.0289,43.06,0.0931
30/07/2026,10:53,138.72,25.10,24.57,11.49,48.16,19.19,-1.20,4.90,1295,1.0288,43.06,0.0931
30/07/2026,10:54,138.72,25.13,24.58,11.52,48.11,19.17,-1.22,4.91,1291,1.0286,43.11,0.0930
30/07/2026,10:55,138.71,25.11,24.56,11.46,48.06,19.13,-1.19,4.90,1296,1.0284,43.17,0.0933
30/07/2026,10:56,138.70,25.10,24.57,11.48,48.08,19.17,-1.21,4.91,1298,1.0283,43.24,0.0940
30/07/2026,10:57,138.68,25.08,24.61,11.47,48.14,19.16,-1.23,4.90,1304,1.0282,43.23,0.0936
30/07/2026,10:58,138.71,25.09,24.68,11.50,48.21,19.16,-1.26,4.92,1303,1.0278,43.29,0.0933
30/07/2026,10:59,138.64,25.08,24.66,11.45,48.20,19.16,-1.24,4.92,1301,1.0279,43.25,0.0937
30/07/2026,11:00,138.66,25.12,24.69,11.41,48.17,19.15,-1.26,4.93,1297,1.0281,43.27,0.0930
30/07/2026,11:01,138.67,25.10,24.59,11.41,48.20,19.13,-1.25,4.92,1293,1.0282,43.29,0.0936
30/07/2026,11:02,138.65,25.17,24.57,11.37,48.18,19.11,-1.20,4.90,1292,1.0285,43.28,0.0934
30/07/2026,11:03,138.56,25.18,24.51,11.38,48.20,19.07,-1.25,4.90,1288,1.0286,43.28,0.0937
30/07/2026,11:04,138.54,25.19,24.47,11.41,48.28,19.04,-1.24,4.89,1286,1.0282,43.31,0.0944
30/07/2026,11:05,138.61,25.17,24.50,11.45,48.29,19.03,-1.25,4.90,1287,1.0278,43.34,0.0948
30/07/2026,11:06,138.59,25.19,24.51,11.43,48.22,19.07,-1.24,4.90,1285,1.0277,43.31,0.0955
30/07/2026,11:07,138.54,25.26,24.50,11.41,48.30,19.06,-1.25,4.91,1285,1.0279,43.26,0.0958
30/07/2026,11:08,138.51,25.25,24.46,11.38,48.29,19.08,-1.25,4.91,1284,1.0281,43.24,0.0963
30/07/2026,11:09,138.54,25.30,24.44,11.38,48.31,19.04,-1.25,4.90,1286,1.0278,43.22,0.0966
30/07/2026,11:10,138.50,25.34,24.49,11.37,48.29,19.04,-1.23,4.89,1285,1.0277,43.22,0.0963
30/07/2026,11:11,138.48,25.36,24.46,11.34,48.28,19.03,-1.22,4.85,1277,1.0279,43.09,0.0963
30/07/2026,11:12,138.47,25.36,24.45,11.33,48.29,19.03,-1.20,4.85,1274,1.0277,43.01,0.0967
30/07/2026,11:13,138.45,25.35,24.46,11.33,48.32,19.04,-1.19,4.85,1275,1.0280,42.97,0.0968
30/07/2026,11:14,138.46,25.38,24.44,11.33,48.29,19.02,-1.18,4.86,1275,1.0279,42.98,0.0973
30/07/2026,11:15,138.44,25.39,24.36,11.34,48.38,19.06,-1.19,4.85,1277,1.0277,43.07,0.0979
30/07/2026,11:16,138.44,25.44,24.29,11.31,48.44,19.02,-1.20,4.86,1278,1.0277,43.25,0.0983
30/07/2026,11:17,138.49,25.50,24.34,11.27,48.49,19.06,-1.17,4.86,1280,1.0281,43.20,0.0984
30/07/2026,11:18,138.54,25.49,24.34,11.27,48.46,19.01,-1.15,4.87,1281,1.0284,43.13,0.0980
30/07/2026,11:19,138.58,25.50,24.35,11.21,48.20,19.02,-1.15,4.86,1278,1.0285,43.11,0.0975
30/07/2026,11:20,138.60,25.52,24.30,11.24,48.30,19.02,-1.13,4.87,1277,1.0284,43.17,0.0975
30/07/2026,11:21,138.57,25.50,24.27,11.26,48.36,18.99,-1.15,4.87,1279,1.0285,43.21,0.0975
30/07/2026,11:22,138.60,25.50,24.35,11.27,48.40,18.97,-1.12,4.88,1278,1.0285,43.27,0.0981
30/07/2026,11:23,138.56,25.54,24.35,11.30,48.40,18.99,-1.12,4.88,1279,1.0285,43.25,0.0978
30/07/2026,11:24,138.54,25.60,24.30,11.30,48.41,19.00,-1.12,4.89,1279,1.0284,43.13,0.0984
30/07/2026,11:25,138.55,25.61,24.26,11.31,48.44,19.00,-1.11,4.91,1283,1.0280,43.09,0.0978
30/07/2026,11:26,138.52,25.65,24.25,11.29,48.36,19.06,-1.09,4.90,1280,1.0281,43.08,0.0977
30/07/2026,11:27,138.59,25.66,24.29,11.32,48.44,19.00,-1.09,4.91,1283,1.0285,43.14,0.0982
30/07/2026,11:28,138.64,25.66,24.25,11.29,48.59,18.99,-1.10,4.90,1285,1.0285,43.19,0.0984
30/07/2026,11:29,138.61,25.67,24.22,11.31,48.65,19.01,-1.12,4.89,1286,1.0285,43.21,0.0987
30/07/2026,11:30,138.56,25.65,24.22,11.31,48.60,18.98,-1.15,4.90,1287,1.0285,43.28,0.0985
30/07/2026,11:31,138.56,25.67,24.17,11.31,48.75,18.99,-1.15,4.92,1280,1.0285,43.35,0.0991
30/07/2026,11:32,138.60,25.71,24.14,11.33,48.65,19.01,-1.14,4.93,1281,1.0286,43.39,0.0986
30/07/2026,11:33,138.67,25.72,24.17,11.35,48.58,19.07,-1.11,4.91,1279,1.0286,43.28,0.0978
30/07/2026,11:34,138.74,25.77,24.16,11.37,48.50,19.04,-1.12,4.91,1276,1.0288,43.32,0.0974
30/07/2026,11:35,138.73,25.80,24.17,11.36,48.52,19.02,-1.13,4.91,1278,1.0286,43.49,0.0977
30/07/2026,11:36,138.65,25.85,24.20,11.38,48.50,18.99,-1.15,4.90,1280,1.0290,43.58,0.0976
30/07/2026,11:37,138.68,25.81,24.14,11.37,48.48,19.03,-1.14,4.91,1277,1.0286,43.63,0.0973
30/07/2026,11:38,138.67,25.76,24.17,11.42,48.38,18.99,-1.15,4.90,1281,1.0288,43.64,0.0970
30/07/2026,11:39,138.79,25.80,24.13,11.43,48.44,18.95,-1.15,4.90,1283,1.0286,43.53,0.0975
30/07/2026,11:40,138.73,25.84,24.14,11.42,48.54,18.94,-1.12,4.89,1285,1.0287,43.48,0.0973
30/07/2026,11:41,138.70,25.81,24.18,11.43,48.64,18.97,-1.13,4.88,1282,1.0289,43.62,0.0982
30/07/2026,11:42,138.70,25.81,24.19,11.47,48.64,18.95,-1.11,4.85,1277,1.0288,43.54,0.0986
30/07/2026,11:43,138.61,25.85,24.25,11.49,48.63,18.94,-1.12,4.85,1281,1.0288,43.36,0.0985
30/07/2026,11:44,138.56,25.88,24.21,11.51,48.71,18.93,-1.10,4.87,1281,1.0289,43.33,0.0987
30/07/2026,11:45,138.47,25.88,24.28,11.49,48.69,18.93,-1.09,4.88,1286,1.0290,43.37,0.0986
30/07/2026,11:46,138.52,25.88,24.32,11.50,48.86,18.92,-1.13,4.88,1290,1.0290,43.32,0.0988
30/07/2026,11:47,138.52,25.94,24.35,11.49,48.75,18.97,-1.12,4.87,1287,1.0288,43.35,0.0988
30/07/2026,11:48,138.49,25.96,24.34,11.44,48.70,18.95,-1.12,4.89,1285,1.0285,43.26,0.0993
30/07/2026,11:49,138.52,26.07,24.37,11.42,48.65,18.95,-1.12,4.90,1290,1.0289,43.36,0.0993
30/07/2026,11:50,138.59,26.09,24.37,11.45,48.76,18.89,-1.11,4.89,1286,1.0289,43.25,0.0991
30/07/2026,11:51,138.58,26.13,24.33,11.40,48.71,18.91,-1.13,4.88,1288,1.0286,43.16,0.0993
30/07/2026,11:52,138.62,26.18,24.35,11.39,48.65,18.92,-1.11,4.87,1286,1.0280,43.21,0.0994
30/07/2026,11:53,138.67,26.17,24.29,11.42,48.48,18.93,-1.11,4.87,1284,1.0282,43.17,0.0997
30/07/2026,11:54,138.62,26.16,24.28,11.44,48.52,18.89,-1.13,4.87,1282,1.0284,43.10,0.1000
30/07/2026,11:55,138.64,26.18,24.33,11.45,48.59,18.92,-1.11,4.88,1282,1.0281,43.11,0.0998
30/07/2026,11:56,138.61,26.21,24.29,11.47,48.71,18.94,-1.09,4.87,1282,1.0281,43.33,0.1001
30/07/2026,11:57,138.56,26.22,24.24,11.48,48.65,18.99,-1.10,4.86,1278,1.0280,43.21,0.1003
30/07/2026,11:58,138.50,26.16,24.28,11.50,48.58,18.96,-1.10,4.86,1280,1.0280,43.20,0.1006
30/07/2026,11:59,138.52,26.17,24.30,11.48,48.48,18.98,-1.08,4.87,1279,1.0282,43.15,0.1004
30/07/2026,12:00,138.54,26.20,24.29,11.48,48.49,18.95,-1.04,4.89,1278,1.0288,43.12,0.1007
30/07/2026,12:01,138.59,26.21,24.31,11.44,48.54,18.94,-1.02,4.89,1279,1.0290,43.20,0.1008
30/07/2026,12:02,138.59,26.20,24.34,11.38,48.59,18.99,-1.03,4.89,1282,1.0290,43.31,0.1008
30/07/2026,12:03,138.63,26.25,24.30,11.39,48.53,19.03,-1.03,4.89,1282,1.0290,43.39,0.1006
30/07/2026,12:04,138.65,26.26,24.32,11.35,48.58,19.03,-1.03,4.88,1284,1.0294,43.22,0.1013
30/07/2026,12:05,138.66,26.25,24.36,11.35,48.47,19.01,-1.03,4.87,1283,1.0294,43.09,0.1015
30/07/2026,12:06,138.68,26.27,24.37,11.36,48.53,18.96,-1.04,4.87,1286,1.0293,43.11,0.1013
30/07/2026,12:07,138.60,26.28,24.31,11.40,48.56,18.96,-1.03,4.87,1286,1.0291,43.06,0.1017
30/07/2026,12:08,138.53,26.28,24.27,11.41,48.46,18.95,-1.07,4.88,1287,1.0293,42.91,0.1020
30/07/2026,12:09,138.63,26.36,24.28,11.38,48.52,18.96,-1.10,4.88,1286,1.0295,42.95,0.1025
30/07/2026,12:10,138.57,26.33,24.26,11.38,48.50,18.96,-1.09,4.86,1287,1.0292,42.88,0.1028
30/07/2026,12:11,138.50,26.33,24.28,11.42,48.46,18.95,-1.07,4.86,1289,1.0292,42.85,0.1023
30/07/2026,12:12,138.46,26.29,24.32,11.42,48.48,18.91,-1.07,4.87,1287,1.0285,43.02,0.1023
30/07/2026,12:13,138.50,26.32,24.34,11.42,48.38,18.89,-1.09,4.87,1291,1.0282,43.08,0.1017
30/07/2026,12:14,138.45,26.33,24.31,11.41,48.43,18.88,-1.09,4.85,1288,1.0286,43.13,0.1015
30/07/2026,12:15,138.48,26.36,24.35,11.37,48.43,18.90,-1.10,4.85,1291,1.0284,43.01,0.1017
30/07/2026,12:16,138.49,26.35,24.35,11.38,48.57,18.91,-1.12,4.86,1289,1.0286,42.99,0.1017
30/07/2026,12:17,138.51,26.36,24.38,11.35,48.51,18.87,-1.11,4.85,1288,1.0289,43.11,0.1017
30/07/2026,12:18,138.43,26.35,24.35,11.32,48.37,18.93,-1.12,4.84,1283,1.0286,42.87,0.1018
30/07/2026,12:19,138.36,26.37,24.37,11.33,48.34,18.90,-1.11,4.85,1282,1.0286,42.88,0.1015
30/07/2026,12:20,138.35,26.32,24.40,11.31,48.36,18.87,-1.15,4.86,1284,1.0284,42.80,0.1014
30/07/2026,12:21,138.33,26.34,24.28,11.29,48.36,18.85,-1.14,4.87,1280,1.0280,42.84,0.1015
30/07/2026,12:22,138.31,26.35,24.28,11.26,48.33,18.88,-1.14,4.87,1282,1.0282,42.71,0.1009
30/07/2026,12:23,138.29,26.44,24.24,11.26,48.36,18.87,-1.15,4.86,1290,1.0283,42.76,0.1009
30/07/2026,12:24,138.27,26.46,24.27,11.18,48.37,18.95,-1.13,4.87,1294,1.0286,42.94,0.1009
30/07/2026,12:25,138.31,26.47,24.26,11.20,48.39,18.96,-1.14,4.87,1297,1.0288,42.84,0.1010
30/07/2026,12:26,138.42,26.49,24.30,11.17,48.39,19.01,-1.16,4.87,1297,1.0290,42.67,0.1007
30/07/2026,12:27,138.41,26.52,24.33,11.17,48.46,19.07,-1.14,4.88,1294,1.0291,42.69,0.0999
30/07/2026,12:28,138.41,26.53,24.39,11.10,48.60,19.04,-1.14,4.88,1298,1.0287,42.71,0.0999
30/07/2026,12:29,138.49,26.53,24.37,11.08,48.59,19.07,-1.14,4.89,1297,1.0282,42.72,0.0995
30/07/2026,12:30,138.47,26.62,24.40,11.01,48.49,19.07,-1.14,4.89,1299,1.0279,42.84,0.0997
30/07/2026,12:31,138.51,26.57,24.42,10.93,48.46,19.08,-1.13,4.89,1302,1.0280,43.04,0.0990
30/07/2026,12:32,138.62,26.59,24.43,10.89,48.61,19.06,-1.17,4.88,1300,1.0278,43.06,0.0987
30/07/2026,12:33,138.67,26.63,24.47,10.84,48.65,19.10,-1.15,4.88,1298,1.0278,43.06,0.0984
30/07/2026,12:34,138.74,26.71,24.57,10.81,48.67,19.11,-1.14,4.87,1302,1.0279,43.06,0.0979
30/07/2026,12:35,138.72,26.70,24.61,10.79,48.67,19.12,-1.13,4.86,1304,1.0280,43.02,0.0974
30/07/2026,12:36,138.70,26.67,24.49,10.76,48.70,19.19,-1.14,4.87,1297,1.0283,43.07,0.0975
30/07/2026,12:37,138.75,26.72,24.49,10.74,48.74,19.23,-1.14,4.86,1298,1.0284,43.03,0.0969
30/07/2026,12:38,138.81,26.73,24.44,10.73,48.70,19.24,-1.16,4.87,1298,1.0282,43.00,0.0963
30/07/2026,12:39,138.83,26.83,24.44,10.67,48.81,19.29,-1.15,4.86,1296,1.0279,42.94,0.0960
30/07/2026,12:40,138.81,26.86,24.36,10.64,48.84,19.26,-1.12,4.86,1297,1.0281,42.72,0.0960
30/07/2026,12:41,138.85,26.90,24.35,10.63,48.76,19.27,-1.09,4.84,1298,1.0279,42.75,0.0956
30/07/2026,12:42,138.90,26.91,24.39,10.61,48.77,19.26,-1.11,4.85,1303,1.0280,42.83,0.0955
30/07/2026,12:43,138.96,26.94,24.39,10.64,48.78,19.25,-1.15,4.85,1306,1.0279,42.86,0.0948
30/07/2026,12:44,138.99,26.97,24.41,10.61,48.62,19.25,-1.16,4.86,1305,1.0282,42.97,0.0945
30/07/2026,12:45,138.98,27.01,24.45,10.59,48.65,19.34,-1.14,4.85,1302,1.0279,43.03,0.0948
30/07/2026,12:46,139.06,27.06,24.50,10.57,48.65,19.34,-1.13,4.85,1302,1.0281,43.02,0.0949
30/07/2026,12:47,139.10,27.09,24.55,10.52,48.63,19.39,-1.15,4.85,1299,1.0286,43.19,0.0952
30/07/2026,12:48,139.15,27.12,24.52,10.50,48.66,19.44,-1.17,4.85,1297,1.0285,43.14,0.0954
30/07/2026,12:49,139.13,27.09,24.41,10.52,48.61,19.46,-1.16,4.84,1288,1.0283,43.25,0.0948
30/07/2026,12:50,139.18,27.14,24.40,10.54,48.59,19.49,-1.15,4.84,1288,1.0284,43.32,0.0949
30/07/2026,12:51,139.07,27.14,24.37,10.55,48.57,19.55,-1.16,4.84,1287,1.0282,43.25,0.0950
30/07/2026,12:52,139.11,27.14,24.36,10.51,48.58,19.57,-1.16,4.85,1284,1.0285,43.27,0.0944
30/07/2026,12:53,139.13,27.10,24.34,10.48,48.48,19.64,-1.15,4.85,1281,1.0282,43.20,0.0944
30/07/2026,12:54,139.11,27.09,24.30,10.51,48.47,19.65,-1.13,4.86,1287,1.0279,43.11,0.0936
30/07/2026,12:55,139.12,27.12,24.32,10.48,48.50,19.70,-1.12,4.86,1287,1.0277,43.17,0.0940
30/07/2026,12:56,139.09,27.15,24.33,10.43,48.46,19.71,-1.16,4.85,1289,1.0279,43.10,0.0933
30/07/2026,12:57,139.07,27.19,24.35,10.43,48.44,19.77,-1.16,4.86,1290,1.0275,43.01,0.0932
30/07/2026,12:58,139.13,27.13,24.38,10.43,48.48,19.81,-1.17,4.86,1291,1.0270,43.05,0.0933
30/07/2026,12:59,139.17,27.08,24.35,10.47,48.47,19.82,-1.19,4.85,1291,1.0269,43.03,0.0931
30/07/2026,13:00,139.14,27.07,24.36,10.47,48.57,19.85,-1.20,4.86,1293,1.0268,43.04,0.0925
30/07/2026,13:01,139.14,27.16,24.37,10.44,48.68,19.88,-1.20,4.85,1290,1.0264,42.98,0.0920
30/07/2026,13:02,139.09,27.18,24.34,10.43,48.81,19.94,-1.19,4.84,1292,1.0265,43.07,0.0917
30/07/2026,13:03,139.09,27.18,24.33,10.43,48.72,19.97,-1.16,4.84,1291,1.0263,43.09,0.0911
30/07/2026,13:04,139.13,27.22,24.34,10.41,48.73,19.99,-1.17,4.83,1295,1.0255,43.05,0.0907
30/07/2026,13:05,139.05,27.29,24.37,10.41,48.78,19.98,-1.18,4.85,1292,1.0257,43.09,0.0901
30/07/2026,13:06,139.12,27.29,24.37,10.42,48.79,20.01,-1.17,4.84,1291,1.0257,43.06,0.0894
30/07/2026,13:07,139.11,27.34,24.40,10.39,48.86,20.01,-1.19,4.83,1292,1.0259,43.18,0.0896
30/07/2026,13:08,139.14,27.31,24.38,10.37,48.87,20.03,-1.22,4.82,1291,1.0262,43.22,0.0890
30/07/2026,13:09,139.11,27.30,24.42,10.38,48.87,20.04,-1.23,4.82,1291,1.0266,43.21,0.0888
30/07/2026,13:10,139.13,27.29,24.44,10.38,48.85,20.06,-1.22,4.82,1289,1.0265,43.18,0.0885
30/07/2026,13:11,139.16,27.28,24.34,10.41,48.74,20.09,-1.20,4.83,1285,1.0265,43.13,0.0885
30/07/2026,13:12,139.21,27.33,24.41,10.43,48.73,20.08,-1.22,4.82,1287,1.0261,43.29,0.0882
30/07/2026,13:13,139.22,27.34,24.40,10.44,48.66,20.06,-1.24,4.83,1289,1.0262,43.36,0.0882
30/07/2026,13:14,139.22,27.35,24.41,10.39,48.61,20.04,-1.22,4.83,1291,1.0260,43.25,0.0878
30/07/2026,13:15,139.31,27.43,24.46,10.40,48.65,20.04,-1.20,4.85,1292,1.0264,43.28,0.0878
30/07/2026,13:16,139.32,27.45,24.44,10.38,48.60,20.11,-1.18,4.85,1289,1.0261,43.27,0.0872
30/07/2026,13:17,139.41,27.47,24.40,10.38,48.59,20.12,-1.16,4.85,1287,1.0263,43.32,0.0871
30/07/2026,13:18,139.47,27.51,24.40,10.35,48.47,20.16,-1.13,4.86,1288,1.0264,43.35,0.0867
30/07/2026,13:19,139.55,27.55,24.48,10.31,48.42,20.17,-1.13,4.88,1293,1.0264,43.37,0.0857
30/07/2026,13:20,139.56,27.54,24.44,10.33,48.41,20.18,-1.12,4.88,1294,1.0265,43.52,0.0856
30/07/2026,13:21,139.57,27.52,24.42,10.35,48.44,20.17,-1.11,4.86,1295,1.0262,43.57,0.0857
30/07/2026,13:22,139.57,27.59,24.40,10.32,48.51,20.24,-1.15,4.86,1291,1.0265,43.61,0.0858
30/07/2026,13:23,139.50,27.60,24.41,10.34,48.50,20.23,-1.14,4.87,1296,1.0265,43.69,0.0854
30/07/2026,13:24,139.52,27.65,24.36,10.32,48.58,20.23,-1.12,4.85,1295,1.0267,43.71,0.0860
30/07/2026,13:25,139.51,27.65,24.44,10.37,48.55,20.25,-1.16,4.85,1294,1.0265,43.80,0.0857
30/07/2026,13:26,139.54,27.67,24.40,10.35,48.48,20.29,-1.11,4.86,1292,1.0267,43.71,0.0849
30/07/2026,13:27,139.59,27.68,24.45,10.36,48.42,20.32,-1.10,4.86,1298,1.0269,43.79,0.0850
30/07/2026,13:28,139.60,27.68,24.43,10.36,48.52,20.36,-1.09,4.86,1296,1.0270,43.82,0.0853
30/07/2026,13:29,139.55,27.76,24.45,10.37,48.53,20.33,-1.11,4.86,1295,1.0267,43.86,0.0849
30/07/2026,13:30,139.63,27.78,24.47,10.35,48.52,20.31,-1.09,4.87,1295,1.0269,43.93,0.0850
30/07/2026,13:31,139.60,27.77,24.43,10.33,48.40,20.33,-1.10,4.85,1294,1.0268,44.04,0.0848
30/07/2026,13:32,139.61,27.74,24.36,10.34,48.41,20.32,-1.10,4.82,1294,1.0271,43.99,0.0842
30/07/2026,13:33,139.62,27.71,24.35,10.37,48.42,20.35,-1.14,4.82,1297,1.0273,44.09,0.0843
30/07/2026,13:34,139.60,27.70,24.40,10.38,48.29,20.38,-1.12,4.81,1300,1.0275,43.83,0.0840
30/07/2026,13:35,139.63,27.66,24.42,10.40,48.26,20.36,-1.14,4.81,1301,1.0273,43.99,0.0843
30/07/2026,13:36,139.56,27.62,24.50,10.36,48.46,20.38,-1.18,4.83,1300,1.0273,44.03,0.0837
30/07/2026,13:37,139.60,27.61,24.43,10.35,48.50,20.37,-1.17,4.82,1299,1.0274,43.97,0.0836
30/07/2026,13:38,139.62,27.62,24.48,10.40,48.48,20.34,-1.21,4.82,1298,1.0273,43.94,0.0834
30/07/2026,13:39,139.64,27.71,24.49,10.37,48.41,20.33,-1.24,4.81,1298,1.0270,43.76,0.0824
30/07/2026,13:40,139.68,27.70,24.48,10.37,48.57,20.31,-1.22,4.81,1295,1.0272,43.80,0.0816
30/07/2026,13:41,139.64,27.69,24.44,10.41,48.74,20.32,-1.22,4.83,1297,1.0271,43.78,0.0816
30/07/2026,13:42,139.64,27.74,24.46,10.37,48.76,20.30,-1.24,4.84,1297,1.0271,43.63,0.0808
30/07/2026,13:43,139.63,27.76,24.49,10.39,48.70,20.28,-1.24,4.83,1296,1.0269,43.68,0.0810
30/07/2026,13:44,139.68,27.82,24.52,10.44,48.63,20.29,-1.22,4.82,1298,1.0269,43.70,0.0814
30/07/2026,13:45,139.72,27.87,24.47,10.38,48.59,20.29,-1.22,4.81,1298,1.0269,43.65,0.0812
30/07/2026,13:46,139.71,27.90,24.47,10.40,48.50,20.29,-1.23,4.81,1294,1.0272,43.64,0.0811
30/07/2026,13:47,139.69,27.93,24.51,10.39,48.46,20.24,-1.22,4.83,1298,1.0278,43.61,0.0808
30/07/2026,13:48,139.63,27.88,24.45,10.33,48.46,20.28,-1.19,4.82,1294,1.0280,43.64,0.0806
30/07/2026,13:49,139.61,27.90,24.41,10.34,48.54,20.28,-1.18,4.81,1296,1.0283,43.56,0.0808
30/07/2026,13:50,139.55,27.85,24.40,10.36,48.62,20.29,-1.18,4.80,1292,1.0286,43.69,0.0811
30/07/2026,13:51,139.51,27.94,24.41,10.33,48.59,20.28,-1.19,4.79,1296,1.0286,43.59,0.0813
30/07/2026,13:52,139.52,27.93,24.49,10.33,48.52,20.27,-1.17,4.77,1296,1.0288,43.66,0.0815
30/07/2026,13:53,139.55,27.97,24.51,10.33,48.46,20.29,-1.21,4.78,1301,1.0290,43.69,0.0820
30/07/2026,13:54,139.53,28.00,24.56,10.32,48.48,20.25,-1.19,4.78,1299,1.0288,43.66,0.0823
30/07/2026,13:55,139.49,28.06,24.60,10.25,48.36,20.25,-1.24,4.79,1308,1.0287,43.56,0.0825
30/07/2026,13:56,139.53,28.06,24.66,10.20,48.31,20.29,-1.26,4.79,1312,1.0282,43.66,0.0821
30/07/2026,13:57,139.58,28.00,24.71,10.22,48.45,20.33,-1.26,4.79,1313,1.0281,43.69,0.0825
30/07/2026,13:58,139.60,28.01,24.72,10.24,48.59,20.32,-1.27,4.79,1313,1.0278,43.72,0.0822
30/07/2026,13:59,139.65,27.98,24.71,10.23,48.65,20.30,-1.27,4.80,1310,1.0273,43.58,0.0820
30/07/2026,14:00,139.66,28.02,24.74,10.24,48.59,20.26,-1.26,4.79,1308,1.0271,43.57,0.0821
30/07/2026,14:01,139.65,28.04,24.70,10.26,48.56,20.29,-1.28,4.79,1301,1.0267,43.52,0.0822
30/07/2026,14:02,139.64,28.05,24.68,10.25,48.61,20.28,-1.28,4.77,1299,1.0265,43.53,0.0821
30/07/2026,14:03,139.65,28.08,24.66,10.27,48.76,20.28,-1.31,4.78,1298,1.0265,43.49,0.0823
30/07/2026,14:04,139.66,28.07,24.64,10.24,48.84,20.32,-1.31,4.78,1301,1.0264,43.65,0.0825
30/07/2026,14:05,139.59,28.11,24.61,10.26,48.81,20.30,-1.28,4.79,1297,1.0264,43.56,0.0830
30/07/2026,14:06,139.65,28.13,24.59,10.23,48.79,20.33,-1.25,4.81,1296,1.0267,43.47,0.0829
30/07/2026,14:07,139.66,28.13,24.57,10.23,48.63,20.33,-1.24,4.81,1294,1.0267,43.52,0.0826
30/07/2026,14:08,139.66,28.13,24.53,10.20,48.63,20.34,-1.23,4.80,1289,1.0265,43.57,0.0831
30/07/2026,14:09,139.67,28.16,24.49,10.19,48.54,20.35,-1.22,4.81,1288,1.0264,43.77,0.0827
30/07/2026,14:10,139.57,28.13,24.49,10.22,48.54,20.35,-1.18,4.79,1286,1.0263,43.76,0.0834
30/07/2026,14:11,139.57,28.17,24.36,10.21,48.61,20.37,-1.19,4.79,1291,1.0259,43.68,0.0835
30/07/2026,14:12,139.52,28.23,24.36,10.26,48.53,20.40,-1.14,4.79,1284,1.0259,43.75,0.0832
30/07/2026,14:13,139.63,28.25,24.35,10.28,48.71,20.40,-1.11,4.78,1281,1.0257,43.72,0.0832
30/07/2026,14:14,139.70,28.29,24.36,10.25,48.68,20.41,-1.10,4.78,1282,1.0260,43.93,0.0823
30/07/2026,14:15,139.67,28.29,24.38,10.27,48.66,20.42,-1.12,4.78,1285,1.0263,44.04,0.0818
30/07/2026,14:16,139.68,28.31,24.33,10.29,48.69,20.46,-1.10,4.79,1283,1.0263,43.94,0.0816
30/07/2026,14:17,139.69,28.37,24.31,10.29,48.69,20.43,-1.10,4.81,1282,1.0269,43.85,0.0814
30/07/2026,14:18,139.67,28.41,24.25,10.26,48.66,20.41,-1.08,4.78,1280,1.0271,43.67,0.0814
30/07/2026,14:19,139.60,28.42,24.29,10.20,48.64,20.43,-1.05,4.77,1279,1.0270,43.83,0.0808
30/07/2026,14:20,139.53,28.44,24.23,10.22,48.64,20.43,-1.04,4.78,1274,1.0271,43.94,0.0803
30/07/2026,14:21,139.51,28.47,24.13,10.22,48.63,20.46,-1.03,4.77,1270,1.0273,43.84,0.0803
30/07/2026,14:22,139.45,28.41,24.15,10.19,48.69,20.47,-1.04,4.76,1270,1.0271,43.84,0.0813
30/07/2026,14:23,139.50,28.40,24.16,10.21,48.57,20.49,-1.02,4.76,1268,1.0267,43.94,0.0810
30/07/2026,14:24,139.52,28.50,24.08,10.20,48.53,20.45,-1.04,4.77,1273,1.0268,43.89,0.0812
30/07/2026,14:25,139.61,28.52,24.13,10.21,48.57,20.41,-0.99,4.76,1274,1.0267,43.75,0.0810
30/07/2026,14:26,139.58,28.52,24.13,10.21,48.68,20.39,-1.02,4.75,1277,1.0269,43.89,0.0813
30/07/2026,14:27,139.57,28.49,24.13,10.18,48.69,20.42,-0.99,4.76,1276,1.0268,43.97,0.0817
30/07/2026,14:28,139.55,28.45,24.11,10.20,48.67,20.45,-1.03,4.76,1279,1.0269,44.05,0.0817
30/07/2026,14:29,139.58,28.41,24.10,10.20,48.66,20.50,-1.04,4.77,1281,1.0271,43.96,0.0807
30/07/2026,14:30,139.58,28.40,24.13,10.18,48.69,20.52,-1.04,4.77,1278,1.0267,44.09,0.0801
30/07/2026,14:31,139.56,28.41,24.14,10.17,48.74,20.53,-1.08,4.76,1281,1.0267,44.17,0.0800
30/07/2026,14:32,139.60,28.41,24.15,10.21,48.78,20.52,-1.07,4.76,1283,1.0262,44.26,0.0795
30/07/2026,14:33,139.55,28.44,24.10,10.17,48.79,20.51,-1.04,4.76,1277,1.0263,44.16,0.0794
30/07/2026,14:34,139.58,28.46,24.15,10.18,48.70,20.57,-1.05,4.77,1276,1.0262,44.07,0.0795
30/07/2026,14:35,139.59,28.47,24.13,10.18,48.65,20.56,-1.07,4.76,1279,1.0257,44.15,0.0791
30/07/2026,14:36,139.57,28.48,24.17,10.14,48.74,20.57,-1.08,4.76,1280,1.0258,44.13,0.0792
30/07/2026,14:37,139.67,28.46,24.18,10.14,48.77,20.54,-1.07,4.78,1274,1.0261,44.18,0.0790
30/07/2026,14:38,139.75,28.44,24.21,10.11,48.72,20.60,-1.07,4.79,1281,1.0258,43.96,0.0787
30/07/2026,14:39,139.73,28.45,24.14,10.13,48.67,20.60,-1.05,4.78,1280,1.0257,44.05,0.0788
30/07/2026,14:40,139.72,28.45,24.12,10.15,48.70,20.58,-1.07,4.78,1278,1.0261,43.98,0.0783
30/07/2026,14:41,139.72,28.48,24.16,10.20,48.72,20.60,-1.09,4.79,1278,1.0262,44.06,0.0784
30/07/2026,14:42,139.67,28.45,24.15,10.21,48.61,20.59,-1.09,4.79,1275,1.0261,44.03,0.0785
30/07/2026,14:43,139.64,28.44,24.10,10.19,48.70,20.59,-1.10,4.79,1274,1.0267,44.17,0.0787
30/07/2026,14:44,139.61,28.45,24.08,10.18,48.68,20.62,-1.13,4.79,1276,1.0267,44.15,0.0786
30/07/2026,14:45,139.63,28.47,24.08,10.18,48.64,20.60,-1.11,4.80,1274,1.0266,44.18,0.0786
30/07/2026,14:46,139.64,28.48,24.11,10.18,48.73,20.60,-1.07,4.81,1275,1.0264,44.17,0.0777
30/07/2026,14:47,139.65,28.54,24.08,10.19,48.68,20.59,-1.07,4.81,1279,1.0262,44.39,0.0784
30/07/2026,14:48,139.68,28.57,24.11,10.15,48.65,20.58,-1.05,4.82,1275,1.0262,44.39,0.0789
30/07/2026,14:49,139.67,28.54,24.12,10.17,48.58,20.55,-0.99,4.79,1278,1.0264,44.35,0.0789
30/07/2026,14:50,139.68,28.50,24.14,10.21,48.57,20.55,-1.01,4.80,1276,1.0265,44.35,0.0788
30/07/2026,14:51,139.66,28.49,24.17,10.26,48.58,20.51,-1.01,4.79,1279,1.0265,44.38,0.0784
30/07/2026,14:52,139.67,28.47,24.12,10.26,48.53,20.55,-1.03,4.78,1275,1.0265,44.24,0.0781
30/07/2026,14:53,139.64,28.43,24.13,10.26,48.55,20.57,-1.03,4.79,1275,1.0262,44.21,0.0785
30/07/2026,14:54,139.67,28.52,24.10,10.24,48.47,20.55,-1.06,4.79,1279,1.0257,44.20,0.0782
30/07/2026,14:55,139.64,28.55,24.10,10.21,48.53,20.55,-1.05,4.78,1277,1.0261,44.05,0.0789
30/07/2026,14:56,139.69,28.56,24.18,10.25,48.63,20.54,-1.04,4.78,1280,1.0261,44.10,0.0789
30/07/2026,14:57,139.70,28.58,24.17,10.26,48.76,20.51,-1.06,4.79,1273,1.0260,44.09,0.0787
30/07/2026,14:58,139.66,28.58,24.15,10.19,48.81,20.51,-1.05,4.77,1277,1.0262,44.08,0.0787
30/07/2026,14:59,139.62,28.54,24.11,10.18,48.80,20.53,-1.03,4.77,1278,1.0261,44.16,0.0786
30/07/2026,15:00,139.66,28.53,24.09,10.14,48.79,20.52,-1.04,4.76,1275,1.0261,44.14,0.0784
30/07/2026,15:01,139.61,28.51,24.11,10.14,48.66,20.51,-1.05,4.76,1278,1.0261,44.04,0.0784
30/07/2026,15:02,139.65,28.48,24.07,10.12,48.66,20.52,-1.06,4.75,1277,1.0257,44.04,0.0783
30/07/2026,15:03,139.56,28.54,24.08,10.09,48.65,20.54,-1.04,4.75,1275,1.0258,44.07,0.0783
30/07/2026,15:04,139.57,28.53,24.05,10.12,48.67,20.54,-1.01,4.76,1276,1.0257,44.10,0.0780
30/07/2026,15:05,139.57,28.45,24.07,10.13,48.82,20.57,-0.99,4.74,1273,1.0256,43.99,0.0783
30/07/2026,15:06,139.56,28.49,24.05,10.12,48.90,20.56,-0.99,4.74,1272,1.0255,44.08,0.0786
30/07/2026,15:07,139.53,28.51,24.05,10.12,48.92,20.56,-1.00,4.76,1274,1.0257,43.97,0.0783
30/07/2026,15:08,139.57,28.53,24.14,10.16,48.80,20.58,-1.03,4.76,1275,1.0259,44.02,0.0787
30/07/2026,15:09,139.54,28.54,24.19,10.20,49.03,20.56,-1.05,4.78,1275,1.0257,43.95,0.0785
30/07/2026,15:10,139.62,28.56,24.19,10.15,49.09,20.56,-1.06,4.80,1272,1.0253,43.92,0.0785
30/07/2026,15:11,139.69,28.53,24.14,10.12,48.96,20.58,-1.08,4.79,1278,1.0251,43.95,0.0777
30/07/2026,15:12,139.72,28.53,24.13,10.09,48.97,20.58,-1.08,4.80,1275,1.0252,43.85,0.0784
30/07/2026,15:13,139.78,28.52,24.11,10.09,49.03,20.57,-1.05,4.78,1269,1.0256,43.76,0.0786
30/07/2026,15:14,139.81,28.57,24.18,10.09,49.01,20.53,-1.02,4.79,1273,1.0255,43.92,0.0785
30/07/2026,15:15,139.84,28.63,24.11,10.11,49.03,20.57,-1.03,4.79,1271,1.0255,43.91,0.0788
30/07/2026,15:16,139.79,28.66,24.13,10.09,49.02,20.51,-1.01,4.80,1273,1.0256,43.93,0.0783
30/07/2026,15:17,139.80,28.60,24.09,10.08,48.88,20.55,-1.00,4.83,1273,1.0260,43.97,0.0782
30/07/2026,15:18,139.81,28.63,24.15,10.11,48.83,20.55,-1.03,4.83,1275,1.0267,44.05,0.0774
30/07/2026,15:19,139.82,28.63,24.04,10.10,48.85,20.54,-1.03,4.83,1276,1.0263,44.15,0.0771
30/07/2026,15:20,139.73,28.68,24.10,10.09,48.63,20.59,-1.04,4.84,1277,1.0265,44.23,0.0775
30/07/2026,15:21,139.64,28.64,24.09,10.10,48.63,20.59,-1.06,4.83,1276,1.0263,44.30,0.0769
30/07/2026,15:22,139.63,28.68,24.09,10.13,48.65,20.55,-1.05,4.82,1274,1.0263,44.27,0.0766
30/07/2026,15:23,139.54,28.69,24.08,10.16,48.63,20.57,-1.02,4.81,1274,1.0265,44.36,0.0764
30/07/2026,15:24,139.51,28.72,24.06,10.13,48.54,20.58,-1.02,4.81,1274,1.0266,44.44,0.0762
30/07/2026,15:25,139.53,28.76,24.05,10.09,48.64,20.55,-1.02,4.80,1274,1.0264,44.38,0.0763
30/07/2026,15:26,139.47,28.79,24.03,10.06,48.63,20.55,-1.01,4.79,1276,1.0261,44.28,0.0759
30/07/2026,15:27,139.43,28.78,24.00,10.08,48.63,20.54,-1.00,4.79,1275,1.0264,44.24,0.0759
30/07/2026,15:28,139.49,28.76,24.01,10.10,48.56,20.51,-1.03,4.77,1280,1.0266,44.30,0.0762
30/07/2026,15:29,139.40,28.81,24.06,10.13,48.62,20.46,-1.05,4.78,1286,1.0265,44.29,0.0760
30/07/2026,15:30,139.45,28.81,24.05,10.12,48.61,20.45,-1.03,4.79,1285,1.0267,44.23,0.0762
30/07/2026,15:31,139.44,28.80,24.10,10.12,48.56,20.46,-1.06,4.78,1290,1.0271,44.40,0.0767
30/07/2026,15:32,139.43,28.85,24.10,10.15,48.66,20.49,-1.11,4.79,1289,1.0274,44.31,0.0763
30/07/2026,15:33,139.50,28.80,24.02,10.15,48.80,20.46,-1.10,4.78,1285,1.0275,44.15,0.0754
30/07/2026,15:34,139.49,28.74,24.08,10.15,48.70,20.47,-1.10,4.80,1286,1.0278,43.93,0.0754
30/07/2026,15:35,139.51,28.77,24.12,10.11,48.62,20.49,-1.10,4.80,1284,1.0278,43.96,0.0758
30/07/2026,15:36,139.53,28.78,24.16,10.11,48.73,20.51,-1.11,4.79,1285,1.0277,44.04,0.0755
30/07/2026,15:37,139.52,28.84,24.15,10.14,48.73,20.50,-1.11,4.79,1286,1.0276,44.10,0.0761
30/07/2026,15:38,139.48,28.82,24.12,10.14,48.76,20.53,-1.13,4.80,1282,1.0277,44.20,0.0760
30/07/2026,15:39,139.51,28.81,24.12,10.10,48.85,20.54,-1.11,4.79,1278,1.0278,44.16,0.0758
30/07/2026,15:40,139.47,28.79,24.15,10.06,48.83,20.50,-1.13,4.80,1277,1.0279,44.21,0.0759
30/07/2026,15:41,139.47,28.77,24.15,10.05,48.91,20.52,-1.14,4.80,1282,1.0281,44.24,0.0758
30/07/2026,15:42,139.49,28.75,24.15,10.06,48.99,20.55,-1.15,4.80,1283,1.0279,44.25,0.0757
30/07/2026,15:43,139.57,28.76,24.16,10.07,49.02,20.56,-1.14,4.81,1287,1.0277,44.19,0.0759
30/07/2026,15:44,139.64,28.74,24.22,10.06,49.05,20.60,-1.16,4.80,1284,1.0272,44.36,0.0764
30/07/2026,15:45,139.63,28.68,24.23,10.05,48.82,20.62,-1.15,4.77,1280,1.0269,44.33,0.0763
30/07/2026,15:46,139.57,28.70,24.25,10.08,48.70,20.64,-1.12,4.78,1280,1.0269,44.38,0.0760
30/07/2026,15:47,139.55,28.71,24.28,10.08,48.75,20.64,-1.13,4.78,1279,1.0268,44.26,0.0760
30/07/2026,15:48,139.61,28.74,24.22,10.06,48.67,20.64,-1.13,4.79,1280,1.0267,44.23,0.0767
30/07/2026,15:49,139.62,28.77,24.23,10.07,48.65,20.65,-1.14,4.80,1282,1.0270,44.22,0.0761
30/07/2026,15:50,139.68,28.80,24.20,10.08,48.65,20.67,-1.10,4.80,1282,1.0270,44.19,0.0761
30/07/2026,15:51,139.74,28.88,24.22,10.11,48.69,20.68,-1.08,4.81,1282,1.0271,44.23,0.0763
30/07/2026,15:52,139.75,28.83,24.22,10.16,48.52,20.68,-1.07,4.81,1286,1.0269,44.26,0.0768
30/07/2026,15:53,139.79,28.87,24.24,10.20,48.49,20.72,-1.06,4.82,1286,1.0270,44.28,0.0769
30/07/2026,15:54,139.75,28.90,24.22,10.19,48.56,20.72,-1.03,4.83,1285,1.0272,44.29,0.0769
30/07/2026,15:55,139.72,28.88,24.19,10.17,48.64,20.66,-1.05,4.81,1286,1.0269,44.19,0.0772
30/07/2026,15:56,139.67,28.87,24.20,10.10,48.72,20.67,-1.08,4.81,1287,1.0267,44.07,0.0773
30/07/2026,15:57,139.68,28.85,24.20,10.07,48.76,20.66,-1.06,4.80,1285,1.0266,44.02,0.0774
30/07/2026,15:58,139.73,28.83,24.23,10.08,48.61,20.65,-1.05,4.79,1286,1.0268,44.02,0.0776
30/07/2026,15:59,139.70,28.80,24.23,10.05,48.63,20.65,-1.05,4.79,1285,1.0268,44.14,0.0775
30/07/2026,16:00,139.64,28.81,24.23,10.03,48.62,20.63,-1.06,4.79,1283,1.0265,44.15,0.0775
30/07/2026,16:01,139.66,28.83,24.17,10.00,48.74,20.68,-1.05,4.78,1278,1.0266,44.17,0.0782
30/07/2026,16:02,139.70,28.81,24.17,10.03,48.74,20.71,-1.06,4.80,1278,1.0270,44.26,0.0784
30/07/2026,16:03,139.77,28.80,24.20,10.02,48.72,20.75,-1.07,4.78,1276,1.0267,44.38,0.0785
30/07/2026,16:04,139.68,28.81,24.20,9.99,48.69,20.76,-1.03,4.78,1272,1.0266,44.23,0.0789
30/07/2026,16:05,139.60,28.79,24.17,9.98,48.68,20.77,-1.01,4.79,1269,1.0265,44.12,0.0797
30/07/2026,16:06,139.59,28.79,24.19,10.01,48.60,20.79,-1.04,4.82,1272,1.0265,44.14,0.0799
30/07/2026,16:07,139.54,28.85,24.17,10.02,48.57,20.76,-1.06,4.81,1269,1.0263,44.09,0.0798
30/07/2026,16:08,139.58,28.89,24.13,10.03,48.49,20.76,-1.03,4.84,1269,1.0264,44.12,0.0797
30/07/2026,16:09,139.57,28.91,24.09,10.02,48.50,20.80,-1.03,4.83,1272,1.0260,44.25,0.0792
30/07/2026,16:10,139.64,28.95,24.09,10.03,48.42,20.76,-1.03,4.83,1270,1.0260,44.24,0.0790
30/07/2026,16:11,139.57,28.96,24.15,10.05,48.46,20.77,-1.03,4.80,1271,1.0262,44.32,0.0791
30/07/2026,16:12,139.54,28.92,24.10,10.07,48.65,20.73,-1.02,4.80,1266,1.0264,44.20,0.0794
30/07/2026,16:13,139.57,28.91,24.14,10.08,48.67,20.74,-1.00,4.80,1270,1.0264,44.14,0.0791
30/07/2026,16:14,139.54,28.81,24.14,10.13,48.71,20.73,-1.02,4.80,1271,1.0262,44.17,0.0790
30/07/2026,16:15,139.52,28.82,24.11,10.15,48.82,20.69,-1.01,4.80,1277,1.0263,44.18,0.0781
30/07/2026,16:16,139.56,28.85,24.13,10.16,48.80,20.69,-1.00,4.80,1281,1.0264,43.99,0.0781
30/07/2026,16:17,139.62,28.82,24.15,10.16,48.86,20.71,-1.00,4.79,1280,1.0263,43.94,0.0775
30/07/2026,16:18,139.63,28.80,24.08,10.11,48.77,20.71,-0.98,4.79,1274,1.0261,43.99,0.0777
30/07/2026,16:19,139.57,28.80,24.09,10.11,48.84,20.69,-0.97,4.79,1280,1.0259,44.00,0.0779
30/07/2026,16:20,139.61,28.82,24.07,10.15,48.96,20.72,-0.98,4.79,1274,1.0256,44.00,0.0781
30/07/2026,16:21,139.60,28.82,24.12,10.13,48.81,20.70,-0.95,4.79,1279,1.0260,43.96,0.0788
30/07/2026,16:22,139.66,28.82,24.16,10.13,48.76,20.70,-0.94,4.79,1285,1.0257,43.93,0.0788
30/07/2026,16:23,139.66,28.81,24.23,10.13,48.57,20.70,-0.97,4.78,1282,1.0258,43.79,0.0789
30/07/2026,16:24,139.63,28.77,24.19,10.10,48.55,20.68,-1.00,4.79,1279,1.0259,44.06,0.0788
30/07/2026,16:25,139.62,28.72,24.21,10.09,48.59,20.71,-0.99,4.78,1276,1.0260,44.05,0.0793
30/07/2026,16:26,139.70,28.73,24.17,10.11,48.58,20.76,-0.99,4.79,1272,1.0261,44.20,0.0791
30/07/2026,16:27,139.69,28.76,24.20,10.07,48.57,20.76,-0.98,4.79,1279,1.0260,44.15,0.0792
30/07/2026,16:28,139.74,28.75,24.25,10.10,48.56,20.76,-0.99,4.80,1281,1.0263,43.89,0.0795
30/07/2026,16:29,139.74,28.79,24.26,10.11,48.61,20.75,-0.99,4.78,1280,1.0261,44.01,0.0793
30/07/2026,16:30,139.67,28.80,24.21,10.09,48.54,20.73,-1.00,4.77,1281,1.0262,43.91,0.0788
30/07/2026,16:31,139.59,28.79,24.19,10.09,48.60,20.73,-1.04,4.78,1281,1.0261,43.91,0.0788
30/07/2026,16:32,139.56,28.76,24.18,10.11,48.58,20.73,-1.05,4.77,1279,1.0262,43.80,0.0789
30/07/2026,16:33,139.55,28.77,24.19,10.11,48.59,20.71,-1.07,4.77,1279,1.0263,43.88,0.0786
30/07/2026,16:34,139.59,28.76,24.21,10.08,48.56,20.71,-1.08,4.77,1285,1.0265,43.99,0.0790
30/07/2026,16:35,139.61,28.80,24.26,10.08,48.52,20.69,-1.07,4.78,1282,1.0264,44.08,0.0787
30/07/2026,16:36,139.57,28.75,24.27,10.05,48.55,20.71,-1.05,4.77,1278,1.0265,44.14,0.0789
30/07/2026,16:37,139.65,28.75,24.24,10.01,48.55,20.71,-1.08,4.79,1279,1.0263,44.28,0.0785
30/07/2026,16:38,139.72,28.74,24.20,10.00,48.52,20.71,-1.10,4.79,1278,1.0265,44.20,0.0790
30/07/2026,16:39,139.79,28.72,24.20,10.01,48.71,20.72,-1.08,4.80,1277,1.0263,44.24,0.0791
30/07/2026,16:40,139.69,28.76,24.25,10.02,48.71,20.74,-1.11,4.78,1283,1.0262,44.09,0.0795
30/07/2026,16:41,139.72,28.80,24.28,10.04,48.77,20.75,-1.13,4.78,1283,1.0264,44.09,0.0797
30/07/2026,16:42,139.72,28.82,24.33,10.03,48.75,20.76,-1.14,4.77,1283,1.0262,44.14,0.0794
30/07/2026,16:43,139.75,28.81,24.29,10.08,48.78,20.78,-1.15,4.76,1280,1.0262,44.02,0.0795
30/07/2026,16:44,139.74,28.82,24.26,10.07,48.98,20.76,-1.14,4.76,1284,1.0264,43.93,0.0797
30/07/2026,16:45,139.76,28.86,24.25,10.09,49.10,20.77,-1.13,4.76,1286,1.0261,43.95,0.0797
30/07/2026,16:46,139.76,28.95,24.31,10.09,49.06,20.78,-1.13,4.75,1286,1.0262,43.91,0.0790
30/07/2026,16:47,139.71,28.93,24.22,10.11,49.08,20.79,-1.12,4.75,1287,1.0257,43.93,0.0785
30/07/2026,16:48,139.72,28.91,24.32,10.11,49.06,20.81,-1.14,4.77,1289,1.0254,43.90,0.0791
30/07/2026,16:49,139.80,28.92,24.34,10.06,48.96,20.82,-1.13,4.78,1289,1.0256,43.87,0.0789
30/07/2026,16:50,139.77,28.94,24.32,10.08,48.99,20.82,-1.14,4.81,1289,1.0256,43.91,0.0784
30/07/2026,16:51,139.79,28.97,24.34,10.05,48.95,20.82,-1.14,4.81,1289,1.0255,43.94,0.0780
30/07/2026,16:52,139.80,29.00,24.33,10.09,49.03,20.84,-1.12,4.83,1284,1.0257,43.94,0.0778
30/07/2026,16:53,139.80,28.93,24.35,10.08,49.00,20.81,-1.13,4.84,1281,1.0255,43.97,0.0779
30/07/2026,16:54,139.72,28.91,24.34,10.09,48.99,20.80,-1.16,4.85,1274,1.0256,43.98,0.0782
30/07/2026,16:55,139.71,28.86,24.26,10.12,48.97,20.78,-1.17,4.86,1276,1.0253,44.12,0.0777
30/07/2026,16:56,139.72,28.86,24.19,10.11,48.98,20.76,-1.20,4.84,1275,1.0253,44.11,0.0771
30/07/2026,16:57,139.65,28.79,24.26,10.14,49.00,20.75,-1.17,4.83,1278,1.0259,44.14,0.0766
30/07/2026,16:58,139.63,28.78,24.25,10.11,48.89,20.76,-1.17,4.84,1280,1.0257,44.29,0.0764
30/07/2026,16:59,139.72,28.77,24.29,10.09,48.96,20.76,-1.16,4.85,1278,1.0254,44.23,0.0760
30/07/2026,17:00,139.79,28.76,24.30,10.08,49.07,20.78,-1.15,4.85,1276,1.0255,44.28,0.0758
30/07/2026,17:01,139.90,28.74,24.25,10.10,49.04,20.74,-1.15,4.84,1278,1.0255,44.31,0.0765
30/07/2026,17:02,139.90,28.77,24.26,10.10,48.99,20.72,-1.13,4.84,1282,1.0250,44.34,0.0758
30/07/2026,17:03,139.84,28.74,24.17,10.11,48.94,20.66,-1.09,4.84,1280,1.0251,44.21,0.0763
30/07/2026,17:04,139.86,28.71,24.20,10.11,48.90,20.67,-1.09,4.83,1286,1.0251,44.26,0.0760
30/07/2026,17:05,139.90,28.69,24.22,10.16,48.99,20.67,-1.10,4.82,1287,1.0249,44.25,0.0752
30/07/2026,17:06,140.00,28.73,24.27,10.19,49.07,20.62,-1.12,4.84,1283,1.0249,44.24,0.0752
30/07/2026,17:07,139.99,28.72,24.29,10.16,48.98,20.58,-1.12,4.84,1280,1.0251,44.33,0.0751
30/07/2026,17:08,139.94,28.72,24.24,10.13,48.89,20.57,-1.10,4.83,1281,1.0255,44.24,0.0744
30/07/2026,17:09,139.94,28.71,24.13,10.15,48.89,20.55,-1.12,4.81,1276,1.0257,44.08,0.0748
30/07/2026,17:10,139.90,28.75,24.04,10.17,48.79,20.54,-1.15,4.81,1277,1.0257,43.99,0.0747
30/07/2026,17:11,139.94,28.72,24.03,10.16,48.89,20.52,-1.12,4.81,1272,1.0260,44.11,0.0745
30/07/2026,17:12,139.96,28.81,24.03,10.14,48.98,20.54,-1.11,4.81,1271,1.0262,44.27,0.0742
30/07/2026,17:13,139.94,28.83,24.06,10.17,49.04,20.52,-1.10,4.80,1272,1.0260,44.29,0.0746
30/07/2026,17:14,139.97,28.87,24.10,10.15,49.01,20.50,-1.08,4.80,1272,1.0267,44.29,0.0751
30/07/2026,17:15,139.96,28.88,24.02,10.15,48.86,20.50,-1.06,4.80,1272,1.0267,44.46,0.0749
30/07/2026,17:16,139.97,28.89,24.02,10.14,48.70,20.48,-1.04,4.81,1274,1.0267,44.59,0.0749
30/07/2026,17:17,139.99,28.83,23.99,10.12,48.73,20.47,-1.06,4.81,1275,1.0269,44.49,0.0745
30/07/2026,17:18,139.94,28.83,23.97,10.11,48.68,20.44,-1.03,4.80,1270,1.0268,44.52,0.0749
30/07/2026,17:19,139.84,28.80,24.00,10.11,48.84,20.46,-1.05,4.80,1269,1.0266,44.57,0.0753
30/07/2026,17:20,139.83,28.82,23.94,10.10,48.72,20.45,-1.03,4.79,1269,1.0265,44.46,0.0753
30/07/2026,17:21,139.88,28.77,23.87,10.07,48.66,20.47,-1.05,4.79,1265,1.0263,44.54,0.0753
30/07/2026,17:22,139.87,28.70,23.84,10.06,48.77,20.48,-1.06,4.78,1267,1.0267,44.56,0.0753
30/07/2026,17:23,139.91,28.67,23.89,10.10,48.77,20.46,-1.03,4.78,1270,1.0269,44.53,0.0759
30/07/2026,17:24,140.00,28.68,23.89,10.09,48.64,20.45,-1.03,4.79,1272,1.0269,44.45,0.0764
30/07/2026,17:25,139.94,28.68,23.92,10.10,48.68,20.50,-1.03,4.77,1277,1.0268,44.28,0.0770
30/07/2026,17:26,139.96,28.63,23.91,10.08,48.71,20.54,-0.99,4.78,1271,1.0265,44.30,0.0772
30/07/2026,17:27,139.98,28.60,23.91,10.08,48.65,20.52,-0.99,4.77,1270,1.0265,44.31,0.0767
30/07/2026,17:28,139.97,28.57,23.94,10.06,48.67,20.52,-1.00,4.78,1271,1.0267,44.31,0.0767
30/07/2026,17:29,139.92,28.53,23.92,10.05,48.85,20.52,-1.00,4.79,1274,1.0269,44.36,0.0771
30/07/2026,17:30,139.92,28.49,23.96,10.08,48.75,20.57,-1.01,4.81,1277,1.0266,44.39,0.0772
30/07/2026,17:31,139.90,28.50,23.99,10.07,48.64,20.59,-1.01,4.82,1273,1.0264,44.54,0.0776
30/07/2026,17:32,139.93,28.48,23.97,10.06,48.60,20.60,-1.02,4.80,1271,1.0263,44.41,0.0780
30/07/2026,17:33,139.90,28.44,23.94,10.11,48.55,20.63,-1.04,4.81,1275,1.0260,44.41,0.0782
30/07/2026,17:34,139.85,28.40,24.04,10.06,48.61,20.62,-1.05,4.81,1280,1.0257,44.46,0.0781
30/07/2026,17:35,139.81,28.40,24.04,10.11,48.67,20.61,-1.07,4.82,1281,1.0259,44.41,0.0779
30/07/2026,17:36,139.88,28.42,24.10,10.10,48.62,20.65,-1.07,4.81,1283,1.0260,44.45,0.0779
30/07/2026,17:37,139.81,28.43,24.11,10.15,48.50,20.67,-1.08,4.81,1284,1.0257,44.44,0.0774
30/07/2026,17:38,139.84,28.39,24.16,10.14,48.60,20.67,-1.05,4.81,1281,1.0257,44.25,0.0773
30/07/2026,17:39,139.86,28.34,24.19,10.13,48.53,20.68,-1.05,4.79,1283,1.0255,44.23,0.0775
30/07/2026,17:40,139.84,28.33,24.20,10.12,48.39,20.68,-1.05,4.79,1279,1.0256,44.16,0.0768
30/07/2026,17:41,139.83,28.36,24.20,10.12,48.40,20.62,-1.08,4.78,1282,1.0260,44.22,0.0773
30/07/2026,17:42,139.81,28.31,24.21,10.11,48.31,20.63,-1.10,4.79,1285,1.0259,44.15,0.0769
30/07/2026,17:43,139.83,28.30,24.19,10.11,48.34,20.68,-1.12,4.80,1284,1.0258,44.29,0.0764
30/07/2026,17:44,139.87,28.33,24.18,10.07,48.45,20.67,-1.13,4.81,1283,1.0257,44.33,0.0761
30/07/2026,17:45,139.89,28.29,24.14,10.02,48.46,20.71,-1.13,4.81,1279,1.0257,44.21,0.0751
30/07/2026,17:46,139.86,28.24,24.14,10.00,48.49,20.72,-1.14,4.82,1282,1.0256,44.20,0.0749
30/07/2026,17:47,139.90,28.21,24.21,9.97,48.44,20.71,-1.13,4.81,1281,1.0253,44.15,0.0741
30/07/2026,17:48,139.89,28.22,24.18,9.98,48.42,20.67,-1.14,4.80,1274,1.0253,44.17,0.0742
30/07/2026,17:49,139.88,28.23,24.19,10.01,48.39,20.67,-1.13,4.79,1272,1.0254,44.17,0.0748
30/07/2026,17:50,139.86,28.21,24.24,10.00,48.44,20.66,-1.10,4.79,1271,1.0254,44.28,0.0753
30/07/2026,17:51,139.84,28.18,24.19,10.00,48.44,20.65,-1.07,4.77,1276,1.0255,44.35,0.0760
30/07/2026,17:52,139.82,28.22,24.15,9.95,48.57,20.65,-1.09,4.76,1271,1.0258,44.33,0.0762
30/07/2026,17:53,139.86,28.22,24.19,9.97,48.57,20.68,-1.07,4.76,1273,1.0259,44.32,0.0762
30/07/2026,17:54,139.86,28.19,24.16,9.96,48.61,20.69,-1.07,4.76,1271,1.0261,44.43,0.0762
30/07/2026,17:55,139.76,28.20,24.17,10.02,48.56,20.69,-1.05,4.77,1274,1.0261,44.29,0.0760
30/07/2026,17:56,139.75,28.15,24.18,10.02,48.58,20.71,-1.06,4.78,1273,1.0259,44.34,0.0757
30/07/2026,17:57,139.68,28.14,24.16,10.01,48.60,20.70,-1.05,4.78,1268,1.0260,44.39,0.0753
30/07/2026,17:58,139.70,28.19,24.15,10.02,48.58,20.66,-1.03,4.77,1270,1.0263,44.46,0.0750
30/07/2026,17:59,139.71,28.19,24.06,10.01,48.69,20.70,-1.03,4.78,1268,1.0263,44.32,0.0753
30/07/2026,18:00,139.72,28.22,24.10,9.99,48.62,20.76,-1.02,4.76,1277,1.0263,44.37,0.0754
30/07/2026,18:01,139.81,28.24,24.10,9.99,48.60,20.73,-1.01,4.76,1279,1.0262,44.33,0.0753
30/07/2026,18:02,139.73,28.24,24.14,10.02,48.58,20.75,-0.99,4.76,1274,1.0263,44.27,0.0757
30/07/2026,18:03,139.65,28.21,24.12,10.08,48.54,20.74,-0.98,4.77,1271,1.0261,44.16,0.0757
30/07/2026,18:04,139.66,28.21,24.11,10.06,48.41,20.71,-0.96,4.76,1272,1.0261,44.13,0.0762
30/07/2026,18:05,139.67,28.18,24.06,10.13,48.37,20.69,-0.97,4.75,1273,1.0261,44.07,0.0757
30/07/2026,18:06,139.67,28.14,24.11,10.09,48.48,20.70,-0.97,4.76,1277,1.0266,44.26,0.0752
30/07/2026,18:07,139.65,28.11,24.11,10.10,48.59,20.71,-0.97,4.77,1277,1.0266,44.24,0.0755
30/07/2026,18:08,139.65,28.13,24.11,10.12,48.68,20.74,-0.99,4.77,1281,1.0268,44.38,0.0757
30/07/2026,18:09,139.69,28.17,24.10,10.11,48.62,20.75,-1.03,4.78,1281,1.0265,44.33,0.0751
30/07/2026,18:10,139.69,28.15,24.10,10.10,48.73,20.77,-1.05,4.77,1281,1.0264,44.24,0.0749
30/07/2026,18:11,139.71,28.21,24.13,10.15,48.62,20.80,-1.07,4.76,1278,1.0267,44.27,0.0753
30/07/2026,18:12,139.70,28.21,24.17,10.12,48.66,20.78,-1.06,4.77,1275,1.0266,44.24,0.0755
30/07/2026,18:13,139.70,28.17,24.14,10.13,48.73,20.76,-1.05,4.76,1271,1.0267,44.18,0.0754
30/07/2026,18:14,139.61,28.16,24.12,10.13,48.74,20.76,-1.04,4.76,1268,1.0266,44.11,0.0758
30/07/2026,18:15,139.61,28.15,24.12,10.17,48.74,20.73,-1.03,4.78,1268,1.0264,44.24,0.0755
30/07/2026,18:16,139.69,28.14,24.13,10.17,48.67,20.65,-1.01,4.78,1273,1.0261,44.27,0.0751
30/07/2026,18:17,139.62,28.15,24.07,10.11,48.76,20.67,-1.00,4.78,1270,1.0260,44.26,0.0748
30/07/2026,18:18,139.62,28.13,24.04,10.15,48.71,20.68,-1.01,4.77,1269,1.0257,44.23,0.0747
30/07/2026,18:19,139.65,28.11,24.06,10.13,48.64,20.70,-1.01,4.78,1269,1.0257,44.18,0.0748
30/07/2026,18:20,139.66,28.05,24.03,10.14,48.54,20.73,-1.00,4.79,1267,1.0256,44.14,0.0752
30/07/2026,18:21,139.60,28.07,23.98,10.13,48.45,20.73,-0.99,4.78,1269,1.0254,44.16,0.0751
30/07/2026,18:22,139.63,28.05,23.96,10.11,48.35,20.72,-1.00,4.78,1267,1.0253,44.20,0.0759
30/07/2026,18:23,139.63,27.97,23.97,10.15,48.47,20.71,-0.99,4.79,1269,1.0249,44.20,0.0760
30/07/2026,18:24,139.62,27.96,23.96,10.18,48.55,20.72,-0.99,4.80,1269,1.0249,44.17,0.0757
30/07/2026,18:25,139.71,27.96,23.96,10.19,48.55,20.71,-1.00,4.80,1268,1.0253,44.19,0.0764
30/07/2026,18:26,139.69,27.85,23.94,10.21,48.51,20.71,-1.01,4.81,1268,1.0253,44.24,0.0768
30/07/2026,18:27,139.65,27.80,23.97,10.18,48.48,20.66,-1.01,4.81,1263,1.0252,44.30,0.0772
30/07/2026,18:28,139.65,27.83,23.97,10.13,48.39,20.67,-1.02,4.80,1265,1.0250,44.23,0.0771
30/07/2026,18:29,139.63,27.81,23.95,10.15,48.34,20.66,-0.98,4.80,1261,1.0251,44.15,0.0773
30/07/2026,18:30,139.64,27.76,23.90,10.17,48.26,20.68,-0.99,4.81,1266,1.0249,44.21,0.0771
30/07/2026,18:31,139.67,27.76,23.93,10.19,48.26,20.71,-0.98,4.81,1273,1.0250,44.36,0.0773
30/07/2026,18:32,139.74,27.72,23.97,10.24,48.24,20.70,-1.01,4.83,1269,1.0254,44.28,0.0773
30/07/2026,18:33,139.75,27.74,23.98,10.19,48.23,20.70,-1.04,4.84,1271,1.0251,44.19,0.0777
30/07/2026,18:34,139.78,27.67,23.97,10.20,48.14,20.73,-1.05,4.84,1266,1.0253,44.19,0.0783
30/07/2026,18:35,139.77,27.65,23.95,10.21,48.11,20.70,-1.07,4.83,1265,1.0255,44.19,0.0786
30/07/2026,18:36,139.78,27.65,23.87,10.23,48.14,20.73,-1.01,4.83,1267,1.0255,44.08,0.0789
30/07/2026,18:37,139.68,27.61,23.85,10.22,48.13,20.68,-1.02,4.82,1266,1.0258,44.17,0.0787
30/07/2026,18:38,139.64,27.66,23.90,10.20,48.17,20.64,-1.02,4.81,1270,1.0255,44.10,0.0784
30/07/2026,18:39,139.67,27.63,23.96,10.17,48.16,20.65,-1.02,4.80,1270,1.0256,44.18,0.0787
30/07/2026,18:40,139.71,27.63,23.90,10.15,48.13,20.62,-1.00,4.78,1269,1.0256,44.16,0.0781
30/07/2026,18:41,139.61,27.60,23.94,10.14,48.15,20.57,-1.00,4.78,1269,1.0257,44.13,0.0779
30/07/2026,18:42,139.64,27.63,24.03,10.13,48.20,20.58,-1.00,4.76,1267,1.0256,44.19,0.0783
30/07/2026,18:43,139.64,27.57,24.04,10.12,48.15,20.59,-1.00,4.76,1265,1.0257,44.07,0.0783
30/07/2026,18:44,139.65,27.57,23.98,10.11,48.09,20.56,-1.01,4.76,1269,1.0251,44.05,0.0783
30/07/2026,18:45,139.60,27.55,24.04,10.13,48.06,20.55,-0.99,4.76,1271,1.0254,44.08,0.0790
30/07/2026,18:46,139.57,27.47,23.96,10.10,48.09,20.57,-0.99,4.77,1270,1.0256,44.04,0.0787
30/07/2026,18:47,139.57,27.48,24.02,10.10,48.11,20.64,-1.00,4.78,1273,1.0256,44.07,0.0791
30/07/2026,18:48,139.51,27.47,24.01,10.10,48.13,20.68,-1.01,4.78,1273,1.0256,44.03,0.0797
30/07/2026,18:49,139.49,27.48,24.06,10.09,48.21,20.68,-1.02,4.78,1272,1.0257,43.99,0.0801
30/07/2026,18:50,139.50,27.55,24.04,10.10,48.20,20.66,-1.01,4.77,1272,1.0262,44.10,0.0806
30/07/2026,18:51,139.41,27.55,24.03,10.15,48.24,20.65,-1.03,4.77,1274,1.0261,44.24,0.0812
30/07/2026,18:52,139.39,27.48,24.02,10.15,48.22,20.62,-0.99,4.78,1277,1.0264,44.26,0.0812
30/07/2026,18:53,139.34,27.48,24.04,10.14,48.19,20.61,-1.00,4.77,1272,1.0267,44.18,0.0810
30/07/2026,18:54,139.27,27.44,24.00,10.13,48.13,20.61,-0.99,4.79,1267,1.0270,44.07,0.0811
30/07/2026,18:55,139.26,27.44,23.97,10.19,48.29,20.64,-0.99,4.79,1268,1.0271,43.89,0.0810
30/07/2026,18:56,139.27,27.40,23.91,10.22,48.24,20.61,-1.01,4.79,1269,1.0267,43.81,0.0810
30/07/2026,18:57,139.32,27.42,23.87,10.22,48.20,20.57,-1.02,4.79,1266,1.0264,43.81,0.0813
30/07/2026,18:58,139.37,27.37,23.88,10.23,48.18,20.60,-1.05,4.79,1265,1.0264,43.90,0.0816
30/07/2026,18:59,139.41,27.42,23.85,10.23,48.24,20.63,-1.07,4.78,1267,1.0263,43.92,0.0814
30/07/2026,19:00,139.42,27.38,23.84,10.23,48.35,20.64,-1.06,4.79,1262,1.0264,43.97,0.0814
30/07/2026,19:01,139.37,27.41,23.89,10.20,48.36,20.63,-1.03,4.78,1256,1.0263,43.96,0.0811
30/07/2026,19:02,139.42,27.37,23.90,10.18,48.35,20.63,-1.03,4.79,1259,1.0261,44.09,0.0809
30/07/2026,19:03,139.42,27.34,23.95,10.19,48.39,20.60,-1.03,4.79,1260,1.0260,44.02,0.0813
30/07/2026,19:04,139.52,27.31,23.98,10.17,48.26,20.59,-1.07,4.81,1261,1.0260,44.10,0.0815
30/07/2026,19:05,139.53,27.34,23.94,10.19,48.20,20.61,-1.07,4.79,1257,1.0264,44.06,0.0813
30/07/2026,19:06,139.47,27.34,23.94,10.15,48.18,20.61,-1.06,4.80,1261,1.0264,44.14,0.0815
30/07/2026,19:07,139.46,27.36,23.95,10.16,48.10,20.61,-1.06,4.79,1262,1.0266,44.03,0.0814
30/07/2026,19:08,139.52,27.31,23.99,10.13,48.12,20.62,-1.06,4.79,1265,1.0268,43.98,0.0814
30/07/2026,19:09,139.43,27.32,23.94,10.16,48.23,20.59,-1.08,4.80,1267,1.0272,43.95,0.0817
30/07/2026,19:10,139.48,27.26,23.96,10.14,48.17,20.61,-1.06,4.81,1270,1.0274,43.80,0.0822
30/07/2026,19:11,139.49,27.24,23.97,10.14,48.13,20.61,-1.05,4.82,1270,1.0272,43.73,0.0827
30/07/2026,19:12,139.54,27.17,23.94,10.12,48.11,20.59,-1.07,4.82,1272,1.0274,43.58,0.0818
30/07/2026,19:13,139.61,27.11,23.95,10.16,48.15,20.61,-1.04,4.83,1271,1.0274,43.55,0.0812
30/07/2026,19:14,139.60,27.18,23.97,10.13,48.16,20.60,-1.05,4.84,1271,1.0271,43.39,0.0806
30/07/2026,19:15,139.54,27.17,23.96,10.19,48.17,20.61,-1.05,4.83,1272,1.0271,43.43,0.0808
30/07/2026,19:16,139.51,27.13,23.88,10.21,48.26,20.64,-1.03,4.82,1267,1.0274,43.42,0.0807
30/07/2026,19:17,139.53,27.11,23.89,10.22,48.26,20.63,-1.03,4.82,1272,1.0276,43.39,0.0809
30/07/2026,19:18,139.54,27.00,23.89,10.21,48.09,20.61,-1.03,4.81,1273,1.0275,43.34,0.0810
30/07/2026,19:19,139.49,27.04,23.93,10.21,48.12,20.64,-1.01,4.82,1272,1.0272,43.25,0.0809
30/07/2026,19:20,139.40,26.95,23.94,10.24,48.26,20.59,-1.03,4.82,1273,1.0268,43.18,0.0804
30/07/2026,19:21,139.37,26.91,23.93,10.27,48.19,20.58,-1.07,4.82,1273,1.0268,43.11,0.0811
30/07/2026,19:22,139.31,26.85,23.93,10.27,48.20,20.60,-1.11,4.81,1274,1.0270,43.01,0.0808
30/07/2026,19:23,139.32,26.89,23.90,10.28,48.25,20.58,-1.10,4.82,1271,1.0270,43.04,0.0808
30/07/2026,19:24,139.35,26.92,23.88,10.24,48.29,20.62,-1.10,4.81,1269,1.0268,42.93,0.0804
30/07/2026,19:25,139.34,26.92,23.84,10.23,48.26,20.62,-1.11,4.83,1268,1.0266,43.08,0.0809
30/07/2026,19:26,139.39,26.96,23.86,10.20,48.21,20.65,-1.10,4.84,1266,1.0261,43.12,0.0806
30/07/2026,19:27,139.46,27.00,23.87,10.19,48.17,20.68,-1.06,4.85,1267,1.0265,43.27,0.0809
30/07/2026,19:28,139.52,27.02,23.85,10.17,48.13,20.63,-1.06,4.85,1266,1.0270,43.37,0.0801
30/07/2026,19:29,139.46,27.00,23.80,10.13,48.15,20.63,-1.05,4.84,1265,1.0269,43.38,0.0811
30/07/2026,19:30,139.48,26.99,23.83,10.19,48.04,20.63,-1.04,4.83,1266,1.0271,43.48,0.0811
30/07/2026,19:31,139.49,27.05,23.88,10.16,48.06,20.65,-1.04,4.84,1268,1.0269,43.45,0.0807
30/07/2026,19:32,139.46,27.07,23.93,10.13,48.08,20.69,-1.00,4.83,1268,1.0270,43.48,0.0812
30/07/2026,19:33,139.48,27.04,23.99,10.07,48.10,20.65,-1.02,4.80,1269,1.0269,43.42,0.0812
30/07/2026,19:34,139.48,27.04,24.01,10.05,48.06,20.65,-1.00,4.80,1268,1.0267,43.56,0.0812
30/07/2026,19:35,139.48,27.05,24.03,10.06,48.04,20.67,-1.00,4.81,1274,1.0267,43.60,0.0820
30/07/2026,19:36,139.47,27.05,24.02,10.09,48.09,20.66,-0.97,4.81,1273,1.0269,43.54,0.0820
30/07/2026,19:37,139.51,27.03,23.98,10.06,48.10,20.62,-1.02,4.82,1272,1.0269,43.59,0.0815
30/07/2026,19:38,139.50,26.99,23.96,10.08,48.13,20.63,-1.01,4.83,1275,1.0268,43.51,0.0814
30/07/2026,19:39,139.54,26.99,23.98,10.08,47.99,20.63,-1.02,4.83,1274,1.0265,43.51,0.0811
30/07/2026,19:40,139.56,26.97,23.97,10.08,48.09,20.68,-1.04,4.84,1280,1.0266,43.51,0.0814
30/07/2026,19:41,139.55,26.87,23.99,10.10,48.14,20.72,-1.06,4.84,1278,1.0267,43.45,0.0811
30/07/2026,19:42,139.58,26.86,24.05,10.06,48.18,20.74,-1.03,4.84,1271,1.0264,43.50,0.0812
30/07/2026,19:43,139.56,26.84,24.06,10.02,48.07,20.77,-1.03,4.82,1266,1.0263,43.54,0.0818
30/07/2026,19:44,139.52,26.83,24.10,10.07,48.13,20.79,-1.00,4.80,1268,1.0264,43.51,0.0816
30/07/2026,19:45,139.56,26.78,24.06,10.08,48.13,20.78,-1.01,4.81,1268,1.0265,43.45,0.0819
30/07/2026,19:46,139.59,26.75,24.00,10.06,48.17,20.71,-1.00,4.79,1268,1.0265,43.36,0.0820
30/07/2026,19:47,139.59,26.73,23.97,10.06,48.17,20.71,-1.01,4.80,1264,1.0266,43.12,0.0821
30/07/2026,19:48,139.56,26.68,23.92,10.08,48.20,20.73,-1.03,4.82,1264,1.0266,43.14,0.0819
30/07/2026,19:49,139.65,26.65,23.93,10.10,48.26,20.71,-1.04,4.82,1266,1.0264,43.18,0.0815
30/07/2026,19:50,139.64,26.65,23.89,10.08,48.27,20.70,-1.07,4.83,1268,1.0265,43.27,0.0821
30/07/2026,19:51,139.60,26.57,23.93,10.07,48.10,20.72,-1.07,4.83,1273,1.0268,43.30,0.0818
30/07/2026,19:52,139.61,26.50,23.93,10.06,48.19,20.70,-1.06,4.83,1276,1.0268,43.38,0.0817
30/07/2026,19:53,139.64,26.49,23.88,10.11,48.20,20.69,-1.05,4.82,1271,1.0269,43.39,0.0817
30/07/2026,19:54,139.65,26.40,23.93,10.09,48.26,20.69,-1.03,4.82,1273,1.0270,43.38,0.0822
30/07/2026,19:55,139.69,26.40,23.95,10.08,48.19,20.70,-1.07,4.83,1274,1.0269,43.37,0.0825
30/07/2026,19:56,139.73,26.35,23.97,10.09,48.22,20.68,-1.09,4.83,1271,1.0269,43.38,0.0825
30/07/2026,19:57,139.71,26.41,24.00,10.08,48.17,20.68,-1.06,4.81,1271,1.0268,43.48,0.0818
30/07/2026,19:58,139.66,26.39,24.05,10.04,48.16,20.68,-1.05,4.81,1274,1.0265,43.46,0.0818
30/07/2026,19:59,139.57,26.34,24.04,10.02,48.08,20.65,-1.01,4.80,1273,1.0267,43.45,0.0819
30/07/2026,20:00,139.55,26.28,24.01,10.04,48.02,20.63,-1.04,4.80,1273,1.0268,43.38,0.0818
30/07/2026,20:01,139.54,26.27,24.03,10.06,48.01,20.64,-1.01,4.80,1276,1.0265,43.41,0.0814
30/07/2026,20:02,139.49,26.28,24.04,10.09,48.01,20.62,-1.00,4.80,1283,1.0263,43.39,0.0814
30/07/2026,20:03,139.55,26.30,24.10,10.15,48.12,20.61,-0.98,4.78,1282,1.0266,43.40,0.0819
30/07/2026,20:04,139.55,26.20,24.10,10.21,48.00,20.58,-0.99,4.79,1278,1.0265,43.42,0.0819
30/07/2026,20:05,139.58,26.18,24.13,10.17,48.08,20.56,-0.99,4.81,1279,1.0266,43.47,0.0820
30/07/2026,20:06,139.51,26.20,24.08,10.15,48.05,20.57,-1.01,4.81,1283,1.0270,43.44,0.0813
30/07/2026,20:07,139.48,26.19,24.09,10.15,48.12,20.58,-1.03,4.82,1283,1.0267,43.50,0.0820
30/07/2026,20:08,139.54,26.19,24.07,10.10,48.09,20.58,-1.01,4.83,1280,1.0269,43.72,0.0818
30/07/2026,20:09,139.59,26.20,24.07,10.08,48.19,20.62,-1.01,4.83,1281,1.0270,43.67,0.0824
30/07/2026,20:10,139.61,26.28,24.10,10.05,48.14,20.66,-1.00,4.83,1282,1.0271,43.75,0.0824
30/07/2026,20:11,139.69,26.28,24.13,10.07,48.18,20.67,-1.00,4.82,1282,1.0268,43.72,0.0825
30/07/2026,20:12,139.72,26.28,24.12,10.03,48.17,20.62,-1.03,4.82,1281,1.0268,43.71,0.0824
30/07/2026,20:13,139.73,26.28,24.16,10.05,48.23,20.62,-1.01,4.81,1278,1.0268,43.61,0.0825
30/07/2026,20:14,139.66,26.31,24.18,10.06,48.36,20.63,-1.03,4.81,1281,1.0272,43.44,0.0828
30/07/2026,20:15,139.76,26.29,24.20,10.08,48.39,20.66,-1.02,4.82,1283,1.0273,43.50,0.0826
30/07/2026,20:16,139.77,26.27,24.24,10.11,48.23,20.67,-1.04,4.81,1284,1.0269,43.46,0.0827
30/07/2026,20:17,139.79,26.25,24.28,10.14,48.30,20.65,-1.04,4.81,1287,1.0271,43.43,0.0831
30/07/2026,20:18,139.76,26.22,24.29,10.17,48.28,20.68,-1.04,4.81,1283,1.0271,43.37,0.0832
30/07/2026,20:19,139.76,26.18,24.25,10.17,48.26,20.67,-1.08,4.81,1284,1.0268,43.31,0.0835
30/07/2026,20:20,139.74,26.14,24.30,10.13,48.31,20.66,-1.06,4.81,1282,1.0268,43.18,0.0832
30/07/2026,20:21,139.68,26.13,24.31,10.14,48.36,20.69,-1.06,4.80,1282,1.0265,43.22,0.0826
30/07/2026,20:22,139.69,26.07,24.27,10.13,48.37,20.68,-1.05,4.78,1281,1.0269,43.19,0.0821
30/07/2026,20:23,139.75,26.09,24.31,10.13,48.28,20.68,-1.05,4.75,1278,1.0270,43.19,0.0821
30/07/2026,20:24,139.75,26.09,24.23,10.13,48.17,20.71,-1.06,4.74,1277,1.0269,43.14,0.0825
30/07/2026,20:25,139.64,26.09,24.21,10.14,48.28,20.69,-1.05,4.75,1280,1.0272,43.17,0.0827
30/07/2026,20:26,139.54,26.02,24.24,10.17,48.23,20.65,-1.06,4.76,1282,1.0273,43.23,0.0825
30/07/2026,20:27,139.50,26.01,24.32,10.12,48.33,20.63,-1.06,4.76,1288,1.0269,43.32,0.0819
30/07/2026,20:28,139.60,25.97,24.35,10.14,48.34,20.62,-1.03,4.76,1288,1.0271,43.45,0.0815
30/07/2026,20:29,139.62,25.95,24.33,10.11,48.35,20.65,-1.08,4.79,1287,1.0272,43.42,0.0818
30/07/2026,20:30,139.65,25.91,24.34,10.09,48.29,20.67,-1.12,4.79,1285,1.0270,43.55,0.0821
30/07/2026,20:31,139.58,25.87,24.33,10.10,48.36,20.65,-1.12,4.78,1285,1.0272,43.51,0.0824
30/07/2026,20:32,139.54,25.87,24.29,10.11,48.27,20.62,-1.11,4.79,1284,1.0272,43.49,0.0832
30/07/2026,20:33,139.49,25.85,24.29,10.11,48.14,20.62,-1.14,4.78,1281,1.0272,43.50,0.0837
30/07/2026,20:34,139.48,25.80,24.23,10.09,48.26,20.59,-1.13,4.78,1282,1.0274,43.44,0.0839
30/07/2026,20:35,139.49,25.75,24.24,10.08,48.26,20.61,-1.14,4.80,1284,1.0274,43.36,0.0835
30/07/2026,20:36,139.49,25.75,24.24,10.08,48.04,20.63,-1.14,4.81,1277,1.0273,43.32,0.0832
30/07/2026,20:37,139.54,25.73,24.21,10.06,48.01,20.63,-1.17,4.82,1280,1.0274,43.32,0.0829
30/07/2026,20:38,139.50,25.70,24.20,10.02,48.01,20.65,-1.19,4.83,1277,1.0274,43.33,0.0833
30/07/2026,20:39,139.39,25.74,24.19,10.04,47.98,20.64,-1.20,4.84,1276,1.0271,43.33,0.0835
30/07/2026,20:40,139.42,25.76,24.14,10.05,47.97,20.62,-1.16,4.84,1275,1.0272,43.33,0.0830
30/07/2026,20:41,139.54,25.72,24.06,10.07,47.91,20.62,-1.17,4.84,1269,1.0272,43.36,0.0829
30/07/2026,20:42,139.53,25.64,24.02,10.12,47.98,20.61,-1.15,4.84,1269,1.0269,43.39,0.0828
30/07/2026,20:43,139.51,25.61,23.99,10.11,47.99,20.63,-1.13,4.85,1264,1.0267,43.42,0.0826
30/07/2026,20:44,139.50,25.64,23.96,10.08,47.95,20.61,-1.12,4.86,1262,1.0269,43.36,0.0821
30/07/2026,20:45,139.51,25.58,23.93,10.10,47.92,20.66,-1.10,4.84,1265,1.0273,43.44,0.0822
30/07/2026,20:46,139.48,25.60,23.94,10.07,47.93,20.68,-1.10,4.83,1266,1.0272,43.46,0.0815
30/07/2026,20:47,139.50,25.52,23.93,10.08,47.90,20.66,-1.09,4.84,1267,1.0269,43.40,0.0819
30/07/2026,20:48,139.47,25.55,23.91,10.10,47.80,20.65,-1.05,4.85,1267,1.0271,43.28,0.0817
30/07/2026,20:49,139.51,25.47,23.96,10.11,47.81,20.65,-1.01,4.86,1268,1.0274,43.20,0.0815
30/07/2026,20:50,139.51,25.45,24.00,10.10,47.77,20.68,-1.02,4.84,1265,1.0273,43.27,0.0814
30/07/2026,20:51,139.50,25.43,23.95,10.12,47.83,20.70,-1.01,4.85,1268,1.0274,43.28,0.0816
30/07/2026,20:52,139.54,25.41,23.92,10.11,47.65,20.69,-1.01,4.84,1266,1.0274,43.30,0.0818
30/07/2026,20:53,139.50,25.38,23.94,10.08,47.63,20.74,-1.03,4.83,1266,1.0276,43.45,0.0812
30/07/2026,20:54,139.54,25.42,23.96,10.07,47.64,20.75,-1.00,4.83,1263,1.0278,43.46,0.0813
30/07/2026,20:55,139.61,25.49,24.00,10.07,47.74,20.78,-1.03,4.83,1264,1.0273,43.33,0.0817
30/07/2026,20:56,139.61,25.50,23.97,10.03,47.79,20.76,-1.01,4.82,1261,1.0272,43.30,0.0820
30/07/2026,20:57,139.55,25.45,23.93,10.03,47.93,20.78,-0.99,4.81,1264,1.0271,43.33,0.0822
30/07/2026,20:58,139.63,25.46,23.97,9.99,47.95,20.76,-0.99,4.82,1265,1.0270,43.27,0.0822
30/07/2026,20:59,139.62,25.45,23.98,10.01,47.89,20.76,-0.99,4.83,1260,1.0271,43.34,0.0825
30/07/2026,21:00,139.63,25.46,23.92,10.04,47.76,20.77,-0.98,4.84,1257,1.0270,43.30,0.0826
30/07/2026,21:01,139.61,25.46,23.85,10.04,47.69,20.75,-0.97,4.83,1254,1.0265,43.26,0.0828
30/07/2026,21:02,139.55,25.40,23.81,10.05,47.73,20.73,-0.98,4.83,1258,1.0263,43.40,0.0823
30/07/2026,21:03,139.57,25.37,23.80,10.06,47.77,20.71,-0.98,4.84,1257,1.0266,43.41,0.0819
30/07/2026,21:04,139.55,25.37,23.78,10.04,47.76,20.73,-0.95,4.83,1260,1.0265,43.44,0.0815
30/07/2026,21:05,139.58,25.30,23.81,10.04,47.69,20.74,-0.97,4.84,1261,1.0264,43.39,0.0820
30/07/2026,21:06,139.50,25.28,23.84,10.08,47.66,20.73,-0.94,4.84,1266,1.0266,43.37,0.0822
30/07/2026,21:07,139.44,25.29,23.85,10.07,47.68,20.76,-0.94,4.83,1272,1.0263,43.37,0.0828
30/07/2026,21:08,139.56,25.19,23.88,10.07,47.68,20.71,-0.97,4.83,1269,1.0263,43.21,0.0829
30/07/2026,21:09,139.58,25.15,23.88,10.08,47.60,20.73,-0.98,4.83,1270,1.0266,43.26,0.0829
30/07/2026,21:10,139.59,25.16,23.89,10.08,47.56,20.76,-1.00,4.85,1272,1.0265,43.21,0.0828
30/07/2026,21:11,139.56,25.17,23.88,10.12,47.52,20.76,-1.04,4.82,1269,1.0265,43.24,0.0829
30/07/2026,21:12,139.56,25.12,23.87,10.10,47.52,20.75,-1.06,4.81,1269,1.0262,43.24,0.0836
30/07/2026,21:13,139.59,25.08,23.94,10.10,47.48,20.75,-1.04,4.79,1268,1.0259,43.19,0.0840
30/07/2026,21:14,139.57,25.08,23.97,10.15,47.51,20.77,-1.04,4.80,1266,1.0255,43.14,0.0837
30/07/2026,21:15,139.58,25.08,23.97,10.13,47.50,20.76,-1.08,4.80,1269,1.0254,43.08,0.0839
30/07/2026,21:16,139.54,25.04,23.97,10.09,47.60,20.78,-1.11,4.80,1271,1.0252,43.09,0.0838
30/07/2026,21:17,139.52,25.07,23.95,10.11,47.68,20.80,-1.10,4.80,1268,1.0257,43.08,0.0836
30/07/2026,21:18,139.46,25.08,23.93,10.08,47.73,20.76,-1.10,4.79,1265,1.0256,43.05,0.0838
30/07/2026,21:19,139.43,25.05,23.91,10.08,47.89,20.79,-1.09,4.79,1266,1.0255,43.19,0.0836
30/07/2026,21:20,139.43,25.09,23.91,10.07,47.85,20.79,-1.07,4.78,1260,1.0258,43.12,0.0837
30/07/2026,21:21,139.43,25.02,23.87,10.07,47.85,20.78,-1.05,4.80,1261,1.0261,43.28,0.0832
30/07/2026,21:22,139.36,24.99,23.89,10.04,47.94,20.74,-1.03,4.79,1260,1.0260,43.38,0.0838
30/07/2026,21:23,139.40,24.95,23.93,10.04,47.94,20.77,-1.04,4.78,1259,1.0260,43.27,0.0839
30/07/2026,21:24,139.37,24.93,23.90,10.04,47.90,20.76,-1.03,4.77,1263,1.0259,43.25,0.0841
30/07/2026,21:25,139.43,24.92,23.90,10.03,47.85,20.73,-1.02,4.78,1262,1.0256,43.17,0.0842
30/07/2026,21:26,139.47,24.92,23.93,10.06,47.82,20.76,-1.05,4.80,1264,1.0254,43.17,0.0844
30/07/2026,21:27,139.47,24.97,23.91,10.00,47.76,20.75,-1.03,4.78,1262,1.0252,43.21,0.0842
30/07/2026,21:28,139.46,24.91,23.82,10.02,47.68,20.77,-1.02,4.79,1260,1.0254,43.21,0.0839
30/07/2026,21:29,139.53,24.91,23.82,10.03,47.69,20.79,-1.00,4.78,1265,1.0254,43.11,0.0845
30/07/2026,21:30,139.49,24.90,23.81,10.01,47.77,20.83,-1.02,4.78,1270,1.0256,43.04,0.0849
30/07/2026,21:31,139.51,24.87,23.85,10.08,47.92,20.83,-1.02,4.79,1271,1.0258,43.03,0.0844
30/07/2026,21:32,139.59,24.83,23.87,10.13,47.89,20.83,-1.03,4.80,1268,1.0256,42.97,0.0845
30/07/2026,21:33,139.58,24.81,23.91,10.10,48.00,20.83,-1.00,4.80,1265,1.0260,43.04,0.0847
30/07/2026,21:34,139.59,24.76,23.90,10.09,47.88,20.84,-0.98,4.80,1259,1.0258,43.06,0.0846
30/07/2026,21:35,139.50,24.75,23.86,10.11,47.92,20.84,-0.97,4.78,1260,1.0259,42.88,0.0848
30/07/2026,21:36,139.49,24.72,23.86,10.13,48.00,20.82,-0.97,4.78,1260,1.0253,42.95,0.0853
30/07/2026,21:37,139.61,24.66,23.85,10.13,47.96,20.81,-0.96,4.77,1259,1.0250,43.06,0.0856
30/07/2026,21:38,139.64,24.63,23.89,10.13,47.96,20.77,-0.99,4.78,1265,1.0253,43.00,0.0853
30/07/2026,21:39,139.66,24.61,23.91,10.12,47.93,20.77,-1.00,4.78,1266,1.0256,43.09,0.0860
30/07/2026,21:40,139.65,24.57,23.84,10.12,47.98,20.78,-0.96,4.78,1262,1.0256,43.10,0.0865
30/07/2026,21:41,139.59,24.49,23.85,10.08,47.90,20.81,-0.95,4.79,1263,1.0256,42.98,0.0866
30/07/2026,21:42,139.56,24.43,23.84,10.10,47.87,20.79,-0.95,4.79,1261,1.0261,42.97,0.0869
30/07/2026,21:43,139.56,24.46,23.90,10.14,47.99,20.79,-0.96,4.82,1263,1.0262,42.82,0.0866
30/07/2026,21:44,139.64,24.46,23.85,10.12,47.82,20.76,-0.96,4.83,1260,1.0258,43.05,0.0865
30/07/2026,21:45,139.69,24.45,23.81,10.12,47.90,20.77,-0.97,4.82,1257,1.0261,42.91,0.0858
30/07/2026,21:46,139.68,24.47,23.77,10.09,47.83,20.76,-0.98,4.81,1260,1.0257,42.92,0.0855
30/07/2026,21:47,139.68,24.44,23.77,10.07,47.78,20.73,-0.97,4.82,1263,1.0260,43.00,0.0856
30/07/2026,21:48,139.70,24.39,23.81,10.06,47.84,20.75,-0.96,4.82,1261,1.0261,42.99,0.0860
30/07/2026,21:49,139.70,24.38,23.78,10.11,47.97,20.76,-0.96,4.82,1267,1.0262,43.00,0.0860
30/07/2026,21:50,139.72,24.38,23.74,10.06,47.93,20.78,-0.96,4.82,1268,1.0263,43.04,0.0860
30/07/2026,21:51,139.71,24.39,23.70,10.08,47.90,20.78,-0.98,4.84,1263,1.0260,42.99,0.0862
30/07/2026,21:52,139.70,24.40,23.78,10.08,47.82,20.75,-0.99,4.85,1264,1.0260,42.94,0.0866
30/07/2026,21:53,139.65,24.40,23.84,10.08,47.85,20.71,-0.97,4.85,1266,1.0261,42.84,0.0860
30/07/2026,21:54,139.65,24.38,23.80,10.04,47.78,20.72,-0.94,4.85,1265,1.0262,42.85,0.0859
30/07/2026,21:55,139.70,24.33,23.89,10.05,47.80,20.72,-0.96,4.84,1263,1.0263,42.98,0.0855
30/07/2026,21:56,139.71,24.34,23.91,10.07,47.78,20.65,-0.98,4.82,1264,1.0266,42.94,0.0860
30/07/2026,21:57,139.74,24.33,23.90,10.05,47.82,20.64,-0.95,4.81,1263,1.0267,42.88,0.0857
30/07/2026,21:58,139.67,24.34,23.87,10.01,47.91,20.61,-0.93,4.83,1267,1.0266,42.83,0.0857
30/07/2026,21:59,139.65,24.27,23.85,10.00,48.03,20.60,-0.92,4.82,1262,1.0266,42.92,0.0860
30/07/2026,22:00,139.64,24.26,23.86,10.03,48.04,20.61,-0.95,4.81,1262,1.0267,42.80,0.0856
30/07/2026,22:01,139.59,24.25,23.87,10.06,48.06,20.60,-0.96,4.80,1254,1.0266,42.92,0.0857
30/07/2026,22:02,139.59,24.25,23.88,10.04,48.07,20.64,-0.95,4.79,1254,1.0264,42.95,0.0854
30/07/2026,22:03,139.56,24.23,23.83,10.04,48.14,20.64,-0.99,4.77,1252,1.0262,42.93,0.0861
30/07/2026,22:04,139.49,24.19,23.76,10.07,48.17,20.61,-1.00,4.76,1253,1.0265,42.85,0.0858
30/07/2026,22:05,139.48,24.16,23.72,10.04,48.15,20.63,-1.01,4.75,1247,1.0261,42.99,0.0857
30/07/2026,22:06,139.46,24.13,23.71,9.97,48.16,20.59,-0.98,4.76,1248,1.0258,43.01,0.0855
30/07/2026,22:07,139.45,24.08,23.67,9.95,48.11,20.58,-0.99,4.75,1248,1.0256,42.98,0.0859
30/07/2026,22:08,139.44,24.01,23.63,9.95,48.06,20.60,-1.03,4.76,1250,1.0260,42.96,0.0861
30/07/2026,22:09,139.43,23.99,23.56,9.98,48.07,20.59,-1.03,4.74,1250,1.0253,42.90,0.0856
30/07/2026,22:10,139.37,23.98,23.57,9.96,48.06,20.59,-1.03,4.73,1251,1.0252,43.04,0.0858
30/07/2026,22:11,139.37,23.97,23.52,9.98,48.19,20.56,-1.04,4.72,1251,1.0250,42.99,0.0854
30/07/2026,22:12,139.42,23.93,23.39,9.94,48.14,20.59,-1.00,4.71,1245,1.0249,43.12,0.0853
30/07/2026,22:13,139.36,23.95,23.38,9.92,48.11,20.57,-0.98,4.70,1241,1.0249,43.14,0.0852
30/07/2026,22:14,139.24,23.91,23.35,9.87,48.11,20.60,-0.95,4.72,1238,1.0250,43.05,0.0852
30/07/2026,22:15,139.30,23.87,23.36,9.85,48.03,20.64,-0.96,4.72,1238,1.0251,42.98,0.0849
30/07/2026,22:16,139.30,23.85,23.33,9.83,47.99,20.69,-0.92,4.72,1240,1.0252,42.91,0.0849
30/07/2026,22:17,139.36,23.83,23.34,9.85,48.02,20.70,-0.90,4.70,1240,1.0253,42.95,0.0847
30/07/2026,22:18,139.28,23.81,23.31,9.82,47.95,20.70,-0.89,4.71,1234,1.0255,42.96,0.0846
30/07/2026,22:19,139.21,23.84,23.33,9.81,47.86,20.66,-0.89,4.70,1237,1.0255,42.90,0.0845
30/07/2026,22:20,139.20,23.79,23.32,9.82,47.82,20.66,-0.85,4.68,1238,1.0256,42.89,0.0851
30/07/2026,22:21,139.17,23.75,23.27,9.83,47.80,20.63,-0.81,4.68,1237,1.0259,42.86,0.0852
30/07/2026,22:22,139.09,23.74,23.28,9.84,47.74,20.70,-0.81,4.67,1239,1.0261,42.74,0.0848
30/07/2026,22:23,139.07,23.67,23.24,9.87,47.69,20.74,-0.83,4.66,1238,1.0258,42.71,0.0843
30/07/2026,22:24,138.99,23.67,23.20,9.86,47.68,20.72,-0.83,4.66,1237,1.0258,42.56,0.0842
30/07/2026,22:25,138.98,23.65,23.16,9.90,47.78,20.67,-0.85,4.66,1238,1.0263,42.62,0.0844
30/07/2026,22:26,139.01,23.63,23.21,9.91,47.66,20.63,-0.83,4.69,1245,1.0263,42.51,0.0843
30/07/2026,22:27,139.08,23.57,23.23,9.88,47.68,20.66,-0.83,4.69,1243,1.0262,42.62,0.0837
30/07/2026,22:28,139.05,23.58,23.26,9.92,47.60,20.66,-0.85,4.70,1241,1.0259,42.54,0.0843
30/07/2026,22:29,139.05,23.53,23.32,9.89,47.52,20.63,-0.84,4.70,1241,1.0261,42.53,0.0845
30/07/2026,22:30,139.15,23.46,23.25,9.88,47.46,20.63,-0.85,4.69,1240,1.0261,42.43,0.0853
30/07/2026,22:31,139.17,23.43,23.31,9.94,47.50,20.69,-0.85,4.70,1245,1.0261,42.58,0.0855
30/07/2026,22:32,139.18,23.41,23.31,9.93,47.46,20.75,-0.87,4.68,1244,1.0260,42.55,0.0859
30/07/2026,22:33,139.14,23.44,23.29,9.90,47.42,20.72,-0.90,4.67,1244,1.0262,42.68,0.0863
30/07/2026,22:34,139.11,23.42,23.32,9.87,47.55,20.72,-0.90,4.68,1243,1.0260,42.67,0.0866
30/07/2026,22:35,139.12,23.40,23.30,9.84,47.40,20.74,-0.90,4.67,1242,1.0258,42.81,0.0868
30/07/2026,22:36,139.10,23.42,23.28,9.83,47.48,20.74,-0.90,4.69,1242,1.0257,42.86,0.0862
30/07/2026,22:37,139.14,23.40,23.29,9.79,47.40,20.75,-0.89,4.69,1240,1.0259,42.71,0.0863
30/07/2026,22:38,139.11,23.40,23.33,9.78,47.43,20.81,-0.87,4.70,1245,1.0255,42.70,0.0862
30/07/2026,22:39,139.18,23.37,23.41,9.78,47.43,20.84,-0.88,4.70,1244,1.0255,42.79,0.0860
30/07/2026,22:40,139.15,23.32,23.45,9.78,47.39,20.83,-0.88,4.71,1246,1.0254,42.85,0.0866
30/07/2026,22:41,139.16,23.27,23.46,9.80,47.49,20.87,-0.89,4.70,1245,1.0258,42.91,0.0865
30/07/2026,22:42,139.10,23.25,23.43,9.79,47.55,20.90,-0.89,4.71,1246,1.0259,42.89,0.0867
30/07/2026,22:43,139.09,23.21,23.47,9.79,47.59,20.93,-0.86,4.70,1248,1.0252,42.93,0.0867
30/07/2026,22:44,139.11,23.24,23.47,9.80,47.58,20.88,-0.83,4.69,1250,1.0254,42.96,0.0863
30/07/2026,22:45,139.09,23.24,23.50,9.84,47.53,20.89,-0.87,4.68,1247,1.0261,42.99,0.0860
30/07/2026,22:46,139.09,23.23,23.52,9.84,47.65,20.94,-0.87,4.70,1247,1.0256,42.95,0.0863
30/07/2026,22:47,139.05,23.23,23.51,9.81,47.63,20.94,-0.87,4.69,1245,1.0263,42.92,0.0865
30/07/2026,22:48,139.01,23.18,23.45,9.76,47.61,20.92,-0.86,4.69,1240,1.0266,42.88,0.0867
30/07/2026,22:49,138.96,23.20,23.43,9.79,47.67,20.90,-0.85,4.68,1241,1.0267,43.00,0.0868
30/07/2026,22:50,138.94,23.20,23.38,9.77,47.54,20.92,-0.82,4.68,1245,1.0266,42.88,0.0867
30/07/2026,22:51,138.95,23.22,23.40,9.77,47.53,20.94,-0.85,4.69,1249,1.0267,42.86,0.0870
30/07/2026,22:52,138.95,23.27,23.40,9.80,47.61,20.96,-0.85,4.70,1241,1.0268,42.85,0.0870
30/07/2026,22:53,138.95,23.23,23.39,9.81,47.49,21.01,-0.84,4.70,1238,1.0266,42.78,0.0868
30/07/2026,22:54,138.97,23.21,23.36,9.79,47.48,21.00,-0.82,4.70,1237,1.0262,42.68,0.0869
30/07/2026,22:55,138.88,23.10,23.34,9.76,47.44,20.99,-0.82,4.70,1233,1.0266,42.62,0.0866
30/07/2026,22:56,138.87,23.04,23.34,9.77,47.37,21.02,-0.84,4.71,1232,1.0269,42.68,0.0865
30/07/2026,22:57,138.85,23.03,23.28,9.76,47.28,21.03,-0.87,4.71,1234,1.0269,42.77,0.0868
30/07/2026,22:58,138.88,23.00,23.28,9.78,47.34,21.05,-0.87,4.70,1237,1.0267,42.73,0.0867
30/07/2026,22:59,138.93,22.94,23.26,9.78,47.43,21.06,-0.86,4.70,1238,1.0265,42.75,0.0867
30/07/2026,23:00,138.94,22.90,23.27,9.77,47.48,21.10,-0.86,4.69,1239,1.0260,42.70,0.0867
30/07/2026,23:01,138.91,22.85,23.29,9.78,47.38,21.06,-0.86,4.71,1241,1.0257,42.79,0.0869
30/07/2026,23:02,138.91,22.81,23.31,9.79,47.49,21.04,-0.85,4.70,1241,1.0258,42.87,0.0871
30/07/2026,23:03,138.95,22.77,23.29,9.80,47.40,21.07,-0.84,4.68,1247,1.0257,43.05,0.0869
30/07/2026,23:04,138.94,22.74,23.32,9.81,47.59,21.06,-0.85,4.69,1247,1.0255,43.00,0.0867
30/07/2026,23:05,138.91,22.76,23.30,9.82,47.67,21.08,-0.85,4.68,1249,1.0257,43.00,0.0871
30/07/2026,23:06,138.93,22.70,23.34,9.82,47.70,21.09,-0.86,4.69,1252,1.0255,42.95,0.0875
30/07/2026,23:07,138.89,22.63,23.40,9.81,47.70,21.07,-0.87,4.70,1251,1.0252,43.00,0.0872
30/07/2026,23:08,138.91,22.60,23.44,9.81,47.79,21.03,-0.88,4.68,1255,1.0253,42.87,0.0873
30/07/2026,23:09,138.94,22.55,23.43,9.80,47.76,21.03,-0.90,4.68,1253,1.0247,42.83,0.0874
30/07/2026,23:10,138.99,22.51,23.47,9.78,47.80,21.04,-0.90,4.68,1249,1.0247,42.86,0.0870
30/07/2026,23:11,138.90,22.48,23.49,9.82,47.76,21.03,-0.89,4.67,1247,1.0249,42.79,0.0866
30/07/2026,23:12,138.92,22.45,23.48,9.84,47.72,21.03,-0.90,4.68,1249,1.0247,42.75,0.0869
30/07/2026,23:13,138.99,22.41,23.55,9.77,47.59,21.05,-0.88,4.68,1248,1.0243,42.82,0.0863
30/07/2026,23:14,138.95,22.42,23.51,9.76,47.59,21.05,-0.91,4.68,1244,1.0240,42.92,0.0862
30/07/2026,23:15,138.93,22.41,23.45,9.75,47.63,21.07,-0.93,4.67,1240,1.0244,42.83,0.0861
30/07/2026,23:16,138.97,22.41,23.44,9.78,47.61,21.06,-0.89,4.68,1244,1.0241,42.87,0.0854
30/07/2026,23:17,138.98,22.41,23.44,9.76,47.54,21.04,-0.87,4.68,1243,1.0246,42.96,0.0859
30/07/2026,23:18,139.03,22.41,23.35,9.75,47.58,21.05,-0.87,4.68,1243,1.0250,42.99,0.0856
30/07/2026,23:19,138.98,22.43,23.31,9.75,47.51,21.03,-0.84,4.67,1240,1.0250,42.90,0.0858
30/07/2026,23:20,138.95,22.41,23.33,9.76,47.60,21.02,-0.83,4.67,1239,1.0248,42.89,0.0861
30/07/2026,23:21,139.00,22.35,23.34,9.76,47.56,20.98,-0.83,4.69,1236,1.0251,42.84,0.0861
30/07/2026,23:22,139.04,22.37,23.30,9.75,47.60,21.01,-0.85,4.67,1235,1.0251,42.91,0.0858
30/07/2026,23:23,139.08,22.38,23.31,9.74,47.55,21.02,-0.84,4.68,1235,1.0251,42.94,0.0855
30/07/2026,23:24,139.02,22.30,23.29,9.73,47.52,21.02,-0.81,4.71,1236,1.0247,43.03,0.0848
30/07/2026,23:25,139.04,22.30,23.28,9.73,47.44,21.01,-0.80,4.71,1231,1.0245,42.98,0.0854
30/07/2026,23:26,139.02,22.20,23.23,9.74,47.43,21.04,-0.80,4.71,1233,1.0247,43.06,0.0856
30/07/2026,23:27,139.06,22.14,23.23,9.73,47.62,21.01,-0.81,4.71,1236,1.0244,43.10,0.0855
30/07/2026,23:28,139.04,22.10,23.17,9.69,47.63,21.00,-0.80,4.70,1232,1.0248,43.03,0.0860
30/07/2026,23:29,138.99,22.05,23.22,9.68,47.51,21.00,-0.77,4.70,1233,1.0254,42.85,0.0861
30/07/2026,23:30,139.02,22.05,23.19,9.69,47.44,21.00,-0.76,4.69,1230,1.0255,42.76,0.0865
30/07/2026,23:31,139.05,22.06,23.17,9.72,47.49,21.02,-0.73,4.70,1233,1.0251,42.75,0.0866
30/07/2026,23:32,139.08,22.06,23.18,9.72,47.52,21.00,-0.73,4.70,1231,1.0252,42.70,0.0860
30/07/2026,23:33,139.11,22.04,23.18,9.73,47.47,21.01,-0.79,4.73,1230,1.0251,42.56,0.0864
30/07/2026,23:34,139.23,21.98,23.17,9.73,47.55,21.02,-0.79,4.73,1229,1.0253,42.60,0.0864
30/07/2026,23:35,139.14,21.93,23.15,9.71,47.50,21.00,-0.79,4.71,1233,1.0248,42.54,0.0861
30/07/2026,23:36,139.12,21.94,23.14,9.68,47.58,21.01,-0.82,4.71,1231,1.0247,42.64,0.0857
30/07/2026,23:37,139.17,21.93,23.16,9.67,47.71,21.02,-0.83,4.70,1236,1.0249,42.61,0.0853
30/07/2026,23:38,139.23,21.92,23.22,9.68,47.64,21.04,-0.84,4.71,1232,1.0249,42.62,0.0849
30/07/2026,23:39,139.28,21.89,23.21,9.62,47.66,21.06,-0.81,4.71,1232,1.0247,42.62,0.0849
30/07/2026,23:40,139.31,21.90,23.21,9.63,47.59,21.07,-0.84,4.71,1231,1.0249,42.67,0.0850
30/07/2026,23:41,139.36,21.88,23.19,9.63,47.57,21.09,-0.82,4.71,1233,1.0248,42.63,0.0849
30/07/2026,23:42,139.31,21.88,23.18,9.66,47.74,21.11,-0.80,4.72,1232,1.0248,42.58,0.0842
30/07/2026,23:43,139.35,21.90,23.15,9.67,47.67,21.06,-0.81,4.72,1236,1.0248,42.68,0.0843
30/07/2026,23:44,139.31,21.88,23.15,9.65,47.67,21.01,-0.80,4.70,1234,1.0247,42.65,0.0843
30/07/2026,23:45,139.27,21.87,23.21,9.69,47.61,21.07,-0.78,4.72,1233,1.0250,42.57,0.0841
30/07/2026,23:46,139.20,21.86,23.19,9.69,47.58,21.08,-0.78,4.71,1234,1.0250,42.52,0.0842
30/07/2026,23:47,139.15,21.88,23.21,9.71,47.57,21.10,-0.78,4.70,1235,1.0249,42.49,0.0839
30/07/2026,23:48,139.20,21.81,23.18,9.73,47.59,21.13,-0.79,4.70,1236,1.0250,42.42,0.0843
30/07/2026,23:49,139.18,21.83,23.16,9.72,47.52,21.11,-0.80,4.70,1237,1.0246,42.45,0.0838
30/07/2026,23:50,139.14,21.79,23.18,9.71,47.53,21.12,-0.78,4.69,1240,1.0244,42.29,0.0843
30/07/2026,23:51,139.19,21.74,23.19,9.69,47.43,21.14,-0.79,4.69,1245,1.0246,42.47,0.0845
30/07/2026,23:52,139.23,21.74,23.24,9.72,47.36,21.14,-0.79,4.70,1246,1.0245,42.56,0.0842
30/07/2026,23:53,139.26,21.78,23.25,9.72,47.33,21.17,-0.81,4.69,1245,1.0244,42.63,0.0842
30/07/2026,23:54,139.31,21.75,23.28,9.72,47.45,21.12,-0.85,4.70,1247,1.0248,42.53,0.0844
30/07/2026,23:55,139.36,21.74,23.32,9.76,47.42,21.10,-0.87,4.72,1249,1.0246,42.55,0.0838
30/07/2026,23:56,139.33,21.74,23.35,9.76,47.49,21.07,-0.86,4.72,1247,1.0243,42.69,0.0835
30/07/2026,23:57,139.39,21.69,23.33,9.75,47.44,21.08,-0.87,4.71,1243,1.0244,42.69,0.0839
30/07/2026,23:58,139.41,21.70,23.35,9.74,47.53,21.09,-0.88,4.71,1244,1.0245,42.73,0.0832
30/07/2026,23:59,139.41,21.68,23.37,9.74,47.44,21.10,-0.85,4.72,1243,1.0246,42.57,0.0836
31/07/2026,00:00,139.45,21.64,23.34,9.73,47.52,21.12,-0.84,4.71,1245,1.0247,42.49,0.0836
31/07/2026,00:01,139.38,21.63,23.34,9.70,47.38,21.13,-0.83,4.71,1240,1.0245,42.25,0.0834
31/07/2026,00:02,139.32,21.58,23.38,9.72,47.35,21.16,-0.84,4.71,1242,1.0245,42.28,0.0834
31/07/2026,00:03,139.27,21.46,23.43,9.74,47.31,21.14,-0.85,4.72,1245,1.0244,42.28,0.0838
31/07/2026,00:04,139.36,21.39,23.46,9.76,47.34,21.12,-0.86,4.71,1251,1.0245,42.43,0.0832
31/07/2026,00:05,139.36,21.36,23.46,9.76,47.24,21.10,-0.86,4.71,1253,1.0250,42.48,0.0825
31/07/2026,00:06,139.37,21.35,23.52,9.73,47.30,21.10,-0.85,4.70,1248,1.0253,42.41,0.0833
31/07/2026,00:07,139.36,21.32,23.44,9.69,47.35,21.09,-0.89,4.71,1246,1.0254,42.37,0.0832
31/07/2026,00:08,139.39,21.32,23.47,9.72,47.32,21.09,-0.89,4.73,1248,1.0251,42.28,0.0830
31/07/2026,00:09,139.31,21.37,23.47,9.75,47.45,21.10,-0.89,4.72,1246,1.0248,42.34,0.0834
31/07/2026,00:10,139.22,21.34,23.49,9.77,47.47,21.08,-0.91,4.72,1247,1.0248,42.18,0.0831
31/07/2026,00:11,139.19,21.34,23.50,9.77,47.51,21.02,-0.91,4.72,1246,1.0247,42.24,0.0834
31/07/2026,00:12,139.24,21.34,23.51,9.77,47.56,21.00,-0.90,4.71,1247,1.0246,42.34,0.0835
31/07/2026,00:13,139.30,21.31,23.41,9.78,47.54,20.97,-0.90,4.70,1245,1.0247,42.47,0.0834
31/07/2026,00:14,139.34,21.27,23.35,9.77,47.51,20.92,-0.92,4.69,1246,1.0249,42.35,0.0830
31/07/2026,00:15,139.35,21.30,23.36,9.75,47.63,20.97,-0.92,4.70,1248,1.0247,42.28,0.0834
31/07/2026,00:16,139.33,21.27,23.39,9.77,47.76,20.93,-0.93,4.67,1253,1.0247,42.28,0.0827
31/07/2026,00:17,139.33,21.24,23.48,9.79,47.65,20.96,-0.92,4.67,1249,1.0255,42.29,0.0821
31/07/2026,00:18,139.32,21.14,23.48,9.75,47.59,20.96,-0.91,4.69,1246,1.0254,42.25,0.0821
31/07/2026,00:19,139.33,21.15,23.45,9.77,47.64,20.98,-0.90,4.69,1245,1.0254,42.22,0.0822
31/07/2026,00:20,139.19,21.08,23.44,9.79,47.74,20.96,-0.90,4.70,1242,1.0259,42.28,0.0825
31/07/2026,00:21,139.35,21.05,23.40,9.78,47.70,20.98,-0.89,4.70,1243,1.0258,42.30,0.0826
31/07/2026,00:22,139.33,21.10,23.44,9.77,47.70,21.00,-0.92,4.69,1246,1.0254,42.29,0.0827
31/07/2026,00:23,139.32,21.08,23.45,9.77,47.56,21.00,-0.91,4.70,1245,1.0252,42.17,0.0829
31/07/2026,00:24,139.31,21.07,23.40,9.80,47.61,21.00,-0.90,4.71,1247,1.0248,42.16,0.0827
31/07/2026,00:25,139.42,21.04,23.41,9.81,47.67,21.00,-0.90,4.70,1247,1.0247,42.21,0.0827
31/07/2026,00:26,139.49,20.97,23.44,9.78,47.57,20.99,-0.94,4.70,1253,1.0247,42.22,0.0832
31/07/2026,00:27,139.43,20.95,23.41,9.78,47.43,20.95,-0.90,4.69,1251,1.0244,42.18,0.0826
31/07/2026,00:28,139.47,20.93,23.46,9.82,47.52,20.94,-0.90,4.68,1247,1.0244,42.24,0.0823
31/07/2026,00:29,139.41,20.88,23.45,9.83,47.50,20.95,-0.90,4.69,1245,1.0250,42.16,0.0822
31/07/2026,00:30,139.47,20.93,23.41,9.83,47.50,20.94,-0.92,4.68,1245,1.0251,42.16,0.0826
31/07/2026,00:31,139.46,20.96,23.42,9.84,47.43,20.90,-0.91,4.68,1241,1.0250,42.20,0.0829
31/07/2026,00:32,139.41,20.94,23.37,9.83,47.54,20.89,-0.91,4.70,1239,1.0249,42.14,0.0832
31/07/2026,00:33,139.37,20.90,23.40,9.84,47.44,20.87,-0.91,4.69,1243,1.0246,42.07,0.0833
31/07/2026,00:34,139.33,20.88,23.43,9.88,47.63,20.81,-0.92,4.69,1239,1.0247,42.27,0.0835
31/07/2026,00:35,139.27,20.85,23.38,9.87,47.56,20.84,-0.92,4.70,1241,1.0246,42.27,0.0831
31/07/2026,00:36,139.26,20.86,23.40,9.86,47.52,20.82,-0.91,4.70,1239,1.0245,42.27,0.0832
31/07/2026,00:37,139.25,20.82,23.45,9.80,47.52,20.82,-0.92,4.69,1243,1.0242,42.33,0.0831
31/07/2026,00:38,139.27,20.85,23.44,9.84,47.46,20.80,-0.92,4.68,1243,1.0246,42.38,0.0830
31/07/2026,00:39,139.28,20.89,23.41,9.83,47.40,20.83,-0.92,4.68,1241,1.0245,42.37,0.0829
31/07/2026,00:40,139.24,20.89,23.48,9.81,47.33,20.86,-0.93,4.67,1237,1.0243,42.38,0.0827
31/07/2026,00:41,139.25,20.85,23.42,9.81,47.17,20.85,-0.94,4.68,1240,1.0245,42.42,0.0827
31/07/2026,00:42,139.23,20.83,23.39,9.77,47.13,20.87,-0.92,4.68,1239,1.0249,42.29,0.0824
31/07/2026,00:43,139.22,20.80,23.37,9.78,47.06,20.93,-0.93,4.67,1238,1.0247,42.29,0.0822
31/07/2026,00:44,139.21,20.77,23.37,9.78,47.05,20.93,-0.93,4.69,1237,1.0253,42.38,0.0823
31/07/2026,00:45,139.16,20.75,23.43,9.78,47.20,20.95,-0.91,4.69,1235,1.0253,42.28,0.0825
31/07/2026,00:46,139.21,20.71,23.40,9.75,47.23,20.94,-0.89,4.69,1234,1.0250,42.31,0.0827
31/07/2026,00:47,139.25,20.65,23.37,9.77,47.22,20.88,-0.90,4.68,1235,1.0248,42.37,0.0829
31/07/2026,00:48,139.22,20.63,23.33,9.77,47.25,20.92,-0.89,4.68,1234,1.0246,42.36,0.0832
31/07/2026,00:49,139.25,20.60,23.31,9.84,47.31,20.93,-0.89,4.69,1235,1.0247,42.29,0.0833
31/07/2026,00:50,139.24,20.57,23.36,9.84,47.20,20.91,-0.90,4.69,1236,1.0246,42.20,0.0833
31/07/2026,00:51,139.26,20.56,23.34,9.82,47.14,20.93,-0.91,4.69,1237,1.0248,42.21,0.0834
31/07/2026,00:52,139.24,20.52,23.31,9.81,47.06,20.93,-0.89,4.69,1237,1.0251,42.19,0.0830
31/07/2026,00:53,139.24,20.51,23.29,9.81,47.09,20.94,-0.90,4.68,1243,1.0249,42.08,0.0827
31/07/2026,00:54,139.18,20.52,23.29,9.80,47.09,20.97,-0.91,4.68,1236,1.0250,42.14,0.0828
31/07/2026,00:55,139.09,20.55,23.24,9.81,46.93,20.93,-0.90,4.67,1237,1.0252,42.14,0.0832
31/07/2026,00:56,139.13,20.50,23.24,9.82,46.80,20.94,-0.88,4.69,1239,1.0255,42.14,0.0826
31/07/2026,00:57,139.08,20.46,23.30,9.76,46.88,20.93,-0.85,4.68,1239,1.0254,42.04,0.0829
31/07/2026,00:58,139.11,20.41,23.26,9.77,47.01,20.94,-0.86,4.70,1239,1.0256,42.01,0.0829
31/07/2026,00:59,139.10,20.41,23.24,9.79,46.92,20.94,-0.84,4.71,1241,1.0257,41.99,0.0830
31/07/2026,01:00,139.11,20.39,23.27,9.80,46.90,20.95,-0.84,4.72,1240,1.0256,41.96,0.0831
31/07/2026,01:01,139.06,20.44,23.30,9.81,46.95,20.95,-0.85,4.69,1242,1.0256,42.04,0.0842
31/07/2026,01:02,139.02,20.45,23.34,9.77,46.96,20.92,-0.86,4.68,1240,1.0255,41.96,0.0842
31/07/2026,01:03,139.02,20.48,23.29,9.77,46.96,20.95,-0.88,4.71,1244,1.0257,42.01,0.0845
31/07/2026,01:04,138.98,20.48,23.34,9.77,47.01,20.95,-0.85,4.72,1246,1.0256,42.12,0.0851
31/07/2026,01:05,138.90,20.42,23.33,9.79,47.17,20.96,-0.85,4.71,1243,1.0254,42.10,0.0851
31/07/2026,01:06,138.93,20.39,23.37,9.83,47.20,20.95,-0.85,4.70,1244,1.0253,42.20,0.0854
31/07/2026,01:07,138.94,20.41,23.35,9.82,47.22,20.96,-0.86,4.69,1243,1.0252,42.31,0.0854
31/07/2026,01:08,138.93,20.39,23.38,9.82,47.21,21.00,-0.85,4.70,1246,1.0254,42.43,0.0856
31/07/2026,01:09,138.94,20.32,23.37,9.85,47.13,21.02,-0.86,4.70,1242,1.0252,42.43,0.0854
31/07/2026,01:10,138.88,20.29,23.40,9.83,47.09,21.03,-0.85,4.71,1242,1.0256,42.37,0.0851
31/07/2026,01:11,138.91,20.27,23.46,9.82,47.11,21.02,-0.83,4.71,1240,1.0258,42.24,0.0852
31/07/2026,01:12,138.92,20.21,23.38,9.80,47.16,21.05,-0.83,4.71,1235,1.0260,42.38,0.0839
31/07/2026,01:13,138.93,20.21,23.34,9.85,47.17,21.02,-0.82,4.72,1234,1.0261,42.37,0.0839
31/07/2026,01:14,138.97,20.27,23.30,9.82,47.28,21.04,-0.81,4.72,1233,1.0259,42.37,0.0838
31/07/2026,01:15,139.03,20.27,23.40,9.84,47.27,21.06,-0.79,4.72,1236,1.0256,42.36,0.0837
31/07/2026,01:16,139.02,20.17,23.39,9.84,47.21,21.08,-0.78,4.71,1240,1.0258,42.37,0.0838
31/07/2026,01:17,139.02,20.18,23.39,9.84,47.25,21.05,-0.77,4.72,1247,1.0256,42.34,0.0843
31/07/2026,01:18,139.03,20.22,23.37,9.84,47.24,21.06,-0.79,4.72,1244,1.0255,42.31,0.0845
31/07/2026,01:19,139.07,20.21,23.37,9.83,47.24,21.03,-0.79,4.72,1238,1.0254,42.40,0.0847
31/07/2026,01:20,139.03,20.21,23.30,9.86,47.19,21.00,-0.78,4.71,1239,1.0253,42.39,0.0848
31/07/2026,01:21,139.00,20.21,23.24,9.86,47.34,20.97,-0.80,4.70,1241,1.0256,42.40,0.0845
31/07/2026,01:22,138.99,20.17,23.26,9.88,47.36,20.92,-0.80,4.70,1239,1.0254,42.24,0.0846
31/07/2026,01:23,139.04,20.15,23.22,9.83,47.35,20.95,-0.82,4.72,1242,1.0256,42.27,0.0849
31/07/2026,01:24,139.04,20.12,23.25,9.88,47.17,20.91,-0.82,4.73,1242,1.0257,42.30,0.0851
31/07/2026,01:25,139.01,20.07,23.30,9.90,47.30,20.91,-0.82,4.74,1241,1.0258,42.26,0.0852
31/07/2026,01:26,139.08,20.07,23.28,9.90,47.27,20.91,-0.81,4.73,1237,1.0262,42.34,0.0849
31/07/2026,01:27,139.05,20.03,23.25,9.92,47.24,20.94,-0.82,4.72,1239,1.0261,42.47,0.0851
31/07/2026,01:28,139.19,19.98,23.28,9.92,47.18,20.93,-0.83,4.72,1238,1.0260,42.38,0.0848
31/07/2026,01:29,139.16,19.98,23.29,9.92,47.04,20.93,-0.82,4.72,1235,1.0264,42.32,0.0853
31/07/2026,01:30,139.24,19.94,23.23,9.93,47.06,20.92,-0.83,4.73,1238,1.0265,42.27,0.0854
31/07/2026,01:31,139.24,19.90,23.25,9.94,47.08,20.93,-0.84,4.75,1240,1.0265,42.17,0.0859
31/07/2026,01:32,139.23,19.88,23.23,9.95,47.05,20.95,-0.82,4.75,1239,1.0267,42.12,0.0858
31/07/2026,01:33,139.24,19.91,23.16,9.98,47.16,20.98,-0.79,4.73,1240,1.0270,42.01,0.0862
31/07/2026,01:34,139.26,19.94,23.22,9.98,47.09,20.98,-0.79,4.73,1241,1.0269,41.99,0.0866
31/07/2026,01:35,139.26,19.90,23.24,10.00,47.10,20.97,-0.80,4.75,1243,1.0269,41.88,0.0870
31/07/2026,01:36,139.24,19.88,23.29,9.98,46.99,20.97,-0.78,4.76,1246,1.0270,41.92,0.0874
31/07/2026,01:37,139.28,19.87,23.24,9.96,47.04,20.96,-0.76,4.75,1244,1.0272,41.92,0.0876
31/07/2026,01:38,139.30,19.84,23.25,9.91,47.09,20.94,-0.77,4.74,1241,1.0273,41.92,0.0877
31/07/2026,01:39,139.34,19.86,23.26,9.88,47.07,20.91,-0.80,4.74,1239,1.0276,41.97,0.0879
31/07/2026,01:40,139.35,19.89,23.26,9.86,46.96,20.90,-0.81,4.71,1243,1.0273,41.99,0.0879
31/07/2026,01:41,139.32,19.86,23.29,9.84,47.01,20.89,-0.83,4.72,1245,1.0271,41.97,0.0881
31/07/2026,01:42,139.41,19.82,23.35,9.84,46.92,20.93,-0.84,4.72,1243,1.0268,41.93,0.0873
31/07/2026,01:43,139.42,19.76,23.43,9.87,46.90,20.93,-0.83,4.73,1248,1.0268,41.87,0.0869
31/07/2026,01:44,139.45,19.74,23.40,9.87,46.94,20.97,-0.85,4.72,1246,1.0269,41.95,0.0861
31/07/2026,01:45,139.42,19.77,23.47,9.90,46.96,20.97,-0.85,4.72,1246,1.0269,41.92,0.0855
31/07/2026,01:46,139.45,19.78,23.50,9.89,46.96,20.95,-0.84,4.71,1247,1.0266,41.94,0.0857
31/07/2026,01:47,139.54,19.78,23.53,9.85,47.06,20.98,-0.80,4.71,1243,1.0260,41.88,0.0857
31/07/2026,01:48,139.53,19.84,23.52,9.88,47.10,20.99,-0.84,4.70,1244,1.0261,41.95,0.0856
31/07/2026,01:49,139.52,19.78,23.47,9.90,47.05,21.01,-0.84,4.71,1243,1.0264,41.94,0.0867
31/07/2026,01:50,139.43,19.76,23.43,9.90,47.16,21.03,-0.84,4.71,1241,1.0264,41.74,0.0869
31/07/2026,01:51,139.42,19.79,23.44,9.85,47.14,20.98,-0.83,4.71,1247,1.0266,41.53,0.0865
31/07/2026,01:52,139.36,19.82,23.45,9.82,47.08,21.02,-0.85,4.73,1246,1.0268,41.58,0.0863
31/07/2026,01:53,139.36,19.81,23.48,9.81,47.01,21.01,-0.87,4.72,1245,1.0268,41.57,0.0863
31/07/2026,01:54,139.33,19.70,23.56,9.83,47.10,21.00,-0.88,4.71,1245,1.0267,41.49,0.0859
31/07/2026,01:55,139.39,19.68,23.51,9.82,47.07,21.01,-0.88,4.72,1246,1.0268,41.58,0.0863
31/07/2026,01:56,139.37,19.67,23.56,9.81,47.09,21.01,-0.87,4.73,1246,1.0273,41.74,0.0859
31/07/2026,01:57,139.33,19.60,23.58,9.81,47.20,21.01,-0.89,4.73,1238,1.0275,41.86,0.0863
31/07/2026,01:58,139.34,19.61,23.56,9.80,47.17,20.99,-0.86,4.74,1239,1.0277,41.84,0.0870
31/07/2026,01:59,139.32,19.63,23.48,9.86,47.19,20.97,-0.87,4.73,1241,1.0273,41.70,0.0868
31/07/2026,02:00,139.30,19.64,23.44,9.89,47.09,20.91,-0.86,4.73,1243,1.0274,41.80,0.0866
31/07/2026,02:01,139.30,19.56,23.40,9.90,47.14,20.89,-0.86,4.72,1237,1.0271,41.99,0.0870
31/07/2026,02:02,139.29,19.54,23.42,9.85,47.14,20.87,-0.87,4.72,1240,1.0272,41.99,0.0868
31/07/2026,02:03,139.33,19.51,23.44,9.80,47.27,20.87,-0.87,4.72,1238,1.0275,41.92,0.0868
31/07/2026,02:04,139.35,19.52,23.45,9.83,47.15,20.85,-0.87,4.71,1244,1.0276,41.90,0.0865
31/07/2026,02:05,139.37,19.48,23.39,9.86,47.25,20.80,-0.88,4.72,1250,1.0277,41.76,0.0862
31/07/2026,02:06,139.31,19.50,23.35,9.88,47.32,20.78,-0.87,4.72,1250,1.0278,41.74,0.0859
31/07/2026,02:07,139.27,19.51,23.38,9.88,47.22,20.77,-0.87,4.72,1245,1.0280,41.69,0.0851
31/07/2026,02:08,139.20,19.47,23.32,9.87,47.27,20.78,-0.88,4.71,1246,1.0283,41.68,0.0847
31/07/2026,02:09,139.17,19.49,23.37,9.88,47.33,20.80,-0.88,4.71,1248,1.0283,41.48,0.0844
31/07/2026,02:10,139.17,19.45,23.38,9.86,47.25,20.77,-0.89,4.73,1247,1.0284,41.44,0.0852
31/07/2026,02:11,139.16,19.43,23.37,9.85,47.28,20.77,-0.88,4.74,1243,1.0282,41.50,0.0851
31/07/2026,02:12,139.21,19.43,23.36,9.89,47.08,20.79,-0.86,4.74,1242,1.0278,41.57,0.0851
31/07/2026,02:13,139.33,19.37,23.35,9.89,47.01,20.79,-0.88,4.75,1241,1.0280,41.71,0.0842
31/07/2026,02:14,139.35,19.29,23.33,9.90,46.95,20.78,-0.87,4.76,1244,1.0277,41.68,0.0844
31/07/2026,02:15,139.37,19.31,23.38,9.85,46.89,20.82,-0.84,4.76,1243,1.0278,41.78,0.0843
31/07/2026,02:16,139.34,19.34,23.35,9.83,46.77,20.79,-0.83,4.76,1238,1.0277,41.88,0.0841
31/07/2026,02:17,139.34,19.33,23.29,9.87,46.73,20.81,-0.83,4.75,1236,1.0280,41.87,0.0845
31/07/2026,02:18,139.30,19.34,23.26,9.87,46.68,20.80,-0.82,4.76,1231,1.0281,41.88,0.0842
31/07/2026,02:19,139.36,19.35,23.20,9.83,46.77,20.80,-0.81,4.76,1232,1.0282,41.86,0.0852
31/07/2026,02:20,139.30,19.35,23.18,9.80,46.80,20.85,-0.80,4.76,1226,1.0286,42.03,0.0850
31/07/2026,02:21,139.39,19.33,23.13,9.75,46.75,20.86,-0.77,4.75,1225,1.0285,42.01,0.0850
31/07/2026,02:22,139.41,19.35,23.09,9.72,46.69,20.91,-0.76,4.74,1227,1.0285,42.06,0.0848
31/07/2026,02:23,139.43,19.31,23.13,9.70,46.67,20.90,-0.81,4.72,1227,1.0283,42.08,0.0848
31/07/2026,02:24,139.46,19.30,23.12,9.72,46.58,20.96,-0.77,4.73,1228,1.0283,42.13,0.0841
31/07/2026,02:25,139.47,19.30,23.11,9.78,46.63,20.97,-0.78,4.73,1232,1.0284,42.13,0.0838
31/07/2026,02:26,139.51,19.23,23.14,9.77,46.62,20.92,-0.77,4.72,1236,1.0283,42.19,0.0839
31/07/2026,02:27,139.45,19.20,23.17,9.78,46.61,20.93,-0.78,4.72,1237,1.0280,42.31,0.0837
31/07/2026,02:28,139.46,19.23,23.23,9.80,46.56,20.96,-0.78,4.72,1242,1.0279,42.32,0.0835
31/07/2026,02:29,139.48,19.23,23.25,9.80,46.59,20.93,-0.80,4.71,1247,1.0274,42.29,0.0831
31/07/2026,02:30,139.42,19.16,23.33,9.79,46.51,20.94,-0.83,4.72,1249,1.0271,42.22,0.0833
31/07/2026,02:31,139.42,19.15,23.36,9.79,46.51,20.94,-0.84,4.71,1247,1.0269,42.10,0.0839
31/07/2026,02:32,139.39,19.19,23.41,9.78,46.46,20.97,-0.85,4.72,1249,1.0268,42.13,0.0838
31/07/2026,02:33,139.40,19.18,23.38,9.77,46.40,21.01,-0.88,4.72,1250,1.0268,42.19,0.0840
31/07/2026,02:34,139.42,19.15,23.39,9.75,46.25,21.00,-0.88,4.71,1249,1.0271,41.93,0.0839
31/07/2026,02:35,139.50,19.15,23.45,9.73,46.24,21.00,-0.88,4.71,1249,1.0269,42.01,0.0841
31/07/2026,02:36,139.46,19.10,23.49,9.71,46.23,21.01,-0.90,4.72,1249,1.0267,41.94,0.0841
31/07/2026,02:37,139.45,19.01,23.47,9.68,46.15,21.01,-0.93,4.74,1247,1.0264,42.02,0.0843
31/07/2026,02:38,139.55,19.01,23.45,9.67,46.20,21.00,-0.93,4.75,1245,1.0257,41.87,0.0845
31/07/2026,02:39,139.56,19.04,23.42,9.70,46.13,20.97,-0.89,4.74,1241,1.0257,41.81,0.0845
31/07/2026,02:40,139.54,19.03,23.41,9.73,46.13,20.97,-0.92,4.74,1241,1.0260,41.89,0.0839
31/07/2026,02:41,139.51,19.02,23.38,9.72,46.17,21.00,-0.90,4.73,1240,1.0260,41.98,0.0846
31/07/2026,02:42,139.47,19.01,23.33,9.73,46.12,21.03,-0.90,4.72,1237,1.0256,41.83,0.0850
31/07/2026,02:43,139.46,19.01,23.32,9.71,46.17,21.04,-0.89,4.73,1236,1.0261,41.90,0.0849
31/07/2026,02:44,139.50,19.06,23.37,9.72,46.20,20.99,-0.89,4.74,1237,1.0261,41.86,0.0852
31/07/2026,02:45,139.45,19.09,23.27,9.72,46.29,21.02,-0.86,4.77,1235,1.0261,41.76,0.0853
31/07/2026,02:46,139.44,19.10,23.28,9.74,46.25,21.01,-0.87,4.77,1238,1.0261,41.77,0.0855
31/07/2026,02:47,139.42,19.09,23.29,9.74,46.26,21.00,-0.88,4.76,1236,1.0262,41.67,0.0855
31/07/2026,02:48,139.48,19.10,23.30,9.75,46.24,20.99,-0.90,4.78,1238,1.0260,41.61,0.0858
31/07/2026,02:49,139.43,19.07,23.29,9.72,46.16,21.02,-0.92,4.79,1245,1.0259,41.55,0.0859
31/07/2026,02:50,139.45,19.06,23.32,9.77,46.02,21.03,-0.92,4.77,1240,1.0259,41.60,0.0859
31/07/2026,02:51,139.48,19.05,23.24,9.76,46.13,21.05,-0.93,4.76,1244,1.0258,41.52,0.0856
31/07/2026,02:52,139.56,18.94,23.25,9.77,46.12,21.05,-0.92,4.75,1242,1.0259,41.60,0.0858
31/07/2026,02:53,139.56,18.96,23.31,9.77,46.10,21.00,-0.92,4.75,1243,1.0261,41.59,0.0855
31/07/2026,02:54,139.52,18.92,23.37,9.75,46.12,20.99,-0.89,4.74,1247,1.0258,41.66,0.0851
31/07/2026,02:55,139.46,18.91,23.38,9.75,46.04,20.99,-0.89,4.74,1244,1.0258,41.67,0.0852
31/07/2026,02:56,139.47,18.88,23.37,9.75,46.14,20.99,-0.89,4.74,1244,1.0255,41.58,0.0855
31/07/2026,02:57,139.48,18.90,23.35,9.74,46.02,21.01,-0.92,4.74,1241,1.0254,41.42,0.0858
31/07/2026,02:58,139.46,18.92,23.35,9.72,46.11,21.06,-0.93,4.73,1243,1.0251,41.43,0.0860
31/07/2026,02:59,139.46,18.91,23.38,9.73,46.06,21.06,-0.92,4.72,1242,1.0248,41.33,0.0866
31/07/2026,03:00,139.42,18.90,23.31,9.71,46.07,21.06,-0.92,4.70,1238,1.0250,41.29,0.0874
31/07/2026,03:01,139.46,18.88,23.29,9.72,45.98,21.06,-0.92,4.70,1243,1.0249,41.33,0.0875
31/07/2026,03:02,139.39,18.91,23.29,9.72,46.07,21.03,-0.91,4.72,1239,1.0247,41.45,0.0879
31/07/2026,03:03,139.39,18.93,23.27,9.74,46.02,21.04,-0.91,4.72,1241,1.0245,41.44,0.0882
31/07/2026,03:04,139.31,18.87,23.29,9.73,46.01,21.08,-0.90,4.73,1241,1.0241,41.43,0.0881
31/07/2026,03:05,139.27,18.85,23.29,9.68,46.07,21.06,-0.88,4.73,1244,1.0240,41.44,0.0884
31/07/2026,03:06,139.37,18.90,23.23,9.71,46.07,21.06,-0.88,4.74,1243,1.0240,41.60,0.0887
31/07/2026,03:07,139.39,18.92,23.25,9.73,46.15,21.03,-0.87,4.74,1245,1.0242,41.59,0.0890
31/07/2026,03:08,139.38,18.90,23.23,9.73,46.11,21.01,-0.89,4.73,1246,1.0242,41.53,0.0894
31/07/2026,03:09,139.34,18.89,23.30,9.72,46.20,20.97,-0.87,4.74,1246,1.0242,41.67,0.0891
31/07/2026,03:10,139.30,18.85,23.29,9.71,46.24,20.95,-0.87,4.73,1243,1.0244,41.59,0.0894
31/07/2026,03:11,139.25,18.87,23.32,9.73,46.38,20.92,-0.86,4.72,1239,1.0245,41.54,0.0899
31/07/2026,03:12,139.27,18.90,23.31,9.75,46.31,20.97,-0.83,4.71,1247,1.0244,41.48,0.0901
31/07/2026,03:13,139.25,18.92,23.38,9.73,46.38,20.96,-0.86,4.72,1244,1.0244,41.49,0.0904
31/07/2026,03:14,139.20,18.90,23.35,9.74,46.27,21.00,-0.83,4.73,1243,1.0248,41.59,0.0908
31/07/2026,03:15,139.17,18.96,23.34,9.75,46.29,20.98,-0.83,4.73,1241,1.0249,41.46,0.0905
31/07/2026,03:16,139.17,18.99,23.30,9.77,46.31,21.00,-0.85,4.72,1236,1.0247,41.52,0.0901
31/07/2026,03:17,139.19,19.02,23.24,9.81,46.14,21.02,-0.87,4.72,1239,1.0249,41.56,0.0900
31/07/2026,03:18,139.19,18.98,23.22,9.81,46.20,21.04,-0.84,4.72,1236,1.0250,41.65,0.0901
31/07/2026,03:19,139.15,18.97,23.19,9.84,46.20,21.04,-0.85,4.71,1236,1.0251,41.77,0.0901
31/07/2026,03:20,139.13,18.97,23.16,9.87,46.24,20.99,-0.84,4.71,1235,1.0250,41.71,0.0898
31/07/2026,03:21,139.16,18.98,23.12,9.83,46.29,20.97,-0.83,4.71,1232,1.0253,41.80,0.0902
31/07/2026,03:22,139.09,18.94,23.16,9.83,46.37,20.95,-0.82,4.71,1230,1.0255,41.82,0.0901
31/07/2026,03:23,139.02,18.93,23.16,9.81,46.31,20.93,-0.78,4.73,1231,1.0257,41.96,0.0904
31/07/2026,03:24,139.07,18.88,23.15,9.80,46.24,20.99,-0.75,4.74,1232,1.0257,41.92,0.0905
31/07/2026,03:25,139.05,18.87,23.12,9.81,46.20,20.94,-0.75,4.74,1232,1.0258,41.84,0.0912
31/07/2026,03:26,139.07,18.84,23.13,9.78,46.27,20.91,-0.78,4.73,1233,1.0258,41.81,0.0912
31/07/2026,03:27,139.07,18.79,23.18,9.78,46.37,20.90,-0.81,4.73,1238,1.0262,41.84,0.0908
31/07/2026,03:28,139.07,18.83,23.19,9.78,46.29,20.88,-0.83,4.73,1238,1.0260,41.82,0.0907
31/07/2026,03:29,139.03,18.83,23.14,9.78,46.28,20.89,-0.79,4.73,1238,1.0259,41.76,0.0907
31/07/2026,03:30,139.00,18.81,23.17,9.76,46.35,20.90,-0.77,4.73,1242,1.0259,41.65,0.0913
31/07/2026,03:31,139.05,18.82,23.24,9.77,46.37,20.90,-0.79,4.74,1243,1.0259,41.80,0.0920
31/07/2026,03:32,139.10,18.83,23.23,9.78,46.35,20.94,-0.82,4.73,1245,1.0253,41.81,0.0924
31/07/2026,03:33,139.06,18.82,23.24,9.80,46.50,20.93,-0.82,4.73,1239,1.0248,41.75,0.0921
31/07/2026,03:34,139.07,18.82,23.25,9.85,46.51,20.88,-0.82,4.72,1238,1.0248,41.83,0.0921
31/07/2026,03:35,139.08,18.81,23.24,9.86,46.45,20.89,-0.81,4.72,1234,1.0252,41.80,0.0923
31/07/2026,03:36,139.04,18.81,23.22,9.86,46.52,20.86,-0.79,4.71,1236,1.0249,41.73,0.0920
31/07/2026,03:37,139.03,18.87,23.24,9.85,46.42,20.85,-0.82,4.72,1240,1.0250,41.76,0.0912
31/07/2026,03:38,139.02,18.84,23.28,9.87,46.41,20.80,-0.82,4.73,1241,1.0251,41.87,0.0908
31/07/2026,03:39,138.99,18.84,23.25,9.88,46.45,20.80,-0.81,4.73,1243,1.0253,41.73,0.0914
31/07/2026,03:40,139.04,18.83,23.33,9.90,46.53,20.79,-0.81,4.72,1244,1.0257,41.61,0.0910
31/07/2026,03:41,138.98,18.79,23.34,9.88,46.56,20.81,-0.81,4.73,1236,1.0259,41.35,0.0907
31/07/2026,03:42,138.96,18.80,23.32,9.90,46.55,20.79,-0.80,4.73,1239,1.0258,41.36,0.0909
31/07/2026,03:43,138.97,18.72,23.24,9.89,46.52,20.76,-0.85,4.73,1233,1.0256,41.32,0.0903
31/07/2026,03:44,139.02,18.73,23.19,9.86,46.54,20.72,-0.85,4.74,1238,1.0261,41.36,0.0904
31/07/2026,03:45,139.02,18.64,23.19,9.82,46.49,20.73,-0.83,4.73,1236,1.0261,41.42,0.0911
31/07/2026,03:46,139.05,18.63,23.17,9.83,46.54,20.68,-0.79,4.73,1232,1.0259,41.50,0.0909
31/07/2026,03:47,139.10,18.65,23.17,9.83,46.73,20.65,-0.79,4.75,1229,1.0261,41.55,0.0909
31/07/2026,03:48,139.07,18.63,23.13,9.80,46.75,20.65,-0.82,4.76,1228,1.0264,41.59,0.0911
31/07/2026,03:49,139.10,18.60,23.10,9.77,46.68,20.61,-0.79,4.76,1227,1.0263,41.60,0.0911
31/07/2026,03:50,139.06,18.63,23.08,9.76,46.61,20.64,-0.78,4.76,1230,1.0264,41.79,0.0911
31/07/2026,03:51,139.13,18.61,23.15,9.74,46.58,20.72,-0.78,4.78,1231,1.0261,41.72,0.0911
31/07/2026,03:52,139.10,18.63,23.11,9.70,46.56,20.76,-0.80,4.76,1229,1.0261,41.71,0.0906
31/07/2026,03:53,139.13,18.65,23.10,9.72,46.52,20.75,-0.81,4.77,1232,1.0260,41.86,0.0909
31/07/2026,03:54,139.09,18.71,23.06,9.72,46.54,20.78,-0.83,4.75,1231,1.0258,41.75,0.0912
31/07/2026,03:55,139.10,18.63,23.08,9.74,46.53,20.77,-0.82,4.74,1234,1.0257,41.71,0.0914
31/07/2026,03:56,139.06,18.70,23.22,9.74,46.43,20.81,-0.81,4.73,1235,1.0261,41.70,0.0909
31/07/2026,03:57,139.10,18.64,23.19,9.75,46.52,20.84,-0.80,4.70,1238,1.0258,41.52,0.0912
31/07/2026,03:58,139.08,18.65,23.20,9.77,46.42,20.87,-0.81,4.71,1232,1.0262,41.63,0.0915
31/07/2026,03:59,139.10,18.67,23.24,9.76,46.39,20.91,-0.79,4.72,1234,1.0259,41.58,0.0914
31/07/2026,04:00,139.11,18.68,23.25,9.74,46.34,20.89,-0.80,4.73,1235,1.0258,41.56,0.0922
31/07/2026,04:01,139.14,18.71,23.25,9.80,46.45,20.86,-0.81,4.73,1234,1.0256,41.65,0.0927
31/07/2026,04:02,139.14,18.66,23.30,9.80,46.58,20.85,-0.81,4.74,1240,1.0256,41.58,0.0923
31/07/2026,04:03,139.12,18.67,23.35,9.79,46.62,20.86,-0.82,4.74,1237,1.0257,41.41,0.0923
31/07/2026,04:04,139.12,18.69,23.31,9.76,46.78,20.88,-0.84,4.74,1233,1.0261,41.43,0.0922
31/07/2026,04:05,139.12,18.66,23.29,9.72,46.72,20.89,-0.84,4.74,1235,1.0261,41.38,0.0923
31/07/2026,04:06,139.04,18.68,23.28,9.67,46.70,20.94,-0.82,4.73,1229,1.0259,41.35,0.0922
31/07/2026,04:07,139.03,18.74,23.26,9.68,46.64,20.94,-0.84,4.72,1231,1.0257,41.36,0.0924
31/07/2026,04:08,139.07,18.71,23.22,9.67,46.52,20.92,-0.83,4.71,1227,1.0254,41.43,0.0919
31/07/2026,04:09,139.08,18.72,23.24,9.69,46.47,20.92,-0.80,4.73,1230,1.0250,41.29,0.0918
31/07/2026,04:10,139.11,18.79,23.23,9.70,46.44,20.92,-0.78,4.73,1229,1.0252,41.23,0.0921
31/07/2026,04:11,139.08,18.81,23.21,9.70,46.46,20.98,-0.78,4.73,1228,1.0251,41.20,0.0920
31/07/2026,04:12,139.05,18.79,23.19,9.72,46.54,20.97,-0.79,4.74,1226,1.0251,41.33,0.0915
31/07/2026,04:13,139.09,18.79,23.15,9.72,46.47,20.97,-0.78,4.73,1229,1.0250,41.34,0.0923
31/07/2026,04:14,139.07,18.79,23.10,9.73,46.57,20.93,-0.80,4.74,1228,1.0251,41.39,0.0916
31/07/2026,04:15,139.13,18.78,23.08,9.80,46.55,20.92,-0.81,4.72,1225,1.0255,41.30,0.0918
31/07/2026,04:16,139.18,18.85,23.08,9.82,46.48,20.91,-0.78,4.70,1228,1.0257,41.30,0.0915
31/07/2026,04:17,139.18,18.83,23.05,9.81,46.36,20.90,-0.77,4.70,1233,1.0258,41.44,0.0913
31/07/2026,04:18,139.14,18.82,23.05,9.82,46.34,20.90,-0.77,4.72,1230,1.0260,41.55,0.0912
31/07/2026,04:19,139.10,18.84,23.07,9.84,46.22,20.87,-0.78,4.73,1231,1.0265,41.62,0.0914
31/07/2026,04:20,139.08,18.81,23.01,9.84,46.30,20.88,-0.78,4.72,1233,1.0267,41.61,0.0916
31/07/2026,04:21,139.06,18.82,23.04,9.85,46.30,20.85,-0.81,4.72,1235,1.0268,41.71,0.0915
31/07/2026,04:22,139.05,18.77,23.00,9.85,46.34,20.85,-0.80,4.72,1239,1.0268,41.79,0.0913
31/07/2026,04:23,139.01,18.76,23.01,9.88,46.28,20.88,-0.82,4.71,1238,1.0268,41.66,0.0916
31/07/2026,04:24,138.97,18.77,23.01,9.89,46.20,20.87,-0.81,4.69,1235,1.0272,41.77,0.0917
31/07/2026,04:25,138.98,18.74,23.06,9.92,46.32,20.90,-0.82,4.69,1235,1.0270,41.82,0.0922
31/07/2026,04:26,138.94,18.68,23.08,9.93,46.25,20.86,-0.83,4.69,1240,1.0268,41.81,0.0918
31/07/2026,04:27,138.99,18.68,23.13,9.95,46.25,20.87,-0.84,4.67,1242,1.0264,41.77,0.0917
31/07/2026,04:28,138.95,18.71,23.17,9.96,46.28,20.85,-0.84,4.69,1242,1.0268,41.73,0.0914
31/07/2026,04:29,138.92,18.66,23.16,9.93,46.30,20.86,-0.84,4.69,1243,1.0263,41.87,0.0919
31/07/2026,04:30,138.88,18.66,23.20,9.92,46.37,20.88,-0.84,4.68,1243,1.0261,41.70,0.0917
31/07/2026,04:31,138.91,18.70,23.19,9.90,46.32,20.89,-0.84,4.67,1243,1.0262,41.65,0.0918
31/07/2026,04:32,138.81,18.71,23.17,9.91,46.27,20.94,-0.85,4.66,1241,1.0263,41.68,0.0921
31/07/2026,04:33,138.86,18.68,23.19,9.91,46.33,20.99,-0.84,4.65,1234,1.0263,41.73,0.0916
31/07/2026,04:34,138.86,18.64,23.22,9.90,46.35,20.99,-0.85,4.66,1232,1.0262,41.65,0.0914
31/07/2026,04:35,138.87,18.67,23.21,9.84,46.33,20.99,-0.83,4.65,1231,1.0260,41.64,0.0916
31/07/2026,04:36,138.86,18.59,23.12,9.85,46.32,20.99,-0.82,4.65,1231,1.0260,41.56,0.0914
31/07/2026,04:37,138.85,18.53,23.15,9.91,46.49,21.02,-0.83,4.66,1231,1.0259,41.46,0.0917
31/07/2026,04:38,138.91,18.53,23.18,9.90,46.39,21.01,-0.85,4.68,1225,1.0260,41.38,0.0913
31/07/2026,04:39,138.92,18.54,23.13,9.93,46.38,21.00,-0.85,4.69,1226,1.0258,41.12,0.0914
31/07/2026,04:40,138.92,18.47,23.11,9.92,46.39,21.01,-0.86,4.69,1229,1.0258,41.19,0.0917
31/07/2026,04:41,138.97,18.50,23.07,9.87,46.50,20.99,-0.88,4.71,1227,1.0261,41.22,0.0922
31/07/2026,04:42,138.92,18.62,23.06,9.90,46.44,20.98,-0.88,4.72,1228,1.0260,41.14,0.0918
31/07/2026,04:43,138.89,18.63,22.98,9.91,46.44,21.00,-0.88,4.71,1227,1.0261,41.11,0.0925
31/07/2026,04:44,138.87,18.58,23.05,9.87,46.35,21.04,-0.86,4.68,1225,1.0263,41.16,0.0929
31/07/2026,04:45,138.84,18.61,23.03,9.89,46.23,21.00,-0.84,4.68,1225,1.0262,41.16,0.0935
31/07/2026,04:46,138.83,18.62,23.04,9.88,46.21,20.95,-0.85,4.68,1228,1.0265,41.25,0.0938
31/07/2026,04:47,138.82,18.70,23.04,9.87,46.21,20.93,-0.83,4.68,1227,1.0265,41.31,0.0936
31/07/2026,04:48,138.83,18.70,23.02,9.89,46.29,20.91,-0.82,4.69,1232,1.0266,41.30,0.0942
31/07/2026,04:49,138.80,18.71,23.02,9.92,46.34,20.88,-0.81,4.70,1231,1.0268,41.34,0.0947
31/07/2026,04:50,138.84,18.73,23.03,9.91,46.23,20.91,-0.80,4.70,1231,1.0268,41.39,0.0944
31/07/2026,04:51,138.88,18.77,23.02,9.93,46.23,20.94,-0.79,4.71,1233,1.0271,41.40,0.0941
31/07/2026,04:52,138.94,18.76,23.07,9.93,46.26,20.92,-0.80,4.72,1231,1.0276,41.41,0.0939
31/07/2026,04:53,138.84,18.75,23.09,9.97,46.31,20.93,-0.79,4.73,1231,1.0273,41.55,0.0937
31/07/2026,04:54,138.75,18.71,23.09,9.94,46.26,20.93,-0.78,4.72,1235,1.0270,41.57,0.0935
31/07/2026,04:55,138.72,18.69,23.08,9.95,46.34,20.90,-0.80,4.72,1237,1.0269,41.53,0.0929
31/07/2026,04:56,138.79,18.68,23.07,9.96,46.34,20.91,-0.78,4.72,1232,1.0268,41.48,0.0926
31/07/2026,04:57,138.78,18.70,23.08,9.97,46.40,20.88,-0.78,4.71,1235,1.0271,41.60,0.0926
31/07/2026,04:58,138.84,18.74,23.08,9.96,46.27,20.90,-0.77,4.72,1234,1.0268,41.50,0.0926
31/07/2026,04:59,138.79,18.75,23.09,9.97,46.27,20.88,-0.77,4.71,1237,1.0266,41.49,0.0921
31/07/2026,05:00,138.76,18.80,23.12,10.00,46.37,20.87,-0.78,4.71,1235,1.0267,41.32,0.0922
31/07/2026,05:01,138.91,18.80,23.13,9.99,46.40,20.83,-0.76,4.72,1234,1.0264,41.28,0.0927
31/07/2026,05:02,138.95,18.82,23.09,10.00,46.44,20.86,-0.80,4.72,1237,1.0266,41.42,0.0931
31/07/2026,05:03,139.02,18.85,23.11,10.00,46.45,20.84,-0.80,4.72,1237,1.0264,41.46,0.0932
31/07/2026,05:04,138.93,18.84,23.16,10.00,46.40,20.81,-0.79,4.72,1239,1.0264,41.35,0.0930
31/07/2026,05:05,138.95,18.80,23.16,10.01,46.48,20.84,-0.78,4.73,1236,1.0262,41.56,0.0929
31/07/2026,05:06,138.89,18.84,23.20,10.00,46.47,20.82,-0.77,4.73,1237,1.0262,41.56,0.0922
31/07/2026,05:07,138.88,18.83,23.17,10.03,46.56,20.80,-0.79,4.73,1238,1.0260,41.62,0.0915
31/07/2026,05:08,138.86,18.77,23.13,10.01,46.61,20.76,-0.78,4.73,1238,1.0259,41.64,0.0915
31/07/2026,05:09,138.87,18.76,23.17,10.04,46.75,20.80,-0.77,4.72,1238,1.0260,41.60,0.0916
31/07/2026,05:10,138.89,18.79,23.26,9.98,46.69,20.80,-0.82,4.73,1244,1.0258,41.75,0.0921
31/07/2026,05:11,138.94,18.75,23.18,9.95,46.63,20.82,-0.82,4.72,1241,1.0257,41.83,0.0925
31/07/2026,05:12,139.02,18.70,23.26,9.92,46.63,20.80,-0.79,4.71,1247,1.0261,41.77,0.0925
31/07/2026,05:13,139.08,18.71,23.34,9.91,46.64,20.82,-0.79,4.70,1251,1.0257,41.74,0.0928
31/07/2026,05:14,139.04,18.69,23.36,9.89,46.68,20.82,-0.79,4.69,1250,1.0256,41.74,0.0933
31/07/2026,05:15,138.99,18.71,23.35,9.91,46.66,20.82,-0.82,4.70,1246,1.0259,41.78,0.0929
31/07/2026,05:16,138.96,18.69,23.33,9.88,46.73,20.82,-0.85,4.70,1244,1.0260,41.89,0.0933
31/07/2026,05:17,138.90,18.75,23.30,9.90,46.68,20.84,-0.83,4.71,1238,1.0263,41.79,0.0933
31/07/2026,05:18,138.95,18.75,23.27,9.89,46.63,20.84,-0.82,4.72,1235,1.0260,41.79,0.0931
31/07/2026,05:19,138.89,18.78,23.25,9.88,46.51,20.83,-0.84,4.70,1236,1.0258,41.75,0.0931
31/07/2026,05:20,138.88,18.80,23.18,9.87,46.47,20.81,-0.87,4.71,1237,1.0261,41.78,0.0931
31/07/2026,05:21,138.81,18.79,23.24,9.84,46.44,20.83,-0.86,4.70,1237,1.0258,41.79,0.0930
31/07/2026,05:22,138.77,18.76,23.27,9.85,46.50,20.84,-0.87,4.70,1236,1.0257,41.74,0.0929
31/07/2026,05:23,138.78,18.80,23.20,9.85,46.52,20.85,-0.89,4.70,1234,1.0256,41.67,0.0937
31/07/2026,05:24,138.78,18.83,23.28,9.85,46.42,20.83,-0.89,4.72,1236,1.0258,41.52,0.0937
31/07/2026,05:25,138.80,18.85,23.25,9.86,46.33,20.82,-0.88,4.72,1239,1.0253,41.40,0.0931
31/07/2026,05:26,138.69,18.88,23.26,9.86,46.37,20.83,-0.88,4.70,1235,1.0251,41.56,0.0930
31/07/2026,05:27,138.66,18.93,23.24,9.84,46.34,20.86,-0.89,4.71,1231,1.0254,41.58,0.0928
31/07/2026,05:28,138.65,18.98,23.29,9.83,46.36,20.87,-0.85,4.71,1230,1.0255,41.53,0.0933
31/07/2026,05:29,138.67,18.95,23.25,9.83,46.31,20.90,-0.87,4.69,1232,1.0253,41.42,0.0933
31/07/2026,05:30,138.73,18.95,23.24,9.84,46.25,20.89,-0.88,4.71,1231,1.0250,41.42,0.0930
31/07/2026,05:31,138.71,18.94,23.21,9.84,46.28,20.88,-0.83,4.70,1235,1.0249,41.43,0.0931
31/07/2026,05:32,138.78,18.98,23.20,9.88,46.22,20.86,-0.82,4.72,1232,1.0247,41.38,0.0933
31/07/2026,05:33,138.77,19.01,23.24,9.82,46.12,20.84,-0.85,4.71,1232,1.0251,41.33,0.0929
31/07/2026,05:34,138.82,18.99,23.31,9.86,46.30,20.86,-0.87,4.74,1231,1.0250,41.26,0.0930
31/07/2026,05:35,138.77,18.98,23.28,9.85,46.24,20.87,-0.88,4.74,1233,1.0249,41.20,0.0931
31/07/2026,05:36,138.71,19.02,23.29,9.82,46.23,20.86,-0.86,4.73,1238,1.0247,41.24,0.0930
31/07/2026,05:37,138.71,19.07,23.30,9.81,46.06,20.87,-0.84,4.72,1239,1.0247,41.10,0.0928
31/07/2026,05:38,138.71,19.08,23.31,9.81,46.12,20.93,-0.82,4.72,1243,1.0249,41.12,0.0922
31/07/2026,05:39,138.69,19.03,23.29,9.83,46.02,20.94,-0.85,4.72,1243,1.0252,41.23,0.0917
31/07/2026,05:40,138.64,19.03,23.26,9.87,46.07,20.95,-0.83,4.72,1240,1.0250,41.38,0.0920
31/07/2026,05:41,138.59,18.97,23.20,9.88,46.18,20.90,-0.81,4.71,1238,1.0249,41.27,0.0923
31/07/2026,05:42,138.67,19.00,23.21,9.90,46.24,20.90,-0.81,4.73,1239,1.0250,41.25,0.0923
31/07/2026,05:43,138.71,19.08,23.14,9.91,46.29,20.90,-0.80,4.72,1237,1.0246,41.32,0.0927
31/07/2026,05:44,138.76,19.02,23.19,9.91,46.19,20.89,-0.82,4.73,1239,1.0243,41.43,0.0924
31/07/2026,05:45,138.77,19.05,23.19,9.90,46.34,20.92,-0.83,4.74,1239,1.0246,41.35,0.0919
31/07/2026,05:46,138.77,19.04,23.23,9.89,46.33,20.92,-0.84,4.74,1243,1.0248,41.40,0.0914
31/07/2026,05:47,138.77,19.04,23.21,9.92,46.24,20.90,-0.80,4.74,1241,1.0249,41.33,0.0912
31/07/2026,05:48,138.82,19.05,23.22,9.91,46.20,20.87,-0.83,4.73,1244,1.0251,41.40,0.0910
31/07/2026,05:49,138.77,19.06,23.18,9.90,46.15,20.95,-0.84,4.73,1243,1.0254,41.43,0.0909
31/07/2026,05:50,138.78,19.09,23.21,9.93,46.32,20.96,-0.84,4.73,1241,1.0252,41.47,0.0915
31/07/2026,05:51,138.77,19.11,23.26,9.95,46.30,20.96,-0.86,4.74,1239,1.0249,41.42,0.0913
31/07/2026,05:52,138.78,19.12,23.28,9.96,46.24,20.93,-0.86,4.74,1241,1.0248,41.52,0.0915
31/07/2026,05:53,138.80,19.12,23.20,9.97,46.34,20.89,-0.86,4.74,1241,1.0251,41.60,0.0914
31/07/2026,05:54,138.83,19.09,23.20,9.94,46.41,20.87,-0.87,4.74,1240,1.0254,41.54,0.0915
31/07/2026,05:55,138.90,19.04,23.15,9.95,46.32,20.89,-0.87,4.73,1233,1.0254,41.52,0.0909
31/07/2026,05:56,138.93,19.07,23.16,9.97,46.31,20.89,-0.87,4.74,1230,1.0251,41.52,0.0909
31/07/2026,05:57,138.98,19.09,23.15,9.96,46.46,20.90,-0.85,4.75,1227,1.0248,41.41,0.0911
31/07/2026,05:58,138.93,19.11,23.11,9.92,46.39,20.92,-0.87,4.76,1227,1.0250,41.35,0.0914
31/07/2026,05:59,138.90,19.12,23.17,9.93,46.38,20.88,-0.85,4.76,1230,1.0251,41.33,0.0915
31/07/2026,06:00,138.83,19.11,23.18,10.00,46.46,20.85,-0.84,4.76,1229,1.0253,41.31,0.0916
31/07/2026,06:01,138.84,19.05,23.12,10.03,46.43,20.86,-0.83,4.77,1233,1.0253,41.26,0.0919
31/07/2026,06:02,138.84,19.16,23.15,10.04,46.47,20.91,-0.82,4.77,1233,1.0253,41.25,0.0915
31/07/2026,06:03,138.89,19.12,23.21,10.02,46.48,20.87,-0.80,4.79,1241,1.0249,41.29,0.0914
31/07/2026,06:04,138.95,19.10,23.22,10.05,46.40,20.85,-0.79,4.79,1243,1.0250,41.17,0.0919
31/07/2026,06:05,139.02,19.11,23.21,10.07,46.36,20.87,-0.79,4.80,1245,1.0253,41.13,0.0918
31/07/2026,06:06,138.97,19.07,23.31,10.06,46.30,20.87,-0.80,4.80,1254,1.0256,41.14,0.0927
31/07/2026,06:07,138.93,19.15,23.40,10.06,46.31,20.81,-0.81,4.81,1255,1.0254,41.04,0.0926
31/07/2026,06:08,138.93,19.20,23.42,10.08,46.40,20.81,-0.80,4.82,1257,1.0252,41.00,0.0924
31/07/2026,06:09,138.86,19.25,23.44,10.09,46.37,20.80,-0.84,4.84,1260,1.0251,41.06,0.0931
31/07/2026,06:10,138.99,19.29,23.50,10.06,46.37,20.80,-0.85,4.82,1260,1.0251,41.05,0.0927
31/07/2026,06:11,138.96,19.25,23.51,10.05,46.33,20.75,-0.89,4.85,1263,1.0254,41.09,0.0932
31/07/2026,06:12,139.07,19.33,23.53,10.09,46.37,20.77,-0.89,4.87,1267,1.0252,40.94,0.0934
31/07/2026,06:13,139.14,19.34,23.57,10.09,46.33,20.74,-0.90,4.87,1266,1.0253,41.00,0.0920
31/07/2026,06:14,139.20,19.33,23.61,10.11,46.34,20.77,-0.91,4.88,1264,1.0252,40.97,0.0919
31/07/2026,06:15,139.14,19.32,23.65,10.09,46.41,20.79,-0.95,4.90,1265,1.0249,41.01,0.0914
31/07/2026,06:16,139.12,19.34,23.70,10.09,46.46,20.77,-0.97,4.91,1265,1.0252,41.05,0.0908
31/07/2026,06:17,139.14,19.34,23.70,10.09,46.44,20.76,-1.01,4.92,1261,1.0258,40.92,0.0912
31/07/2026,06:18,139.19,19.38,23.68,10.10,46.55,20.77,-1.01,4.93,1261,1.0257,41.04,0.0913
31/07/2026,06:19,139.31,19.42,23.70,10.12,46.51,20.82,-0.99,4.92,1265,1.0259,41.18,0.0913
31/07/2026,06:20,139.32,19.39,23.65,10.11,46.37,20.77,-1.00,4.94,1272,1.0260,41.28,0.0911
31/07/2026,06:21,139.39,19.42,23.74,10.12,46.33,20.77,-1.02,4.94,1277,1.0262,41.22,0.0911
31/07/2026,06:22,139.45,19.38,23.80,10.15,46.35,20.81,-1.05,4.93,1278,1.0262,41.25,0.0911
31/07/2026,06:23,139.47,19.37,23.81,10.17,46.42,20.80,-1.09,4.92,1278,1.0263,41.28,0.0911
31/07/2026,06:24,139.52,19.39,23.87,10.17,46.48,20.76,-1.11,4.91,1277,1.0264,41.43,0.0908
31/07/2026,06:25,139.40,19.38,24.00,10.19,46.51,20.78,-1.15,4.90,1275,1.0263,41.39,0.0917
31/07/2026,06:26,139.48,19.41,23.96,10.17,46.56,20.79,-1.14,4.90,1275,1.0265,41.32,0.0919
31/07/2026,06:27,139.51,19.41,23.99,10.16,46.57,20.78,-1.13,4.91,1273,1.0264,41.21,0.0920
31/07/2026,06:28,139.54,19.45,23.97,10.16,46.56,20.79,-1.10,4.90,1267,1.0267,41.17,0.0916
31/07/2026,06:29,139.54,19.48,23.98,10.14,46.61,20.79,-1.12,4.90,1271,1.0265,41.41,0.0915
31/07/2026,06:30,139.61,19.45,24.01,10.14,46.62,20.76,-1.10,4.89,1277,1.0265,41.30,0.0916
31/07/2026,06:31,139.50,19.48,24.07,10.19,46.63,20.76,-1.09,4.88,1278,1.0265,41.28,0.0914
31/07/2026,06:32,139.51,19.50,24.07,10.21,46.70,20.75,-1.09,4.89,1276,1.0268,41.32,0.0917
31/07/2026,06:33,139.48,19.57,24.06,10.24,46.80,20.74,-1.08,4.89,1277,1.0268,41.27,0.0913
31/07/2026,06:34,139.51,19.46,24.15,10.29,46.76,20.69,-1.07,4.88,1276,1.0270,41.29,0.0914
31/07/2026,06:35,139.54,19.43,24.16,10.30,46.81,20.66,-1.06,4.87,1277,1.0271,41.28,0.0907
31/07/2026,06:36,139.56,19.48,24.14,10.28,46.86,20.67,-1.08,4.87,1269,1.0271,41.40,0.0908
31/07/2026,06:37,139.54,19.51,24.13,10.28,46.84,20.66,-1.04,4.89,1267,1.0268,41.37,0.0903
31/07/2026,06:38,139.49,19.50,24.07,10.29,46.80,20.63,-1.06,4.89,1268,1.0271,41.42,0.0901
31/07/2026,06:39,139.48,19.45,24.12,10.32,46.82,20.60,-1.04,4.88,1265,1.0272,41.41,0.0905
31/07/2026,06:40,139.47,19.47,24.09,10.37,46.85,20.62,-1.02,4.88,1262,1.0274,41.49,0.0898
31/07/2026,06:41,139.54,19.48,24.04,10.36,46.82,20.61,-1.00,4.88,1261,1.0271,41.63,0.0899
31/07/2026,06:42,139.47,19.55,24.06,10.37,46.80,20.61,-0.98,4.88,1262,1.0271,41.73,0.0894
31/07/2026,06:43,139.49,19.59,24.07,10.36,46.70,20.60,-0.97,4.88,1265,1.0273,41.86,0.0898
31/07/2026,06:44,139.50,19.64,23.98,10.37,46.63,20.60,-1.03,4.89,1262,1.0274,41.72,0.0902
31/07/2026,06:45,139.43,19.67,24.00,10.38,46.81,20.59,-1.02,4.89,1263,1.0275,41.68,0.0905
31/07/2026,06:46,139.35,19.62,23.94,10.37,46.86,20.58,-1.01,4.89,1263,1.0271,41.66,0.0898
31/07/2026,06:47,139.36,19.68,23.87,10.38,46.87,20.57,-0.99,4.90,1262,1.0273,41.63,0.0898
31/07/2026,06:48,139.36,19.73,23.90,10.35,46.84,20.52,-1.01,4.89,1260,1.0269,41.56,0.0895
31/07/2026,06:49,139.43,19.75,23.84,10.36,46.94,20.54,-1.02,4.88,1264,1.0271,41.56,0.0900
31/07/2026,06:50,139.44,19.73,23.85,10.39,46.96,20.51,-1.00,4.88,1264,1.0271,41.70,0.0898
31/07/2026,06:51,139.53,19.78,23.87,10.43,46.91,20.49,-0.99,4.89,1265,1.0270,41.51,0.0902
31/07/2026,06:52,139.55,19.80,23.83,10.46,46.80,20.49,-1.02,4.88,1267,1.0269,41.59,0.0906
31/07/2026,06:53,139.51,19.76,23.81,10.45,46.76,20.51,-1.00,4.90,1269,1.0265,41.47,0.0907
31/07/2026,06:54,139.54,19.74,23.89,10.43,46.75,20.53,-1.01,4.89,1269,1.0264,41.58,0.0912
31/07/2026,06:55,139.52,19.76,23.81,10.39,46.74,20.50,-1.01,4.89,1264,1.0263,41.71,0.0911
31/07/2026,06:56,139.58,19.79,23.79,10.37,46.72,20.52,-1.02,4.89,1268,1.0264,41.76,0.0916
31/07/2026,06:57,139.57,19.77,23.83,10.36,46.73,20.50,-0.99,4.88,1269,1.0264,41.71,0.0916
31/07/2026,06:58,139.59,19.78,23.82,10.38,46.70,20.48,-1.01,4.89,1265,1.0262,41.73,0.0914
31/07/2026,06:59,139.60,19.79,23.87,10.38,46.65,20.48,-1.00,4.91,1262,1.0260,41.71,0.0912
31/07/2026,07:00,139.63,19.82,23.91,10.42,46.73,20.46,-1.02,4.89,1265,1.0259,41.77,0.0909
31/07/2026,07:01,139.71,19.80,23.99,10.46,46.80,20.49,-1.03,4.90,1268,1.0260,41.89,0.0909
31/07/2026,07:02,139.73,19.81,23.98,10.44,46.68,20.47,-1.05,4.89,1269,1.0261,41.76,0.0909
31/07/2026,07:03,139.73,19.84,23.99,10.42,46.61,20.52,-1.02,4.90,1272,1.0261,41.88,0.0910
31/07/2026,07:04,139.71,19.87,23.96,10.41,46.59,20.52,-1.06,4.90,1275,1.0264,41.98,0.0909
31/07/2026,07:05,139.71,19.89,24.03,10.34,46.49,20.52,-1.05,4.89,1279,1.0263,41.99,0.0910
31/07/2026,07:06,139.73,19.92,24.02,10.36,46.57,20.51,-1.06,4.90,1276,1.0266,41.99,0.0912
31/07/2026,07:07,139.69,19.89,24.02,10.41,46.55,20.56,-1.06,4.90,1279,1.0262,42.00,0.0914
31/07/2026,07:08,139.69,19.97,24.04,10.43,46.58,20.55,-1.07,4.90,1277,1.0263,41.98,0.0921
31/07/2026,07:09,139.68,19.93,24.04,10.40,46.61,20.52,-1.07,4.90,1281,1.0263,42.03,0.0920
31/07/2026,07:10,139.69,19.93,24.06,10.39,46.59,20.51,-1.05,4.90,1280,1.0265,41.96,0.0921
31/07/2026,07:11,139.67,19.95,24.08,10.46,46.81,20.50,-1.08,4.89,1281,1.0268,42.03,0.0928
31/07/2026,07:12,139.70,19.92,24.03,10.42,46.71,20.53,-1.06,4.90,1279,1.0269,42.08,0.0929
31/07/2026,07:13,139.71,19.88,23.95,10.43,46.76,20.53,-1.03,4.89,1278,1.0272,42.03,0.0926
31/07/2026,07:14,139.57,19.88,23.97,10.41,46.64,20.52,-1.05,4.89,1276,1.0270,42.01,0.0921
31/07/2026,07:15,139.55,19.86,23.92,10.40,46.69,20.49,-1.06,4.90,1269,1.0271,42.07,0.0919
31/07/2026,07:16,139.66,19.91,23.93,10.39,46.65,20.45,-1.06,4.91,1271,1.0270,41.97,0.0921
31/07/2026,07:17,139.69,19.97,23.94,10.41,46.51,20.44,-1.06,4.91,1269,1.0270,41.81,0.0921
31/07/2026,07:18,139.69,19.97,23.96,10.40,46.58,20.45,-1.06,4.91,1268,1.0266,41.70,0.0921
31/07/2026,07:19,139.76,19.95,24.00,10.37,46.63,20.48,-1.08,4.94,1270,1.0262,41.69,0.0914
31/07/2026,07:20,139.67,19.90,24.04,10.38,46.67,20.44,-1.08,4.94,1263,1.0265,41.60,0.0907
31/07/2026,07:21,139.78,19.91,24.06,10.41,46.54,20.42,-1.07,4.94,1266,1.0268,41.66,0.0902
31/07/2026,07:22,139.77,20.00,23.99,10.42,46.54,20.44,-1.04,4.94,1265,1.0271,41.53,0.0908
31/07/2026,07:23,139.69,19.99,23.95,10.41,46.49,20.44,-1.05,4.92,1267,1.0267,41.68,0.0907
31/07/2026,07:24,139.69,20.00,23.92,10.38,46.40,20.42,-1.07,4.91,1269,1.0271,41.76,0.0904
31/07/2026,07:25,139.76,20.07,23.94,10.41,46.40,20.43,-1.05,4.91,1271,1.0269,41.80,0.0908
31/07/2026,07:26,139.74,20.09,23.93,10.44,46.42,20.41,-1.05,4.90,1271,1.0271,42.03,0.0910
31/07/2026,07:27,139.69,20.11,23.99,10.43,46.46,20.44,-1.08,4.90,1274,1.0267,42.24,0.0913
31/07/2026,07:28,139.66,20.11,23.98,10.44,46.37,20.44,-1.06,4.88,1278,1.0268,42.14,0.0908
31/07/2026,07:29,139.71,20.15,24.04,10.43,46.42,20.44,-1.07,4.87,1279,1.0267,42.21,0.0907
31/07/2026,07:30,139.64,20.19,24.04,10.44,46.49,20.47,-1.09,4.86,1275,1.0265,42.27,0.0903
31/07/2026,07:31,139.67,20.23,24.06,10.48,46.53,20.46,-1.08,4.87,1269,1.0264,42.33,0.0903
31/07/2026,07:32,139.61,20.22,24.11,10.45,46.56,20.43,-1.07,4.86,1271,1.0265,42.16,0.0904
31/07/2026,07:33,139.57,20.21,24.12,10.43,46.60,20.41,-1.07,4.87,1271,1.0264,42.19,0.0908
31/07/2026,07:34,139.52,20.21,24.12,10.37,46.57,20.37,-1.08,4.86,1272,1.0264,42.13,0.0910
31/07/2026,07:35,139.50,20.24,24.12,10.35,46.64,20.38,-1.05,4.87,1270,1.0266,42.09,0.0915
31/07/2026,07:36,139.55,20.27,24.13,10.35,46.63,20.39,-1.09,4.87,1271,1.0265,42.00,0.0914
31/07/2026,07:37,139.57,20.23,24.08,10.31,46.61,20.38,-1.10,4.87,1272,1.0271,41.97,0.0916
31/07/2026,07:38,139.61,20.26,24.08,10.30,46.63,20.43,-1.09,4.87,1275,1.0270,41.99,0.0914
31/07/2026,07:39,139.60,20.26,24.03,10.30,46.77,20.43,-1.10,4.87,1275,1.0268,41.94,0.0912
31/07/2026,07:40,139.69,20.33,24.04,10.26,46.80,20.42,-1.08,4.88,1272,1.0267,41.79,0.0906
31/07/2026,07:41,139.75,20.22,24.03,10.32,46.85,20.44,-1.10,4.87,1274,1.0271,41.76,0.0910
31/07/2026,07:42,139.82,20.25,24.07,10.31,46.80,20.45,-1.07,4.86,1270,1.0271,41.78,0.0906
31/07/2026,07:43,139.84,20.25,24.03,10.28,46.88,20.45,-1.08,4.87,1265,1.0273,41.72,0.0905
31/07/2026,07:44,139.81,20.32,24.06,10.29,46.84,20.49,-1.11,4.86,1268,1.0271,41.56,0.0906
31/07/2026,07:45,139.71,20.36,24.04,10.34,46.96,20.47,-1.11,4.87,1267,1.0269,41.67,0.0905
31/07/2026,07:46,139.64,20.39,24.01,10.38,46.96,20.48,-1.09,4.86,1264,1.0266,41.70,0.0898
31/07/2026,07:47,139.63,20.37,24.02,10.38,46.97,20.53,-1.07,4.85,1266,1.0267,41.80,0.0896
31/07/2026,07:48,139.61,20.40,24.02,10.38,46.88,20.51,-1.04,4.86,1268,1.0266,41.87,0.0889
31/07/2026,07:49,139.62,20.47,24.03,10.38,46.91,20.51,-1.06,4.86,1267,1.0269,41.84,0.0889
31/07/2026,07:50,139.62,20.52,23.99,10.38,46.83,20.54,-1.06,4.87,1273,1.0272,41.85,0.0886
31/07/2026,07:51,139.60,20.53,23.98,10.35,46.73,20.52,-1.06,4.86,1270,1.0273,41.79,0.0888
31/07/2026,07:52,139.61,20.57,23.95,10.41,46.82,20.46,-1.07,4.84,1269,1.0274,41.82,0.0889
31/07/2026,07:53,139.57,20.57,23.92,10.40,46.73,20.45,-1.05,4.85,1271,1.0269,41.75,0.0891
31/07/2026,07:54,139.56,20.63,23.95,10.40,46.84,20.46,-1.04,4.87,1275,1.0266,41.82,0.0885
31/07/2026,07:55,139.66,20.67,23.95,10.41,46.88,20.48,-1.01,4.89,1271,1.0266,41.96,0.0886
31/07/2026,07:56,139.61,20.64,23.97,10.41,46.97,20.43,-0.99,4.88,1268,1.0269,41.76,0.0882
31/07/2026,07:57,139.62,20.63,24.02,10.40,47.04,20.44,-0.99,4.88,1272,1.0267,41.81,0.0885
31/07/2026,07:58,139.67,20.68,24.01,10.38,47.15,20.44,-1.01,4.86,1271,1.0268,41.70,0.0887
31/07/2026,07:59,139.64,20.70,24.03,10.40,47.16,20.42,-1.01,4.86,1272,1.0271,41.80,0.0888
31/07/2026,08:00,139.63,20.72,24.06,10.41,47.23,20.40,-1.00,4.85,1270,1.0272,41.92,0.0891
31/07/2026,08:01,139.57,20.77,24.04,10.42,47.15,20.41,-1.00,4.86,1273,1.0274,41.93,0.0888
31/07/2026,08:02,139.61,20.87,24.00,10.40,47.09,20.38,-1.01,4.88,1274,1.0277,41.81,0.0887
31/07/2026,08:03,139.56,20.88,24.01,10.39,47.03,20.38,-1.02,4.88,1274,1.0274,41.84,0.0890
31/07/2026,08:04,139.52,20.91,23.97,10.39,47.03,20.38,-0.99,4.88,1272,1.0272,41.70,0.0892
31/07/2026,08:05,139.49,20.88,23.92,10.37,46.94,20.37,-1.01,4.88,1271,1.0269,41.74,0.0894
31/07/2026,08:06,139.52,20.94,23.89,10.39,46.95,20.35,-1.02,4.87,1270,1.0271,41.70,0.0894
31/07/2026,08:07,139.56,20.96,23.90,10.36,46.91,20.38,-1.01,4.86,1271,1.0269,41.65,0.0897
31/07/2026,08:08,139.52,20.95,23.96,10.35,46.88,20.36,-1.02,4.86,1275,1.0266,41.70,0.0902
31/07/2026,08:09,139.50,20.91,23.95,10.39,46.93,20.35,-1.03,4.85,1278,1.0267,41.57,0.0906
31/07/2026,08:10,139.58,20.90,23.96,10.37,46.98,20.31,-1.06,4.85,1281,1.0268,41.45,0.0903
31/07/2026,08:11,139.61,20.98,24.00,10.36,46.94,20.32,-1.08,4.86,1285,1.0268,41.54,0.0906
31/07/2026,08:12,139.52,20.97,24.00,10.40,47.03,20.31,-1.10,4.86,1284,1.0267,41.48,0.0900
31/07/2026,08:13,139.55,21.03,23.98,10.37,46.96,20.31,-1.10,4.86,1282,1.0264,41.40,0.0902
31/07/2026,08:14,139.48,21.02,24.01,10.46,46.92,20.34,-1.10,4.85,1287,1.0268,41.47,0.0903
31/07/2026,08:15,139.44,20.97,24.12,10.44,47.04,20.32,-1.13,4.86,1292,1.0267,41.58,0.0902
31/07/2026,08:16,139.38,20.98,24.15,10.40,47.05,20.32,-1.12,4.87,1291,1.0265,41.57,0.0903
31/07/2026,08:17,139.47,21.01,24.14,10.40,47.08,20.33,-1.11,4.88,1288,1.0265,41.47,0.0912
31/07/2026,08:18,139.54,21.03,24.18,10.39,46.96,20.32,-1.13,4.87,1286,1.0264,41.47,0.0908
31/07/2026,08:19,139.56,20.98,24.23,10.39,46.87,20.33,-1.10,4.87,1282,1.0263,41.37,0.0913
31/07/2026,08:20,139.49,21.04,24.15,10.40,46.79,20.30,-1.08,4.89,1279,1.0262,41.33,0.0909
31/07/2026,08:21,139.47,21.05,24.14,10.46,46.83,20.28,-1.06,4.88,1279,1.0262,41.27,0.0913
31/07/2026,08:22,139.42,21.06,24.16,10.47,46.95,20.23,-1.07,4.88,1277,1.0264,41.45,0.0914
31/07/2026,08:23,139.45,21.00,24.16,10.42,47.04,20.24,-1.07,4.88,1273,1.0264,41.49,0.0909
31/07/2026,08:24,139.43,21.02,24.20,10.45,47.07,20.26,-1.06,4.88,1276,1.0267,41.59,0.0909
31/07/2026,08:25,139.40,21.04,24.20,10.44,47.03,20.25,-1.07,4.88,1275,1.0267,41.62,0.0908
31/07/2026,08:26,139.39,21.07,24.16,10.45,47.05,20.28,-1.06,4.89,1273,1.0265,41.69,0.0909
31/07/2026,08:27,139.35,21.13,24.18,10.44,46.93,20.29,-1.02,4.87,1271,1.0267,41.78,0.0908
31/07/2026,08:28,139.36,21.09,24.14,10.45,47.10,20.26,-1.03,4.88,1268,1.0263,41.80,0.0907
31/07/2026,08:29,139.38,21.12,24.09,10.43,47.15,20.25,-1.06,4.89,1266,1.0263,41.85,0.0906
31/07/2026,08:30,139.32,21.19,24.05,10.41,47.14,20.26,-1.06,4.89,1268,1.0264,41.81,0.0898
31/07/2026,08:31,139.25,21.22,24.03,10.40,47.20,20.26,-1.07,4.91,1271,1.0265,41.76,0.0897
31/07/2026,08:32,139.28,21.21,24.06,10.40,47.21,20.25,-1.07,4.91,1272,1.0265,41.67,0.0896
31/07/2026,08:33,139.27,21.21,24.09,10.40,47.21,20.26,-1.09,4.89,1274,1.0268,41.49,0.0896
31/07/2026,08:34,139.27,21.22,24.11,10.41,47.21,20.28,-1.08,4.88,1275,1.0268,41.49,0.0899
31/07/2026,08:35,139.27,21.23,24.12,10.38,47.19,20.26,-1.05,4.88,1281,1.0266,41.53,0.0895
31/07/2026,08:36,139.34,21.18,24.13,10.38,47.17,20.26,-1.11,4.88,1284,1.0272,41.60,0.0893
31/07/2026,08:37,139.37,21.25,24.10,10.35,47.22,20.24,-1.10,4.87,1283,1.0273,41.63,0.0894
31/07/2026,08:38,139.46,21.24,24.14,10.38,47.32,20.21,-1.12,4.88,1289,1.0271,41.70,0.0893
31/07/2026,08:39,139.51,21.30,24.12,10.40,47.41,20.17,-1.12,4.87,1291,1.0274,41.83,0.0895
31/07/2026,08:40,139.57,21.37,24.11,10.38,47.32,20.16,-1.12,4.87,1292,1.0277,41.68,0.0896
31/07/2026,08:41,139.54,21.40,24.19,10.42,47.42,20.17,-1.13,4.86,1291,1.0278,41.60,0.0902
31/07/2026,08:42,139.54,21.41,24.11,10.42,47.56,20.18,-1.12,4.88,1283,1.0279,41.54,0.0904
31/07/2026,08:43,139.50,21.43,24.17,10.46,47.65,20.20,-1.11,4.86,1280,1.0281,41.51,0.0896
31/07/2026,08:44,139.45,21.46,24.14,10.49,47.59,20.20,-1.10,4.87,1280,1.0280,41.44,0.0899
31/07/2026,08:45,139.51,21.48,24.16,10.45,47.41,20.18,-1.13,4.85,1284,1.0278,41.45,0.0899
31/07/2026,08:46,139.52,21.47,24.12,10.48,47.45,20.17,-1.12,4.88,1276,1.0278,41.34,0.0894
31/07/2026,08:47,139.56,21.46,24.13,10.48,47.44,20.23,-1.09,4.86,1281,1.0277,41.30,0.0897
31/07/2026,08:48,139.52,21.44,24.17,10.48,47.37,20.22,-1.07,4.86,1276,1.0273,41.42,0.0897
31/07/2026,08:49,139.54,21.46,24.20,10.45,47.40,20.23,-1.05,4.87,1277,1.0276,41.52,0.0901
31/07/2026,08:50,139.48,21.45,24.27,10.41,47.37,20.19,-1.07,4.88,1281,1.0277,41.57,0.0897
31/07/2026,08:51,139.43,21.58,24.24,10.45,47.36,20.24,-1.07,4.88,1275,1.0277,41.61,0.0899
31/07/2026,08:52,139.46,21.59,24.19,10.40,47.26,20.22,-1.09,4.89,1269,1.0277,41.41,0.0905
31/07/2026,08:53,139.46,21.58,24.16,10.42,47.09,20.23,-1.05,4.90,1271,1.0276,41.51,0.0910
31/07/2026,08:54,139.47,21.67,24.09,10.42,47.01,20.21,-1.06,4.90,1271,1.0276,41.49,0.0905
31/07/2026,08:55,139.57,21.70,24.09,10.43,46.93,20.19,-1.04,4.88,1272,1.0278,41.47,0.0905
31/07/2026,08:56,139.59,21.76,24.08,10.49,46.94,20.21,-1.06,4.89,1274,1.0279,41.58,0.0908
31/07/2026,08:57,139.61,21.68,24.03,10.48,46.95,20.17,-1.00,4.89,1271,1.0277,41.63,0.0907
31/07/2026,08:58,139.56,21.70,24.00,10.46,46.99,20.20,-1.01,4.89,1271,1.0271,41.69,0.0909
31/07/2026,08:59,139.52,21.70,23.97,10.47,46.89,20.19,-1.04,4.88,1271,1.0274,41.51,0.0907
31/07/2026,09:00,139.58,21.74,23.97,10.48,46.91,20.19,-1.03,4.90,1272,1.0274,41.53,0.0904
31/07/2026,09:01,139.60,21.75,23.96,10.46,46.96,20.18,-1.01,4.90,1273,1.0275,41.61,0.0903
31/07/2026,09:02,139.55,21.79,24.01,10.48,46.96,20.16,-1.00,4.89,1277,1.0275,41.60,0.0901
31/07/2026,09:03,139.55,21.84,24.04,10.48,47.13,20.19,-1.02,4.90,1280,1.0273,41.75,0.0895
31/07/2026,09:04,139.53,21.82,24.06,10.45,47.11,20.15,-1.04,4.88,1280,1.0274,41.80,0.0890
31/07/2026,09:05,139.56,21.79,24.12,10.40,47.11,20.15,-1.03,4.88,1277,1.0271,41.83,0.0888
31/07/2026,09:06,139.65,21.79,24.11,10.45,47.14,20.17,-1.03,4.86,1280,1.0266,41.83,0.0883
31/07/2026,09:07,139.62,21.82,24.08,10.43,47.29,20.18,-1.05,4.86,1283,1.0267,41.80,0.0882
31/07/2026,09:08,139.56,21.88,24.04,10.41,47.36,20.20,-1.09,4.85,1281,1.0263,41.81,0.0884
31/07/2026,09:09,139.57,21.89,24.05,10.42,47.53,20.22,-1.07,4.85,1284,1.0267,41.70,0.0885
31/07/2026,09:10,139.54,21.90,23.99,10.44,47.55,20.19,-1.05,4.86,1282,1.0267,41.77,0.0883
31/07/2026,09:11,139.60,21.89,24.00,10.43,47.49,20.18,-1.08,4.86,1280,1.0268,41.70,0.0877
31/07/2026,09:12,139.57,21.90,24.03,10.42,47.45,20.17,-1.09,4.84,1278,1.0266,41.73,0.0877
31/07/2026,09:13,139.56,21.90,24.05,10.40,47.45,20.22,-1.07,4.85,1280,1.0268,41.81,0.0875
31/07/2026,09:14,139.61,21.92,24.07,10.42,47.43,20.25,-1.10,4.87,1283,1.0270,41.96,0.0873
31/07/2026,09:15,139.55,21.92,24.08,10.46,47.48,20.21,-1.11,4.88,1278,1.0271,42.07,0.0876
31/07/2026,09:16,139.57,21.93,24.05,10.47,47.50,20.18,-1.10,4.88,1282,1.0271,42.13,0.0878
31/07/2026,09:17,139.55,21.98,24.10,10.51,47.44,20.22,-1.11,4.87,1283,1.0273,42.13,0.0878
31/07/2026,09:18,139.59,21.96,24.11,10.58,47.37,20.20,-1.10,4.88,1287,1.0273,42.10,0.0879
31/07/2026,09:19,139.60,22.00,24.12,10.58,47.44,20.22,-1.11,4.89,1289,1.0274,42.19,0.0880
31/07/2026,09:20,139.65,22.01,24.16,10.59,47.50,20.21,-1.11,4.91,1284,1.0276,42.11,0.0881
31/07/2026,09:21,139.63,22.05,24.14,10.54,47.38,20.15,-1.13,4.91,1287,1.0275,42.12,0.0880
31/07/2026,09:22,139.56,22.10,24.14,10.54,47.46,20.15,-1.11,4.91,1289,1.0276,42.02,0.0875
31/07/2026,09:23,139.47,22.12,24.20,10.50,47.37,20.13,-1.12,4.89,1286,1.0280,42.01,0.0880
31/07/2026,09:24,139.48,22.17,24.17,10.51,47.27,20.13,-1.12,4.90,1286,1.0283,42.03,0.0881
31/07/2026,09:25,139.51,22.20,24.22,10.53,47.18,20.13,-1.12,4.91,1282,1.0282,41.93,0.0876
31/07/2026,09:26,139.52,22.21,24.31,10.52,47.08,20.13,-1.12,4.89,1281,1.0283,41.91,0.0874
31/07/2026,09:27,139.53,22.24,24.35,10.52,46.95,20.15,-1.09,4.89,1281,1.0282,41.90,0.0882
31/07/2026,09:28,139.55,22.27,24.37,10.53,47.03,20.18,-1.13,4.89,1279,1.0284,41.85,0.0884
31/07/2026,09:29,139.56,22.29,24.39,10.58,47.00,20.18,-1.14,4.88,1285,1.0282,41.89,0.0886
31/07/2026,09:30,139.46,22.29,24.36,10.53,47.02,20.22,-1.14,4.87,1282,1.0283,41.83,0.0885
31/07/2026,09:31,139.45,22.31,24.39,10.50,47.05,20.22,-1.13,4.87,1283,1.0284,41.83,0.0882
31/07/2026,09:32,139.41,22.38,24.31,10.46,47.16,20.26,-1.12,4.86,1275,1.0286,41.83,0.0885
31/07/2026,09:33,139.45,22.36,24.25,10.45,47.15,20.23,-1.12,4.86,1273,1.0284,42.02,0.0887
31/07/2026,09:34,139.48,22.36,24.19,10.47,47.17,20.22,-1.09,4.84,1274,1.0282,42.00,0.0892
31/07/2026,09:35,139.44,22.40,24.17,10.48,47.26,20.20,-1.08,4.85,1273,1.0287,42.04,0.0892
31/07/2026,09:36,139.43,22.45,24.18,10.47,47.22,20.20,-1.06,4.86,1277,1.0287,42.17,0.0899
31/07/2026,09:37,139.39,22.52,24.15,10.44,47.28,20.22,-1.06,4.86,1276,1.0285,42.25,0.0892
31/07/2026,09:38,139.35,22.50,24.09,10.45,47.23,20.18,-1.09,4.86,1276,1.0284,42.31,0.0895
31/07/2026,09:39,139.43,22.50,24.12,10.46,47.32,20.18,-1.07,4.86,1272,1.0284,42.45,0.0896
31/07/2026,09:40,139.46,22.47,24.06,10.44,47.40,20.18,-1.09,4.86,1277,1.0281,42.34,0.0896
31/07/2026,09:41,139.53,22.46,24.09,10.44,47.48,20.17,-1.08,4.83,1277,1.0281,42.32,0.0899
31/07/2026,09:42,139.49,22.45,24.16,10.41,47.50,20.19,-1.08,4.83,1274,1.0282,42.19,0.0900
31/07/2026,09:43,139.53,22.55,24.20,10.42,47.47,20.16,-1.08,4.82,1273,1.0282,42.29,0.0902
31/07/2026,09:44,139.52,22.58,24.17,10.47,47.50,20.16,-1.06,4.83,1272,1.0281,42.32,0.0904
31/07/2026,09:45,139.52,22.61,24.16,10.48,47.49,20.15,-1.05,4.82,1273,1.0279,42.40,0.0905
31/07/2026,09:46,139.52,22.67,24.13,10.48,47.59,20.15,-1.06,4.82,1271,1.0279,42.38,0.0906
31/07/2026,09:47,139.47,22.68,24.04,10.49,47.51,20.15,-1.05,4.81,1273,1.0279,42.28,0.0905
31/07/2026,09:48,139.44,22.73,24.04,10.46,47.58,20.11,-1.08,4.81,1276,1.0278,42.38,0.0901
31/07/2026,09:49,139.31,22.76,24.00,10.49,47.54,20.12,-1.08,4.82,1274,1.0279,42.39,0.0898
31/07/2026,09:50,139.30,22.83,23.98,10.48,47.47,20.13,-1.07,4.83,1274,1.0276,42.33,0.0901
31/07/2026,09:51,139.35,22.83,24.00,10.46,47.48,20.12,-1.07,4.82,1278,1.0277,42.51,0.0903
31/07/2026,09:52,139.33,22.81,24.01,10.44,47.49,20.12,-1.06,4.82,1278,1.0277,42.44,0.0903
31/07/2026,09:53,139.36,22.88,24.08,10.46,47.35,20.15,-1.07,4.83,1283,1.0278,42.59,0.0906
31/07/2026,09:54,139.38,22.89,24.07,10.42,47.37,20.19,-1.09,4.83,1282,1.0278,42.67,0.0910
31/07/2026,09:55,139.41,22.90,24.06,10.42,47.39,20.23,-1.07,4.84,1283,1.0279,42.66,0.0910
31/07/2026,09:56,139.42,22.88,24.08,10.46,47.37,20.21,-1.08,4.86,1284,1.0278,42.72,0.0915
31/07/2026,09:57,139.48,22.81,24.16,10.46,47.44,20.26,-1.09,4.86,1283,1.0280,42.83,0.0921
31/07/2026,09:58,139.51,22.84,24.15,10.48,47.40,20.22,-1.08,4.86,1283,1.0277,42.75,0.0921
31/07/2026,09:59,139.57,22.84,24.14,10.44,47.35,20.23,-1.07,4.84,1286,1.0279,42.75,0.0925
31/07/2026,10:00,139.57,22.85,24.16,10.48,47.35,20.19,-1.09,4.84,1282,1.0277,42.63,0.0926
31/07/2026,10:01,139.46,22.89,24.17,10.46,47.47,20.24,-1.11,4.84,1276,1.0276,42.58,0.0924
31/07/2026,10:02,139.48,22.85,24.19,10.43,47.53,20.27,-1.10,4.84,1281,1.0275,42.70,0.0921
31/07/2026,10:03,139.41,22.90,24.15,10.40,47.47,20.24,-1.08,4.86,1277,1.0274,42.74,0.0931
31/07/2026,10:04,139.42,22.99,24.19,10.43,47.51,20.26,-1.09,4.85,1274,1.0270,42.86,0.0925
31/07/2026,10:05,139.46,23.05,24.11,10.48,47.45,20.27,-1.10,4.86,1275,1.0269,42.81,0.0922
31/07/2026,10:06,139.46,23.07,24.17,10.46,47.37,20.19,-1.09,4.89,1283,1.0269,42.93,0.0923
31/07/2026,10:07,139.45,23.10,24.13,10.43,47.32,20.18,-1.09,4.89,1287,1.0265,42.88,0.0918
31/07/2026,10:08,139.42,23.05,24.16,10.43,47.34,20.22,-1.10,4.87,1291,1.0266,42.81,0.0914
31/07/2026,10:09,139.46,23.16,24.17,10.45,47.38,20.21,-1.07,4.86,1284,1.0263,43.00,0.0911
31/07/2026,10:10,139.55,23.11,24.21,10.43,47.42,20.21,-1.07,4.87,1285,1.0265,42.83,0.0915
31/07/2026,10:11,139.56,23.08,24.16,10.38,47.37,20.21,-1.09,4.86,1280,1.0269,42.87,0.0910
31/07/2026,10:12,139.54,23.13,24.18,10.34,47.41,20.16,-1.11,4.86,1281,1.0270,42.83,0.0909
31/07/2026,10:13,139.59,23.15,24.16,10.34,47.46,20.17,-1.11,4.85,1278,1.0271,42.74,0.0905
31/07/2026,10:14,139.56,23.12,24.15,10.40,47.46,20.15,-1.09,4.85,1277,1.0272,42.72,0.0899
31/07/2026,10:15,139.57,23.18,24.16,10.37,47.48,20.14,-1.09,4.86,1274,1.0270,42.64,0.0901
31/07/2026,10:16,139.58,23.20,24.13,10.36,47.59,20.14,-1.07,4.87,1280,1.0270,42.69,0.0905
31/07/2026,10:17,139.57,23.24,24.07,10.34,47.52,20.16,-1.03,4.88,1282,1.0269,42.83,0.0902
31/07/2026,10:18,139.57,23.25,24.09,10.36,47.64,20.22,-1.05,4.86,1282,1.0271,42.79,0.0905
31/07/2026,10:19,139.56,23.27,24.15,10.36,47.59,20.23,-1.04,4.87,1284,1.0271,42.73,0.0904
31/07/2026,10:20,139.54,23.31,24.15,10.36,47.64,20.18,-1.08,4.88,1287,1.0268,42.69,0.0906
31/07/2026,10:21,139.57,23.34,24.21,10.36,47.63,20.19,-1.07,4.86,1287,1.0266,42.55,0.0899
31/07/2026,10:22,139.55,23.37,24.20,10.35,47.62,20.24,-1.08,4.85,1287,1.0268,42.75,0.0906
31/07/2026,10:23,139.62,23.35,24.22,10.33,47.63,20.28,-1.12,4.87,1286,1.0267,42.69,0.0904
31/07/2026,10:24,139.61,23.38,24.25,10.34,47.66,20.32,-1.08,4.86,1278,1.0268,42.74,0.0905
31/07/2026,10:25,139.65,23.46,24.29,10.35,47.73,20.31,-1.12,4.86,1276,1.0267,42.79,0.0906
31/07/2026,10:26,139.57,23.50,24.25,10.34,47.80,20.31,-1.12,4.88,1278,1.0265,42.82,0.0901
31/07/2026,10:27,139.65,23.49,24.21,10.38,47.83,20.30,-1.12,4.88,1279,1.0268,42.83,0.0897
31/07/2026,10:28,139.69,23.48,24.21,10.40,47.73,20.33,-1.11,4.86,1272,1.0265,42.83,0.0897
31/07/2026,10:29,139.75,23.47,24.20,10.43,47.67,20.28,-1.10,4.86,1275,1.0264,42.73,0.0898
31/07/2026,10:30,139.75,23.57,24.23,10.42,47.59,20.29,-1.11,4.87,1277,1.0262,42.69,0.0899
31/07/2026,10:31,139.71,23.63,24.18,10.43,47.67,20.27,-1.09,4.87,1280,1.0262,42.71,0.0899
31/07/2026,10:32,139.66,23.70,24.24,10.44,47.64,20.29,-1.09,4.87,1280,1.0264,42.70,0.0903
31/07/2026,10:33,139.72,23.74,24.16,10.45,47.61,20.26,-1.11,4.87,1277,1.0264,42.84,0.0902
31/07/2026,10:34,139.72,23.76,24.07,10.46,47.59,20.22,-1.13,4.89,1278,1.0268,42.70,0.0902
31/07/2026,10:35,139.69,23.76,24.05,10.47,47.63,20.22,-1.14,4.88,1275,1.0267,42.69,0.0898
31/07/2026,10:36,139.69,23.79,24.08,10.50,47.61,20.18,-1.11,4.86,1274,1.0266,42.60,0.0901
31/07/2026,10:37,139.68,23.71,24.07,10.50,47.59,20.17,-1.10,4.87,1271,1.0266,42.59,0.0905
31/07/2026,10:38,139.63,23.76,24.08,10.53,47.59,20.14,-1.10,4.85,1273,1.0266,42.45,0.0906
31/07/2026,10:39,139.65,23.71,24.06,10.46,47.52,20.13,-1.10,4.86,1278,1.0268,42.46,0.0907
31/07/2026,10:40,139.60,23.74,24.12,10.52,47.48,20.14,-1.09,4.86,1277,1.0269,42.46,0.0906
31/07/2026,10:41,139.61,23.72,24.14,10.49,47.45,20.14,-1.09,4.86,1280,1.0272,42.41,0.0906
31/07/2026,10:42,139.59,23.76,24.10,10.48,47.35,20.14,-1.11,4.88,1282,1.0272,42.30,0.0902
31/07/2026,10:43,139.55,23.78,24.05,10.46,47.30,20.11,-1.12,4.88,1279,1.0271,42.25,0.0899
31/07/2026,10:44,139.56,23.79,24.06,10.45,47.30,20.13,-1.13,4.88,1281,1.0274,42.15,0.0896
31/07/2026,10:45,139.56,23.79,24.07,10.41,47.30,20.12,-1.13,4.87,1281,1.0273,42.11,0.0893
31/07/2026,10:46,139.59,23.81,24.06,10.38,47.35,20.13,-1.10,4.85,1281,1.0269,42.03,0.0894
31/07/2026,10:47,139.58,23.88,24.05,10.37,47.40,20.17,-1.08,4.85,1279,1.0269,42.15,0.0895
31/07/2026,10:48,139.54,23.92,24.07,10.36,47.38,20.20,-1.05,4.87,1281,1.0268,42.19,0.0897
31/07/2026,10:49,139.53,23.99,24.08,10.37,47.48,20.21,-1.05,4.87,1276,1.0265,42.26,0.0895
31/07/2026,10:50,139.50,24.00,24.11,10.35,47.56,20.21,-1.04,4.87,1276,1.0269,42.38,0.0894
31/07/2026,10:51,139.43,23.99,24.11,10.36,47.65,20.24,-1.03,4.86,1272,1.0272,42.40,0.0892
31/07/2026,10:52,139.42,23.99,24.07,10.35,47.65,20.25,-1.01,4.87,1273,1.0270,42.38,0.0895
31/07/2026,10:53,139.48,23.97,24.07,10.34,47.58,20.22,-1.01,4.88,1272,1.0271,42.47,0.0900
31/07/2026,10:54,139.53,23.99,24.00,10.31,47.59,20.22,-1.01,4.88,1271,1.0270,42.41,0.0902
31/07/2026,10:55,139.54,24.01,24.02,10.32,47.57,20.20,-1.00,4.87,1276,1.0267,42.43,0.0900
31/07/2026,10:56,139.58,24.03,24.00,10.34,47.61,20.15,-1.02,4.90,1273,1.0264,42.56,0.0900
31/07/2026,10:57,139.56,24.02,23.99,10.35,47.70,20.16,-1.05,4.90,1272,1.0263,42.46,0.0898
31/07/2026,10:58,139.53,24.01,23.99,10.37,47.55,20.18,-1.02,4.92,1273,1.0262,42.48,0.0903
31/07/2026,10:59,139.53,24.06,23.98,10.43,47.59,20.25,-0.99,4.92,1280,1.0261,42.43,0.0902
31/07/2026,11:00,139.56,24.05,24.00,10.41,47.52,20.29,-0.99,4.91,1278,1.0260,42.52,0.0900
31/07/2026,11:01,139.53,24.08,24.05,10.44,47.55,20.30,-1.00,4.90,1280,1.0259,42.60,0.0904
31/07/2026,11:02,139.51,24.11,24.09,10.44,47.59,20.28,-1.00,4.89,1279,1.0259,42.67,0.0903
31/07/2026,11:03,139.55,24.16,24.12,10.43,47.46,20.24,-1.01,4.89,1276,1.0259,42.53,0.0899
31/07/2026,11:04,139.58,24.16,24.17,10.40,47.58,20.24,-1.04,4.89,1278,1.0261,42.55,0.0893
31/07/2026,11:05,139.52,24.19,24.16,10.42,47.54,20.23,-1.01,4.88,1272,1.0263,42.56,0.0892
31/07/2026,11:06,139.48,24.27,24.15,10.44,47.55,20.24,-1.03,4.87,1272,1.0267,42.65,0.0887
31/07/2026,11:07,139.46,24.26,24.15,10.42,47.38,20.24,-1.04,4.88,1273,1.0266,42.70,0.0883
31/07/2026,11:08,139.42,24.23,24.07,10.43,47.40,20.28,-1.05,4.88,1274,1.0263,42.59,0.0881
31/07/2026,11:09,139.42,24.23,24.11,10.42,47.45,20.30,-1.05,4.90,1276,1.0264,42.72,0.0883
31/07/2026,11:10,139.45,24.31,24.12,10.44,47.48,20.31,-1.06,4.89,1277,1.0264,42.74,0.0882
31/07/2026,11:11,139.40,24.33,24.15,10.46,47.49,20.30,-1.08,4.87,1280,1.0262,42.64,0.0889
31/07/2026,11:12,139.50,24.40,24.12,10.46,47.43,20.28,-1.08,4.90,1283,1.0268,42.64,0.0888
31/07/2026,11:13,139.49,24.45,24.10,10.47,47.37,20.28,-1.09,4.90,1283,1.0271,42.47,0.0883
31/07/2026,11:14,139.50,24.49,24.15,10.50,47.38,20.23,-1.06,4.91,1280,1.0269,42.62,0.0889
31/07/2026,11:15,139.53,24.46,24.14,10.50,47.46,20.23,-1.06,4.90,1280,1.0270,42.76,0.0886
31/07/2026,11:16,139.50,24.44,24.15,10.51,47.60,20.20,-1.09,4.91,1277,1.0272,42.83,0.0885
31/07/2026,11:17,139.58,24.53,24.20,10.48,47.63,20.25,-1.08,4.92,1280,1.0271,42.92,0.0882
31/07/2026,11:18,139.61,24.52,24.15,10.48,47.71,20.20,-1.06,4.90,1274,1.0271,42.87,0.0881
31/07/2026,11:19,139.58,24.57,24.15,10.51,47.65,20.14,-1.09,4.90,1275,1.0278,42.78,0.0880
31/07/2026,11:20,139.60,24.59,24.17,10.53,47.60,20.09,-1.09,4.90,1278,1.0276,42.82,0.0881
31/07/2026,11:21,139.62,24.59,24.21,10.48,47.75,20.06,-1.05,4.90,1279,1.0275,42.88,0.0884
31/07/2026,11:22,139.60,24.60,24.09,10.49,47.76,20.09,-1.03,4.89,1278,1.0275,42.90,0.0886
31/07/2026,11:23,139.63,24.57,24.07,10.51,47.63,20.08,-1.06,4.88,1276,1.0275,43.01,0.0883
31/07/2026,11:24,139.61,24.58,24.07,10.53,47.72,20.04,-1.06,4.88,1279,1.0275,43.11,0.0884
31/07/2026,11:25,139.62,24.63,24.06,10.54,47.82,20.07,-1.09,4.86,1280,1.0273,43.03,0.0882
31/07/2026,11:26,139.65,24.71,24.07,10.54,48.00,20.11,-1.11,4.88,1280,1.0275,43.20,0.0884
31/07/2026,11:27,139.61,24.75,24.08,10.52,47.92,20.11,-1.10,4.87,1277,1.0276,43.21,0.0892
31/07/2026,11:28,139.61,24.77,24.04,10.55,47.96,20.11,-1.09,4.89,1277,1.0275,43.10,0.0896
31/07/2026,11:29,139.57,24.79,24.02,10.52,47.88,20.12,-1.09,4.86,1280,1.0271,43.03,0.0897
31/07/2026,11:30,139.60,24.81,24.01,10.55,47.97,20.10,-1.08,4.86,1278,1.0266,42.99,0.0893
31/07/2026,11:31,139.58,24.81,23.95,10.56,47.87,20.08,-1.10,4.85,1282,1.0263,43.13,0.0894
31/07/2026,11:32,139.57,24.86,23.97,10.55,47.99,20.05,-1.08,4.85,1278,1.0261,43.07,0.0891
31/07/2026,11:33,139.53,24.88,23.99,10.51,48.12,20.06,-1.09,4.84,1278,1.0262,43.06,0.0890
31/07/2026,11:34,139.52,24.91,23.97,10.50,48.17,20.08,-1.08,4.85,1277,1.0264,43.12,0.0890
31/07/2026,11:35,139.49,24.95,24.01,10.55,48.19,20.10,-1.11,4.85,1279,1.0264,43.07,0.0887
31/07/2026,11:36,139.51,24.95,24.07,10.50,48.25,20.12,-1.07,4.86,1276,1.0265,43.12,0.0890
31/07/2026,11:37,139.56,24.97,24.07,10.52,48.25,20.11,-1.08,4.87,1275,1.0264,43.09,0.0885
31/07/2026,11:38,139.52,24.98,24.08,10.54,48.30,20.13,-1.07,4.88,1275,1.0263,43.19,0.0883
31/07/2026,11:39,139.51,25.02,24.11,10.54,48.38,20.12,-1.06,4.90,1272,1.0262,43.27,0.0881
31/07/2026,11:40,139.52,24.98,24.10,10.54,48.29,20.12,-1.01,4.88,1268,1.0264,43.28,0.0880
31/07/2026,11:41,139.51,24.97,24.10,10.55,48.23,20.13,-1.00,4.88,1273,1.0263,43.21,0.0879
31/07/2026,11:42,139.46,24.98,24.05,10.58,48.28,20.15,-1.00,4.89,1267,1.0264,43.34,0.0882
31/07/2026,11:43,139.48,25.03,23.99,10.50,48.26,20.15,-1.01,4.87,1266,1.0263,43.19,0.0882
31/07/2026,11:44,139.38,25.03,23.98,10.52,48.21,20.19,-1.00,4.86,1266,1.0263,43.21,0.0883
31/07/2026,11:45,139.36,25.02,23.95,10.51,48.28,20.21,-1.00,4.86,1268,1.0266,43.28,0.0878
31/07/2026,11:46,139.30,25.00,23.98,10.54,48.31,20.21,-0.98,4.86,1272,1.0272,43.28,0.0878
31/07/2026,11:47,139.27,25.01,24.00,10.52,48.39,20.20,-0.98,4.86,1272,1.0271,43.23,0.0886
31/07/2026,11:48,139.33,25.01,24.02,10.49,48.44,20.19,-0.98,4.85,1270,1.0275,43.29,0.0886
31/07/2026,11:49,139.31,25.09,24.00,10.48,48.42,20.19,-0.97,4.85,1270,1.0274,43.32,0.0892
31/07/2026,11:50,139.31,25.15,24.01,10.47,48.46,20.23,-0.96,4.84,1267,1.0271,43.29,0.0885
31/07/2026,11:51,139.29,25.19,24.06,10.47,48.38,20.21,-0.96,4.84,1268,1.0269,43.35,0.0883
31/07/2026,11:52,139.37,25.15,23.93,10.42,48.37,20.20,-0.99,4.83,1266,1.0268,43.17,0.0879
31/07/2026,11:53,139.38,25.15,23.93,10.44,48.41,20.22,-1.00,4.83,1268,1.0271,43.16,0.0875
31/07/2026,11:54,139.35,25.13,23.92,10.44,48.39,20.21,-1.01,4.84,1269,1.0266,43.17,0.0875
31/07/2026,11:55,139.27,25.16,23.93,10.45,48.41,20.15,-1.06,4.85,1270,1.0267,43.13,0.0874
31/07/2026,11:56,139.25,25.24,24.02,10.43,48.57,20.18,-1.04,4.85,1275,1.0265,43.09,0.0870
31/07/2026,11:57,139.21,25.18,23.99,10.43,48.67,20.16,-1.05,4.84,1270,1.0266,43.23,0.0864
31/07/2026,11:58,139.16,25.18,24.03,10.46,48.46,20.17,-1.02,4.84,1269,1.0267,43.22,0.0868
31/07/2026,11:59,139.15,25.22,23.95,10.47,48.34,20.20,-1.03,4.84,1266,1.0272,43.18,0.0871
31/07/2026,12:00,139.17,25.25,23.97,10.50,48.28,20.14,-1.07,4.83,1271,1.0274,43.28,0.0881
31/07/2026,12:01,139.17,25.27,24.03,10.48,48.22,20.14,-1.07,4.82,1272,1.0273,43.14,0.0882
31/07/2026,12:02,139.10,25.29,24.01,10.48,48.26,20.11,-1.10,4.82,1271,1.0270,43.31,0.0875
31/07/2026,12:03,139.05,25.32,24.05,10.48,48.25,20.13,-1.10,4.83,1275,1.0277,43.23,0.0875
31/07/2026,12:04,139.08,25.37,23.97,10.47,48.35,20.16,-1.09,4.83,1278,1.0277,43.16,0.0876
31/07/2026,12:05,139.14,25.38,23.99,10.44,48.39,20.18,-1.09,4.84,1278,1.0277,43.32,0.0876
31/07/2026,12:06,139.12,25.40,24.00,10.43,48.33,20.18,-1.09,4.84,1280,1.0278,43.26,0.0883
31/07/2026,12:07,139.12,25.39,24.09,10.45,48.38,20.17,-1.10,4.86,1280,1.0275,43.19,0.0885
31/07/2026,12:08,139.15,25.41,24.08,10.45,48.35,20.16,-1.08,4.86,1280,1.0269,43.22,0.0885
31/07/2026,12:09,139.19,25.41,24.11,10.46,48.39,20.13,-1.08,4.86,1282,1.0265,43.41,0.0885
31/07/2026,12:10,139.23,25.47,24.11,10.46,48.37,20.17,-1.09,4.86,1279,1.0270,43.39,0.0882
31/07/2026,12:11,139.20,25.52,24.16,10.45,48.33,20.16,-1.10,4.86,1278,1.0265,43.32,0.0881
31/07/2026,12:12,139.26,25.57,24.18,10.48,48.31,20.18,-1.11,4.86,1275,1.0266,43.32,0.0882
31/07/2026,12:13,139.29,25.59,24.16,10.51,48.19,20.19,-1.11,4.87,1273,1.0266,43.15,0.0885
31/07/2026,12:14,139.38,25.62,24.20,10.51,48.17,20.17,-1.13,4.86,1275,1.0263,43.21,0.0885
31/07/2026,12:15,139.39,25.63,24.12,10.53,48.16,20.14,-1.13,4.86,1273,1.0266,43.25,0.0887
31/07/2026,12:16,139.44,25.65,24.13,10.53,48.12,20.15,-1.09,4.86,1279,1.0265,43.23,0.0883
31/07/2026,12:17,139.37,25.62,24.14,10.52,48.14,20.18,-1.13,4.87,1276,1.0263,43.10,0.0877
31/07/2026,12:18,139.41,25.66,24.12,10.53,48.19,20.20,-1.10,4.87,1273,1.0263,43.08,0.0871
31/07/2026,12:19,139.49,25.67,24.15,10.54,48.02,20.19,-1.10,4.86,1275,1.0261,43.20,0.0867
31/07/2026,12:20,139.52,25.69,24.17,10.49,48.00,20.20,-1.08,4.85,1276,1.0258,43.21,0.0869
31/07/2026,12:21,139.49,25.71,24.17,10.51,48.07,20.21,-1.06,4.86,1277,1.0259,43.34,0.0864
31/07/2026,12:22,139.47,25.69,24.17,10.52,48.05,20.16,-1.08,4.84,1279,1.0260,43.35,0.0864
31/07/2026,12:23,139.42,25.73,24.16,10.49,48.12,20.18,-1.11,4.86,1280,1.0259,43.35,0.0869
31/07/2026,12:24,139.43,25.78,24.12,10.47,48.18,20.19,-1.11,4.87,1277,1.0262,43.46,0.0861
31/07/2026,12:25,139.48,25.82,24.10,10.50,48.18,20.17,-1.10,4.86,1271,1.0259,43.47,0.0861
31/07/2026,12:26,139.42,25.86,24.11,10.54,48.11,20.16,-1.07,4.86,1269,1.0260,43.46,0.0861
31/07/2026,12:27,139.53,25.92,24.07,10.50,48.23,20.15,-1.07,4.89,1269,1.0261,43.53,0.0858
31/07/2026,12:28,139.54,25.89,24.05,10.45,48.09,20.14,-1.05,4.88,1273,1.0260,43.55,0.0860
31/07/2026,12:29,139.48,25.93,23.98,10.49,48.11,20.13,-1.04,4.90,1273,1.0260,43.53,0.0863
31/07/2026,12:30,139.53,25.91,24.02,10.50,48.17,20.09,-1.04,4.89,1269,1.0264,43.62,0.0863
31/07/2026,12:31,139.55,25.95,23.99,10.54,48.23,20.09,-1.03,4.90,1269,1.0262,43.55,0.0858
31/07/2026,12:32,139.49,25.99,24.02,10.56,48.14,20.10,-1.01,4.90,1269,1.0263,43.48,0.0854
31/07/2026,12:33,139.48,25.99,24.02,10.58,48.23,20.03,-1.01,4.90,1271,1.0266,43.41,0.0851
31/07/2026,12:34,139.52,25.99,24.01,10.58,48.30,20.04,-0.99,4.90,1273,1.0267,43.51,0.0854
31/07/2026,12:35,139.54,26.04,24.06,10.53,48.24,20.04,-0.98,4.91,1274,1.0267,43.44,0.0859
31/07/2026,12:36,139.56,26.04,24.00,10.49,48.24,20.00,-1.00,4.92,1273,1.0267,43.46,0.0854
31/07/2026,12:37,139.60,26.06,24.02,10.44,48.28,20.00,-0.99,4.91,1275,1.0265,43.46,0.0849
31/07/2026,12:38,139.57,26.10,24.00,10.44,48.27,20.03,-0.98,4.90,1278,1.0264,43.44,0.0854
31/07/2026,12:39,139.56,26.07,24.07,10.42,48.14,20.09,-0.98,4.90,1275,1.0262,43.45,0.0856
31/07/2026,12:40,139.59,26.13,24.10,10.44,48.11,20.08,-1.00,4.90,1275,1.0267,43.51,0.0858
31/07/2026,12:41,139.56,26.20,24.09,10.42,48.11,20.08,-1.01,4.87,1272,1.0268,43.58,0.0853
31/07/2026,12:42,139.53,26.19,24.08,10.41,48.13,20.09,-1.00,4.88,1271,1.0266,43.57,0.0851
31/07/2026,12:43,139.52,26.21,24.09,10.43,47.97,20.12,-1.03,4.87,1268,1.0263,43.75,0.0853
31/07/2026,12:44,139.57,26.26,23.99,10.43,47.94,20.11,-1.04,4.87,1265,1.0265,43.81,0.0852
31/07/2026,12:45,139.54,26.28,23.96,10.42,48.05,20.12,-1.04,4.86,1267,1.0267,43.72,0.0853
31/07/2026,12:46,139.58,26.28,24.01,10.40,48.09,20.10,-1.04,4.87,1270,1.0270,43.57,0.0851
31/07/2026,12:47,139.59,26.28,24.02,10.38,48.17,20.12,-1.04,4.87,1269,1.0269,43.59,0.0851
31/07/2026,12:48,139.63,26.29,23.96,10.43,48.16,20.14,-1.04,4.88,1269,1.0268,43.61,0.0853
31/07/2026,12:49,139.68,26.36,23.95,10.44,48.15,20.16,-1.05,4.87,1264,1.0265,43.72,0.0846
31/07/2026,12:50,139.69,26.36,23.90,10.44,48.21,20.21,-1.06,4.89,1260,1.0267,43.63,0.0842
31/07/2026,12:51,139.66,26.33,23.87,10.44,48.30,20.23,-1.06,4.88,1260,1.0263,43.67,0.0844
31/07/2026,12:52,139.60,26.34,23.84,10.44,48.31,20.20,-1.06,4.90,1263,1.0265,43.70,0.0850
31/07/2026,12:53,139.62,26.28,23.79,10.44,48.22,20.17,-1.05,4.91,1263,1.0261,43.44,0.0843
31/07/2026,12:54,139.59,26.27,23.78,10.47,48.18,20.15,-1.03,4.90,1262,1.0263,43.37,0.0848
31/07/2026,12:55,139.58,26.27,23.78,10.47,48.17,20.21,-1.05,4.89,1265,1.0265,43.39,0.0849
31/07/2026,12:56,139.49,26.31,23.77,10.48,48.20,20.19,-1.04,4.89,1262,1.0266,43.39,0.0853
31/07/2026,12:57,139.47,26.32,23.77,10.43,48.24,20.20,-1.04,4.90,1263,1.0265,43.40,0.0848
31/07/2026,12:58,139.47,26.38,23.81,10.47,48.16,20.28,-1.02,4.90,1267,1.0262,43.41,0.0847
31/07/2026,12:59,139.55,26.38,23.77,10.43,48.07,20.26,-1.05,4.89,1269,1.0264,43.45,0.0843
31/07/2026,13:00,139.53,26.38,23.87,10.45,48.07,20.28,-1.04,4.90,1269,1.0261,43.58,0.0851
31/07/2026,13:01,139.43,26.36,23.88,10.47,48.15,20.29,-1.06,4.90,1271,1.0257,43.66,0.0853
31/07/2026,13:02,139.41,26.43,23.87,10.45,48.22,20.31,-1.06,4.89,1275,1.0258,43.69,0.0856
31/07/2026,13:03,139.35,26.45,23.87,10.46,48.27,20.32,-1.07,4.89,1273,1.0260,43.57,0.0857
31/07/2026,13:04,139.32,26.45,23.87,10.46,48.18,20.34,-1.07,4.90,1275,1.0259,43.38,0.0860
31/07/2026,13:05,139.29,26.48,23.84,10.43,48.15,20.34,-1.08,4.91,1273,1.0261,43.48,0.0857
31/07/2026,13:06,139.40,26.45,23.91,10.42,48.26,20.37,-1.10,4.90,1272,1.0268,43.44,0.0860
31/07/2026,13:07,139.50,26.47,23.92,10.43,48.28,20.35,-1.10,4.91,1274,1.0270,43.41,0.0863
31/07/2026,13:08,139.57,26.57,23.92,10.42,48.41,20.34,-1.08,4.91,1271,1.0268,43.36,0.0863
31/07/2026,13:09,139.62,26.61,23.93,10.44,48.39,20.36,-1.07,4.89,1275,1.0267,43.43,0.0862
31/07/2026,13:10,139.68,26.62,23.92,10.42,48.38,20.33,-1.06,4.89,1271,1.0263,43.38,0.0863
31/07/2026,13:11,139.69,26.68,23.91,10.43,48.25,20.34,-1.04,4.88,1268,1.0264,43.35,0.0858
31/07/2026,13:12,139.80,26.66,23.93,10.42,48.27,20.31,-1.06,4.87,1272,1.0264,43.35,0.0860
31/07/2026,13:13,139.78,26.68,23.95,10.45,48.34,20.28,-1.07,4.86,1271,1.0263,43.38,0.0863
31/07/2026,13:14,139.67,26.71,23.94,10.43,48.35,20.29,-1.06,4.86,1268,1.0263,43.24,0.0861
31/07/2026,13:15,139.72,26.71,23.89,10.46,48.37,20.27,-1.05,4.87,1262,1.0263,43.28,0.0862
31/07/2026,13:16,139.68,26.70,23.91,10.47,48.15,20.27,-1.04,4.87,1266,1.0262,43.39,0.0864
31/07/2026,13:17,139.67,26.71,23.88,10.50,48.17,20.28,-1.03,4.87,1267,1.0263,43.50,0.0859
31/07/2026,13:18,139.71,26.77,23.85,10.48,48.18,20.30,-1.04,4.89,1268,1.0265,43.49,0.0863
31/07/2026,13:19,139.79,26.86,23.88,10.49,48.25,20.31,-1.05,4.91,1275,1.0263,43.52,0.0867
31/07/2026,13:20,139.76,26.85,23.85,10.50,48.17,20.34,-1.06,4.92,1278,1.0261,43.53,0.0865
31/07/2026,13:21,139.79,26.86,23.84,10.46,48.13,20.32,-1.06,4.94,1276,1.0261,43.44,0.0864
31/07/2026,13:22,139.77,26.81,23.88,10.45,48.18,20.32,-1.08,4.93,1281,1.0259,43.44,0.0863
31/07/2026,13:23,139.71,26.84,23.94,10.46,48.17,20.30,-1.09,4.92,1279,1.0264,43.45,0.0862
31/07/2026,13:24,139.73,26.80,24.00,10.48,48.22,20.30,-1.09,4.93,1279,1.0263,43.33,0.0860
31/07/2026,13:25,139.71,26.80,23.94,10.45,48.16,20.26,-1.11,4.93,1282,1.0266,43.47,0.0858
31/07/2026,13:26,139.68,26.77,23.97,10.46,48.18,20.29,-1.11,4.92,1284,1.0264,43.56,0.0854
31/07/2026,13:27,139.70,26.76,24.02,10.46,48.24,20.29,-1.12,4.90,1285,1.0266,43.43,0.0855
31/07/2026,13:28,139.65,26.85,24.00,10.48,48.19,20.35,-1.11,4.90,1286,1.0267,43.59,0.0854
31/07/2026,13:29,139.63,26.81,23.98,10.48,48.17,20.36,-1.12,4.89,1280,1.0267,43.40,0.0859
31/07/2026,13:30,139.65,26.83,24.01,10.50,48.14,20.36,-1.13,4.90,1279,1.0270,43.35,0.0858
31/07/2026,13:31,139.64,26.85,24.05,10.52,48.06,20.37,-1.09,4.88,1279,1.0270,43.44,0.0857
31/07/2026,13:32,139.70,26.92,24.16,10.52,47.99,20.35,-1.09,4.88,1282,1.0269,43.48,0.0857
31/07/2026,13:33,139.64,26.91,24.22,10.52,47.96,20.35,-1.08,4.86,1284,1.0272,43.44,0.0857
31/07/2026,13:34,139.62,26.99,24.29,10.54,48.07,20.35,-1.09,4.88,1283,1.0272,43.58,0.0853
31/07/2026,13:35,139.64,27.03,24.29,10.55,48.05,20.35,-1.10,4.88,1284,1.0273,43.52,0.0853
31/07/2026,13:36,139.67,27.04,24.32,10.56,47.96,20.33,-1.09,4.88,1281,1.0276,43.53,0.0858
31/07/2026,13:37,139.61,27.10,24.29,10.57,48.00,20.29,-1.07,4.88,1280,1.0280,43.62,0.0861
31/07/2026,13:38,139.59,27.10,24.26,10.55,48.09,20.29,-1.09,4.85,1278,1.0283,43.61,0.0860
31/07/2026,13:39,139.63,27.10,24.20,10.54,48.17,20.30,-1.12,4.86,1282,1.0281,43.58,0.0863
31/07/2026,13:40,139.58,27.16,24.19,10.51,48.29,20.31,-1.14,4.86,1284,1.0278,43.78,0.0860
31/07/2026,13:41,139.56,27.15,24.26,10.48,48.18,20.28,-1.13,4.85,1280,1.0279,43.81,0.0862
31/07/2026,13:42,139.57,27.15,24.29,10.50,48.40,20.25,-1.14,4.85,1281,1.0280,43.77,0.0856
31/07/2026,13:43,139.57,27.20,24.24,10.51,48.41,20.26,-1.11,4.85,1277,1.0280,43.78,0.0860
31/07/2026,13:44,139.57,27.18,24.16,10.52,48.44,20.26,-1.09,4.87,1278,1.0277,43.71,0.0853
31/07/2026,13:45,139.58,27.17,24.13,10.48,48.50,20.28,-1.12,4.88,1282,1.0276,43.61,0.0854
31/07/2026,13:46,139.58,27.22,24.15,10.51,48.54,20.29,-1.13,4.89,1279,1.0273,43.59,0.0855
31/07/2026,13:47,139.62,27.27,24.19,10.52,48.51,20.30,-1.10,4.88,1278,1.0278,43.41,0.0857
31/07/2026,13:48,139.63,27.25,24.21,10.51,48.55,20.24,-1.10,4.86,1277,1.0278,43.42,0.0854
31/07/2026,13:49,139.56,27.27,24.21,10.53,48.50,20.29,-1.09,4.86,1281,1.0280,43.41,0.0851
31/07/2026,13:50,139.62,27.25,24.27,10.49,48.53,20.25,-1.13,4.87,1277,1.0281,43.32,0.0847
31/07/2026,13:51,139.63,27.29,24.21,10.51,48.47,20.23,-1.10,4.87,1274,1.0283,43.23,0.0851
31/07/2026,13:52,139.59,27.35,24.15,10.52,48.52,20.22,-1.05,4.87,1277,1.0282,43.12,0.0850
31/07/2026,13:53,139.54,27.39,24.16,10.52,48.63,20.21,-1.03,4.88,1272,1.0283,43.28,0.0852
31/07/2026,13:54,139.55,27.33,24.13,10.51,48.68,20.22,-1.00,4.87,1273,1.0285,43.46,0.0847
31/07/2026,13:55,139.56,27.34,24.11,10.52,48.66,20.25,-0.99,4.88,1270,1.0282,43.41,0.0845
31/07/2026,13:56,139.59,27.32,24.08,10.51,48.65,20.24,-1.01,4.89,1273,1.0280,43.45,0.0849
31/07/2026,13:57,139.65,27.31,24.10,10.54,48.61,20.24,-1.00,4.88,1278,1.0283,43.51,0.0845
31/07/2026,13:58,139.62,27.32,24.12,10.55,48.53,20.24,-1.01,4.87,1276,1.0282,43.53,0.0844
31/07/2026,13:59,139.58,27.27,24.15,10.59,48.56,20.25,-1.01,4.88,1274,1.0283,43.55,0.0845
31/07/2026,14:00,139.50,27.22,24.17,10.53,48.61,20.23,-1.03,4.88,1276,1.0283,43.57,0.0845
31/07/2026,14:01,139.52,27.25,24.15,10.50,48.62,20.20,-1.01,4.88,1275,1.0283,43.59,0.0844
31/07/2026,14:02,139.51,27.29,24.16,10.47,48.70,20.21,-1.00,4.89,1279,1.0282,43.44,0.0841
31/07/2026,14:03,139.52,27.30,24.19,10.48,48.61,20.20,-0.98,4.89,1277,1.0282,43.47,0.0840
31/07/2026,14:04,139.51,27.34,24.21,10.49,48.42,20.17,-0.99,4.90,1275,1.0280,43.54,0.0838
31/07/2026,14:05,139.43,27.39,24.13,10.46,48.41,20.19,-1.02,4.89,1279,1.0277,43.57,0.0839
31/07/2026,14:06,139.43,27.40,24.09,10.46,48.46,20.23,-1.03,4.89,1273,1.0277,43.66,0.0841
31/07/2026,14:07,139.44,27.38,24.05,10.45,48.46,20.21,-1.02,4.88,1268,1.0276,43.74,0.0846
31/07/2026,14:08,139.49,27.42,23.99,10.42,48.44,20.25,-1.06,4.88,1267,1.0274,43.71,0.0843
31/07/2026,14:09,139.46,27.44,23.99,10.46,48.51,20.24,-1.07,4.86,1270,1.0274,43.71,0.0841
31/07/2026,14:10,139.42,27.48,23.93,10.42,48.47,20.25,-1.06,4.87,1269,1.0269,43.73,0.0839
31/07/2026,14:11,139.41,27.49,23.93,10.44,48.44,20.24,-1.06,4.86,1270,1.0269,43.78,0.0840
31/07/2026,14:12,139.39,27.52,24.00,10.45,48.44,20.24,-1.07,4.85,1269,1.0272,43.96,0.0844
31/07/2026,14:13,139.38,27.55,23.99,10.41,48.54,20.25,-1.04,4.86,1271,1.0271,44.01,0.0850
31/07/2026,14:14,139.43,27.59,23.98,10.43,48.68,20.24,-1.03,4.86,1267,1.0267,44.01,0.0849
31/07/2026,14:15,139.40,27.59,23.97,10.44,48.74,20.27,-1.02,4.85,1265,1.0267,43.94,0.0849
31/07/2026,14:16,139.43,27.59,23.96,10.44,48.77,20.26,-1.03,4.85,1259,1.0267,44.03,0.0849
31/07/2026,14:17,139.42,27.60,23.97,10.41,48.72,20.23,-1.00,4.84,1264,1.0267,44.10,0.0848
31/07/2026,14:18,139.48,27.54,23.97,10.41,48.71,20.24,-0.99,4.84,1260,1.0268,44.01,0.0846
31/07/2026,14:19,139.46,27.60,23.97,10.38,48.69,20.25,-0.99,4.83,1256,1.0267,43.89,0.0844
31/07/2026,14:20,139.37,27.60,24.01,10.36,48.76,20.23,-0.96,4.82,1262,1.0270,44.02,0.0840
31/07/2026,14:21,139.41,27.58,23.97,10.38,48.76,20.21,-0.97,4.83,1258,1.0264,44.08,0.0835
31/07/2026,14:22,139.34,27.62,23.93,10.36,48.75,20.23,-0.99,4.80,1263,1.0262,44.07,0.0837
31/07/2026,14:23,139.28,27.62,23.91,10.38,48.65,20.25,-0.99,4.81,1264,1.0265,44.00,0.0840
31/07/2026,14:24,139.32,27.66,23.85,10.39,48.78,20.25,-0.99,4.81,1263,1.0266,43.92,0.0836
31/07/2026,14:25,139.27,27.66,23.87,10.39,48.71,20.22,-1.00,4.81,1265,1.0265,43.97,0.0838
31/07/2026,14:26,139.30,27.69,23.85,10.35,48.67,20.27,-0.99,4.83,1264,1.0264,43.93,0.0836
31/07/2026,14:27,139.35,27.60,23.86,10.37,48.63,20.26,-0.96,4.81,1259,1.0266,43.86,0.0827
31/07/2026,14:28,139.37,27.64,23.92,10.32,48.43,20.24,-0.93,4.81,1259,1.0271,43.69,0.0825
31/07/2026,14:29,139.39,27.61,23.90,10.33,48.44,20.24,-0.92,4.81,1261,1.0269,43.79,0.0823
31/07/2026,14:30,139.33,27.57,23.89,10.31,48.46,20.29,-0.95,4.81,1262,1.0270,43.79,0.0824
31/07/2026,14:31,139.37,27.57,23.81,10.36,48.51,20.26,-0.97,4.82,1262,1.0272,43.66,0.0828
31/07/2026,14:32,139.38,27.58,23.79,10.39,48.50,20.27,-0.98,4.83,1263,1.0269,43.72,0.0830
31/07/2026,14:33,139.42,27.61,23.79,10.35,48.50,20.24,-0.98,4.83,1268,1.0272,43.72,0.0832
31/07/2026,14:34,139.41,27.57,23.78,10.36,48.44,20.25,-0.97,4.83,1269,1.0273,43.83,0.0830
31/07/2026,14:35,139.45,27.58,23.78,10.40,48.40,20.29,-1.02,4.83,1275,1.0268,44.02,0.0834
31/07/2026,14:36,139.43,27.65,23.82,10.36,48.47,20.31,-1.03,4.84,1271,1.0267,43.96,0.0835
31/07/2026,14:37,139.43,27.63,23.86,10.32,48.48,20.32,-1.05,4.83,1272,1.0263,43.93,0.0835
31/07/2026,14:38,139.40,27.59,23.90,10.34,48.53,20.32,-1.06,4.83,1271,1.0263,43.96,0.0832
31/07/2026,14:39,139.37,27.59,23.92,10.30,48.49,20.34,-1.09,4.80,1274,1.0269,43.92,0.0833
31/07/2026,14:40,139.40,27.55,23.95,10.30,48.54,20.34,-1.10,4.81,1276,1.0264,43.95,0.0837
31/07/2026,14:41,139.36,27.55,23.95,10.26,48.53,20.36,-1.10,4.82,1271,1.0265,43.82,0.0837
31/07/2026,14:42,139.29,27.50,23.98,10.22,48.77,20.38,-1.11,4.82,1272,1.0263,43.87,0.0843
31/07/2026,14:43,139.36,27.53,23.96,10.19,48.73,20.42,-1.08,4.83,1269,1.0264,43.87,0.0837
31/07/2026,14:44,139.44,27.49,23.97,10.19,48.84,20.41,-1.06,4.83,1272,1.0260,43.96,0.0828
31/07/2026,14:45,139.43,27.46,23.91,10.24,48.82,20.46,-1.07,4.83,1272,1.0259,43.94,0.0827
31/07/2026,14:46,139.45,27.47,23.87,10.17,48.68,20.51,-1.08,4.85,1272,1.0260,43.85,0.0824
31/07/2026,14:47,139.41,27.48,23.89,10.21,48.78,20.51,-1.08,4.85,1268,1.0263,43.89,0.0823
31/07/2026,14:48,139.39,27.50,23.88,10.18,48.71,20.53,-1.06,4.86,1265,1.0265,43.85,0.0827
31/07/2026,14:49,139.41,27.47,23.90,10.19,48.56,20.52,-1.05,4.87,1263,1.0264,43.94,0.0825
31/07/2026,14:50,139.49,27.52,23.92,10.20,48.54,20.51,-1.01,4.85,1263,1.0264,43.87,0.0823
31/07/2026,14:51,139.49,27.49,23.88,10.25,48.59,20.48,-1.01,4.85,1259,1.0265,43.83,0.0823
31/07/2026,14:52,139.55,27.51,23.90,10.24,48.56,20.48,-1.02,4.85,1259,1.0265,43.85,0.0821
31/07/2026,14:53,139.58,27.46,23.91,10.28,48.61,20.52,-1.03,4.85,1265,1.0266,43.95,0.0820
31/07/2026,14:54,139.56,27.50,23.89,10.27,48.68,20.55,-1.04,4.84,1266,1.0269,43.89,0.0821
31/07/2026,14:55,139.58,27.53,23.81,10.28,48.67,20.54,-1.04,4.84,1271,1.0265,43.86,0.0823
31/07/2026,14:56,139.63,27.65,23.81,10.31,48.75,20.53,-1.07,4.83,1272,1.0261,43.99,0.0821
31/07/2026,14:57,139.69,27.64,23.86,10.30,48.74,20.48,-1.07,4.82,1275,1.0261,43.95,0.0818
31/07/2026,14:58,139.67,27.67,23.83,10.35,48.78,20.48,-1.07,4.81,1272,1.0260,43.92,0.0819
31/07/2026,14:59,139.68,27.63,23.90,10.35,48.53,20.50,-1.05,4.79,1275,1.0260,43.94,0.0819
31/07/2026,15:00,139.64,27.66,23.91,10.34,48.55,20.51,-1.01,4.80,1277,1.0264,43.96,0.0815
31/07/2026,15:01,139.75,27.65,23.90,10.40,48.55,20.48,-0.98,4.80,1280,1.0262,44.00,0.0813
31/07/2026,15:02,139.77,27.62,23.93,10.37,48.70,20.45,-0.96,4.80,1278,1.0266,44.07,0.0814
31/07/2026,15:03,139.68,27.66,23.96,10.41,48.77,20.41,-0.98,4.79,1276,1.0267,44.25,0.0813
31/07/2026,15:04,139.61,27.56,23.98,10.39,48.78,20.42,-1.00,4.81,1272,1.0267,44.19,0.0814
31/07/2026,15:05,139.59,27.55,23.99,10.34,48.88,20.42,-1.00,4.81,1272,1.0265,44.09,0.0813
31/07/2026,15:06,139.59,27.60,24.04,10.35,48.80,20.41,-1.02,4.82,1270,1.0267,44.02,0.0813
31/07/2026,15:07,139.56,27.61,23.99,10.34,48.87,20.39,-0.99,4.81,1265,1.0267,43.99,0.0813
31/07/2026,15:08,139.58,27.62,23.96,10.34,48.85,20.38,-0.98,4.83,1264,1.0270,43.93,0.0806
31/07/2026,15:09,139.47,27.70,23.93,10.34,48.92,20.36,-0.98,4.81,1265,1.0270,44.07,0.0803
31/07/2026,15:10,139.49,27.73,23.89,10.33,48.88,20.36,-1.00,4.81,1267,1.0268,44.06,0.0811
31/07/2026,15:11,139.46,27.77,23.93,10.37,48.92,20.38,-0.99,4.82,1265,1.0270,44.05,0.0810
31/07/2026,15:12,139.50,27.78,23.99,10.35,48.97,20.39,-0.99,4.82,1268,1.0272,44.00,0.0815
31/07/2026,15:13,139.50,27.80,24.00,10.39,48.96,20.39,-1.03,4.81,1271,1.0278,44.06,0.0817
31/07/2026,15:14,139.56,27.78,23.98,10.39,48.91,20.36,-1.05,4.81,1272,1.0276,44.07,0.0820
31/07/2026,15:15,139.58,27.79,23.97,10.37,48.80,20.37,-1.04,4.81,1273,1.0276,44.16,0.0822
31/07/2026,15:16,139.67,27.78,24.02,10.36,48.84,20.33,-1.04,4.81,1269,1.0273,44.20,0.0826
31/07/2026,15:17,139.60,27.76,23.98,10.34,48.78,20.31,-1.04,4.82,1271,1.0277,44.11,0.0820
31/07/2026,15:18,139.53,27.80,23.98,10.37,48.70,20.28,-1.03,4.83,1269,1.0277,44.07,0.0818
31/07/2026,15:19,139.50,27.84,24.00,10.37,48.74,20.25,-1.05,4.80,1273,1.0277,44.17,0.0819
31/07/2026,15:20,139.45,27.82,24.06,10.35,48.73,20.25,-1.03,4.80,1274,1.0279,44.24,0.0827
31/07/2026,15:21,139.43,27.83,24.05,10.34,48.62,20.27,-0.99,4.81,1269,1.0279,44.29,0.0827
31/07/2026,15:22,139.40,27.82,24.04,10.33,48.54,20.30,-1.00,4.82,1268,1.0278,44.26,0.0828
31/07/2026,15:23,139.41,27.90,23.96,10.31,48.60,20.32,-1.01,4.81,1260,1.0275,44.22,0.0833
31/07/2026,15:24,139.40,27.89,24.00,10.27,48.60,20.26,-1.02,4.82,1259,1.0274,44.22,0.0830
31/07/2026,15:25,139.33,27.91,23.94,10.22,48.65,20.31,-1.01,4.82,1261,1.0272,44.22,0.0831
31/07/2026,15:26,139.36,27.95,23.98,10.24,48.62,20.32,-1.04,4.83,1264,1.0275,44.32,0.0829
31/07/2026,15:27,139.34,27.95,23.92,10.23,48.61,20.30,-1.04,4.84,1268,1.0270,44.36,0.0827
31/07/2026,15:28,139.38,27.95,23.90,10.28,48.56,20.34,-1.00,4.84,1266,1.0270,44.31,0.0824
31/07/2026,15:29,139.38,27.92,23.90,10.27,48.50,20.35,-1.01,4.85,1265,1.0268,44.26,0.0823
31/07/2026,15:30,139.35,27.92,23.91,10.23,48.44,20.39,-1.01,4.85,1267,1.0271,44.32,0.0825
31/07/2026,15:31,139.39,27.95,23.89,10.21,48.49,20.42,-1.02,4.85,1266,1.0271,44.29,0.0827
31/07/2026,15:32,139.41,27.91,23.87,10.24,48.51,20.42,-1.03,4.84,1264,1.0267,44.26,0.0825
31/07/2026,15:33,139.32,27.91,23.88,10.29,48.46,20.44,-1.04,4.85,1266,1.0264,44.35,0.0833
31/07/2026,15:34,139.29,27.91,23.87,10.26,48.49,20.46,-1.02,4.84,1263,1.0262,44.27,0.0826
31/07/2026,15:35,139.29,27.94,23.88,10.31,48.52,20.44,-1.01,4.85,1268,1.0262,44.20,0.0826
31/07/2026,15:36,139.26,27.86,23.93,10.28,48.58,20.46,-1.02,4.85,1263,1.0264,44.06,0.0825
31/07/2026,15:37,139.22,27.86,23.91,10.29,48.54,20.46,-1.03,4.85,1258,1.0265,44.00,0.0826
31/07/2026,15:38,139.26,27.90,23.90,10.29,48.58,20.44,-1.03,4.86,1257,1.0265,43.82,0.0819
31/07/2026,15:39,139.31,27.95,23.91,10.27,48.56,20.39,-1.00,4.84,1260,1.0263,43.83,0.0816
31/07/2026,15:40,139.27,27.94,23.90,10.30,48.53,20.36,-1.04,4.82,1262,1.0260,43.75,0.0808
31/07/2026,15:41,139.22,27.96,23.82,10.34,48.42,20.35,-1.04,4.83,1266,1.0265,43.79,0.0804
31/07/2026,15:42,139.23,27.93,23.85,10.35,48.27,20.35,-1.02,4.81,1267,1.0263,43.84,0.0804
31/07/2026,15:43,139.21,27.93,23.82,10.34,48.36,20.37,-1.02,4.81,1266,1.0260,43.89,0.0806
31/07/2026,15:44,139.20,27.93,23.76,10.35,48.49,20.37,-1.01,4.81,1264,1.0260,43.95,0.0805
31/07/2026,15:45,139.21,27.88,23.84,10.32,48.49,20.34,-1.02,4.83,1264,1.0260,43.88,0.0804
31/07/2026,15:46,139.23,27.88,23.86,10.34,48.45,20.36,-1.02,4.83,1265,1.0258,43.84,0.0801
31/07/2026,15:47,139.26,27.83,23.91,10.36,48.49,20.37,-1.03,4.83,1265,1.0256,43.63,0.0795
31/07/2026,15:48,139.28,27.85,23.88,10.35,48.60,20.36,-1.00,4.82,1267,1.0258,43.58,0.0799
31/07/2026,15:49,139.28,27.89,23.90,10.36,48.48,20.36,-1.04,4.82,1269,1.0259,43.54,0.0801
31/07/2026,15:50,139.26,27.84,23.93,10.38,48.47,20.32,-1.07,4.82,1272,1.0259,43.43,0.0802
31/07/2026,15:51,139.20,27.89,23.94,10.35,48.47,20.26,-1.06,4.83,1274,1.0259,43.44,0.0799
31/07/2026,15:52,139.29,27.85,23.93,10.36,48.48,20.24,-1.06,4.84,1277,1.0259,43.55,0.0798
31/07/2026,15:53,139.33,27.86,23.94,10.35,48.61,20.22,-1.07,4.83,1278,1.0261,43.62,0.0792
31/07/2026,15:54,139.34,27.84,23.98,10.34,48.55,20.30,-1.05,4.82,1278,1.0260,43.66,0.0788
31/07/2026,15:55,139.34,27.81,24.00,10.31,48.56,20.29,-1.04,4.82,1279,1.0261,43.68,0.0786
31/07/2026,15:56,139.30,27.85,23.99,10.31,48.68,20.20,-1.03,4.83,1278,1.0262,43.74,0.0791
31/07/2026,15:57,139.29,27.88,24.00,10.28,48.67,20.22,-1.01,4.81,1278,1.0258,43.73,0.0790
31/07/2026,15:58,139.34,27.91,24.02,10.31,48.63,20.22,-1.01,4.79,1280,1.0257,43.83,0.0785
31/07/2026,15:59,139.29,27.91,24.01,10.26,48.79,20.18,-0.98,4.79,1275,1.0258,43.90,0.0777
31/07/2026,16:00,139.31,27.95,24.09,10.31,48.70,20.19,-0.96,4.80,1269,1.0261,43.98,0.0775
31/07/2026,16:01,139.25,27.92,24.10,10.30,48.73,20.21,-0.98,4.78,1273,1.0259,43.87,0.0779
31/07/2026,16:02,139.37,27.94,24.05,10.29,48.67,20.23,-0.96,4.77,1271,1.0263,43.93,0.0776
31/07/2026,16:03,139.34,27.96,24.04,10.28,48.68,20.28,-0.97,4.78,1268,1.0264,43.90,0.0781
31/07/2026,16:04,139.33,27.94,24.06,10.30,48.68,20.26,-0.98,4.78,1269,1.0265,43.85,0.0781
31/07/2026,16:05,139.41,27.91,24.02,10.30,48.79,20.29,-0.98,4.77,1265,1.0265,43.88,0.0786
31/07/2026,16:06,139.44,27.93,24.01,10.31,48.95,20.31,-0.97,4.78,1269,1.0266,43.94,0.0782
31/07/2026,16:07,139.45,27.93,24.02,10.32,49.06,20.31,-1.01,4.78,1276,1.0267,43.98,0.0784
31/07/2026,16:08,139.45,27.99,23.92,10.32,49.04,20.36,-0.98,4.79,1270,1.0271,43.97,0.0781
31/07/2026,16:09,139.48,28.00,23.91,10.30,49.02,20.35,-0.98,4.79,1268,1.0272,44.04,0.0782
31/07/2026,16:10,139.59,27.97,23.97,10.28,48.98,20.33,-0.97,4.80,1273,1.0276,44.06,0.0779
31/07/2026,16:11,139.60,27.94,23.98,10.29,49.06,20.31,-0.99,4.81,1278,1.0276,44.11,0.0778
31/07/2026,16:12,139.57,27.96,24.02,10.25,49.04,20.31,-1.01,4.81,1276,1.0274,44.23,0.0779
31/07/2026,16:13,139.53,27.96,24.05,10.24,49.08,20.31,-1.00,4.81,1277,1.0275,44.11,0.0777
31/07/2026,16:14,139.48,27.92,24.08,10.26,49.01,20.30,-0.98,4.83,1272,1.0281,44.05,0.0781
31/07/2026,16:15,139.59,27.91,24.11,10.25,49.17,20.29,-0.98,4.83,1273,1.0278,44.14,0.0786
31/07/2026,16:16,139.59,27.94,24.15,10.23,49.20,20.30,-1.03,4.83,1279,1.0280,44.10,0.0785
31/07/2026,16:17,139.57,27.89,24.15,10.21,49.24,20.31,-1.03,4.84,1280,1.0281,44.18,0.0787
31/07/2026,16:18,139.58,27.91,24.14,10.20,49.26,20.28,-1.07,4.83,1282,1.0280,44.13,0.0787
31/07/2026,16:19,139.59,27.90,24.16,10.21,49.27,20.32,-1.04,4.84,1280,1.0280,44.19,0.0792
31/07/2026,16:20,139.68,27.96,24.13,10.22,49.32,20.33,-1.06,4.85,1280,1.0279,44.22,0.0795
31/07/2026,16:21,139.60,28.01,24.18,10.24,49.32,20.38,-1.08,4.81,1277,1.0283,44.20,0.0796
31/07/2026,16:22,139.57,27.98,24.17,10.24,49.31,20.45,-1.07,4.82,1276,1.0281,44.32,0.0797
31/07/2026,16:23,139.62,27.94,24.17,10.24,49.28,20.42,-1.06,4.81,1274,1.0282,44.27,0.0793
31/07/2026,16:24,139.58,27.95,24.10,10.25,49.26,20.41,-1.08,4.82,1276,1.0282,44.28,0.0797
31/07/2026,16:25,139.61,27.91,24.02,10.28,49.23,20.41,-1.08,4.82,1276,1.0280,44.34,0.0795
31/07/2026,16:26,139.58,27.98,24.00,10.31,49.26,20.38,-1.12,4.80,1277,1.0278,44.32,0.0796
31/07/2026,16:27,139.59,28.00,24.08,10.29,49.32,20.36,-1.13,4.83,1277,1.0278,44.35,0.0793
31/07/2026,16:28,139.61,27.98,24.07,10.26,49.36,20.40,-1.09,4.82,1274,1.0279,44.20,0.0790
31/07/2026,16:29,139.59,27.97,24.04,10.23,49.30,20.42,-1.09,4.82,1275,1.0284,44.31,0.0788
31/07/2026,16:30,139.55,27.94,24.03,10.20,49.34,20.45,-1.10,4.83,1274,1.0284,44.50,0.0793
31/07/2026,16:31,139.57,27.92,24.02,10.21,49.34,20.44,-1.08,4.84,1274,1.0283,44.48,0.0796
31/07/2026,16:32,139.52,27.89,24.05,10.27,49.33,20.41,-1.06,4.83,1275,1.0284,44.38,0.0793
31/07/2026,16:33,139.48,27.86,24.00,10.25,49.27,20.39,-1.03,4.81,1270,1.0282,44.20,0.0786
31/07/2026,16:34,139.46,27.88,23.99,10.23,49.22,20.35,-1.01,4.82,1271,1.0282,44.03,0.0786
31/07/2026,16:35,139.49,27.88,24.06,10.26,49.08,20.38,-1.03,4.83,1269,1.0281,44.15,0.0784
31/07/2026,16:36,139.56,27.91,24.02,10.27,49.12,20.37,-1.05,4.84,1265,1.0280,44.16,0.0787
31/07/2026,16:37,139.67,27.92,24.02,10.25,49.25,20.38,-1.04,4.84,1268,1.0282,44.28,0.0788
31/07/2026,16:38,139.68,27.96,24.03,10.27,49.37,20.37,-1.06,4.82,1271,1.0283,44.34,0.0787
31/07/2026,16:39,139.69,28.01,24.01,10.28,49.23,20.32,-1.03,4.83,1268,1.0288,44.42,0.0792
31/07/2026,16:40,139.74,27.96,23.96,10.25,49.17,20.29,-1.03,4.85,1272,1.0286,44.34,0.0796
31/07/2026,16:41,139.70,27.86,23.93,10.29,49.19,20.28,-1.05,4.84,1274,1.0289,44.36,0.0797
31/07/2026,16:42,139.75,27.90,23.92,10.32,49.19,20.32,-1.07,4.85,1273,1.0291,44.30,0.0795
31/07/2026,16:43,139.82,27.85,23.93,10.26,49.18,20.30,-1.09,4.84,1271,1.0288,44.24,0.0793
31/07/2026,16:44,139.76,27.84,23.96,10.26,49.29,20.26,-1.05,4.83,1272,1.0290,44.26,0.0791
31/07/2026,16:45,139.83,27.78,23.93,10.28,49.29,20.26,-1.04,4.81,1276,1.0290,44.38,0.0789
31/07/2026,16:46,139.91,27.77,24.01,10.28,49.22,20.32,-1.03,4.82,1278,1.0292,44.23,0.0787
31/07/2026,16:47,139.93,27.79,24.00,10.28,49.14,20.29,-1.03,4.84,1282,1.0296,44.19,0.0791
31/07/2026,16:48,140.00,27.85,24.04,10.31,49.06,20.31,-1.03,4.84,1284,1.0295,44.20,0.0788
31/07/2026,16:49,139.97,27.89,24.11,10.27,49.05,20.30,-1.00,4.84,1284,1.0298,44.18,0.0782
31/07/2026,16:50,140.01,27.92,24.14,10.28,49.07,20.28,-1.02,4.85,1279,1.0298,44.08,0.0784
31/07/2026,16:51,139.99,27.98,24.19,10.26,49.06,20.26,-1.00,4.84,1281,1.0294,44.10,0.0785
31/07/2026,16:52,140.01,27.97,24.26,10.31,49.07,20.30,-1.01,4.83,1278,1.0289,44.25,0.0781
31/07/2026,16:53,140.01,27.91,24.21,10.32,49.11,20.29,-1.04,4.83,1279,1.0286,44.14,0.0785
31/07/2026,16:54,139.93,27.90,24.13,10.30,49.07,20.34,-1.05,4.83,1276,1.0285,44.12,0.0784
31/07/2026,16:55,139.85,27.83,24.11,10.27,49.01,20.35,-1.05,4.82,1276,1.0283,44.18,0.0787
31/07/2026,16:56,139.75,27.88,24.18,10.27,48.98,20.34,-1.03,4.81,1274,1.0280,44.06,0.0786
31/07/2026,16:57,139.78,27.87,24.16,10.27,48.97,20.35,-1.00,4.81,1273,1.0277,44.07,0.0790
31/07/2026,16:58,139.70,27.88,24.12,10.30,48.98,20.34,-1.03,4.81,1275,1.0274,44.05,0.0785
31/07/2026,16:59,139.77,27.86,24.08,10.27,49.04,20.34,-1.03,4.80,1276,1.0270,43.97,0.0782
31/07/2026,17:00,139.73,27.82,24.07,10.26,49.09,20.37,-0.99,4.79,1274,1.0276,43.93,0.0778
31/07/2026,17:01,139.71,27.86,24.10,10.27,49.04,20.35,-0.99,4.79,1272,1.0276,43.98,0.0776
31/07/2026,17:02,139.70,27.88,24.12,10.27,49.03,20.38,-0.99,4.78,1271,1.0273,43.92,0.0781
31/07/2026,17:03,139.66,27.92,24.11,10.26,49.03,20.42,-1.00,4.78,1272,1.0274,43.96,0.0788
31/07/2026,17:04,139.67,27.98,24.13,10.28,48.98,20.41,-0.98,4.76,1270,1.0277,43.90,0.0783
31/07/2026,17:05,139.64,27.95,24.06,10.31,48.89,20.44,-0.96,4.76,1268,1.0277,43.87,0.0783
31/07/2026,17:06,139.49,28.01,24.03,10.30,48.81,20.47,-0.97,4.76,1266,1.0275,43.90,0.0789
31/07/2026,17:07,139.48,27.98,23.96,10.25,48.77,20.44,-0.98,4.77,1266,1.0276,43.91,0.0789
31/07/2026,17:08,139.45,28.02,24.01,10.22,48.79,20.42,-1.02,4.78,1266,1.0271,44.00,0.0788
31/07/2026,17:09,139.41,28.06,23.96,10.24,48.74,20.44,-1.00,4.79,1265,1.0271,44.05,0.0785
31/07/2026,17:10,139.44,27.99,24.00,10.24,48.69,20.44,-1.00,4.78,1268,1.0269,44.04,0.0778
31/07/2026,17:11,139.44,27.92,24.01,10.26,48.77,20.41,-0.98,4.78,1271,1.0265,44.14,0.0783
31/07/2026,17:12,139.45,27.92,24.01,10.25,48.73,20.39,-0.98,4.79,1268,1.0267,44.04,0.0789
31/07/2026,17:13,139.42,27.96,24.01,10.27,48.74,20.37,-0.98,4.77,1265,1.0267,44.06,0.0787
31/07/2026,17:14,139.47,27.95,23.94,10.24,48.73,20.37,-0.99,4.77,1267,1.0267,44.13,0.0783
31/07/2026,17:15,139.49,27.93,23.97,10.27,48.84,20.34,-0.98,4.75,1265,1.0268,44.11,0.0786
31/07/2026,17:16,139.43,27.98,24.03,10.23,48.68,20.33,-0.95,4.77,1266,1.0269,44.10,0.0779
31/07/2026,17:17,139.51,27.95,24.00,10.22,48.57,20.32,-0.94,4.76,1270,1.0272,43.97,0.0782
31/07/2026,17:18,139.50,27.93,24.02,10.25,48.53,20.31,-0.97,4.76,1268,1.0269,44.08,0.0781
31/07/2026,17:19,139.45,27.93,24.07,10.23,48.71,20.30,-0.98,4.77,1267,1.0267,44.14,0.0779
31/07/2026,17:20,139.49,27.82,24.13,10.22,48.63,20.31,-0.98,4.77,1270,1.0268,44.13,0.0788
31/07/2026,17:21,139.35,27.81,24.03,10.22,48.60,20.33,-1.01,4.78,1271,1.0265,44.19,0.0792
31/07/2026,17:22,139.33,27.81,24.08,10.21,48.55,20.31,-1.03,4.78,1270,1.0264,44.06,0.0789
31/07/2026,17:23,139.39,27.81,24.06,10.21,48.66,20.32,-1.02,4.77,1272,1.0261,43.95,0.0792
31/07/2026,17:24,139.38,27.87,24.09,10.15,48.76,20.33,-0.99,4.77,1267,1.0262,44.03,0.0787
31/07/2026,17:25,139.48,27.85,24.05,10.16,48.62,20.37,-1.00,4.77,1268,1.0264,44.18,0.0790
31/07/2026,17:26,139.53,27.78,24.00,10.19,48.51,20.38,-1.01,4.76,1267,1.0267,44.22,0.0788
31/07/2026,17:27,139.56,27.77,23.98,10.21,48.51,20.37,-0.99,4.76,1264,1.0265,44.19,0.0787
31/07/2026,17:28,139.59,27.78,23.96,10.20,48.55,20.39,-0.98,4.78,1261,1.0269,44.05,0.0789
31/07/2026,17:29,139.62,27.77,23.93,10.22,48.55,20.34,-0.97,4.77,1259,1.0270,43.98,0.0792
31/07/2026,17:30,139.60,27.75,23.90,10.22,48.58,20.38,-0.97,4.77,1259,1.0267,43.94,0.0788
31/07/2026,17:31,139.54,27.74,23.85,10.23,48.55,20.41,-0.98,4.78,1261,1.0267,44.00,0.0788
31/07/2026,17:32,139.49,27.73,23.86,10.25,48.54,20.39,-0.98,4.80,1261,1.0271,43.99,0.0783
31/07/2026,17:33,139.45,27.77,23.89,10.23,48.47,20.39,-0.98,4.82,1264,1.0271,44.06,0.0784
31/07/2026,17:34,139.48,27.77,23.92,10.25,48.55,20.36,-1.00,4.82,1262,1.0269,44.04,0.0786
31/07/2026,17:35,139.48,27.73,23.99,10.23,48.64,20.30,-1.02,4.82,1265,1.0269,44.16,0.0786
31/07/2026,17:36,139.44,27.67,23.99,10.26,48.66,20.32,-1.03,4.82,1269,1.0269,44.27,0.0786
31/07/2026,17:37,139.47,27.66,24.01,10.27,48.65,20.35,-1.03,4.83,1268,1.0269,44.18,0.0793
31/07/2026,17:38,139.44,27.61,23.98,10.29,48.64,20.35,-1.03,4.83,1263,1.0268,44.16,0.0791
31/07/2026,17:39,139.49,27.56,23.98,10.28,48.73,20.33,-1.02,4.84,1266,1.0269,44.24,0.0796
31/07/2026,17:40,139.49,27.58,23.93,10.29,48.70,20.35,-1.02,4.84,1260,1.0271,44.25,0.0794
31/07/2026,17:41,139.44,27.63,23.96,10.27,48.79,20.35,-0.99,4.82,1266,1.0270,44.08,0.0800
31/07/2026,17:42,139.48,27.57,23.97,10.28,48.76,20.41,-0.97,4.82,1265,1.0272,44.11,0.0797
31/07/2026,17:43,139.48,27.59,23.99,10.25,48.67,20.40,-0.96,4.80,1265,1.0273,43.98,0.0795
31/07/2026,17:44,139.50,27.57,23.99,10.27,48.61,20.43,-0.96,4.82,1267,1.0271,44.11,0.0790
31/07/2026,17:45,139.49,27.62,24.04,10.27,48.55,20.45,-1.00,4.82,1266,1.0271,44.06,0.0793
31/07/2026,17:46,139.55,27.67,24.01,10.28,48.43,20.46,-1.00,4.83,1271,1.0272,44.19,0.0789
31/07/2026,17:47,139.65,27.67,24.06,10.28,48.52,20.47,-0.98,4.82,1270,1.0272,44.11,0.0792
31/07/2026,17:48,139.61,27.69,24.01,10.25,48.52,20.45,-0.99,4.83,1272,1.0274,44.17,0.0786
31/07/2026,17:49,139.66,27.71,24.00,10.23,48.55,20.49,-0.97,4.82,1271,1.0275,44.07,0.0783
31/07/2026,17:50,139.64,27.70,24.00,10.19,48.54,20.50,-0.97,4.83,1269,1.0272,44.04,0.0780
31/07/2026,17:51,139.68,27.68,23.97,10.18,48.54,20.54,-0.99,4.85,1272,1.0269,44.01,0.0778
31/07/2026,17:52,139.67,27.67,24.00,10.15,48.44,20.52,-1.01,4.85,1272,1.0271,44.01,0.0785
31/07/2026,17:53,139.64,27.62,24.04,10.17,48.44,20.53,-1.02,4.84,1270,1.0276,43.98,0.0789
31/07/2026,17:54,139.70,27.57,24.05,10.15,48.44,20.59,-0.99,4.83,1270,1.0277,44.07,0.0787
31/07/2026,17:55,139.74,27.53,24.04,10.17,48.36,20.58,-0.95,4.81,1267,1.0276,44.08,0.0787
31/07/2026,17:56,139.77,27.48,24.03,10.18,48.41,20.60,-0.96,4.82,1274,1.0278,44.07,0.0791
31/07/2026,17:57,139.74,27.43,24.01,10.20,48.41,20.56,-0.97,4.81,1272,1.0275,43.99,0.0788
31/07/2026,17:58,139.66,27.41,23.98,10.15,48.50,20.56,-0.99,4.82,1279,1.0274,44.01,0.0786
31/07/2026,17:59,139.64,27.35,24.03,10.16,48.47,20.58,-1.01,4.82,1278,1.0272,43.78,0.0794
31/07/2026,18:00,139.58,27.39,24.05,10.12,48.53,20.60,-1.03,4.82,1280,1.0274,43.79,0.0791
31/07/2026,18:01,139.63,27.35,24.01,10.15,48.51,20.58,-1.03,4.83,1278,1.0276,43.76,0.0790
31/07/2026,18:02,139.66,27.36,24.00,10.23,48.47,20.54,-1.04,4.81,1282,1.0272,43.67,0.0794
31/07/2026,18:03,139.69,27.38,24.09,10.22,48.61,20.53,-1.03,4.81,1283,1.0273,43.65,0.0790
31/07/2026,18:04,139.59,27.30,24.08,10.22,48.61,20.55,-1.05,4.80,1278,1.0273,43.65,0.0782
31/07/2026,18:05,139.58,27.34,24.10,10.18,48.54,20.58,-1.05,4.81,1277,1.0276,43.66,0.0778
31/07/2026,18:06,139.55,27.36,24.14,10.16,48.44,20.58,-1.06,4.82,1273,1.0277,43.74,0.0775
31/07/2026,18:07,139.54,27.38,24.13,10.21,48.45,20.59,-1.01,4.81,1277,1.0277,43.77,0.0774
31/07/2026,18:08,139.51,27.42,24.13,10.27,48.43,20.52,-0.98,4.82,1273,1.0275,43.80,0.0769
31/07/2026,18:09,139.49,27.41,24.19,10.29,48.41,20.48,-0.97,4.81,1279,1.0271,43.92,0.0774
31/07/2026,18:10,139.45,27.38,24.25,10.27,48.45,20.44,-0.97,4.82,1279,1.0269,43.94,0.0779
31/07/2026,18:11,139.52,27.35,24.20,10.29,48.53,20.49,-0.98,4.83,1276,1.0271,44.04,0.0782
31/07/2026,18:12,139.52,27.43,24.23,10.29,48.54,20.48,-0.99,4.85,1276,1.0271,44.03,0.0778
31/07/2026,18:13,139.49,27.38,24.24,10.35,48.58,20.44,-0.99,4.86,1276,1.0270,43.95,0.0783
31/07/2026,18:14,139.43,27.34,24.26,10.31,48.51,20.46,-0.99,4.85,1280,1.0265,44.09,0.0775
31/07/2026,18:15,139.44,27.27,24.24,10.27,48.38,20.50,-1.01,4.83,1281,1.0265,44.05,0.0777
31/07/2026,18:16,139.45,27.31,24.30,10.30,48.35,20.50,-0.99,4.83,1286,1.0263,44.08,0.0774
31/07/2026,18:17,139.38,27.31,24.28,10.31,48.43,20.50,-0.99,4.83,1282,1.0269,44.07,0.0777
31/07/2026,18:18,139.35,27.30,24.22,10.31,48.36,20.49,-1.00,4.81,1284,1.0267,43.97,0.0776
31/07/2026,18:19,139.33,27.33,24.25,10.27,48.30,20.45,-1.02,4.82,1286,1.0266,43.94,0.0772
31/07/2026,18:20,139.39,27.28,24.25,10.26,48.33,20.44,-1.01,4.81,1284,1.0269,43.85,0.0771
31/07/2026,18:21,139.47,27.23,24.30,10.25,48.25,20.42,-1.02,4.82,1282,1.0268,43.89,0.0767
31/07/2026,18:22,139.48,27.22,24.31,10.17,48.43,20.43,-1.02,4.82,1280,1.0269,43.81,0.0768
31/07/2026,18:23,139.54,27.22,24.31,10.16,48.33,20.44,-1.03,4.82,1278,1.0269,43.77,0.0769
31/07/2026,18:24,139.54,27.16,24.33,10.16,48.30,20.42,-1.04,4.84,1276,1.0266,43.77,0.0770
31/07/2026,18:25,139.64,27.12,24.33,10.15,48.37,20.42,-1.05,4.85,1277,1.0268,43.77,0.0771
31/07/2026,18:26,139.67,27.13,24.28,10.20,48.45,20.43,-1.05,4.83,1274,1.0267,43.65,0.0764
31/07/2026,18:27,139.73,27.12,24.21,10.21,48.53,20.47,-1.02,4.82,1275,1.0264,43.63,0.0766
31/07/2026,18:28,139.75,27.13,24.22,10.21,48.41,20.46,-1.02,4.83,1272,1.0266,43.70,0.0767
31/07/2026,18:29,139.75,27.10,24.23,10.25,48.45,20.43,-1.04,4.83,1275,1.0269,43.77,0.0770
31/07/2026,18:30,139.76,27.11,24.16,10.25,48.55,20.45,-1.03,4.83,1277,1.0267,43.87,0.0766
31/07/2026,18:31,139.75,27.17,24.15,10.27,48.62,20.45,-1.04,4.84,1272,1.0267,43.78,0.0769
31/07/2026,18:32,139.77,27.18,24.13,10.32,48.78,20.46,-1.04,4.83,1271,1.0266,43.78,0.0767
31/07/2026,18:33,139.73,27.20,24.13,10.32,48.73,20.48,-1.00,4.84,1271,1.0268,43.80,0.0771
31/07/2026,18:34,139.73,27.15,24.11,10.36,48.79,20.47,-1.00,4.87,1262,1.0267,43.83,0.0762
31/07/2026,18:35,139.68,27.15,24.03,10.38,48.81,20.46,-1.00,4.86,1260,1.0267,43.81,0.0759
31/07/2026,18:36,139.69,27.13,24.00,10.39,48.89,20.46,-1.00,4.85,1262,1.0265,43.75,0.0758
31/07/2026,18:37,139.71,27.13,24.01,10.36,48.78,20.46,-0.99,4.86,1263,1.0260,43.80,0.0758
31/07/2026,18:38,139.66,27.09,24.05,10.40,48.81,20.47,-0.98,4.85,1263,1.0256,43.74,0.0763
31/07/2026,18:39,139.62,27.13,23.92,10.42,48.79,20.44,-0.99,4.85,1265,1.0256,43.70,0.0764
31/07/2026,18:40,139.60,27.15,23.94,10.43,48.77,20.44,-1.00,4.83,1262,1.0253,43.62,0.0768
31/07/2026,18:41,139.59,27.13,23.99,10.45,48.53,20.41,-1.02,4.83,1264,1.0254,43.59,0.0770
31/07/2026,18:42,139.57,27.15,23.97,10.47,48.36,20.40,-1.03,4.84,1270,1.0253,43.60,0.0772
31/07/2026,18:43,139.47,27.12,23.94,10.50,48.36,20.41,-1.02,4.84,1273,1.0253,43.68,0.0772
31/07/2026,18:44,139.49,27.13,23.94,10.50,48.42,20.41,-1.02,4.83,1277,1.0253,43.70,0.0772
31/07/2026,18:45,139.48,27.15,23.94,10.50,48.38,20.45,-1.04,4.84,1277,1.0255,43.77,0.0772
31/07/2026,18:46,139.47,27.07,23.91,10.46,48.44,20.41,-1.04,4.85,1273,1.0255,43.79,0.0775
31/07/2026,18:47,139.50,27.09,23.95,10.42,48.48,20.39,-1.07,4.84,1275,1.0254,43.79,0.0775
31/07/2026,18:48,139.48,27.10,23.99,10.41,48.60,20.38,-1.07,4.84,1277,1.0254,43.77,0.0772
31/07/2026,18:49,139.47,27.14,24.01,10.39,48.53,20.33,-1.06,4.85,1281,1.0253,43.69,0.0776
31/07/2026,18:50,139.47,27.15,24.03,10.41,48.49,20.34,-1.06,4.83,1281,1.0253,43.75,0.0778
31/07/2026,18:51,139.48,27.16,23.99,10.43,48.60,20.33,-1.04,4.82,1281,1.0251,43.80,0.0779
31/07/2026,18:52,139.48,27.15,24.06,10.42,48.58,20.34,-1.07,4.83,1282,1.0250,43.86,0.0781
31/07/2026,18:53,139.51,27.18,24.06,10.46,48.55,20.34,-1.09,4.84,1285,1.0253,43.90,0.0778
31/07/2026,18:54,139.56,27.17,24.07,10.45,48.58,20.33,-1.08,4.82,1284,1.0254,43.91,0.0778
31/07/2026,18:55,139.58,27.16,24.11,10.46,48.56,20.27,-1.09,4.82,1285,1.0254,43.92,0.0781
31/07/2026,18:56,139.55,27.09,24.13,10.46,48.51,20.30,-1.10,4.82,1282,1.0258,43.97,0.0778
31/07/2026,18:57,139.58,27.05,24.10,10.45,48.41,20.31,-1.10,4.84,1280,1.0259,43.76,0.0780
31/07/2026,18:58,139.56,27.02,24.13,10.42,48.58,20.32,-1.08,4.82,1280,1.0256,43.75,0.0777
31/07/2026,18:59,139.60,27.00,24.19,10.41,48.56,20.30,-1.06,4.83,1284,1.0253,43.73,0.0771
31/07/2026,19:00,139.54,26.99,24.20,10.39,48.61,20.33,-1.07,4.84,1281,1.0252,43.59,0.0775
31/07/2026,19:01,139.51,26.98,24.18,10.36,48.63,20.30,-1.04,4.85,1276,1.0251,43.53,0.0775
31/07/2026,19:02,139.57,26.97,24.16,10.37,48.64,20.33,-1.03,4.86,1277,1.0248,43.63,0.0779
31/07/2026,19:03,139.56,26.93,24.17,10.32,48.73,20.34,-1.02,4.87,1279,1.0248,43.73,0.0778
31/07/2026,19:04,139.53,26.89,24.18,10.33,48.73,20.35,-1.01,4.88,1277,1.0250,43.75,0.0778
31/07/2026,19:05,139.55,26.81,24.17,10.31,48.85,20.37,-1.01,4.88,1283,1.0251,43.57,0.0785
31/07/2026,19:06,139.56,26.74,24.19,10.31,48.93,20.36,-1.04,4.87,1285,1.0249,43.50,0.0790
31/07/2026,19:07,139.62,26.70,24.16,10.32,48.82,20.35,-1.05,4.84,1285,1.0254,43.51,0.0792
31/07/2026,19:08,139.66,26.69,24.18,10.30,48.84,20.35,-1.07,4.83,1285,1.0254,43.63,0.0788
31/07/2026,19:09,139.63,26.70,24.23,10.25,48.85,20.37,-1.07,4.83,1284,1.0253,43.62,0.0786
31/07/2026,19:10,139.57,26.71,24.12,10.25,48.87,20.38,-1.07,4.84,1278,1.0255,43.79,0.0787
31/07/2026,19:11,139.61,26.72,24.14,10.24,48.83,20.39,-1.08,4.83,1275,1.0252,43.83,0.0784
31/07/2026,19:12,139.60,26.67,24.18,10.21,48.80,20.36,-1.09,4.83,1270,1.0254,43.68,0.0781
31/07/2026,19:13,139.62,26.66,24.10,10.24,48.87,20.35,-1.10,4.82,1266,1.0254,43.76,0.0780
31/07/2026,19:14,139.67,26.71,24.10,10.24,48.83,20.36,-1.10,4.82,1268,1.0251,43.73,0.0774
31/07/2026,19:15,139.73,26.65,24.10,10.23,48.70,20.34,-1.10,4.81,1270,1.0250,43.59,0.0776
31/07/2026,19:16,139.76,26.61,24.07,10.25,48.52,20.35,-1.09,4.81,1272,1.0250,43.51,0.0775
31/07/2026,19:17,139.78,26.59,24.01,10.26,48.64,20.36,-1.08,4.83,1274,1.0256,43.36,0.0771
31/07/2026,19:18,139.75,26.55,24.04,10.26,48.56,20.36,-1.10,4.82,1282,1.0257,43.18,0.0771
31/07/2026,19:19,139.75,26.56,24.06,10.24,48.55,20.41,-1.11,4.82,1277,1.0258,43.16,0.0772
31/07/2026,19:20,139.74,26.58,24.04,10.23,48.50,20.35,-1.10,4.81,1276,1.0261,43.23,0.0771
31/07/2026,19:21,139.70,26.55,24.02,10.26,48.50,20.34,-1.09,4.81,1275,1.0262,43.23,0.0769
31/07/2026,19:22,139.63,26.56,24.04,10.29,48.55,20.38,-1.09,4.80,1274,1.0268,43.28,0.0773
31/07/2026,19:23,139.66,26.54,24.06,10.25,48.57,20.42,-1.09,4.79,1275,1.0269,43.15,0.0771
31/07/2026,19:24,139.67,26.53,24.04,10.20,48.57,20.42,-1.10,4.79,1276,1.0270,43.18,0.0769
31/07/2026,19:25,139.73,26.50,24.09,10.19,48.66,20.43,-1.09,4.81,1278,1.0271,43.07,0.0766
31/07/2026,19:26,139.71,26.49,24.11,10.22,48.55,20.43,-1.06,4.82,1279,1.0272,43.02,0.0768
31/07/2026,19:27,139.72,26.47,24.10,10.23,48.49,20.46,-1.07,4.84,1282,1.0272,43.00,0.0767
31/07/2026,19:28,139.69,26.51,24.08,10.25,48.61,20.49,-1.06,4.84,1278,1.0274,42.95,0.0771
31/07/2026,19:29,139.68,26.45,24.14,10.27,48.68,20.46,-1.04,4.84,1277,1.0273,42.85,0.0762
31/07/2026,19:30,139.66,26.42,24.14,10.27,48.60,20.49,-1.07,4.82,1278,1.0277,42.90,0.0770
31/07/2026,19:31,139.67,26.43,24.10,10.25,48.69,20.47,-1.07,4.81,1282,1.0278,42.89,0.0768
31/07/2026,19:32,139.79,26.43,24.13,10.22,48.63,20.47,-1.08,4.82,1281,1.0279,42.74,0.0771
31/07/2026,19:33,139.84,26.43,24.08,10.24,48.68,20.48,-1.10,4.82,1280,1.0278,42.69,0.0772
31/07/2026,19:34,139.89,26.47,24.09,10.23,48.52,20.47,-1.11,4.84,1278,1.0277,42.72,0.0775
31/07/2026,19:35,139.83,26.47,24.06,10.23,48.58,20.50,-1.14,4.83,1281,1.0274,42.70,0.0776
31/07/2026,19:36,139.82,26.50,24.05,10.21,48.60,20.49,-1.13,4.84,1278,1.0268,42.75,0.0781
31/07/2026,19:37,139.81,26.48,24.12,10.19,48.47,20.50,-1.13,4.84,1279,1.0265,42.75,0.0778
31/07/2026,19:38,139.75,26.40,24.13,10.18,48.45,20.52,-1.11,4.84,1282,1.0266,42.77,0.0780
31/07/2026,19:39,139.79,26.39,24.19,10.24,48.39,20.53,-1.09,4.83,1278,1.0264,43.07,0.0781
31/07/2026,19:40,139.79,26.33,24.15,10.24,48.41,20.58,-1.08,4.83,1280,1.0261,43.04,0.0775
31/07/2026,19:41,139.82,26.28,24.15,10.24,48.36,20.61,-1.07,4.83,1283,1.0257,43.07,0.0774
31/07/2026,19:42,139.84,26.24,24.17,10.25,48.43,20.59,-1.06,4.84,1281,1.0253,43.00,0.0772
31/07/2026,19:43,139.85,26.24,24.17,10.28,48.51,20.60,-1.06,4.85,1277,1.0255,42.97,0.0773
31/07/2026,19:44,139.82,26.25,24.26,10.30,48.42,20.64,-1.04,4.84,1276,1.0256,42.99,0.0774
31/07/2026,19:45,139.91,26.19,24.27,10.31,48.44,20.62,-1.05,4.84,1274,1.0254,42.99,0.0776
31/07/2026,19:46,140.00,26.25,24.23,10.27,48.49,20.61,-1.09,4.83,1270,1.0253,43.04,0.0774
31/07/2026,19:47,140.02,26.23,24.20,10.26,48.50,20.60,-1.08,4.83,1268,1.0255,43.31,0.0771
31/07/2026,19:48,139.91,26.23,24.21,10.21,48.46,20.58,-1.09,4.82,1267,1.0254,43.33,0.0773
31/07/2026,19:49,139.87,26.26,24.17,10.22,48.43,20.54,-1.08,4.81,1270,1.0253,43.18,0.0772
31/07/2026,19:50,139.83,26.22,24.15,10.25,48.63,20.57,-1.05,4.81,1267,1.0247,43.29,0.0775
31/07/2026,19:51,139.83,26.19,24.15,10.22,48.60,20.51,-1.06,4.82,1266,1.0248,43.30,0.0775
31/07/2026,19:52,139.69,26.12,24.09,10.19,48.54,20.50,-1.05,4.82,1261,1.0247,43.34,0.0770
31/07/2026,19:53,139.67,26.08,24.15,10.20,48.55,20.55,-1.06,4.84,1264,1.0249,43.28,0.0768
31/07/2026,19:54,139.63,26.02,24.13,10.18,48.55,20.59,-1.07,4.83,1267,1.0250,43.36,0.0768
31/07/2026,19:55,139.66,26.10,24.11,10.18,48.61,20.61,-1.08,4.85,1269,1.0254,43.36,0.0764
31/07/2026,19:56,139.71,26.09,24.10,10.21,48.71,20.58,-1.07,4.84,1268,1.0255,43.20,0.0765
31/07/2026,19:57,139.68,25.98,24.08,10.18,48.76,20.62,-1.09,4.86,1267,1.0255,42.98,0.0765
31/07/2026,19:58,139.68,25.87,24.08,10.18,48.85,20.65,-1.10,4.84,1268,1.0256,43.20,0.0764
31/07/2026,19:59,139.69,25.89,24.03,10.17,48.76,20.66,-1.06,4.83,1269,1.0261,43.22,0.0772
31/07/2026,20:00,139.74,25.90,24.04,10.20,48.69,20.63,-1.04,4.83,1272,1.0259,43.18,0.0773
31/07/2026,20:01,139.75,25.86,24.07,10.26,48.70,20.61,-1.06,4.84,1269,1.0260,43.17,0.0777
31/07/2026,20:02,139.73,25.89,24.07,10.26,48.58,20.66,-1.04,4.85,1264,1.0261,43.26,0.0775
31/07/2026,20:03,139.64,25.88,23.99,10.25,48.49,20.65,-1.05,4.86,1263,1.0262,43.25,0.0768
31/07/2026,20:04,139.66,25.89,23.96,10.22,48.56,20.62,-1.01,4.85,1259,1.0265,43.31,0.0768
31/07/2026,20:05,139.65,25.92,23.90,10.23,48.59,20.58,-1.00,4.85,1265,1.0268,43.30,0.0770
31/07/2026,20:06,139.66,25.95,23.93,10.24,48.48,20.60,-1.00,4.87,1266,1.0272,43.37,0.0763
31/07/2026,20:07,139.67,25.89,23.90,10.24,48.49,20.59,-0.99,4.86,1265,1.0273,43.45,0.0761
31/07/2026,20:08,139.68,25.91,23.87,10.26,48.39,20.59,-1.01,4.87,1263,1.0271,43.41,0.0764
31/07/2026,20:09,139.75,25.87,23.86,10.25,48.45,20.57,-1.01,4.87,1265,1.0268,43.49,0.0769
31/07/2026,20:10,139.74,25.82,23.87,10.20,48.39,20.56,-1.00,4.85,1267,1.0270,43.47,0.0770
31/07/2026,20:11,139.80,25.81,23.87,10.17,48.28,20.53,-1.00,4.84,1268,1.0274,43.43,0.0768
31/07/2026,20:12,139.81,25.77,23.96,10.19,48.16,20.53,-1.01,4.86,1266,1.0272,43.37,0.0762
31/07/2026,20:13,139.75,25.70,23.95,10.18,48.11,20.54,-1.01,4.84,1271,1.0270,43.28,0.0759
31/07/2026,20:14,139.77,25.70,23.92,10.22,48.21,20.51,-1.01,4.85,1268,1.0270,43.32,0.0753
31/07/2026,20:15,139.75,25.64,23.93,10.23,48.23,20.49,-1.03,4.84,1271,1.0269,43.34,0.0754
31/07/2026,20:16,139.77,25.61,23.93,10.22,48.32,20.48,-1.04,4.84,1270,1.0268,43.34,0.0759
31/07/2026,20:17,139.80,25.57,23.94,10.22,48.18,20.47,-1.01,4.83,1270,1.0267,43.29,0.0762
31/07/2026,20:18,139.78,25.57,23.95,10.20,48.16,20.48,-0.98,4.83,1271,1.0264,43.29,0.0757
31/07/2026,20:19,139.86,25.59,23.97,10.24,48.15,20.53,-0.98,4.83,1265,1.0265,43.38,0.0759
31/07/2026,20:20,139.82,25.59,23.94,10.26,48.06,20.54,-0.99,4.81,1261,1.0263,43.41,0.0756
31/07/2026,20:21,139.80,25.59,23.94,10.26,48.08,20.53,-1.00,4.81,1263,1.0262,43.49,0.0751
31/07/2026,20:22,139.77,25.60,23.92,10.31,48.01,20.54,-0.97,4.80,1267,1.0261,43.47,0.0751
31/07/2026,20:23,139.79,25.62,23.93,10.30,48.00,20.53,-0.99,4.79,1265,1.0263,43.47,0.0753
31/07/2026,20:24,139.74,25.60,23.92,10.32,48.04,20.54,-1.02,4.78,1272,1.0264,43.46,0.0753
31/07/2026,20:25,139.74,25.62,23.94,10.30,48.12,20.58,-1.00,4.79,1273,1.0267,43.49,0.0747
31/07/2026,20:26,139.65,25.62,23.90,10.27,48.15,20.57,-0.99,4.77,1273,1.0268,43.46,0.0743
31/07/2026,20:27,139.59,25.55,23.90,10.26,48.20,20.57,-0.98,4.77,1271,1.0268,43.38,0.0743
31/07/2026,20:28,139.59,25.60,23.93,10.28,48.26,20.58,-1.00,4.78,1271,1.0270,43.34,0.0742
31/07/2026,20:29,139.54,25.58,24.01,10.25,48.30,20.61,-1.01,4.77,1276,1.0272,43.34,0.0746
31/07/2026,20:30,139.55,25.50,24.05,10.24,48.33,20.59,-1.03,4.77,1279,1.0272,43.29,0.0749
31/07/2026,20:31,139.53,25.42,24.07,10.27,48.30,20.60,-1.01,4.76,1282,1.0270,43.27,0.0749
31/07/2026,20:32,139.52,25.37,24.06,10.26,48.46,20.62,-1.03,4.76,1274,1.0269,43.15,0.0751
31/07/2026,20:33,139.55,25.39,24.10,10.22,48.47,20.61,-1.05,4.77,1277,1.0272,43.16,0.0752
31/07/2026,20:34,139.57,25.35,24.07,10.19,48.52,20.60,-1.07,4.77,1276,1.0274,43.17,0.0751
31/07/2026,20:35,139.59,25.30,24.03,10.15,48.50,20.60,-1.05,4.78,1276,1.0275,43.10,0.0746
31/07/2026,20:36,139.62,25.32,24.08,10.15,48.54,20.56,-1.02,4.78,1280,1.0272,43.18,0.0749
31/07/2026,20:37,139.69,25.29,24.09,10.18,48.51,20.57,-1.04,4.78,1276,1.0272,43.17,0.0756
31/07/2026,20:38,139.61,25.26,24.14,10.19,48.44,20.57,-1.06,4.78,1276,1.0273,43.22,0.0760
31/07/2026,20:39,139.60,25.31,24.09,10.16,48.40,20.56,-1.06,4.78,1275,1.0273,43.16,0.0761
31/07/2026,20:40,139.62,25.30,24.07,10.18,48.30,20.55,-1.09,4.80,1274,1.0271,43.28,0.0760
31/07/2026,20:41,139.60,25.26,24.06,10.22,48.37,20.56,-1.08,4.81,1277,1.0271,43.30,0.0763
31/07/2026,20:42,139.63,25.21,24.06,10.21,48.45,20.58,-1.08,4.81,1278,1.0271,43.26,0.0762
31/07/2026,20:43,139.63,25.21,24.08,10.22,48.42,20.61,-1.08,4.81,1278,1.0271,43.17,0.0771
31/07/2026,20:44,139.64,25.23,24.09,10.19,48.25,20.63,-1.06,4.81,1283,1.0271,43.09,0.0767
31/07/2026,20:45,139.69,25.15,24.11,10.20,48.27,20.58,-1.06,4.82,1284,1.0267,43.19,0.0764
31/07/2026,20:46,139.71,25.15,24.10,10.23,48.39,20.56,-1.04,4.82,1281,1.0268,43.15,0.0765
31/07/2026,20:47,139.62,25.12,24.06,10.24,48.41,20.57,-1.04,4.83,1279,1.0262,43.23,0.0770
31/07/2026,20:48,139.65,25.12,24.08,10.23,48.45,20.57,-1.02,4.85,1279,1.0265,43.18,0.0767
31/07/2026,20:49,139.64,25.09,24.06,10.24,48.51,20.61,-1.04,4.85,1280,1.0263,43.31,0.0771
31/07/2026,20:50,139.58,25.05,24.03,10.30,48.39,20.63,-1.04,4.84,1282,1.0265,43.15,0.0771
31/07/2026,20:51,139.57,25.04,24.03,10.34,48.34,20.65,-1.07,4.83,1284,1.0265,43.16,0.0765
31/07/2026,20:52,139.65,25.02,24.10,10.29,48.26,20.66,-1.08,4.84,1286,1.0263,43.16,0.0761
31/07/2026,20:53,139.63,25.01,24.20,10.26,48.21,20.66,-1.10,4.84,1289,1.0263,43.29,0.0765
31/07/2026,20:54,139.58,25.02,24.22,10.30,48.28,20.67,-1.12,4.84,1283,1.0264,43.26,0.0762
31/07/2026,20:55,139.61,24.95,24.20,10.33,48.28,20.60,-1.13,4.83,1284,1.0263,43.18,0.0770
31/07/2026,20:56,139.60,24.92,24.18,10.34,48.25,20.60,-1.15,4.85,1281,1.0264,43.03,0.0780
31/07/2026,20:57,139.63,24.95,24.24,10.36,48.24,20.68,-1.15,4.84,1283,1.0262,43.03,0.0778
31/07/2026,20:58,139.64,24.94,24.26,10.36,48.28,20.68,-1.16,4.84,1282,1.0266,43.07,0.0783
31/07/2026,20:59,139.66,24.89,24.30,10.38,48.24,20.66,-1.14,4.83,1282,1.0266,42.92,0.0778
31/07/2026,21:00,139.66,24.87,24.26,10.36,48.23,20.65,-1.19,4.83,1282,1.0267,42.74,0.0773
31/07/2026,21:01,139.69,24.81,24.29,10.37,48.20,20.63,-1.17,4.84,1283,1.0263,42.83,0.0770
31/07/2026,21:02,139.67,24.75,24.25,10.35,48.16,20.59,-1.14,4.84,1282,1.0263,42.99,0.0768
31/07/2026,21:03,139.66,24.78,24.22,10.35,48.04,20.54,-1.13,4.82,1280,1.0264,43.08,0.0767
31/07/2026,21:04,139.64,24.80,24.23,10.28,47.93,20.50,-1.14,4.82,1275,1.0262,43.14,0.0768
31/07/2026,21:05,139.61,24.79,24.23,10.23,47.84,20.48,-1.13,4.79,1272,1.0263,43.12,0.0765
31/07/2026,21:06,139.62,24.76,24.16,10.16,47.94,20.51,-1.10,4.76,1262,1.0268,43.09,0.0761
31/07/2026,21:07,139.55,24.74,24.18,10.06,47.93,20.54,-1.08,4.74,1252,1.0267,43.26,0.0766
31/07/2026,21:08,139.53,24.73,24.01,9.94,47.87,20.57,-1.04,4.70,1244,1.0263,43.30,0.0760
31/07/2026,21:09,139.47,24.69,23.90,9.79,47.84,20.60,-1.02,4.65,1233,1.0265,43.30,0.0762
31/07/2026,21:10,139.47,24.67,23.84,9.66,47.84,20.64,-0.97,4.62,1224,1.0266,43.36,0.0759
31/07/2026,21:11,139.44,24.65,23.71,9.55,47.83,20.67,-0.94,4.59,1210,1.0265,43.34,0.0758
31/07/2026,21:12,139.43,24.62,23.57,9.43,47.87,20.70,-0.93,4.56,1199,1.0268,43.38,0.0754
31/07/2026,21:13,139.41,24.61,23.38,9.32,47.88,20.79,-0.89,4.54,1191,1.0268,43.43,0.0758
31/07/2026,21:14,139.33,24.64,23.17,9.22,47.92,20.89,-0.85,4.49,1181,1.0268,43.39,0.0763
31/07/2026,21:15,139.19,24.57,23.02,9.14,48.01,20.92,-0.79,4.47,1173,1.0265,43.44,0.0757
31/07/2026,21:16,139.22,24.53,22.91,9.03,48.12,20.98,-0.77,4.44,1171,1.0262,43.33,0.0759
31/07/2026,21:17,139.14,24.52,22.83,8.97,48.05,21.03,-0.70,4.41,1163,1.0261,43.34,0.0757
31/07/2026,21:18,139.14,24.45,22.65,8.87,48.01,21.05,-0.68,4.37,1151,1.0261,43.32,0.0757
31/07/2026,21:19,139.09,24.39,22.48,8.81,48.03,21.11,-0.63,4.34,1145,1.0257,43.29,0.0755
31/07/2026,21:20,139.06,24.34,22.27,8.77,48.08,21.18,-0.58,4.33,1145,1.0252,43.31,0.0757
31/07/2026,21:21,138.95,24.29,22.15,8.69,48.07,21.29,-0.54,4.29,1140,1.0250,43.40,0.0756
31/07/2026,21:22,138.87,24.23,22.04,8.64,48.04,21.37,-0.53,4.30,1138,1.0251,43.39,0.0752
31/07/2026,21:23,138.76,24.20,22.04,8.58,47.92,21.37,-0.51,4.27,1138,1.0252,43.36,0.0751
31/07/2026,21:24,138.71,24.15,21.89,8.51,47.80,21.41,-0.48,4.26,1131,1.0250,43.26,0.0747
31/07/2026,21:25,138.64,24.12,21.73,8.44,47.89,21.41,-0.47,4.25,1131,1.0250,43.30,0.0746
31/07/2026,21:26,138.62,24.12,21.59,8.39,47.76,21.46,-0.40,4.23,1129,1.0249,43.33,0.0741
31/07/2026,21:27,138.67,24.11,21.48,8.32,47.80,21.56,-0.38,4.23,1127,1.0245,43.31,0.0743
31/07/2026,21:28,138.65,24.08,21.43,8.28,47.72,21.61,-0.38,4.24,1129,1.0244,43.35,0.0740
31/07/2026,21:29,138.64,24.05,21.39,8.23,47.89,21.68,-0.35,4.25,1128,1.0244,43.34,0.0743
31/07/2026,21:30,138.57,24.03,21.35,8.19,47.94,21.80,-0.31,4.25,1131,1.0243,43.26,0.0742
31/07/2026,21:31,138.51,23.98,21.31,8.16,47.87,21.83,-0.29,4.25,1130,1.0245,43.16,0.0738
31/07/2026,21:32,138.51,23.98,21.28,8.10,47.75,21.90,-0.28,4.24,1130,1.0245,43.19,0.0739
31/07/2026,21:33,138.45,23.99,21.21,8.06,47.75,21.95,-0.27,4.24,1130,1.0244,43.35,0.0742
31/07/2026,21:34,138.46,23.97,21.13,8.03,47.80,22.04,-0.28,4.24,1133,1.0241,43.19,0.0739
31/07/2026,21:35,138.45,23.97,21.09,8.01,47.77,22.13,-0.24,4.25,1133,1.0242,43.27,0.0742
31/07/2026,21:36,138.49,23.94,21.04,7.98,47.70,22.20,-0.26,4.24,1134,1.0239,43.26,0.0742
31/07/2026,21:37,138.44,23.95,21.09,7.99,47.82,22.26,-0.24,4.22,1133,1.0242,43.31,0.0741
31/07/2026,21:38,138.50,23.90,21.04,7.97,47.84,22.29,-0.20,4.20,1135,1.0241,43.22,0.0739
31/07/2026,21:39,138.46,23.91,20.97,7.94,47.98,22.35,-0.20,4.21,1135,1.0244,43.34,0.0734
31/07/2026,21:40,138.42,23.90,20.93,7.96,47.90,22.38,-0.20,4.19,1132,1.0242,43.41,0.0735
31/07/2026,21:41,138.43,23.85,20.91,7.96,47.86,22.44,-0.20,4.16,1127,1.0238,43.38,0.0736
31/07/2026,21:42,138.35,23.84,20.89,7.92,47.93,22.49,-0.20,4.16,1129,1.0233,43.40,0.0740
31/07/2026,21:43,138.30,23.82,20.93,7.91,48.02,22.51,-0.20,4.14,1129,1.0235,43.34,0.0729
31/07/2026,21:44,138.17,23.78,20.92,7.89,47.89,22.49,-0.20,4.12,1125,1.0233,43.46,0.0727
31/07/2026,21:45,138.19,23.78,20.90,7.93,47.83,22.49,-0.20,4.11,1122,1.0233,43.58,0.0727
31/07/2026,21:46,138.15,23.74,20.84,7.98,47.75,22.50,-0.22,4.12,1121,1.0230,43.63,0.0733
31/07/2026,21:47,138.08,23.65,20.80,7.96,47.71,22.52,-0.22,4.10,1122,1.0231,43.68,0.0729
31/07/2026,21:48,138.05,23.63,20.76,7.95,47.68,22.57,-0.23,4.10,1126,1.0230,43.48,0.0733
31/07/2026,21:49,137.98,23.64,20.73,7.96,47.71,22.61,-0.22,4.08,1121,1.0231,43.56,0.0738
31/07/2026,21:50,137.92,23.64,20.79,7.92,47.75,22.61,-0.20,4.09,1125,1.0230,43.51,0.0740
31/07/2026,21:51,137.87,23.66,20.83,7.90,47.70,22.63,-0.21,4.11,1127,1.0230,43.41,0.0744
31/07/2026,21:52,137.82,23.64,20.86,7.90,47.64,22.69,-0.21,4.11,1133,1.0230,43.45,0.0736
31/07/2026,21:53,137.77,23.59,20.93,7.96,47.74,22.72,-0.23,4.13,1137,1.0230,43.55,0.0733
31/07/2026,21:54,137.77,23.56,20.96,8.03,47.78,22.78,-0.21,4.15,1145,1.0233,43.56,0.0734
31/07/2026,21:55,137.72,23.55,21.05,8.12,47.84,22.82,-0.22,4.17,1155,1.0232,43.53,0.0731
31/07/2026,21:56,137.69,23.55,21.03,8.30,47.81,22.83,-0.25,4.21,1159,1.0236,43.50,0.0735
31/07/2026,21:57,137.66,23.52,21.05,8.43,47.79,22.82,-0.28,4.25,1165,1.0233,43.59,0.0738
31/07/2026,21:58,137.69,23.48,21.12,8.57,47.86,22.81,-0.30,4.28,1169,1.0234,43.48,0.0742
31/07/2026,21:59,137.70,23.42,21.23,8.69,47.79,22.80,-0.32,4.30,1176,1.0230,43.55,0.0740
31/07/2026,22:00,137.78,23.44,21.33,8.80,47.73,22.83,-0.35,4.34,1184,1.0231,43.50,0.0733
31/07/2026,22:01,137.70,23.42,21.36,8.88,47.88,22.80,-0.39,4.37,1189,1.0229,43.48,0.0733
31/07/2026,22:02,137.70,23.40,21.48,8.92,47.85,22.83,-0.40,4.40,1196,1.0232,43.39,0.0733
31/07/2026,22:03,137.73,23.37,21.62,8.96,47.93,22.81,-0.42,4.43,1195,1.0234,43.30,0.0732
31/07/2026,22:04,137.77,23.36,21.71,9.02,47.91,22.81,-0.43,4.45,1198,1.0234,43.25,0.0733
31/07/2026,22:05,137.79,23.32,21.84,9.13,48.01,22.77,-0.44,4.47,1201,1.0239,43.29,0.0738
31/07/2026,22:06,137.84,23.29,21.94,9.20,47.98,22.74,-0.44,4.48,1208,1.0238,43.22,0.0731
31/07/2026,22:07,137.88,23.28,21.97,9.26,47.89,22.63,-0.44,4.48,1203,1.0234,43.07,0.0729
31/07/2026,22:08,137.91,23.30,22.04,9.31,47.96,22.57,-0.45,4.49,1203,1.0234,43.05,0.0731
31/07/2026,22:09,137.95,23.33,22.13,9.37,47.85,22.50,-0.45,4.51,1208,1.0236,43.12,0.0734
31/07/2026,22:10,137.96,23.38,22.20,9.42,47.95,22.43,-0.49,4.53,1214,1.0238,43.11,0.0736
31/07/2026,22:11,138.02,23.34,22.27,9.45,48.03,22.39,-0.50,4.55,1218,1.0237,43.11,0.0737
31/07/2026,22:12,138.01,23.34,22.36,9.48,47.99,22.34,-0.51,4.55,1222,1.0237,43.16,0.0740
31/07/2026,22:13,137.97,23.28,22.45,9.49,47.95,22.28,-0.57,4.55,1226,1.0241,43.03,0.0737
31/07/2026,22:14,137.95,23.27,22.53,9.54,47.98,22.23,-0.59,4.57,1229,1.0243,43.14,0.0741
31/07/2026,22:15,137.96,23.22,22.57,9.57,47.96,22.15,-0.59,4.57,1228,1.0242,43.10,0.0734
31/07/2026,22:16,137.93,23.21,22.62,9.57,47.85,22.07,-0.62,4.59,1231,1.0239,43.18,0.0740
31/07/2026,22:17,137.94,23.24,22.67,9.59,48.04,22.03,-0.64,4.61,1233,1.0242,43.32,0.0736
31/07/2026,22:18,138.05,23.19,22.76,9.60,48.07,21.98,-0.67,4.63,1233,1.0249,43.36,0.0735
31/07/2026,22:19,138.09,23.19,22.86,9.62,48.14,21.93,-0.68,4.61,1237,1.0246,43.31,0.0740
31/07/2026,22:20,138.13,23.21,22.92,9.65,48.11,21.88,-0.71,4.62,1240,1.0243,43.23,0.0743
31/07/2026,22:21,138.17,23.20,23.01,9.69,47.99,21.83,-0.74,4.63,1239,1.0243,43.21,0.0743
31/07/2026,22:22,138.21,23.20,23.04,9.73,48.01,21.79,-0.73,4.64,1238,1.0240,43.29,0.0745
31/07/2026,22:23,138.17,23.19,23.09,9.78,48.15,21.73,-0.76,4.63,1241,1.0241,43.32,0.0749
31/07/2026,22:24,138.14,23.18,23.16,9.79,48.01,21.68,-0.79,4.65,1243,1.0244,43.35,0.0747
31/07/2026,22:25,138.18,23.15,23.20,9.81,47.95,21.68,-0.77,4.67,1243,1.0246,43.27,0.0746
31/07/2026,22:26,138.29,23.14,23.24,9.81,47.86,21.66,-0.76,4.66,1249,1.0247,43.22,0.0745
31/07/2026,22:27,138.35,23.08,23.28,9.86,47.80,21.63,-0.81,4.65,1251,1.0249,43.18,0.0746
31/07/2026,22:28,138.41,23.07,23.26,9.89,47.86,21.56,-0.83,4.65,1246,1.0251,43.23,0.0753
31/07/2026,22:29,138.41,23.05,23.30,9.91,47.83,21.52,-0.82,4.67,1249,1.0245,43.30,0.0747
31/07/2026,22:30,138.45,23.05,23.31,9.92,47.81,21.52,-0.84,4.69,1253,1.0244,43.09,0.0747
31/07/2026,22:31,138.47,23.01,23.36,9.94,47.82,21.51,-0.87,4.67,1255,1.0246,43.06,0.0747
31/07/2026,22:32,138.48,23.05,23.43,9.91,47.79,21.49,-0.89,4.67,1259,1.0248,43.05,0.0745
31/07/2026,22:33,138.54,23.01,23.47,9.92,47.78,21.48,-0.88,4.66,1253,1.0248,42.97,0.0753
31/07/2026,22:34,138.55,23.03,23.46,9.92,47.79,21.43,-0.86,4.67,1254,1.0253,42.98,0.0758
31/07/2026,22:35,138.60,22.99,23.45,9.93,47.76,21.42,-0.86,4.68,1255,1.0253,43.01,0.0757
31/07/2026,22:36,138.58,22.97,23.48,9.96,47.74,21.37,-0.84,4.68,1255,1.0250,43.03,0.0761
31/07/2026,22:37,138.64,22.96,23.49,9.98,47.87,21.33,-0.88,4.67,1254,1.0252,43.08,0.0758
31/07/2026,22:38,138.66,22.97,23.50,9.96,47.83,21.33,-0.86,4.65,1256,1.0247,42.96,0.0755
31/07/2026,22:39,138.62,22.93,23.44,9.92,47.69,21.32,-0.87,4.67,1253,1.0250,43.03,0.0760
31/07/2026,22:40,138.59,22.90,23.41,9.91,47.63,21.32,-0.88,4.67,1252,1.0253,42.97,0.0761
31/07/2026,22:41,138.62,22.84,23.50,9.91,47.60,21.31,-0.89,4.66,1250,1.0256,43.03,0.0761
31/07/2026,22:42,138.66,22.77,23.49,9.93,47.54,21.31,-0.87,4.66,1250,1.0257,42.90,0.0764
31/07/2026,22:43,138.68,22.78,23.50,9.91,47.51,21.30,-0.87,4.68,1250,1.0259,42.87,0.0766
31/07/2026,22:44,138.66,22.76,23.49,9.90,47.50,21.26,-0.86,4.69,1252,1.0260,42.89,0.0769
31/07/2026,22:45,138.72,22.77,23.51,9.88,47.36,21.23,-0.83,4.68,1250,1.0263,42.89,0.0767
31/07/2026,22:46,138.76,22.76,23.40,9.88,47.29,21.20,-0.84,4.70,1246,1.0263,42.92,0.0766
31/07/2026,22:47,138.78,22.78,23.44,9.90,47.30,21.22,-0.82,4.69,1247,1.0264,42.90,0.0768
31/07/2026,22:48,138.88,22.75,23.39,9.92,47.25,21.19,-0.81,4.69,1243,1.0263,42.91,0.0767
31/07/2026,22:49,138.80,22.69,23.38,9.91,47.24,21.19,-0.82,4.70,1244,1.0262,42.86,0.0768
31/07/2026,22:50,138.77,22.69,23.38,9.92,47.30,21.18,-0.80,4.71,1248,1.0262,42.81,0.0767
31/07/2026,22:51,138.74,22.65,23.38,9.94,47.32,21.16,-0.81,4.73,1249,1.0263,42.87,0.0773
31/07/2026,22:52,138.70,22.64,23.40,9.95,47.33,21.13,-0.83,4.73,1248,1.0268,42.78,0.0773
31/07/2026,22:53,138.72,22.64,23.38,9.89,47.24,21.14,-0.82,4.73,1244,1.0264,42.84,0.0776
31/07/2026,22:54,138.75,22.50,23.43,9.94,47.20,21.13,-0.82,4.74,1242,1.0266,42.86,0.0775
31/07/2026,22:55,138.71,22.51,23.47,9.99,47.15,21.09,-0.85,4.75,1241,1.0271,42.80,0.0779
31/07/2026,22:56,138.71,22.51,23.45,10.01,47.15,21.07,-0.88,4.76,1243,1.0272,42.64,0.0780
31/07/2026,22:57,138.76,22.45,23.45,10.03,47.18,21.03,-0.88,4.76,1242,1.0272,42.72,0.0781
31/07/2026,22:58,138.70,22.46,23.45,10.00,47.07,21.02,-0.92,4.77,1241,1.0271,42.58,0.0781
31/07/2026,22:59,138.71,22.44,23.43,10.00,47.01,21.05,-0.91,4.76,1241,1.0270,42.61,0.0785
31/07/2026,23:00,138.73,22.45,23.45,9.98,47.08,21.04,-0.90,4.75,1238,1.0272,42.62,0.0784
31/07/2026,23:01,138.75,22.46,23.42,9.99,46.99,21.06,-0.92,4.76,1234,1.0270,42.61,0.0784
31/07/2026,23:02,138.78,22.45,23.38,10.02,46.95,21.05,-0.91,4.75,1236,1.0268,42.56,0.0781
31/07/2026,23:03,138.83,22.44,23.38,10.00,46.91,21.01,-0.90,4.73,1236,1.0274,42.64,0.0785
31/07/2026,23:04,138.80,22.43,23.37,9.99,46.98,21.03,-0.90,4.72,1236,1.0270,42.58,0.0781
31/07/2026,23:05,138.76,22.38,23.38,9.97,46.89,21.00,-0.90,4.72,1241,1.0266,42.49,0.0787
31/07/2026,23:06,138.75,22.37,23.35,9.95,46.85,20.98,-0.90,4.72,1244,1.0267,42.49,0.0788
31/07/2026,23:07,138.84,22.33,23.32,9.91,46.83,21.00,-0.86,4.74,1246,1.0268,42.55,0.0789
31/07/2026,23:08,138.92,22.30,23.34,9.88,46.80,21.01,-0.85,4.75,1243,1.0269,42.43,0.0785
31/07/2026,23:09,138.85,22.28,23.27,9.91,46.75,21.03,-0.88,4.76,1243,1.0269,42.46,0.0784
31/07/2026,23:10,138.86,22.28,23.27,9.92,46.69,20.99,-0.90,4.77,1245,1.0266,42.26,0.0792
31/07/2026,23:11,138.94,22.26,23.26,9.91,46.79,20.97,-0.91,4.77,1246,1.0264,42.29,0.0787
31/07/2026,23:12,139.04,22.20,23.22,9.92,46.89,20.95,-0.92,4.76,1246,1.0263,42.09,0.0789
31/07/2026,23:13,139.09,22.13,23.29,9.93,46.96,20.97,-0.90,4.74,1250,1.0259,42.07,0.0790
31/07/2026,23:14,139.04,22.06,23.33,9.98,46.95,20.97,-0.91,4.74,1246,1.0263,42.08,0.0784
31/07/2026,23:15,138.98,22.08,23.30,9.96,47.03,20.97,-0.89,4.73,1246,1.0260,42.10,0.0782
31/07/2026,23:16,138.91,22.04,23.30,9.99,47.18,20.98,-0.91,4.73,1247,1.0261,42.16,0.0781
31/07/2026,23:17,138.94,22.04,23.36,9.96,47.17,20.96,-0.90,4.73,1251,1.0267,42.11,0.0788
31/07/2026,23:18,139.06,21.98,23.34,9.96,47.26,20.98,-0.93,4.74,1253,1.0264,42.03,0.0788
31/07/2026,23:19,139.06,21.88,23.36,9.99,47.06,20.95,-0.95,4.74,1253,1.0264,42.01,0.0792
31/07/2026,23:20,138.98,21.81,23.41,10.00,47.13,20.98,-0.94,4.75,1256,1.0266,42.23,0.0795
31/07/2026,23:21,139.03,21.86,23.46,9.94,47.09,20.97,-0.96,4.76,1252,1.0268,42.10,0.0798
31/07/2026,23:22,139.05,21.84,23.51,9.90,47.09,20.96,-0.95,4.74,1251,1.0265,41.92,0.0793
31/07/2026,23:23,139.14,21.82,23.47,9.94,47.09,20.92,-0.96,4.72,1252,1.0263,41.81,0.0793
31/07/2026,23:24,139.19,21.85,23.48,9.94,47.08,20.92,-0.96,4.72,1256,1.0265,41.88,0.0795
31/07/2026,23:25,139.21,21.85,23.49,9.92,47.03,20.93,-0.98,4.70,1255,1.0265,42.00,0.0798
31/07/2026,23:26,139.23,21.79,23.52,9.93,47.02,20.92,-1.01,4.70,1253,1.0267,42.15,0.0798
31/07/2026,23:27,139.24,21.81,23.56,9.90,46.93,20.91,-0.99,4.71,1254,1.0267,41.99,0.0799
31/07/2026,23:28,139.25,21.78,23.56,9.90,46.95,20.85,-0.95,4.71,1252,1.0266,41.86,0.0802
31/07/2026,23:29,139.22,21.78,23.53,9.94,46.96,20.86,-0.96,4.73,1256,1.0262,41.87,0.0808
31/07/2026,23:30,139.25,21.80,23.55,9.93,46.95,20.85,-0.96,4.71,1259,1.0265,41.90,0.0809
31/07/2026,23:31,139.28,21.72,23.56,9.90,46.93,20.83,-0.97,4.69,1263,1.0261,41.85,0.0810
31/07/2026,23:32,139.26,21.66,23.64,9.88,46.92,20.87,-0.95,4.70,1264,1.0260,41.89,0.0807
31/07/2026,23:33,139.29,21.65,23.66,9.92,46.99,20.87,-0.94,4.72,1262,1.0260,41.98,0.0810
31/07/2026,23:34,139.22,21.64,23.66,9.96,46.98,20.88,-0.96,4.72,1265,1.0263,41.95,0.0812
31/07/2026,23:35,139.14,21.63,23.73,9.96,46.92,20.89,-0.96,4.72,1265,1.0262,41.79,0.0811
31/07/2026,23:36,139.14,21.63,23.72,9.93,46.89,20.88,-0.97,4.72,1264,1.0259,41.82,0.0811
31/07/2026,23:37,139.16,21.58,23.73,9.90,46.83,20.86,-0.99,4.72,1258,1.0258,41.86,0.0813
31/07/2026,23:38,139.17,21.58,23.71,9.95,46.99,20.86,-0.95,4.75,1257,1.0253,41.86,0.0813
31/07/2026,23:39,139.19,21.62,23.76,9.98,47.06,20.82,-0.95,4.74,1259,1.0253,41.83,0.0817
31/07/2026,23:40,139.21,21.61,23.74,9.97,47.13,20.84,-0.92,4.76,1261,1.0255,41.94,0.0813
31/07/2026,23:41,139.23,21.58,23.80,9.98,47.27,20.87,-0.94,4.76,1258,1.0255,42.05,0.0809
31/07/2026,23:42,139.29,21.50,23.83,10.00,47.40,20.88,-0.95,4.74,1258,1.0256,42.28,0.0810
31/07/2026,23:43,139.37,21.41,23.81,10.00,47.41,20.92,-0.92,4.75,1253,1.0255,42.16,0.0814
31/07/2026,23:44,139.36,21.39,23.80,10.07,47.42,20.94,-0.93,4.75,1251,1.0258,42.24,0.0810
31/07/2026,23:45,139.27,21.42,23.75,10.07,47.45,20.91,-0.91,4.75,1248,1.0260,42.18,0.0809
31/07/2026,23:46,139.25,21.36,23.75,10.09,47.45,20.90,-0.89,4.75,1242,1.0260,42.16,0.0812
31/07/2026,23:47,139.27,21.34,23.74,10.08,47.39,20.89,-0.90,4.76,1236,1.0258,42.11,0.0814
31/07/2026,23:48,139.21,21.34,23.66,10.05,47.29,20.85,-0.90,4.74,1235,1.0259,42.12,0.0811
31/07/2026,23:49,139.21,21.28,23.63,10.01,47.33,20.83,-0.91,4.75,1235,1.0262,42.16,0.0808
31/07/2026,23:50,139.18,21.25,23.59,10.03,47.22,20.81,-0.90,4.76,1242,1.0260,42.18,0.0801
31/07/2026,23:51,139.18,21.24,23.55,10.04,47.16,20.75,-0.90,4.75,1243,1.0257,42.19,0.0802
31/07/2026,23:52,139.14,21.24,23.56,10.01,47.08,20.76,-0.91,4.75,1245,1.0258,42.07,0.0798
31/07/2026,23:53,139.13,21.24,23.57,10.04,47.06,20.78,-0.90,4.76,1247,1.0262,42.09,0.0799
31/07/2026,23:54,139.12,21.23,23.51,10.07,47.08,20.79,-0.87,4.76,1246,1.0266,41.99,0.0791
31/07/2026,23:55,139.09,21.20,23.46,10.06,46.99,20.77,-0.85,4.76,1243,1.0266,42.05,0.0798
31/07/2026,23:56,139.09,21.15,23.47,10.04,46.97,20.76,-0.81,4.76,1246,1.0268,42.13,0.0794
31/07/2026,23:57,139.08,21.11,23.45,10.05,47.06,20.70,-0.82,4.75,1243,1.0271,42.23,0.0795
31/07/2026,23:58,139.10,21.13,23.43,10.02,47.05,20.68,-0.81,4.75,1246,1.0273,42.30,0.0797
31/07/2026,23:59,139.15,21.10,23.42,9.98,47.05,20.66,-0.82,4.75,1244,1.0271,42.32,0.0795
01/08/2026,00:00,139.15,21.07,23.46,9.94,47.08,20.63,-0.83,4.73,1247,1.0269,42.39,0.0801
01/08/2026,00:01,139.11,21.03,23.44,9.98,46.96,20.63,-0.83,4.73,1246,1.0273,42.35,0.0802
01/08/2026,00:02,139.17,20.98,23.41,9.95,46.94,20.66,-0.82,4.72,1251,1.0278,42.31,0.0807
01/08/2026,00:03,139.12,20.96,23.39,9.98,46.94,20.67,-0.88,4.72,1254,1.0278,42.25,0.0811
01/08/2026,00:04,139.14,20.95,23.39,9.99,46.78,20.66,-0.89,4.72,1259,1.0280,42.40,0.0813
01/08/2026,00:05,139.14,20.95,23.47,9.96,46.73,20.69,-0.91,4.71,1260,1.0278,42.31,0.0809
01/08/2026,00:06,139.15,20.94,23.52,9.97,46.76,20.69,-0.93,4.69,1258,1.0274,42.16,0.0812
01/08/2026,00:07,139.10,20.88,23.61,9.98,46.69,20.69,-0.93,4.69,1259,1.0272,42.16,0.0812
01/08/2026,00:08,139.16,20.85,23.66,9.97,46.81,20.73,-0.91,4.69,1257,1.0266,42.16,0.0812
01/08/2026,00:09,139.16,20.81,23.75,9.95,46.70,20.69,-0.91,4.68,1256,1.0265,42.18,0.0810
01/08/2026,00:10,139.12,20.75,23.80,9.97,46.61,20.69,-0.92,4.66,1256,1.0264,42.21,0.0810
01/08/2026,00:11,139.09,20.69,23.78,10.03,46.58,20.75,-0.93,4.67,1256,1.0264,42.22,0.0812
01/08/2026,00:12,139.15,20.73,23.69,10.03,46.51,20.75,-0.95,4.68,1253,1.0267,42.15,0.0813
01/08/2026,00:13,139.10,20.75,23.64,10.04,46.52,20.74,-0.94,4.69,1251,1.0269,42.07,0.0823
01/08/2026,00:14,139.13,20.72,23.65,10.03,46.61,20.76,-0.96,4.70,1253,1.0267,42.19,0.0828
01/08/2026,00:15,139.05,20.67,23.63,10.03,46.43,20.77,-0.96,4.70,1252,1.0269,42.03,0.0825
01/08/2026,00:16,139.10,20.61,23.56,9.99,46.46,20.80,-0.96,4.69,1250,1.0269,41.94,0.0821
01/08/2026,00:17,139.07,20.63,23.54,10.01,46.56,20.76,-0.94,4.69,1249,1.0266,41.80,0.0824
01/08/2026,00:18,139.04,20.62,23.49,10.04,46.60,20.72,-0.92,4.70,1246,1.0266,41.69,0.0826
01/08/2026,00:19,139.13,20.64,23.51,10.01,46.64,20.74,-0.90,4.71,1249,1.0273,41.86,0.0822
01/08/2026,00:20,139.19,20.65,23.44,10.04,46.63,20.74,-0.92,4.73,1242,1.0272,41.85,0.0826
01/08/2026,00:21,139.15,20.64,23.45,10.04,46.73,20.70,-0.93,4.73,1241,1.0275,41.90,0.0822
01/08/2026,00:22,139.14,20.63,23.45,10.04,46.74,20.69,-0.93,4.74,1242,1.0273,41.86,0.0820
01/08/2026,00:23,139.13,20.64,23.40,10.07,46.75,20.72,-0.89,4.76,1243,1.0273,41.91,0.0827
01/08/2026,00:24,139.12,20.61,23.41,10.10,46.76,20.73,-0.90,4.77,1249,1.0273,41.96,0.0830
01/08/2026,00:25,139.09,20.61,23.43,10.11,46.81,20.70,-0.84,4.75,1246,1.0275,41.82,0.0829
01/08/2026,00:26,139.12,20.56,23.42,10.11,46.76,20.62,-0.84,4.76,1246,1.0275,42.00,0.0831
01/08/2026,00:27,139.04,20.63,23.38,10.11,46.87,20.62,-0.85,4.76,1244,1.0276,41.99,0.0831
01/08/2026,00:28,139.00,20.60,23.34,10.07,46.86,20.64,-0.84,4.76,1250,1.0275,41.97,0.0834
01/08/2026,00:29,138.96,20.61,23.36,10.05,46.83,20.67,-0.86,4.76,1252,1.0278,41.85,0.0833
01/08/2026,00:30,138.97,20.56,23.36,10.07,46.85,20.64,-0.87,4.76,1253,1.0277,41.86,0.0834
01/08/2026,00:31,138.97,20.56,23.44,10.11,46.79,20.64,-0.86,4.77,1254,1.0275,41.85,0.0840
01/08/2026,00:32,138.98,20.53,23.45,10.10,46.89,20.67,-0.85,4.77,1254,1.0276,41.91,0.0841
01/08/2026,00:33,139.06,20.52,23.45,10.10,47.07,20.65,-0.89,4.77,1256,1.0279,41.85,0.0844
01/08/2026,00:34,139.11,20.46,23.40,10.07,46.99,20.64,-0.87,4.74,1253,1.0280,41.84,0.0836
01/08/2026,00:35,139.10,20.46,23.43,10.03,46.98,20.62,-0.87,4.74,1252,1.0277,41.72,0.0834
01/08/2026,00:36,139.06,20.37,23.44,10.04,46.93,20.62,-0.86,4.76,1251,1.0281,41.80,0.0833
01/08/2026,00:37,139.05,20.31,23.44,10.02,46.87,20.60,-0.89,4.75,1249,1.0280,41.86,0.0837
01/08/2026,00:38,139.02,20.31,23.38,10.05,46.74,20.59,-0.92,4.75,1251,1.0280,41.86,0.0839
01/08/2026,00:39,139.07,20.36,23.43,10.06,46.73,20.59,-0.91,4.76,1252,1.0278,41.95,0.0840
01/08/2026,00:40,139.09,20.30,23.47,10.08,46.76,20.55,-0.91,4.76,1246,1.0273,41.82,0.0839
01/08/2026,00:41,139.15,20.25,23.44,10.07,46.71,20.56,-0.93,4.75,1247,1.0274,41.86,0.0841
01/08/2026,00:42,139.15,20.24,23.46,10.05,46.71,20.57,-0.94,4.75,1250,1.0270,42.06,0.0839
01/08/2026,00:43,139.18,20.26,23.52,10.02,46.61,20.56,-0.95,4.76,1249,1.0267,42.05,0.0836
01/08/2026,00:44,139.17,20.26,23.52,10.00,46.64,20.56,-0.93,4.76,1248,1.0264,42.01,0.0843
01/08/2026,00:45,139.17,20.26,23.51,10.00,46.57,20.59,-0.94,4.76,1249,1.0265,41.96,0.0847
01/08/2026,00:46,139.19,20.20,23.54,9.98,46.55,20.57,-0.93,4.75,1252,1.0267,42.09,0.0855
01/08/2026,00:47,139.20,20.09,23.58,9.96,46.72,20.54,-0.93,4.75,1249,1.0270,42.12,0.0855
01/08/2026,00:48,139.21,20.10,23.62,10.02,46.85,20.54,-0.91,4.75,1250,1.0267,42.08,0.0853
01/08/2026,00:49,139.18,20.19,23.63,10.00,46.87,20.58,-0.92,4.75,1252,1.0262,41.98,0.0848
01/08/2026,00:50,139.13,20.19,23.64,10.02,46.84,20.56,-0.88,4.76,1252,1.0265,41.79,0.0850
01/08/2026,00:51,139.18,20.10,23.57,10.02,46.85,20.55,-0.87,4.76,1252,1.0263,41.73,0.0840
01/08/2026,00:52,139.23,20.11,23.56,9.99,46.87,20.57,-0.90,4.75,1255,1.0261,41.72,0.0841
01/08/2026,00:53,139.24,20.10,23.59,10.01,46.86,20.56,-0.88,4.74,1252,1.0261,41.78,0.0838
01/08/2026,00:54,139.18,20.11,23.59,9.98,46.86,20.55,-0.90,4.73,1249,1.0262,41.71,0.0845
01/08/2026,00:55,139.17,20.05,23.54,9.97,46.78,20.59,-0.87,4.72,1245,1.0261,41.64,0.0843
01/08/2026,00:56,139.04,20.07,23.50,9.96,46.71,20.60,-0.87,4.70,1247,1.0262,41.55,0.0845
01/08/2026,00:57,139.02,20.05,23.47,9.96,46.65,20.61,-0.88,4.68,1246,1.0261,41.51,0.0842
01/08/2026,00:58,139.01,20.07,23.46,9.94,46.65,20.60,-0.90,4.68,1250,1.0264,41.56,0.0841
01/08/2026,00:59,139.04,20.04,23.46,9.96,46.62,20.58,-0.91,4.67,1247,1.0267,41.56,0.0838
01/08/2026,01:00,139.13,20.03,23.49,9.96,46.55,20.56,-0.94,4.69,1249,1.0270,41.56,0.0833
01/08/2026,01:01,139.06,20.04,23.54,9.88,46.60,20.59,-0.97,4.69,1249,1.0266,41.55,0.0830
01/08/2026,01:02,139.19,20.03,23.55,9.88,46.55,20.63,-0.95,4.70,1246,1.0265,41.60,0.0834
01/08/2026,01:03,139.10,19.95,23.52,9.89,46.66,20.62,-0.97,4.70,1248,1.0269,41.62,0.0837
01/08/2026,01:04,139.01,20.00,23.51,9.85,46.70,20.61,-0.94,4.69,1249,1.0265,41.72,0.0830
01/08/2026,01:05,139.04,19.98,23.56,9.90,46.70,20.62,-0.94,4.70,1251,1.0266,41.67,0.0825
01/08/2026,01:06,139.06,19.98,23.50,9.89,46.70,20.60,-0.95,4.69,1249,1.0264,41.60,0.0827
01/08/2026,01:07,139.08,19.95,23.50,9.90,46.72,20.61,-0.96,4.68,1244,1.0264,41.57,0.0828
01/08/2026,01:08,139.05,19.94,23.53,9.91,46.86,20.58,-0.95,4.69,1245,1.0268,41.64,0.0829
01/08/2026,01:09,139.10,19.93,23.58,9.91,46.81,20.59,-0.94,4.69,1248,1.0266,41.52,0.0832
01/08/2026,01:10,139.08,19.88,23.58,9.92,46.88,20.60,-0.94,4.70,1246,1.0268,41.53,0.0833
01/08/2026,01:11,139.03,19.92,23.56,9.91,46.86,20.67,-0.94,4.70,1245,1.0268,41.49,0.0832
01/08/2026,01:12,138.99,19.88,23.58,9.91,46.83,20.68,-0.93,4.71,1251,1.0271,41.56,0.0831
01/08/2026,01:13,138.92,19.88,23.54,9.92,46.85,20.68,-0.87,4.73,1244,1.0271,41.63,0.0834
01/08/2026,01:14,138.95,19.84,23.49,9.92,47.01,20.68,-0.86,4.74,1244,1.0270,41.57,0.0836
01/08/2026,01:15,139.00,19.88,23.54,9.91,47.02,20.75,-0.84,4.74,1246,1.0267,41.56,0.0840
01/08/2026,01:16,138.92,19.82,23.48,9.93,47.08,20.75,-0.84,4.73,1245,1.0266,41.48,0.0846
01/08/2026,01:17,139.03,19.83,23.45,9.95,47.19,20.75,-0.82,4.73,1243,1.0261,41.67,0.0847
01/08/2026,01:18,139.05,19.78,23.48,9.92,47.07,20.71,-0.83,4.74,1243,1.0262,41.60,0.0848
01/08/2026,01:19,138.99,19.78,23.44,9.95,47.10,20.68,-0.84,4.71,1242,1.0260,41.70,0.0848
01/08/2026,01:20,138.91,19.77,23.43,9.94,47.04,20.66,-0.84,4.70,1243,1.0263,41.68,0.0848
01/08/2026,01:21,138.90,19.73,23.48,9.92,47.16,20.68,-0.83,4.70,1242,1.0263,41.64,0.0847
01/08/2026,01:22,138.98,19.79,23.46,9.90,47.26,20.66,-0.84,4.70,1243,1.0263,41.61,0.0846
01/08/2026,01:23,138.96,19.76,23.49,9.89,47.15,20.63,-0.84,4.69,1248,1.0266,41.60,0.0843
01/08/2026,01:24,138.94,19.67,23.51,9.90,47.14,20.63,-0.84,4.68,1252,1.0266,41.65,0.0839
01/08/2026,01:25,138.98,19.63,23.47,9.93,47.15,20.63,-0.86,4.67,1248,1.0267,41.71,0.0833
01/08/2026,01:26,138.98,19.66,23.51,9.91,47.06,20.63,-0.88,4.67,1249,1.0267,41.71,0.0833
01/08/2026,01:27,139.02,19.57,23.48,9.93,47.05,20.64,-0.86,4.66,1256,1.0266,41.67,0.0831
01/08/2026,01:28,138.98,19.62,23.47,9.89,46.98,20.67,-0.88,4.66,1259,1.0265,41.69,0.0832
01/08/2026,01:29,139.01,19.57,23.48,9.87,46.94,20.68,-0.86,4.68,1256,1.0266,41.61,0.0828
01/08/2026,01:30,138.98,19.57,23.51,9.92,46.97,20.69,-0.85,4.67,1253,1.0266,41.65,0.0829
01/08/2026,01:31,138.97,19.53,23.53,9.91,47.08,20.69,-0.87,4.70,1252,1.0266,41.75,0.0828
01/08/2026,01:32,138.90,19.48,23.52,9.90,47.05,20.67,-0.87,4.70,1255,1.0267,41.80,0.0822
01/08/2026,01:33,138.88,19.45,23.58,9.90,47.00,20.70,-0.92,4.69,1259,1.0265,41.66,0.0825
01/08/2026,01:34,138.93,19.48,23.57,9.91,46.99,20.74,-0.90,4.69,1260,1.0263,41.59,0.0822
01/08/2026,01:35,139.05,19.53,23.56,9.91,46.97,20.71,-0.88,4.69,1255,1.0262,41.68,0.0822
01/08/2026,01:36,139.08,19.55,23.52,9.95,47.07,20.69,-0.89,4.71,1254,1.0261,41.73,0.0820
01/08/2026,01:37,139.10,19.57,23.54,9.93,47.08,20.73,-0.93,4.70,1250,1.0259,41.81,0.0820
01/08/2026,01:38,139.04,19.50,23.51,9.97,47.06,20.70,-0.92,4.69,1251,1.0260,41.84,0.0824
01/08/2026,01:39,139.04,19.49,23.53,9.92,47.03,20.71,-0.92,4.69,1253,1.0261,41.78,0.0816
01/08/2026,01:40,138.97,19.49,23.55,9.93,47.06,20.75,-0.90,4.70,1252,1.0257,41.69,0.0815
01/08/2026,01:41,138.98,19.48,23.52,9.92,47.11,20.78,-0.91,4.69,1248,1.0257,41.63,0.0817
01/08/2026,01:42,138.98,19.45,23.51,9.90,47.14,20.80,-0.90,4.70,1253,1.0260,41.69,0.0820
01/08/2026,01:43,139.05,19.44,23.52,9.92,47.13,20.82,-0.91,4.70,1255,1.0259,41.62,0.0819
01/08/2026,01:44,139.06,19.43,23.52,9.90,47.13,20.82,-0.93,4.71,1256,1.0263,41.71,0.0819
01/08/2026,01:45,139.11,19.45,23.56,9.92,47.00,20.83,-0.92,4.71,1264,1.0263,41.68,0.0823
01/08/2026,01:46,139.14,19.40,23.60,9.92,46.83,20.82,-0.92,4.72,1258,1.0264,41.73,0.0824
01/08/2026,01:47,139.16,19.40,23.58,9.89,46.84,20.87,-0.93,4.73,1258,1.0261,41.67,0.0826
01/08/2026,01:48,139.16,19.40,23.53,9.94,46.90,20.85,-0.92,4.73,1259,1.0263,41.61,0.0825
01/08/2026,01:49,139.13,19.33,23.52,9.95,46.87,20.83,-0.91,4.74,1256,1.0263,41.60,0.0824
01/08/2026,01:50,139.14,19.30,23.53,9.95,46.91,20.85,-0.90,4.73,1254,1.0266,41.66,0.0819
01/08/2026,01:51,139.11,19.31,23.51,9.92,46.93,20.80,-0.89,4.73,1249,1.0262,41.47,0.0823
01/08/2026,01:52,139.10,19.28,23.48,9.94,46.96,20.83,-0.90,4.75,1257,1.0264,41.37,0.0820
01/08/2026,01:53,139.06,19.28,23.51,9.95,46.94,20.82,-0.90,4.73,1259,1.0268,41.36,0.0823
01/08/2026,01:54,139.04,19.26,23.50,9.98,46.99,20.84,-0.86,4.73,1252,1.0268,41.11,0.0821
01/08/2026,01:55,139.03,19.31,23.47,10.02,46.89,20.83,-0.86,4.72,1252,1.0265,41.11,0.0821
01/08/2026,01:56,139.05,19.32,23.46,9.99,46.97,20.81,-0.89,4.72,1252,1.0263,41.07,0.0825
01/08/2026,01:57,139.05,19.28,23.52,9.99,46.86,20.79,-0.90,4.72,1257,1.0260,41.03,0.0822
01/08/2026,01:58,139.06,19.25,23.54,9.98,46.90,20.82,-0.90,4.71,1257,1.0260,41.23,0.0816
01/08/2026,01:59,139.03,19.24,23.49,9.99,46.95,20.82,-0.91,4.72,1257,1.0263,41.29,0.0818
01/08/2026,02:00,139.06,19.25,23.55,9.99,46.92,20.84,-0.92,4.72,1256,1.0268,41.30,0.0816
01/08/2026,02:01,139.00,19.28,23.52,10.03,46.91,20.85,-0.91,4.72,1255,1.0263,41.33,0.0818
01/08/2026,02:02,138.87,19.25,23.53,10.06,46.96,20.82,-0.90,4.70,1257,1.0263,41.24,0.0820
01/08/2026,02:03,138.89,19.25,23.54,10.05,47.01,20.80,-0.88,4.69,1261,1.0259,41.32,0.0819
01/08/2026,02:04,138.83,19.23,23.57,10.04,47.01,20.82,-0.86,4.69,1265,1.0256,41.30,0.0817
01/08/2026,02:05,138.91,19.21,23.55,10.03,47.04,20.79,-0.88,4.69,1266,1.0255,41.27,0.0815
01/08/2026,02:06,138.88,19.19,23.49,10.04,46.97,20.79,-0.84,4.69,1261,1.0257,41.40,0.0823
01/08/2026,02:07,138.96,19.18,23.44,10.01,46.97,20.77,-0.85,4.71,1256,1.0258,41.48,0.0817
01/08/2026,02:08,139.01,19.20,23.49,9.99,46.89,20.80,-0.85,4.70,1253,1.0261,41.39,0.0818
01/08/2026,02:09,138.98,19.18,23.49,9.96,46.91,20.79,-0.86,4.71,1253,1.0263,41.27,0.0814
01/08/2026,02:10,139.03,19.18,23.45,10.00,46.87,20.74,-0.85,4.69,1248,1.0265,41.34,0.0811
01/08/2026,02:11,139.06,19.17,23.43,10.04,46.85,20.73,-0.88,4.70,1247,1.0264,41.40,0.0815
01/08/2026,02:12,139.07,19.14,23.44,10.03,46.77,20.77,-0.88,4.71,1249,1.0265,41.52,0.0816
01/08/2026,02:13,139.00,19.15,23.50,10.02,46.85,20.79,-0.90,4.71,1252,1.0265,41.59,0.0819
01/08/2026,02:14,139.01,19.19,23.54,10.02,46.90,20.78,-0.89,4.72,1247,1.0264,41.46,0.0816
01/08/2026,02:15,139.03,19.19,23.52,10.01,46.95,20.75,-0.86,4.73,1246,1.0261,41.45,0.0813
01/08/2026,02:16,139.06,19.18,23.45,9.97,46.98,20.74,-0.84,4.74,1242,1.0261,41.35,0.0802
01/08/2026,02:17,139.02,19.15,23.44,10.00,47.02,20.71,-0.81,4.74,1246,1.0261,41.35,0.0804
01/08/2026,02:18,138.99,19.14,23.46,10.01,47.03,20.73,-0.80,4.72,1244,1.0261,41.38,0.0813
01/08/2026,02:19,138.96,19.11,23.44,10.02,46.93,20.72,-0.80,4.73,1243,1.0263,41.41,0.0818
01/08/2026,02:20,138.90,19.12,23.40,10.05,46.87,20.73,-0.80,4.72,1244,1.0266,41.32,0.0820
01/08/2026,02:21,138.88,19.12,23.42,10.03,46.81,20.74,-0.81,4.70,1245,1.0266,41.41,0.0825
01/08/2026,02:22,138.90,19.14,23.39,9.99,46.81,20.77,-0.76,4.72,1244,1.0269,41.47,0.0826
01/08/2026,02:23,138.87,19.10,23.41,9.97,46.76,20.76,-0.76,4.72,1240,1.0270,41.38,0.0833
01/08/2026,02:24,138.84,19.10,23.44,9.94,46.76,20.76,-0.75,4.72,1239,1.0270,41.30,0.0839
01/08/2026,02:25,138.83,19.07,23.43,9.95,46.71,20.70,-0.78,4.72,1242,1.0269,41.16,0.0841
01/08/2026,02:26,138.81,19.01,23.40,9.94,46.65,20.70,-0.80,4.73,1240,1.0268,41.13,0.0844
01/08/2026,02:27,138.82,19.02,23.45,9.94,46.73,20.73,-0.81,4.73,1247,1.0266,41.18,0.0842
01/08/2026,02:28,138.85,18.93,23.48,9.91,46.83,20.75,-0.83,4.73,1245,1.0264,41.22,0.0849
01/08/2026,02:29,138.91,18.83,23.46,9.89,46.75,20.76,-0.79,4.73,1245,1.0259,41.24,0.0853
01/08/2026,02:30,138.97,18.84,23.50,9.88,46.71,20.75,-0.80,4.73,1249,1.0263,41.34,0.0852
01/08/2026,02:31,138.95,18.86,23.49,9.91,46.79,20.77,-0.79,4.73,1247,1.0260,41.49,0.0851
01/08/2026,02:32,138.92,18.86,23.56,9.92,46.78,20.80,-0.78,4.72,1249,1.0265,41.39,0.0850
01/08/2026,02:33,138.93,18.83,23.49,9.90,46.77,20.79,-0.78,4.71,1249,1.0262,41.42,0.0850
01/08/2026,02:34,139.00,18.89,23.46,9.87,46.73,20.80,-0.83,4.71,1248,1.0264,41.29,0.0848
01/08/2026,02:35,139.03,18.86,23.52,9.88,46.66,20.79,-0.83,4.72,1249,1.0261,41.30,0.0851
01/08/2026,02:36,139.04,18.82,23.53,9.90,46.68,20.79,-0.84,4.74,1249,1.0262,41.34,0.0847
01/08/2026,02:37,139.03,18.78,23.55,9.88,46.75,20.79,-0.84,4.73,1248,1.0261,41.43,0.0843
01/08/2026,02:38,139.07,18.84,23.55,9.88,46.81,20.79,-0.86,4.73,1249,1.0260,41.38,0.0838
01/08/2026,02:39,139.14,18.84,23.56,9.89,46.80,20.79,-0.81,4.73,1250,1.0260,41.34,0.0835
01/08/2026,02:40,139.19,18.76,23.54,9.92,46.87,20.84,-0.85,4.72,1254,1.0262,41.42,0.0828
01/08/2026,02:41,139.17,18.69,23.50,9.95,46.87,20.89,-0.85,4.73,1252,1.0259,41.57,0.0830
01/08/2026,02:42,139.11,18.75,23.53,9.95,46.75,20.92,-0.85,4.74,1253,1.0260,41.57,0.0830
01/08/2026,02:43,139.05,18.79,23.53,9.97,46.72,20.86,-0.88,4.74,1251,1.0262,41.56,0.0831
01/08/2026,02:44,139.00,18.75,23.51,10.01,46.61,20.86,-0.91,4.73,1253,1.0259,41.46,0.0827
01/08/2026,02:45,139.00,18.76,23.54,9.99,46.75,20.90,-0.91,4.73,1251,1.0257,41.42,0.0829
01/08/2026,02:46,139.03,18.77,23.55,9.98,46.77,20.87,-0.92,4.72,1249,1.0257,41.46,0.0823
01/08/2026,02:47,139.03,18.81,23.50,9.96,46.75,20.88,-0.90,4.71,1250,1.0255,41.34,0.0822
01/08/2026,02:48,138.90,18.80,23.51,9.97,46.82,20.84,-0.90,4.71,1251,1.0255,41.26,0.0820
01/08/2026,02:49,138.90,18.80,23.58,9.98,46.74,20.80,-0.89,4.71,1252,1.0256,41.29,0.0820
01/08/2026,02:50,138.85,18.81,23.60,10.01,46.75,20.74,-0.91,4.71,1252,1.0258,41.31,0.0818
01/08/2026,02:51,138.85,18.80,23.63,9.99,46.69,20.73,-0.92,4.71,1252,1.0256,41.32,0.0824
01/08/2026,02:52,138.90,18.78,23.64,10.02,46.70,20.73,-0.94,4.70,1257,1.0252,41.32,0.0826
01/08/2026,02:53,138.90,18.76,23.66,10.01,46.67,20.74,-0.93,4.70,1253,1.0252,41.39,0.0820
01/08/2026,02:54,138.99,18.80,23.68,10.01,46.71,20.75,-0.95,4.69,1253,1.0253,41.23,0.0817
01/08/2026,02:55,138.99,18.80,23.69,10.00,46.68,20.77,-0.93,4.68,1252,1.0257,41.24,0.0816
01/08/2026,02:56,138.91,18.81,23.66,9.95,46.82,20.74,-0.94,4.68,1255,1.0256,41.30,0.0816
01/08/2026,02:57,138.91,18.76,23.63,9.91,46.85,20.71,-0.93,4.70,1253,1.0256,41.41,0.0820
01/08/2026,02:58,138.90,18.75,23.58,9.90,46.81,20.76,-0.93,4.67,1248,1.0257,41.57,0.0817
01/08/2026,02:59,138.90,18.74,23.53,9.88,46.76,20.76,-0.88,4.68,1241,1.0256,41.50,0.0823
01/08/2026,03:00,138.87,18.71,23.51,9.89,46.81,20.77,-0.89,4.66,1238,1.0257,41.58,0.0818
01/08/2026,03:01,138.88,18.71,23.49,9.88,46.90,20.80,-0.91,4.68,1241,1.0255,41.40,0.0812
01/08/2026,03:02,138.88,18.70,23.48,9.85,46.88,20.83,-0.88,4.67,1242,1.0255,41.36,0.0808
01/08/2026,03:03,138.93,18.66,23.48,9.91,46.89,20.79,-0.86,4.67,1240,1.0256,41.46,0.0804
01/08/2026,03:04,138.93,18.61,23.42,9.90,46.83,20.76,-0.83,4.67,1239,1.0257,41.35,0.0802
01/08/2026,03:05,138.93,18.63,23.46,9.91,46.84,20.80,-0.80,4.67,1237,1.0258,41.46,0.0802
01/08/2026,03:06,138.92,18.59,23.47,9.89,46.92,20.77,-0.76,4.68,1239,1.0258,41.54,0.0801
01/08/2026,03:07,138.92,18.58,23.36,9.89,46.92,20.75,-0.75,4.68,1241,1.0264,41.53,0.0801
01/08/2026,03:08,138.85,18.53,23.39,9.90,46.80,20.75,-0.71,4.68,1246,1.0264,41.58,0.0802
01/08/2026,03:09,138.84,18.55,23.38,9.90,46.84,20.74,-0.69,4.68,1251,1.0264,41.52,0.0804
01/08/2026,03:10,138.96,18.57,23.40,9.88,46.89,20.75,-0.64,4.69,1251,1.0264,41.50,0.0806
01/08/2026,03:11,138.94,18.58,23.37,9.89,46.80,20.78,-0.60,4.70,1252,1.0265,41.39,0.0801
01/08/2026,03:12,139.00,18.54,23.41,9.89,46.90,20.81,-0.58,4.71,1249,1.0265,41.26,0.0805
01/08/2026,03:13,139.06,18.54,23.45,9.88,46.84,20.76,-0.57,4.70,1249,1.0264,41.26,0.0807
01/08/2026,03:14,139.02,18.50,23.47,9.85,46.74,20.74,-0.55,4.72,1246,1.0268,41.34,0.0813
01/08/2026,03:15,139.06,18.51,23.47,9.86,46.78,20.74,-0.51,4.72,1247,1.0268,41.33,0.0817
01/08/2026,03:16,139.09,18.50,23.51,9.87,46.75,20.73,-0.50,4.72,1251,1.0268,41.50,0.0818
01/08/2026,03:17,139.13,18.50,23.51,9.93,46.87,20.76,-0.46,4.73,1252,1.0272,41.49,0.0818
01/08/2026,03:18,139.14,18.50,23.46,9.93,46.86,20.76,-0.42,4.73,1256,1.0273,41.62,0.0821
01/08/2026,03:19,139.22,18.50,23.44,9.93,46.91,20.71,-0.42,4.72,1258,1.0276,41.50,0.0817
01/08/2026,03:20,139.15,18.43,23.47,9.95,47.00,20.76,-0.43,4.71,1257,1.0277,41.51,0.0821
01/08/2026,03:21,139.08,18.43,23.52,9.95,47.01,20.77,-0.45,4.71,1257,1.0281,41.38,0.0819
01/08/2026,03:22,139.07,18.43,23.47,9.96,46.90,20.72,-0.47,4.73,1253,1.0280,41.32,0.0826
01/08/2026,03:23,139.06,18.47,23.48,9.99,46.93,20.74,-0.45,4.72,1252,1.0280,41.37,0.0827
01/08/2026,03:24,139.07,18.42,23.43,9.93,46.81,20.70,-0.44,4.74,1253,1.0279,41.40,0.0825
01/08/2026,03:25,139.03,18.43,23.51,9.90,46.87,20.70,-0.45,4.74,1254,1.0278,41.42,0.0832
01/08/2026,03:26,139.05,18.41,23.49,9.89,46.91,20.73,-0.47,4.73,1253,1.0277,41.29,0.0832
01/08/2026,03:27,139.06,18.46,23.49,9.89,46.91,20.79,-0.45,4.72,1251,1.0277,41.30,0.0825
01/08/2026,03:28,139.04,18.46,23.45,9.86,46.86,20.86,-0.46,4.72,1248,1.0272,41.29,0.0818
01/08/2026,03:29,139.08,18.43,23.42,9.84,46.86,20.80,-0.45,4.70,1247,1.0273,41.19,0.0826
01/08/2026,03:30,139.03,18.40,23.42,9.85,46.82,20.80,-0.41,4.70,1244,1.0269,41.11,0.0822
01/08/2026,03:31,138.97,18.44,23.41,9.85,46.88,20.79,-0.40,4.70,1243,1.0266,41.18,0.0823
01/08/2026,03:32,138.96,18.41,23.41,9.86,46.92,20.76,-0.38,4.69,1240,1.0267,41.14,0.0824
01/08/2026,03:33,139.03,18.45,23.36,9.83,46.80,20.73,-0.37,4.68,1248,1.0263,41.14,0.0823
01/08/2026,03:34,139.04,18.45,23.37,9.83,46.75,20.75,-0.34,4.67,1243,1.0265,41.23,0.0828
01/08/2026,03:35,139.02,18.50,23.43,9.79,46.74,20.77,-0.33,4.70,1241,1.0267,41.21,0.0824
01/08/2026,03:36,138.99,18.55,23.39,9.84,46.83,20.83,-0.30,4.70,1241,1.0270,41.23,0.0820
01/08/2026,03:37,139.07,18.52,23.31,9.83,46.84,20.89,-0.30,4.70,1238,1.0265,41.27,0.0823
01/08/2026,03:38,139.13,18.49,23.32,9.83,46.90,20.88,-0.30,4.72,1242,1.0266,41.52,0.0821
01/08/2026,03:39,139.12,18.52,23.30,9.85,46.93,20.87,-0.30,4.73,1241,1.0264,41.64,0.0819
01/08/2026,03:40,139.21,18.53,23.24,9.80,46.84,20.86,-0.29,4.74,1242,1.0262,41.77,0.0822
01/08/2026,03:41,139.16,18.53,23.23,9.80,46.86,20.85,-0.28,4.75,1239,1.0261,41.71,0.0824
01/08/2026,03:42,139.17,18.53,23.24,9.84,46.79,20.85,-0.31,4.75,1245,1.0261,41.65,0.0820
01/08/2026,03:43,139.09,18.53,23.25,9.84,46.74,20.83,-0.32,4.75,1249,1.0261,41.60,0.0830
01/08/2026,03:44,139.12,18.61,23.22,9.85,46.71,20.85,-0.32,4.74,1247,1.0259,41.58,0.0827
01/08/2026,03:45,139.18,18.61,23.26,9.85,46.68,20.86,-0.30,4.73,1250,1.0260,41.63,0.0831
01/08/2026,03:46,139.21,18.59,23.30,9.79,46.64,20.82,-0.27,4.72,1251,1.0259,41.71,0.0830
01/08/2026,03:47,139.19,18.54,23.33,9.82,46.72,20.83,-0.30,4.72,1250,1.0260,41.70,0.0824
01/08/2026,03:48,139.20,18.57,23.30,9.79,46.62,20.85,-0.30,4.70,1248,1.0259,41.74,0.0825
01/08/2026,03:49,139.14,18.53,23.33,9.80,46.43,20.83,-0.29,4.72,1246,1.0257,41.80,0.0826
01/08/2026,03:50,139.05,18.50,23.32,9.81,46.51,20.84,-0.32,4.71,1250,1.0257,41.82,0.0831
01/08/2026,03:51,139.10,18.47,23.28,9.80,46.53,20.80,-0.32,4.71,1251,1.0256,41.69,0.0834
01/08/2026,03:52,139.01,18.50,23.34,9.81,46.55,20.80,-0.34,4.70,1251,1.0255,41.62,0.0835
01/08/2026,03:53,138.96,18.45,23.39,9.82,46.55,20.81,-0.32,4.70,1247,1.0255,41.71,0.0837
01/08/2026,03:54,138.93,18.48,23.42,9.83,46.59,20.79,-0.33,4.68,1245,1.0257,41.71,0.0840
01/08/2026,03:55,138.95,18.53,23.39,9.87,46.45,20.80,-0.33,4.67,1243,1.0253,41.72,0.0833
01/08/2026,03:56,139.00,18.56,23.39,9.86,46.40,20.79,-0.35,4.67,1245,1.0255,41.73,0.0827
01/08/2026,03:57,139.01,18.57,23.38,9.85,46.37,20.79,-0.35,4.67,1245,1.0253,41.71,0.0827
01/08/2026,03:58,139.02,18.51,23.32,9.87,46.32,20.79,-0.34,4.66,1249,1.0254,41.68,0.0827
01/08/2026,03:59,139.04,18.51,23.28,9.86,46.31,20.79,-0.36,4.67,1246,1.0253,41.72,0.0828
01/08/2026,04:00,138.97,18.53,23.36,9.84,46.35,20.83,-0.35,4.68,1248,1.0256,41.78,0.0831
01/08/2026,04:01,138.98,18.53,23.33,9.83,46.55,20.80,-0.33,4.68,1251,1.0253,41.74,0.0828
01/08/2026,04:02,139.03,18.57,23.33,9.77,46.46,20.82,-0.31,4.69,1253,1.0251,41.69,0.0828
01/08/2026,04:03,139.05,18.56,23.31,9.75,46.39,20.81,-0.34,4.71,1252,1.0251,41.66,0.0826
01/08/2026,04:04,139.02,18.56,23.31,9.72,46.46,20.83,-0.32,4.72,1251,1.0251,41.60,0.0824
01/08/2026,04:05,139.04,18.67,23.34,9.73,46.45,20.89,-0.34,4.73,1250,1.0255,41.65,0.0828
01/08/2026,04:06,139.05,18.65,23.35,9.76,46.41,20.89,-0.34,4.75,1243,1.0256,41.60,0.0822
01/08/2026,04:07,139.02,18.64,23.32,9.76,46.47,20.91,-0.37,4.76,1239,1.0256,41.56,0.0827
01/08/2026,04:08,138.99,18.68,23.31,9.77,46.49,20.88,-0.38,4.76,1242,1.0256,41.59,0.0830
01/08/2026,04:09,139.03,18.67,23.28,9.79,46.53,20.89,-0.41,4.73,1240,1.0252,41.61,0.0834
01/08/2026,04:10,139.10,18.64,23.24,9.78,46.71,20.89,-0.44,4.74,1242,1.0255,41.66,0.0834
01/08/2026,04:11,139.12,18.60,23.24,9.77,46.70,20.91,-0.43,4.73,1243,1.0255,41.54,0.0831
01/08/2026,04:12,139.14,18.58,23.24,9.81,46.60,20.89,-0.47,4.73,1245,1.0257,41.59,0.0832
01/08/2026,04:13,139.15,18.57,23.31,9.80,46.58,20.88,-0.53,4.72,1250,1.0258,41.53,0.0835
01/08/2026,04:14,139.13,18.53,23.38,9.80,46.58,20.90,-0.56,4.73,1249,1.0258,41.42,0.0841
01/08/2026,04:15,139.18,18.55,23.36,9.77,46.65,20.86,-0.58,4.71,1246,1.0262,41.29,0.0840
01/08/2026,04:16,139.15,18.56,23.36,9.80,46.56,20.88,-0.60,4.70,1242,1.0261,41.37,0.0835
01/08/2026,04:17,139.19,18.57,23.36,9.77,46.61,20.92,-0.64,4.70,1241,1.0261,41.38,0.0835
01/08/2026,04:18,139.21,18.54,23.39,9.79,46.62,20.93,-0.64,4.69,1237,1.0260,41.52,0.0834
01/08/2026,04:19,139.22,18.49,23.34,9.78,46.65,20.94,-0.67,4.71,1235,1.0258,41.36,0.0830
01/08/2026,04:20,139.24,18.43,23.38,9.77,46.59,20.94,-0.68,4.73,1239,1.0258,41.27,0.0830
01/08/2026,04:21,139.18,18.39,23.41,9.80,46.60,20.95,-0.67,4.72,1243,1.0257,41.27,0.0823
01/08/2026,04:22,139.19,18.43,23.41,9.82,46.57,20.92,-0.68,4.72,1244,1.0254,41.15,0.0823
01/08/2026,04:23,139.23,18.45,23.42,9.81,46.60,20.96,-0.70,4.72,1252,1.0255,41.11,0.0823
01/08/2026,04:24,139.15,18.49,23.44,9.79,46.50,20.97,-0.71,4.73,1252,1.0253,41.04,0.0822
01/08/2026,04:25,139.17,18.55,23.42,9.82,46.59,20.95,-0.70,4.75,1250,1.0256,41.21,0.0821
01/08/2026,04:26,139.14,18.53,23.47,9.77,46.63,20.97,-0.71,4.73,1251,1.0262,41.29,0.0820
01/08/2026,04:27,139.22,18.60,23.49,9.77,46.72,20.92,-0.77,4.74,1253,1.0263,41.45,0.0824
01/08/2026,04:28,139.17,18.60,23.44,9.77,46.76,20.90,-0.76,4.74,1250,1.0264,41.40,0.0825
01/08/2026,04:29,139.21,18.54,23.48,9.81,46.72,20.94,-0.74,4.75,1253,1.0262,41.47,0.0825
01/08/2026,04:30,139.24,18.52,23.51,9.82,46.78,20.90,-0.74,4.75,1253,1.0259,41.45,0.0829
01/08/2026,04:31,139.23,18.53,23.55,9.83,46.74,20.93,-0.75,4.75,1252,1.0262,41.39,0.0826
01/08/2026,04:32,139.19,18.56,23.50,9.80,46.71,20.96,-0.74,4.75,1249,1.0260,41.33,0.0826
01/08/2026,04:33,139.27,18.55,23.46,9.79,46.68,20.98,-0.76,4.75,1251,1.0260,41.47,0.0824
01/08/2026,04:34,139.27,18.55,23.55,9.81,46.62,21.01,-0.79,4.73,1252,1.0261,41.42,0.0826
01/08/2026,04:35,139.22,18.52,23.51,9.75,46.64,21.01,-0.81,4.71,1249,1.0260,41.41,0.0826
01/08/2026,04:36,139.23,18.54,23.53,9.79,46.68,20.98,-0.82,4.71,1248,1.0262,41.41,0.0825
01/08/2026,04:37,139.19,18.58,23.45,9.84,46.81,20.91,-0.86,4.70,1248,1.0265,41.30,0.0826
01/08/2026,04:38,139.18,18.60,23.47,9.81,46.66,20.96,-0.90,4.70,1251,1.0266,41.30,0.0825
01/08/2026,04:39,139.27,18.56,23.47,9.79,46.49,20.93,-0.92,4.73,1252,1.0268,41.32,0.0820
01/08/2026,04:40,139.24,18.56,23.50,9.81,46.50,20.94,-0.92,4.72,1254,1.0271,41.27,0.0822
01/08/2026,04:41,139.27,18.53,23.50,9.81,46.51,20.91,-0.92,4.71,1251,1.0269,41.33,0.0821
01/08/2026,04:42,139.29,18.54,23.46,9.84,46.61,20.99,-0.93,4.72,1247,1.0265,41.38,0.0821
01/08/2026,04:43,139.25,18.59,23.48,9.83,46.64,20.93,-0.89,4.70,1253,1.0264,41.40,0.0823
01/08/2026,04:44,139.19,18.57,23.41,9.84,46.62,20.98,-0.91,4.70,1254,1.0263,41.62,0.0825
01/08/2026,04:45,139.15,18.62,23.39,9.83,46.59,20.98,-0.89,4.70,1252,1.0262,41.58,0.0823
01/08/2026,04:46,139.10,18.65,23.32,9.78,46.61,20.98,-0.88,4.70,1248,1.0264,41.62,0.0824
01/08/2026,04:47,139.18,18.63,23.38,9.82,46.54,21.04,-0.87,4.71,1252,1.0263,41.55,0.0824
01/08/2026,04:48,139.15,18.63,23.42,9.80,46.48,21.05,-0.88,4.71,1252,1.0261,41.49,0.0823
01/08/2026,04:49,139.20,18.61,23.44,9.75,46.36,21.05,-0.88,4.71,1247,1.0263,41.57,0.0821
01/08/2026,04:50,139.16,18.67,23.43,9.72,46.41,21.01,-0.90,4.72,1241,1.0258,41.53,0.0815
01/08/2026,04:51,139.17,18.65,23.39,9.74,46.36,21.01,-0.88,4.70,1239,1.0253,41.45,0.0817
01/08/2026,04:52,139.15,18.60,23.40,9.75,46.29,21.01,-0.88,4.70,1242,1.0254,41.49,0.0820
01/08/2026,04:53,139.12,18.60,23.34,9.77,46.38,21.02,-0.89,4.70,1241,1.0255,41.43,0.0819
01/08/2026,04:54,139.11,18.63,23.35,9.73,46.33,21.03,-0.87,4.70,1242,1.0257,41.52,0.0818
01/08/2026,04:55,139.17,18.62,23.34,9.75,46.46,21.02,-0.86,4.71,1246,1.0260,41.40,0.0822
01/08/2026,04:56,139.23,18.68,23.35,9.72,46.51,21.04,-0.87,4.71,1247,1.0261,41.49,0.0818
01/08/2026,04:57,139.19,18.69,23.41,9.77,46.48,21.08,-0.87,4.74,1248,1.0262,41.52,0.0823
01/08/2026,04:58,139.23,18.71,23.45,9.83,46.46,21.07,-0.85,4.73,1251,1.0264,41.49,0.0818
01/08/2026,04:59,139.22,18.66,23.47,9.86,46.41,21.05,-0.78,4.73,1250,1.0259,41.52,0.0822
01/08/2026,05:00,139.30,18.72,23.52,9.88,46.38,21.05,-0.76,4.74,1247,1.0258,41.40,0.0816
01/08/2026,05:01,139.36,18.75,23.53,9.88,46.43,21.08,-0.78,4.74,1243,1.0257,41.59,0.0812
01/08/2026,05:02,139.29,18.68,23.52,9.86,46.48,21.08,-0.78,4.73,1243,1.0259,41.72,0.0816
01/08/2026,05:03,139.29,18.74,23.53,9.85,46.59,21.06,-0.80,4.72,1246,1.0258,41.61,0.0815
01/08/2026,05:04,139.32,18.74,23.56,9.83,46.58,21.06,-0.84,4.73,1247,1.0260,41.58,0.0814
01/08/2026,05:05,139.31,18.74,23.51,9.87,46.69,21.01,-0.87,4.72,1246,1.0258,41.45,0.0812
01/08/2026,05:06,139.26,18.76,23.44,9.87,46.61,21.00,-0.86,4.72,1247,1.0258,41.37,0.0811
01/08/2026,05:07,139.27,18.80,23.47,9.88,46.51,20.96,-0.85,4.73,1245,1.0258,41.34,0.0809
01/08/2026,05:08,139.28,18.84,23.41,9.91,46.66,20.99,-0.86,4.73,1248,1.0257,41.28,0.0810
01/08/2026,05:09,139.28,18.91,23.42,9.88,46.65,20.98,-0.87,4.73,1248,1.0259,41.21,0.0806
01/08/2026,05:10,139.26,18.91,23.37,9.90,46.69,20.98,-0.89,4.75,1246,1.0263,41.36,0.0809
01/08/2026,05:11,139.16,18.86,23.37,9.87,46.51,20.98,-0.86,4.75,1248,1.0263,41.36,0.0804
01/08/2026,05:12,139.17,18.85,23.36,9.89,46.52,20.99,-0.87,4.72,1249,1.0266,41.40,0.0804
01/08/2026,05:13,139.09,18.87,23.43,9.87,46.52,20.99,-0.90,4.73,1252,1.0266,41.47,0.0811
01/08/2026,05:14,139.12,18.87,23.44,9.85,46.55,21.01,-0.90,4.71,1253,1.0269,41.41,0.0811
01/08/2026,05:15,139.12,18.87,23.42,9.90,46.64,21.02,-0.89,4.72,1249,1.0269,41.34,0.0809
01/08/2026,05:16,139.11,18.87,23.46,9.85,46.62,21.05,-0.89,4.71,1252,1.0270,41.24,0.0806
01/08/2026,05:17,139.21,18.87,23.53,9.87,46.62,21.03,-0.91,4.72,1252,1.0270,41.18,0.0805
01/08/2026,05:18,139.19,18.95,23.53,9.83,46.54,20.99,-0.92,4.72,1251,1.0268,41.22,0.0811
01/08/2026,05:19,139.24,18.94,23.52,9.82,46.62,20.94,-0.90,4.72,1249,1.0269,41.25,0.0808
01/08/2026,05:20,139.28,18.96,23.48,9.82,46.65,20.95,-0.86,4.72,1245,1.0266,41.19,0.0808
01/08/2026,05:21,139.36,18.99,23.43,9.81,46.68,20.97,-0.88,4.71,1244,1.0270,41.28,0.0808
01/08/2026,05:22,139.27,18.98,23.39,9.81,46.63,21.00,-0.88,4.70,1243,1.0275,41.37,0.0805
01/08/2026,05:23,139.30,18.97,23.42,9.83,46.72,20.97,-0.86,4.70,1242,1.0273,41.27,0.0798
01/08/2026,05:24,139.23,19.06,23.43,9.86,46.74,20.96,-0.85,4.71,1241,1.0269,41.24,0.0796
01/08/2026,05:25,139.22,18.99,23.39,9.87,46.65,20.97,-0.84,4.71,1241,1.0271,41.24,0.0794
01/08/2026,05:26,139.23,18.94,23.39,9.87,46.66,20.96,-0.87,4.71,1243,1.0272,41.25,0.0796
01/08/2026,05:27,139.24,18.95,23.45,9.86,46.78,20.98,-0.89,4.70,1247,1.0274,41.12,0.0790
01/08/2026,05:28,139.20,18.91,23.40,9.89,46.79,20.98,-0.90,4.71,1241,1.0271,41.17,0.0786
01/08/2026,05:29,139.20,18.93,23.40,9.88,46.72,20.94,-0.91,4.72,1247,1.0269,41.28,0.0788
01/08/2026,05:30,139.15,18.92,23.46,9.85,46.60,20.95,-0.90,4.71,1247,1.0270,41.20,0.0791
01/08/2026,05:31,139.11,18.91,23.41,9.86,46.63,20.94,-0.92,4.73,1241,1.0268,41.21,0.0786
01/08/2026,05:32,139.15,18.93,23.41,9.88,46.62,20.87,-0.89,4.72,1241,1.0268,41.29,0.0782
01/08/2026,05:33,139.15,18.91,23.38,9.87,46.56,20.90,-0.86,4.71,1241,1.0268,41.28,0.0785
01/08/2026,05:34,139.14,18.95,23.38,9.88,46.53,20.93,-0.87,4.72,1241,1.0268,41.25,0.0789
01/08/2026,05:35,139.19,18.95,23.36,9.89,46.47,20.95,-0.88,4.73,1247,1.0264,41.29,0.0792
01/08/2026,05:36,139.14,18.94,23.34,9.91,46.54,20.91,-0.87,4.72,1250,1.0268,41.16,0.0791
01/08/2026,05:37,139.19,18.90,23.34,9.93,46.53,20.93,-0.83,4.71,1245,1.0269,41.11,0.0797
01/08/2026,05:38,139.13,18.88,23.34,9.93,46.59,20.91,-0.85,4.70,1245,1.0269,41.16,0.0796
01/08/2026,05:39,139.15,18.92,23.37,9.94,46.51,20.93,-0.85,4.72,1243,1.0273,41.18,0.0799
01/08/2026,05:40,139.20,18.90,23.37,9.93,46.43,20.96,-0.82,4.72,1245,1.0272,41.06,0.0798
01/08/2026,05:41,139.21,18.84,23.35,9.88,46.44,20.96,-0.84,4.73,1246,1.0268,41.14,0.0794
01/08/2026,05:42,139.17,18.86,23.36,9.93,46.40,20.96,-0.82,4.72,1247,1.0266,41.19,0.0794
01/08/2026,05:43,139.17,18.87,23.34,9.93,46.50,20.96,-0.82,4.72,1249,1.0266,41.19,0.0798
01/08/2026,05:44,139.26,18.86,23.35,9.94,46.51,20.95,-0.82,4.71,1250,1.0266,41.35,0.0800
01/08/2026,05:45,139.27,18.84,23.34,9.92,46.62,20.96,-0.82,4.71,1250,1.0263,41.40,0.0800
01/08/2026,05:46,139.22,18.90,23.40,9.91,46.53,20.96,-0.82,4.70,1253,1.0263,41.22,0.0801
01/08/2026,05:47,139.20,19.00,23.46,9.91,46.53,20.98,-0.81,4.71,1252,1.0261,41.17,0.0804
01/08/2026,05:48,139.22,18.99,23.46,9.86,46.62,20.97,-0.83,4.73,1254,1.0259,41.35,0.0809
01/08/2026,05:49,139.28,19.01,23.51,9.88,46.67,20.94,-0.83,4.74,1251,1.0257,41.31,0.0810
01/08/2026,05:50,139.27,18.99,23.53,9.92,46.72,20.91,-0.82,4.71,1250,1.0256,41.28,0.0810
01/08/2026,05:51,139.27,18.98,23.57,9.90,46.81,20.95,-0.84,4.69,1247,1.0258,41.24,0.0808
01/08/2026,05:52,139.16,18.95,23.56,9.91,46.87,20.92,-0.86,4.69,1246,1.0254,41.23,0.0800
01/08/2026,05:53,139.15,18.98,23.57,9.91,46.78,20.91,-0.88,4.68,1245,1.0254,41.20,0.0802
01/08/2026,05:54,139.16,18.99,23.55,9.93,46.74,20.94,-0.86,4.70,1246,1.0253,41.09,0.0798
01/08/2026,05:55,139.17,19.00,23.48,9.94,46.65,20.91,-0.87,4.68,1243,1.0256,41.08,0.0796
01/08/2026,05:56,139.07,19.02,23.52,9.90,46.67,20.94,-0.87,4.69,1242,1.0258,41.10,0.0790
01/08/2026,05:57,139.08,19.02,23.42,9.90,46.69,20.96,-0.87,4.70,1240,1.0255,41.17,0.0788
01/08/2026,05:58,139.08,19.03,23.36,9.89,46.71,21.00,-0.85,4.70,1237,1.0253,41.18,0.0790
01/08/2026,05:59,139.11,18.96,23.35,9.91,46.62,20.93,-0.86,4.70,1239,1.0253,41.36,0.0788
01/08/2026,06:00,139.08,18.93,23.43,9.97,46.70,20.92,-0.86,4.72,1244,1.0252,41.32,0.0786
01/08/2026,06:01,139.10,18.94,23.43,9.99,46.73,20.89,-0.91,4.73,1253,1.0253,41.23,0.0783
01/08/2026,06:02,139.08,18.96,23.45,9.95,46.78,20.89,-0.92,4.73,1262,1.0252,41.33,0.0780
01/08/2026,06:03,139.08,18.95,23.49,9.99,46.81,20.88,-0.95,4.75,1263,1.0251,41.34,0.0783
01/08/2026,06:04,139.13,18.99,23.55,10.03,46.76,20.86,-0.98,4.75,1265,1.0251,41.44,0.0780
01/08/2026,06:05,139.05,18.99,23.59,10.10,46.90,20.84,-1.01,4.76,1263,1.0251,41.53,0.0776
01/08/2026,06:06,139.07,18.96,23.63,10.13,46.90,20.86,-0.97,4.76,1264,1.0250,41.51,0.0776
01/08/2026,06:07,139.13,18.97,23.62,10.10,46.97,20.86,-0.99,4.78,1269,1.0252,41.67,0.0776
01/08/2026,06:08,139.20,18.93,23.69,10.09,47.01,20.87,-0.98,4.78,1267,1.0256,41.71,0.0771
01/08/2026,06:09,139.16,18.93,23.74,10.11,46.94,20.86,-0.99,4.78,1269,1.0258,41.70,0.0776
01/08/2026,06:10,139.10,18.97,23.73,10.15,46.90,20.79,-0.96,4.79,1269,1.0254,41.72,0.0783
01/08/2026,06:11,139.14,19.01,23.77,10.19,46.80,20.83,-0.92,4.78,1272,1.0255,41.73,0.0784
01/08/2026,06:12,139.18,19.01,23.82,10.21,46.86,20.78,-0.96,4.80,1277,1.0253,41.79,0.0780
01/08/2026,06:13,139.19,18.99,23.83,10.25,46.82,20.76,-0.97,4.80,1277,1.0253,41.78,0.0775
01/08/2026,06:14,139.22,18.94,23.88,10.26,46.93,20.75,-1.01,4.78,1280,1.0252,41.73,0.0772
01/08/2026,06:15,139.16,18.94,23.92,10.30,47.01,20.68,-1.01,4.80,1278,1.0251,41.77,0.0776
01/08/2026,06:16,139.13,18.96,23.98,10.28,47.01,20.65,-1.03,4.81,1276,1.0251,41.87,0.0783
01/08/2026,06:17,139.21,18.99,24.03,10.26,47.11,20.66,-1.02,4.82,1280,1.0249,41.93,0.0784
01/08/2026,06:18,139.17,18.96,24.05,10.28,47.14,20.67,-1.04,4.81,1280,1.0249,42.00,0.0785
01/08/2026,06:19,139.24,18.97,24.02,10.30,47.06,20.64,-1.05,4.83,1281,1.0249,41.95,0.0788
01/08/2026,06:20,139.27,19.00,24.06,10.29,47.05,20.63,-1.04,4.80,1286,1.0250,41.89,0.0790
01/08/2026,06:21,139.27,19.04,24.12,10.29,47.01,20.62,-1.04,4.81,1284,1.0251,41.91,0.0791
01/08/2026,06:22,139.25,19.07,24.11,10.30,47.00,20.65,-1.03,4.82,1284,1.0251,41.99,0.0794
01/08/2026,06:23,139.30,19.06,24.14,10.26,46.95,20.63,-1.06,4.82,1287,1.0251,41.96,0.0797
01/08/2026,06:24,139.24,19.02,24.21,10.29,46.95,20.58,-1.12,4.83,1283,1.0251,41.82,0.0792
01/08/2026,06:25,139.33,19.06,24.19,10.31,46.86,20.61,-1.12,4.85,1286,1.0252,41.83,0.0793
01/08/2026,06:26,139.34,19.09,24.22,10.32,46.88,20.63,-1.09,4.85,1288,1.0251,41.71,0.0794
01/08/2026,06:27,139.39,19.13,24.20,10.36,46.86,20.57,-1.14,4.87,1290,1.0253,41.60,0.0795
01/08/2026,06:28,139.37,19.09,24.17,10.41,46.88,20.55,-1.13,4.88,1284,1.0254,41.46,0.0794
01/08/2026,06:29,139.40,19.11,24.24,10.38,46.84,20.52,-1.11,4.87,1285,1.0253,41.38,0.0796
01/08/2026,06:30,139.41,19.16,24.27,10.38,46.80,20.51,-1.10,4.86,1285,1.0253,41.34,0.0794
01/08/2026,06:31,139.48,19.23,24.27,10.36,46.82,20.47,-1.07,4.85,1285,1.0255,41.28,0.0797
01/08/2026,06:32,139.45,19.23,24.34,10.31,46.94,20.47,-1.10,4.86,1288,1.0258,41.20,0.0800
01/08/2026,06:33,139.44,19.23,24.35,10.34,47.07,20.47,-1.11,4.85,1288,1.0255,41.27,0.0802
01/08/2026,06:34,139.47,19.28,24.35,10.31,46.98,20.51,-1.09,4.86,1285,1.0255,41.26,0.0801
01/08/2026,06:35,139.52,19.31,24.36,10.31,46.84,20.49,-1.09,4.85,1284,1.0252,41.18,0.0801
01/08/2026,06:36,139.45,19.38,24.36,10.33,46.92,20.51,-1.08,4.86,1283,1.0253,40.99,0.0797
01/08/2026,06:37,139.50,19.39,24.33,10.32,46.94,20.53,-1.07,4.86,1276,1.0254,41.12,0.0790
01/08/2026,06:38,139.59,19.35,24.33,10.31,46.98,20.54,-1.07,4.87,1274,1.0252,40.98,0.0787
01/08/2026,06:39,139.56,19.40,24.34,10.36,47.03,20.54,-1.10,4.87,1273,1.0257,41.04,0.0789
01/08/2026,06:40,139.55,19.42,24.26,10.37,47.06,20.51,-1.09,4.86,1270,1.0257,41.14,0.0783
01/08/2026,06:41,139.55,19.43,24.19,10.38,47.18,20.49,-1.10,4.87,1266,1.0259,41.02,0.0787
01/08/2026,06:42,139.54,19.45,24.18,10.37,47.20,20.49,-1.13,4.89,1268,1.0259,40.93,0.0786
01/08/2026,06:43,139.50,19.48,24.05,10.39,47.13,20.47,-1.11,4.89,1272,1.0257,40.94,0.0789
01/08/2026,06:44,139.41,19.49,24.03,10.41,47.18,20.48,-1.12,4.89,1271,1.0258,41.07,0.0793
01/08/2026,06:45,139.47,19.54,24.02,10.41,47.19,20.53,-1.10,4.89,1272,1.0255,41.11,0.0796
01/08/2026,06:46,139.47,19.55,24.04,10.40,47.16,20.56,-1.07,4.87,1270,1.0252,41.08,0.0802
01/08/2026,06:47,139.44,19.57,24.00,10.42,47.19,20.55,-1.06,4.87,1273,1.0252,41.11,0.0802
01/08/2026,06:48,139.40,19.58,23.99,10.37,47.13,20.54,-1.05,4.87,1273,1.0250,40.93,0.0794
01/08/2026,06:49,139.39,19.57,23.97,10.35,47.07,20.54,-1.07,4.87,1275,1.0248,40.99,0.0792
01/08/2026,06:50,139.36,19.67,23.95,10.34,46.97,20.57,-1.06,4.88,1272,1.0250,40.96,0.0799
01/08/2026,06:51,139.33,19.63,24.01,10.35,46.90,20.54,-1.06,4.88,1276,1.0251,41.01,0.0798
01/08/2026,06:52,139.33,19.67,24.01,10.42,46.82,20.49,-1.10,4.87,1273,1.0252,40.94,0.0801
01/08/2026,06:53,139.36,19.73,23.96,10.44,46.73,20.48,-1.12,4.88,1272,1.0252,40.93,0.0799
01/08/2026,06:54,139.29,19.79,23.97,10.50,46.79,20.48,-1.08,4.88,1271,1.0252,41.06,0.0806
01/08/2026,06:55,139.23,19.85,23.98,10.54,46.85,20.48,-1.10,4.88,1271,1.0256,41.04,0.0808
01/08/2026,06:56,139.27,19.82,24.01,10.58,46.78,20.39,-1.11,4.88,1275,1.0258,41.20,0.0810
01/08/2026,06:57,139.33,19.84,24.03,10.52,46.74,20.39,-1.08,4.88,1276,1.0261,41.16,0.0813
01/08/2026,06:58,139.32,19.89,23.99,10.49,46.72,20.34,-1.13,4.88,1278,1.0257,41.06,0.0817
01/08/2026,06:59,139.31,19.92,23.97,10.51,46.64,20.29,-1.15,4.88,1279,1.0259,41.12,0.0816
01/08/2026,07:00,139.29,19.91,23.98,10.53,46.66,20.29,-1.13,4.88,1282,1.0263,41.09,0.0812
01/08/2026,07:01,139.22,19.93,24.03,10.52,46.74,20.28,-1.11,4.87,1284,1.0268,41.00,0.0813
01/08/2026,07:02,139.29,19.95,24.15,10.51,46.79,20.26,-1.10,4.87,1284,1.0267,41.00,0.0811
01/08/2026,07:03,139.33,19.95,24.19,10.48,46.85,20.27,-1.09,4.87,1281,1.0267,41.04,0.0810
01/08/2026,07:04,139.41,19.91,24.20,10.50,46.85,20.21,-1.12,4.86,1283,1.0268,41.04,0.0814
01/08/2026,07:05,139.47,19.92,24.12,10.47,46.98,20.21,-1.12,4.88,1278,1.0265,41.13,0.0813
01/08/2026,07:06,139.42,19.96,24.14,10.47,46.84,20.20,-1.12,4.88,1275,1.0263,41.16,0.0812
01/08/2026,07:07,139.34,19.99,24.16,10.44,46.89,20.22,-1.12,4.84,1278,1.0263,41.30,0.0815
01/08/2026,07:08,139.33,20.02,24.19,10.39,46.80,20.19,-1.11,4.84,1276,1.0265,41.24,0.0816
01/08/2026,07:09,139.35,20.02,24.20,10.43,46.79,20.20,-1.12,4.83,1280,1.0264,41.22,0.0813
01/08/2026,07:10,139.41,20.07,24.20,10.42,46.84,20.24,-1.13,4.83,1281,1.0264,41.04,0.0809
01/08/2026,07:11,139.46,20.03,24.20,10.45,46.82,20.19,-1.14,4.84,1276,1.0266,41.09,0.0812
01/08/2026,07:12,139.46,20.01,24.19,10.43,46.80,20.22,-1.18,4.84,1277,1.0266,41.16,0.0808
01/08/2026,07:13,139.42,19.95,24.24,10.43,46.85,20.27,-1.16,4.85,1280,1.0263,41.15,0.0805
01/08/2026,07:14,139.44,20.02,24.24,10.42,46.78,20.32,-1.17,4.85,1279,1.0264,41.18,0.0799
01/08/2026,07:15,139.36,20.09,24.21,10.40,46.75,20.31,-1.15,4.86,1280,1.0262,41.18,0.0799
01/08/2026,07:16,139.35,20.10,24.18,10.42,47.02,20.31,-1.13,4.86,1280,1.0263,41.23,0.0798
01/08/2026,07:17,139.41,20.11,24.23,10.42,47.04,20.35,-1.11,4.86,1279,1.0264,41.31,0.0800
01/08/2026,07:18,139.43,20.12,24.22,10.40,47.15,20.34,-1.12,4.86,1284,1.0264,41.28,0.0808
01/08/2026,07:19,139.53,20.11,24.21,10.41,47.14,20.29,-1.13,4.84,1285,1.0262,41.29,0.0809
01/08/2026,07:20,139.53,20.12,24.26,10.41,47.09,20.31,-1.17,4.84,1285,1.0265,41.27,0.0810
01/08/2026,07:21,139.50,20.09,24.25,10.38,47.07,20.31,-1.15,4.83,1285,1.0271,40.99,0.0808
01/08/2026,07:22,139.55,20.12,24.23,10.34,47.03,20.34,-1.15,4.84,1283,1.0271,41.06,0.0811
01/08/2026,07:23,139.47,20.16,24.21,10.33,47.02,20.33,-1.18,4.85,1285,1.0270,41.04,0.0814
01/08/2026,07:24,139.54,20.19,24.24,10.32,46.92,20.27,-1.14,4.85,1285,1.0271,40.98,0.0811
01/08/2026,07:25,139.56,20.22,24.25,10.32,46.91,20.27,-1.14,4.84,1287,1.0271,40.87,0.0814
01/08/2026,07:26,139.68,20.19,24.28,10.32,46.76,20.29,-1.16,4.84,1288,1.0270,40.97,0.0810
01/08/2026,07:27,139.69,20.22,24.32,10.32,46.74,20.28,-1.15,4.85,1287,1.0270,41.14,0.0812
01/08/2026,07:28,139.55,20.25,24.25,10.33,46.73,20.27,-1.13,4.88,1286,1.0269,41.09,0.0818
01/08/2026,07:29,139.59,20.20,24.27,10.36,46.68,20.28,-1.14,4.87,1285,1.0271,41.11,0.0819
01/08/2026,07:30,139.55,20.23,24.25,10.42,46.68,20.24,-1.16,4.87,1283,1.0267,41.18,0.0817
01/08/2026,07:31,139.52,20.17,24.26,10.46,46.59,20.29,-1.18,4.87,1282,1.0266,41.24,0.0819
01/08/2026,07:32,139.54,20.17,24.22,10.47,46.69,20.29,-1.15,4.86,1280,1.0266,41.12,0.0818
01/08/2026,07:33,139.56,20.15,24.23,10.46,46.73,20.28,-1.13,4.86,1278,1.0266,41.11,0.0816
01/08/2026,07:34,139.52,20.15,24.19,10.46,46.69,20.31,-1.13,4.86,1275,1.0264,41.27,0.0813
01/08/2026,07:35,139.54,20.15,24.21,10.48,46.75,20.32,-1.08,4.86,1273,1.0266,41.36,0.0815
01/08/2026,07:36,139.52,20.19,24.21,10.47,46.77,20.34,-1.10,4.85,1273,1.0265,41.42,0.0815
01/08/2026,07:37,139.55,20.19,24.23,10.45,46.80,20.38,-1.12,4.86,1276,1.0266,41.40,0.0814
01/08/2026,07:38,139.50,20.20,24.31,10.39,46.85,20.36,-1.11,4.89,1276,1.0268,41.49,0.0818
01/08/2026,07:39,139.49,20.22,24.33,10.34,46.88,20.37,-1.08,4.88,1276,1.0265,41.40,0.0821
01/08/2026,07:40,139.50,20.22,24.33,10.40,46.83,20.37,-1.12,4.88,1275,1.0268,41.36,0.0819
01/08/2026,07:41,139.63,20.24,24.34,10.42,46.92,20.35,-1.11,4.88,1278,1.0266,41.42,0.0815
01/08/2026,07:42,139.58,20.21,24.43,10.38,46.96,20.32,-1.09,4.88,1279,1.0267,41.45,0.0819
01/08/2026,07:43,139.54,20.22,24.35,10.38,46.96,20.33,-1.06,4.90,1275,1.0264,41.43,0.0811
01/08/2026,07:44,139.54,20.17,24.26,10.38,46.95,20.33,-1.10,4.89,1277,1.0265,41.35,0.0808
01/08/2026,07:45,139.69,20.22,24.20,10.33,46.86,20.34,-1.13,4.90,1280,1.0261,41.37,0.0810
01/08/2026,07:46,139.64,20.23,24.28,10.40,46.84,20.29,-1.18,4.91,1287,1.0260,41.31,0.0809
01/08/2026,07:47,139.63,20.25,24.28,10.43,46.89,20.29,-1.22,4.89,1288,1.0261,41.34,0.0806
01/08/2026,07:48,139.65,20.27,24.29,10.42,46.85,20.29,-1.24,4.88,1288,1.0265,41.30,0.0806
01/08/2026,07:49,139.60,20.30,24.28,10.42,46.92,20.29,-1.23,4.88,1283,1.0268,41.47,0.0813
01/08/2026,07:50,139.57,20.25,24.22,10.38,46.91,20.29,-1.18,4.87,1283,1.0266,41.47,0.0809
01/08/2026,07:51,139.60,20.26,24.22,10.36,46.89,20.30,-1.17,4.87,1282,1.0263,41.42,0.0806
01/08/2026,07:52,139.61,20.32,24.17,10.35,46.84,20.37,-1.20,4.86,1281,1.0264,41.50,0.0803
01/08/2026,07:53,139.59,20.32,24.27,10.31,46.82,20.38,-1.19,4.86,1286,1.0263,41.47,0.0802
01/08/2026,07:54,139.55,20.33,24.32,10.29,46.75,20.45,-1.20,4.87,1283,1.0260,41.45,0.0801
01/08/2026,07:55,139.60,20.39,24.35,10.27,46.92,20.46,-1.15,4.86,1285,1.0262,41.36,0.0789
01/08/2026,07:56,139.68,20.46,24.38,10.25,46.98,20.49,-1.13,4.85,1291,1.0263,41.38,0.0788
01/08/2026,07:57,139.74,20.51,24.28,10.24,46.98,20.53,-1.14,4.87,1287,1.0265,41.45,0.0787
01/08/2026,07:58,139.79,20.56,24.31,10.23,46.98,20.54,-1.16,4.85,1288,1.0267,41.62,0.0785
01/08/2026,07:59,139.79,20.60,24.32,10.24,46.85,20.57,-1.16,4.86,1289,1.0266,41.61,0.0788
01/08/2026,08:00,139.66,20.60,24.23,10.25,46.76,20.60,-1.15,4.85,1286,1.0268,41.71,0.0780
01/08/2026,08:01,139.66,20.60,24.27,10.23,46.85,20.58,-1.17,4.87,1288,1.0269,41.62,0.0784
01/08/2026,08:02,139.72,20.62,24.24,10.28,46.73,20.58,-1.14,4.86,1288,1.0272,41.54,0.0783
01/08/2026,08:03,139.69,20.64,24.24,10.28,46.74,20.58,-1.16,4.84,1291,1.0271,41.65,0.0782
01/08/2026,08:04,139.69,20.67,24.28,10.30,46.76,20.55,-1.13,4.85,1290,1.0270,41.51,0.0787
01/08/2026,08:05,139.72,20.73,24.30,10.31,46.82,20.54,-1.15,4.85,1288,1.0269,41.58,0.0785
01/08/2026,08:06,139.67,20.79,24.34,10.24,46.77,20.51,-1.13,4.85,1293,1.0267,41.46,0.0783
01/08/2026,08:07,139.75,20.84,24.28,10.22,46.68,20.53,-1.12,4.87,1288,1.0269,41.52,0.0782
01/08/2026,08:08,139.81,20.78,24.30,10.19,46.79,20.54,-1.14,4.88,1293,1.0268,41.48,0.0781
01/08/2026,08:09,139.82,20.75,24.34,10.19,46.69,20.52,-1.13,4.89,1292,1.0269,41.46,0.0780
01/08/2026,08:10,139.87,20.79,24.29,10.20,46.81,20.53,-1.12,4.87,1291,1.0268,41.43,0.0780
01/08/2026,08:11,139.91,20.80,24.35,10.20,46.84,20.53,-1.10,4.87,1293,1.0267,41.41,0.0781
01/08/2026,08:12,139.89,20.84,24.38,10.22,46.84,20.51,-1.12,4.86,1291,1.0264,41.44,0.0772
01/08/2026,08:13,139.89,20.80,24.36,10.23,46.85,20.49,-1.11,4.87,1286,1.0269,41.48,0.0769
01/08/2026,08:14,139.92,20.75,24.35,10.26,46.79,20.50,-1.14,4.86,1285,1.0270,41.61,0.0771
01/08/2026,08:15,139.97,20.76,24.34,10.29,46.89,20.51,-1.12,4.86,1283,1.0267,41.71,0.0772
01/08/2026,08:16,139.98,20.77,24.34,10.28,46.94,20.50,-1.12,4.85,1277,1.0264,41.79,0.0774
01/08/2026,08:17,140.00,20.79,24.31,10.28,46.81,20.46,-1.10,4.84,1283,1.0268,41.79,0.0777
01/08/2026,08:18,140.06,20.90,24.29,10.28,46.81,20.50,-1.11,4.83,1286,1.0264,41.68,0.0777
01/08/2026,08:19,140.01,20.89,24.31,10.30,46.86,20.54,-1.08,4.83,1287,1.0266,41.70,0.0773
01/08/2026,08:20,139.91,20.95,24.32,10.26,46.84,20.55,-1.08,4.82,1285,1.0265,41.63,0.0770
01/08/2026,08:21,139.90,21.02,24.29,10.29,46.86,20.53,-1.07,4.83,1288,1.0269,41.61,0.0772
01/08/2026,08:22,139.91,20.99,24.27,10.28,46.97,20.53,-1.05,4.84,1288,1.0268,41.64,0.0770
01/08/2026,08:23,139.78,20.99,24.24,10.28,46.92,20.54,-1.05,4.85,1286,1.0267,41.57,0.0769
01/08/2026,08:24,139.74,21.00,24.35,10.26,46.95,20.55,-1.07,4.86,1287,1.0268,41.60,0.0773
01/08/2026,08:25,139.84,21.02,24.36,10.26,46.94,20.56,-1.09,4.87,1284,1.0267,41.67,0.0772
01/08/2026,08:26,139.74,21.03,24.37,10.27,46.96,20.56,-1.09,4.87,1284,1.0268,41.76,0.0773
01/08/2026,08:27,139.78,21.04,24.34,10.24,46.86,20.59,-1.11,4.87,1283,1.0266,41.88,0.0772
01/08/2026,08:28,139.80,21.02,24.36,10.22,46.70,20.61,-1.11,4.86,1280,1.0262,41.83,0.0770
01/08/2026,08:29,139.86,21.01,24.36,10.25,46.75,20.61,-1.07,4.88,1280,1.0260,41.92,0.0763
01/08/2026,08:30,139.90,21.02,24.27,10.29,46.64,20.60,-1.09,4.88,1280,1.0262,41.81,0.0762
01/08/2026,08:31,139.93,21.06,24.27,10.31,46.61,20.61,-1.06,4.87,1278,1.0266,41.89,0.0763
01/08/2026,08:32,139.93,21.10,24.26,10.30,46.69,20.62,-1.10,4.88,1277,1.0267,41.90,0.0756
01/08/2026,08:33,139.84,21.20,24.25,10.32,46.69,20.60,-1.07,4.88,1276,1.0261,42.02,0.0754
01/08/2026,08:34,139.94,21.24,24.30,10.34,46.82,20.59,-1.05,4.88,1278,1.0261,41.97,0.0760
01/08/2026,08:35,139.99,21.27,24.30,10.35,46.71,20.55,-1.06,4.87,1282,1.0262,41.97,0.0756
01/08/2026,08:36,139.95,21.25,24.33,10.35,46.74,20.58,-1.06,4.86,1283,1.0261,41.88,0.0760
01/08/2026,08:37,139.96,21.27,24.37,10.32,46.60,20.59,-1.07,4.86,1283,1.0262,41.95,0.0754
01/08/2026,08:38,139.95,21.29,24.30,10.33,46.62,20.59,-1.05,4.85,1276,1.0262,42.09,0.0752
01/08/2026,08:39,139.91,21.31,24.21,10.29,46.63,20.57,-1.04,4.85,1271,1.0264,42.14,0.0749
01/08/2026,08:40,139.81,21.34,24.21,10.27,46.73,20.56,-1.06,4.85,1272,1.0262,42.22,0.0750
01/08/2026,08:41,139.81,21.39,24.19,10.29,46.72,20.54,-1.06,4.85,1271,1.0266,42.22,0.0750
01/08/2026,08:42,139.84,21.44,24.14,10.30,46.66,20.58,-1.07,4.84,1275,1.0268,42.16,0.0749
01/08/2026,08:43,139.86,21.46,24.18,10.25,46.57,20.55,-1.09,4.84,1279,1.0268,42.09,0.0750
01/08/2026,08:44,139.90,21.43,24.20,10.28,46.69,20.51,-1.08,4.83,1275,1.0271,42.10,0.0753
01/08/2026,08:45,139.82,21.43,24.20,10.32,46.60,20.46,-1.08,4.85,1278,1.0269,42.15,0.0750
01/08/2026,08:46,139.89,21.41,24.22,10.33,46.51,20.49,-1.09,4.85,1281,1.0267,42.03,0.0750
01/08/2026,08:47,139.81,21.44,24.24,10.33,46.50,20.48,-1.11,4.84,1282,1.0267,41.88,0.0744
01/08/2026,08:48,139.83,21.45,24.27,10.33,46.38,20.47,-1.10,4.83,1283,1.0267,41.98,0.0746
01/08/2026,08:49,139.80,21.53,24.28,10.31,46.47,20.42,-1.10,4.83,1290,1.0265,41.96,0.0747
01/08/2026,08:50,139.84,21.55,24.35,10.29,46.57,20.40,-1.10,4.85,1291,1.0268,42.01,0.0752
01/08/2026,08:51,139.84,21.52,24.37,10.31,46.66,20.43,-1.12,4.84,1287,1.0269,42.03,0.0752
01/08/2026,08:52,139.85,21.54,24.38,10.33,46.76,20.44,-1.12,4.85,1286,1.0269,41.93,0.0755
01/08/2026,08:53,139.86,21.55,24.36,10.31,46.82,20.41,-1.10,4.85,1287,1.0266,42.07,0.0751
01/08/2026,08:54,139.77,21.57,24.45,10.29,46.82,20.44,-1.11,4.84,1287,1.0269,41.94,0.0750
01/08/2026,08:55,139.86,21.60,24.41,10.33,46.93,20.42,-1.09,4.84,1288,1.0264,41.84,0.0751
01/08/2026,08:56,139.86,21.59,24.43,10.33,46.96,20.44,-1.11,4.85,1294,1.0268,41.79,0.0749
01/08/2026,08:57,139.83,21.68,24.44,10.34,47.02,20.41,-1.11,4.85,1291,1.0266,41.78,0.0747
01/08/2026,08:58,139.85,21.68,24.46,10.38,47.03,20.40,-1.12,4.86,1288,1.0263,41.86,0.0751
01/08/2026,08:59,139.76,21.73,24.49,10.31,47.02,20.39,-1.11,4.85,1284,1.0264,41.80,0.0749
01/08/2026,09:00,139.74,21.73,24.49,10.31,47.09,20.39,-1.14,4.84,1288,1.0263,41.90,0.0742
01/08/2026,09:01,139.85,21.81,24.43,10.28,47.16,20.40,-1.13,4.84,1285,1.0265,41.98,0.0747
01/08/2026,09:02,139.83,21.81,24.42,10.26,47.35,20.38,-1.12,4.85,1285,1.0266,41.98,0.0749
01/08/2026,09:03,139.91,21.88,24.37,10.31,47.32,20.39,-1.13,4.82,1285,1.0270,41.97,0.0749
01/08/2026,09:04,139.92,21.85,24.39,10.28,47.35,20.42,-1.14,4.83,1291,1.0266,41.85,0.0749
01/08/2026,09:05,139.89,21.92,24.34,10.33,47.32,20.43,-1.14,4.83,1293,1.0267,41.84,0.0755
01/08/2026,09:06,139.81,21.91,24.32,10.30,47.37,20.46,-1.17,4.84,1294,1.0272,41.81,0.0747
01/08/2026,09:07,139.73,21.93,24.37,10.32,47.38,20.47,-1.17,4.84,1295,1.0271,41.80,0.0743
01/08/2026,09:08,139.80,21.98,24.41,10.29,47.33,20.48,-1.16,4.84,1298,1.0274,41.73,0.0747
01/08/2026,09:09,139.77,21.96,24.38,10.31,47.40,20.41,-1.18,4.84,1295,1.0275,41.61,0.0748
01/08/2026,09:10,139.87,21.94,24.43,10.30,47.31,20.43,-1.21,4.86,1293,1.0278,41.67,0.0744
01/08/2026,09:11,139.89,21.95,24.42,10.33,47.29,20.42,-1.20,4.87,1289,1.0275,41.71,0.0744
01/08/2026,09:12,139.91,21.97,24.44,10.31,47.28,20.37,-1.22,4.88,1285,1.0274,41.62,0.0747
01/08/2026,09:13,140.00,22.01,24.44,10.33,47.22,20.35,-1.19,4.87,1281,1.0274,41.56,0.0747
01/08/2026,09:14,140.00,22.06,24.42,10.35,47.24,20.37,-1.19,4.85,1282,1.0272,41.64,0.0747
01/08/2026,09:15,140.03,22.11,24.36,10.42,47.25,20.39,-1.16,4.84,1280,1.0275,41.81,0.0753
01/08/2026,09:16,139.99,22.09,24.29,10.40,47.26,20.37,-1.13,4.84,1274,1.0271,41.83,0.0753
01/08/2026,09:17,140.02,22.16,24.34,10.41,47.37,20.29,-1.12,4.85,1277,1.0276,41.88,0.0753
01/08/2026,09:18,139.99,22.15,24.31,10.38,47.32,20.30,-1.13,4.85,1273,1.0273,41.86,0.0755
01/08/2026,09:19,139.95,22.11,24.30,10.40,47.49,20.29,-1.12,4.85,1271,1.0271,41.92,0.0756
01/08/2026,09:20,139.94,22.11,24.19,10.37,47.58,20.29,-1.13,4.83,1270,1.0272,41.95,0.0755
01/08/2026,09:21,139.93,22.16,24.12,10.35,47.67,20.29,-1.12,4.83,1272,1.0272,41.83,0.0762
01/08/2026,09:22,139.89,22.16,24.11,10.33,47.71,20.28,-1.12,4.82,1276,1.0270,41.84,0.0756
01/08/2026,09:23,139.93,22.18,24.11,10.30,47.90,20.27,-1.11,4.84,1275,1.0270,41.85,0.0762
01/08/2026,09:24,139.87,22.21,24.10,10.29,47.96,20.30,-1.13,4.85,1276,1.0270,41.87,0.0762
01/08/2026,09:25,139.90,22.25,24.12,10.30,47.92,20.26,-1.12,4.85,1276,1.0270,41.96,0.0757
01/08/2026,09:26,139.82,22.27,24.09,10.29,47.88,20.26,-1.07,4.85,1274,1.0269,41.90,0.0760
01/08/2026,09:27,139.79,22.35,24.07,10.29,47.88,20.28,-1.05,4.87,1268,1.0270,42.03,0.0763
01/08/2026,09:28,139.74,22.33,24.04,10.30,47.94,20.24,-1.05,4.88,1270,1.0271,42.03,0.0769
01/08/2026,09:29,139.75,22.35,24.08,10.32,48.04,20.22,-1.07,4.89,1276,1.0271,42.02,0.0769
01/08/2026,09:30,139.83,22.38,24.05,10.32,48.12,20.24,-1.05,4.89,1276,1.0272,42.03,0.0770
01/08/2026,09:31,139.83,22.42,24.04,10.30,48.16,20.26,-1.03,4.90,1273,1.0275,41.95,0.0766
01/08/2026,09:32,139.78,22.45,24.08,10.33,48.07,20.24,-1.00,4.90,1275,1.0274,41.95,0.0766
01/08/2026,09:33,139.72,22.40,24.06,10.29,47.96,20.21,-1.01,4.88,1274,1.0272,42.10,0.0761
01/08/2026,09:34,139.71,22.49,24.02,10.32,47.97,20.26,-0.99,4.88,1275,1.0277,42.18,0.0769
01/08/2026,09:35,139.69,22.51,23.98,10.32,47.95,20.23,-1.02,4.88,1277,1.0275,42.19,0.0765
01/08/2026,09:36,139.72,22.47,24.06,10.31,48.02,20.19,-1.02,4.87,1278,1.0274,42.19,0.0765
01/08/2026,09:37,139.76,22.49,24.13,10.30,47.94,20.19,-1.00,4.86,1280,1.0273,42.25,0.0759
01/08/2026,09:38,139.73,22.48,24.13,10.33,47.80,20.20,-1.01,4.86,1276,1.0274,42.21,0.0761
01/08/2026,09:39,139.66,22.51,24.19,10.37,47.82,20.19,-1.02,4.87,1279,1.0274,42.26,0.0766
01/08/2026,09:40,139.70,22.48,24.23,10.40,47.77,20.19,-1.00,4.88,1279,1.0274,42.38,0.0766
01/08/2026,09:41,139.63,22.52,24.19,10.39,47.95,20.18,-0.99,4.87,1279,1.0275,42.10,0.0777
01/08/2026,09:42,139.61,22.57,24.20,10.44,47.93,20.12,-1.01,4.88,1278,1.0276,42.20,0.0780
01/08/2026,09:43,139.64,22.66,24.18,10.43,47.93,20.14,-1.02,4.88,1275,1.0275,42.36,0.0780
01/08/2026,09:44,139.63,22.72,24.14,10.39,47.99,20.11,-1.02,4.88,1275,1.0272,42.58,0.0781
01/08/2026,09:45,139.69,22.71,24.08,10.45,47.94,20.09,-1.02,4.90,1274,1.0271,42.57,0.0785
01/08/2026,09:46,139.68,22.74,24.00,10.47,47.85,20.08,-1.04,4.90,1275,1.0273,42.68,0.0788
01/08/2026,09:47,139.71,22.75,23.99,10.48,47.76,20.12,-1.04,4.89,1279,1.0274,42.66,0.0793
01/08/2026,09:48,139.69,22.69,24.01,10.50,47.61,20.10,-1.03,4.90,1280,1.0274,42.74,0.0798
01/08/2026,09:49,139.70,22.75,24.05,10.50,47.58,20.05,-1.02,4.89,1281,1.0272,42.63,0.0795
01/08/2026,09:50,139.69,22.80,24.13,10.51,47.65,20.08,-1.00,4.88,1284,1.0275,42.60,0.0790
01/08/2026,09:51,139.66,22.85,24.19,10.48,47.54,20.10,-1.01,4.87,1285,1.0272,42.56,0.0784
01/08/2026,09:52,139.68,22.87,24.21,10.43,47.43,20.17,-1.02,4.86,1284,1.0271,42.56,0.0780
01/08/2026,09:53,139.61,22.85,24.17,10.42,47.44,20.21,-1.05,4.87,1280,1.0274,42.58,0.0786
01/08/2026,09:54,139.55,22.87,24.14,10.40,47.44,20.22,-1.04,4.87,1282,1.0273,42.57,0.0782
01/08/2026,09:55,139.62,22.92,24.18,10.37,47.36,20.22,-1.04,4.87,1281,1.0274,42.56,0.0782
01/08/2026,09:56,139.67,22.95,24.19,10.41,47.38,20.18,-1.04,4.86,1279,1.0272,42.46,0.0780
01/08/2026,09:57,139.60,22.97,24.17,10.41,47.41,20.21,-1.04,4.86,1281,1.0273,42.36,0.0778
01/08/2026,09:58,139.63,22.97,24.21,10.45,47.42,20.23,-1.05,4.88,1280,1.0272,42.23,0.0777
01/08/2026,09:59,139.67,22.97,24.25,10.44,47.39,20.23,-1.04,4.87,1283,1.0273,42.18,0.0778
01/08/2026,10:00,139.64,23.04,24.20,10.43,47.34,20.22,-1.05,4.88,1286,1.0273,42.30,0.0775
01/08/2026,10:01,139.62,23.05,24.28,10.45,47.44,20.19,-1.03,4.89,1286,1.0271,42.27,0.0775
01/08/2026,10:02,139.60,23.05,24.28,10.48,47.46,20.20,-1.02,4.89,1289,1.0274,42.21,0.0777
01/08/2026,10:03,139.61,23.06,24.22,10.49,47.43,20.18,-1.07,4.90,1291,1.0273,42.17,0.0780
01/08/2026,10:04,139.60,23.06,24.20,10.49,47.45,20.20,-1.08,4.90,1293,1.0271,42.16,0.0781
01/08/2026,10:05,139.61,23.07,24.19,10.49,47.50,20.25,-1.08,4.90,1289,1.0270,41.99,0.0780
01/08/2026,10:06,139.71,23.10,24.24,10.52,47.46,20.21,-1.09,4.90,1292,1.0271,42.20,0.0780
01/08/2026,10:07,139.72,23.07,24.24,10.54,47.50,20.19,-1.11,4.91,1287,1.0272,42.26,0.0780
01/08/2026,10:08,139.74,23.12,24.27,10.52,47.52,20.21,-1.11,4.90,1291,1.0266,42.27,0.0784
01/08/2026,10:09,139.67,23.17,24.34,10.50,47.52,20.24,-1.13,4.90,1294,1.0270,42.37,0.0781
01/08/2026,10:10,139.78,23.24,24.35,10.44,47.54,20.25,-1.13,4.88,1293,1.0273,42.42,0.0772
01/08/2026,10:11,139.80,23.20,24.44,10.44,47.57,20.20,-1.14,4.89,1291,1.0276,42.54,0.0775
01/08/2026,10:12,139.75,23.25,24.45,10.45,47.50,20.16,-1.13,4.88,1292,1.0273,42.45,0.0771
01/08/2026,10:13,139.81,23.23,24.45,10.46,47.52,20.13,-1.15,4.89,1289,1.0276,42.51,0.0770
01/08/2026,10:14,139.81,23.26,24.46,10.44,47.53,20.16,-1.11,4.89,1291,1.0278,42.35,0.0771
01/08/2026,10:15,139.87,23.25,24.46,10.44,47.49,20.13,-1.12,4.89,1290,1.0281,42.43,0.0775
01/08/2026,10:16,139.89,23.28,24.45,10.40,47.50,20.20,-1.11,4.87,1295,1.0280,42.29,0.0773
01/08/2026,10:17,139.90,23.31,24.41,10.39,47.46,20.20,-1.10,4.88,1294,1.0278,42.24,0.0766
01/08/2026,10:18,139.95,23.31,24.44,10.39,47.47,20.24,-1.10,4.89,1294,1.0279,42.15,0.0774
01/08/2026,10:19,139.97,23.36,24.42,10.42,47.51,20.21,-1.07,4.89,1286,1.0283,42.30,0.0772
01/08/2026,10:20,139.98,23.39,24.41,10.47,47.57,20.21,-1.10,4.89,1284,1.0281,42.34,0.0773
01/08/2026,10:21,139.91,23.43,24.43,10.47,47.62,20.24,-1.12,4.90,1286,1.0282,42.34,0.0773
01/08/2026,10:22,139.87,23.48,24.40,10.49,47.56,20.21,-1.11,4.90,1281,1.0285,42.47,0.0777
01/08/2026,10:23,139.89,23.49,24.34,10.47,47.72,20.20,-1.11,4.90,1280,1.0287,42.55,0.0775
01/08/2026,10:24,139.87,23.54,24.26,10.47,47.83,20.22,-1.13,4.89,1273,1.0287,42.39,0.0774
01/08/2026,10:25,139.83,23.58,24.24,10.50,47.86,20.20,-1.12,4.90,1273,1.0284,42.54,0.0772
01/08/2026,10:26,139.83,23.58,24.23,10.50,47.99,20.19,-1.11,4.89,1275,1.0279,42.55,0.0775
01/08/2026,10:27,139.85,23.55,24.17,10.47,47.97,20.17,-1.11,4.89,1276,1.0278,42.54,0.0772
01/08/2026,10:28,139.89,23.55,24.16,10.51,47.94,20.21,-1.12,4.87,1277,1.0277,42.41,0.0772
01/08/2026,10:29,139.89,23.57,24.15,10.47,47.85,20.19,-1.14,4.87,1278,1.0273,42.50,0.0774
01/08/2026,10:30,139.89,23.56,24.11,10.42,47.74,20.18,-1.16,4.87,1282,1.0272,42.55,0.0775
01/08/2026,10:31,139.90,23.56,24.07,10.43,47.76,20.16,-1.14,4.87,1279,1.0270,42.47,0.0772
01/08/2026,10:32,139.86,23.51,24.09,10.48,47.86,20.15,-1.17,4.89,1280,1.0269,42.58,0.0776
01/08/2026,10:33,139.86,23.53,24.03,10.45,47.80,20.14,-1.17,4.88,1282,1.0270,42.47,0.0782
01/08/2026,10:34,139.84,23.51,24.11,10.42,47.59,20.15,-1.12,4.88,1281,1.0271,42.59,0.0783
01/08/2026,10:35,139.86,23.60,24.14,10.43,47.66,20.13,-1.10,4.87,1280,1.0268,42.57,0.0784
01/08/2026,10:36,139.91,23.62,24.17,10.42,47.64,20.12,-1.11,4.86,1281,1.0272,42.54,0.0783
01/08/2026,10:37,139.90,23.69,24.21,10.40,47.69,20.13,-1.12,4.85,1280,1.0272,42.60,0.0791
01/08/2026,10:38,139.92,23.73,24.26,10.42,47.68,20.12,-1.14,4.85,1285,1.0275,42.53,0.0795
01/08/2026,10:39,139.83,23.75,24.28,10.37,47.56,20.14,-1.11,4.85,1284,1.0274,42.48,0.0796
01/08/2026,10:40,139.82,23.78,24.34,10.38,47.63,20.14,-1.10,4.87,1280,1.0275,42.42,0.0796
01/08/2026,10:41,139.72,23.82,24.34,10.36,47.60,20.18,-1.09,4.86,1281,1.0275,42.57,0.0792
01/08/2026,10:42,139.75,23.81,24.32,10.36,47.53,20.19,-1.09,4.84,1283,1.0272,42.58,0.0800
01/08/2026,10:43,139.76,23.83,24.31,10.36,47.56,20.17,-1.11,4.86,1282,1.0268,42.59,0.0808
01/08/2026,10:44,139.81,23.86,24.30,10.33,47.55,20.17,-1.14,4.85,1286,1.0267,42.60,0.0807
01/08/2026,10:45,139.78,23.92,24.25,10.33,47.60,20.16,-1.15,4.84,1282,1.0266,42.56,0.0805
01/08/2026,10:46,139.78,23.94,24.19,10.36,47.65,20.15,-1.14,4.86,1280,1.0267,42.53,0.0805
01/08/2026,10:47,139.73,23.99,24.19,10.33,47.55,20.14,-1.13,4.85,1280,1.0268,42.48,0.0813
01/08/2026,10:48,139.69,24.01,24.18,10.35,47.56,20.15,-1.10,4.85,1278,1.0268,42.50,0.0806
01/08/2026,10:49,139.72,24.04,24.14,10.39,47.54,20.17,-1.09,4.84,1276,1.0272,42.47,0.0808
01/08/2026,10:50,139.71,24.04,24.12,10.40,47.63,20.22,-1.15,4.83,1274,1.0275,42.53,0.0804
01/08/2026,10:51,139.71,24.06,24.12,10.41,47.53,20.25,-1.15,4.82,1274,1.0281,42.57,0.0809
01/08/2026,10:52,139.68,24.12,24.13,10.43,47.56,20.26,-1.13,4.81,1275,1.0280,42.53,0.0808
01/08/2026,10:53,139.60,24.13,24.14,10.46,47.57,20.24,-1.14,4.81,1271,1.0281,42.53,0.0804
01/08/2026,10:54,139.59,24.12,24.12,10.47,47.60,20.22,-1.09,4.81,1268,1.0284,42.49,0.0802
01/08/2026,10:55,139.53,24.15,24.11,10.52,47.59,20.21,-1.08,4.83,1267,1.0287,42.47,0.0803
01/08/2026,10:56,139.58,24.15,24.10,10.47,47.74,20.15,-1.06,4.83,1266,1.0287,42.61,0.0803
01/08/2026,10:57,139.61,24.22,24.05,10.42,47.63,20.17,-1.06,4.83,1262,1.0286,42.58,0.0808
01/08/2026,10:58,139.65,24.22,24.03,10.42,47.66,20.15,-1.05,4.83,1260,1.0283,42.62,0.0809
01/08/2026,10:59,139.62,24.25,24.06,10.40,47.52,20.11,-1.05,4.82,1267,1.0279,42.68,0.0810
01/08/2026,11:00,139.57,24.23,24.04,10.36,47.61,20.14,-1.02,4.83,1268,1.0275,42.81,0.0811
01/08/2026,11:01,139.68,24.31,24.03,10.37,47.77,20.14,-1.03,4.83,1268,1.0274,42.97,0.0814
01/08/2026,11:02,139.62,24.28,24.02,10.37,47.78,20.14,-1.02,4.83,1267,1.0274,42.90,0.0809
01/08/2026,11:03,139.58,24.32,23.99,10.41,47.76,20.19,-1.03,4.85,1266,1.0277,42.96,0.0810
01/08/2026,11:04,139.58,24.35,23.96,10.38,47.58,20.21,-1.05,4.84,1271,1.0277,42.77,0.0816
01/08/2026,11:05,139.58,24.38,23.99,10.39,47.58,20.20,-1.04,4.85,1276,1.0278,42.86,0.0808
01/08/2026,11:06,139.48,24.33,24.05,10.40,47.67,20.20,-1.08,4.85,1272,1.0278,42.85,0.0808
01/08/2026,11:07,139.52,24.44,24.06,10.41,47.68,20.18,-1.08,4.85,1275,1.0274,42.84,0.0805
01/08/2026,11:08,139.51,24.45,24.04,10.35,47.69,20.20,-1.05,4.83,1272,1.0269,42.74,0.0806
01/08/2026,11:09,139.44,24.45,24.00,10.37,47.79,20.21,-1.06,4.84,1273,1.0269,42.75,0.0806
01/08/2026,11:10,139.42,24.44,24.02,10.37,47.95,20.19,-1.06,4.84,1277,1.0267,42.69,0.0802
01/08/2026,11:11,139.37,24.47,24.04,10.39,48.00,20.18,-1.10,4.84,1281,1.0270,42.71,0.0806
01/08/2026,11:12,139.39,24.50,24.07,10.38,47.98,20.18,-1.06,4.84,1282,1.0265,42.72,0.0805
01/08/2026,11:13,139.40,24.55,24.05,10.42,47.92,20.24,-1.07,4.84,1282,1.0267,42.63,0.0801
01/08/2026,11:14,139.51,24.54,24.09,10.40,47.99,20.26,-1.05,4.84,1280,1.0264,42.70,0.0800
01/08/2026,11:15,139.49,24.58,24.13,10.41,47.88,20.29,-1.04,4.83,1276,1.0263,42.61,0.0798
01/08/2026,11:16,139.50,24.61,24.17,10.38,47.97,20.30,-1.03,4.83,1279,1.0263,42.58,0.0791
01/08/2026,11:17,139.45,24.64,24.14,10.41,47.84,20.32,-1.05,4.82,1280,1.0268,42.61,0.0787
01/08/2026,11:18,139.37,24.66,24.11,10.41,47.73,20.29,-1.07,4.85,1281,1.0267,42.52,0.0791
01/08/2026,11:19,139.49,24.69,24.09,10.40,47.80,20.30,-1.07,4.85,1288,1.0264,42.50,0.0795
01/08/2026,11:20,139.46,24.73,24.15,10.40,47.88,20.30,-1.08,4.85,1286,1.0260,42.63,0.0796
01/08/2026,11:21,139.50,24.73,24.14,10.39,47.94,20.27,-1.10,4.84,1283,1.0264,42.58,0.0795
01/08/2026,11:22,139.55,24.78,24.14,10.37,47.87,20.30,-1.10,4.83,1287,1.0264,42.53,0.0800
01/08/2026,11:23,139.58,24.81,24.11,10.32,47.87,20.31,-1.09,4.83,1284,1.0268,42.48,0.0804
01/08/2026,11:24,139.62,24.84,24.17,10.32,47.82,20.37,-1.11,4.84,1284,1.0268,42.57,0.0806
01/08/2026,11:25,139.56,24.89,24.22,10.32,48.00,20.32,-1.09,4.84,1282,1.0269,42.57,0.0806
01/08/2026,11:26,139.62,24.90,24.25,10.32,48.05,20.34,-1.08,4.85,1282,1.0269,42.62,0.0808
01/08/2026,11:27,139.65,24.90,24.18,10.31,48.07,20.34,-1.10,4.85,1281,1.0270,42.54,0.0811
01/08/2026,11:28,139.63,24.93,24.18,10.32,48.17,20.35,-1.10,4.83,1278,1.0272,42.54,0.0805
01/08/2026,11:29,139.67,24.98,24.24,10.35,48.14,20.36,-1.08,4.84,1279,1.0276,42.59,0.0803
01/08/2026,11:30,139.68,24.98,24.31,10.30,48.05,20.38,-1.08,4.85,1277,1.0276,42.62,0.0797
01/08/2026,11:31,139.67,24.99,24.31,10.29,48.29,20.36,-1.08,4.85,1278,1.0279,42.75,0.0794
01/08/2026,11:32,139.64,25.06,24.33,10.28,48.23,20.37,-1.02,4.85,1279,1.0277,42.69,0.0791
01/08/2026,11:33,139.72,25.10,24.31,10.32,48.27,20.38,-1.05,4.84,1280,1.0274,42.66,0.0786
01/08/2026,11:34,139.78,25.12,24.29,10.31,48.24,20.43,-1.04,4.86,1281,1.0271,42.75,0.0781
01/08/2026,11:35,139.71,25.17,24.26,10.27,48.29,20.40,-1.07,4.87,1279,1.0270,42.85,0.0783
01/08/2026,11:36,139.77,25.19,24.29,10.22,48.40,20.43,-1.09,4.87,1279,1.0267,42.93,0.0781
01/08/2026,11:37,139.78,25.18,24.29,10.21,48.35,20.40,-1.06,4.90,1276,1.0266,42.96,0.0783
01/08/2026,11:38,139.74,25.19,24.25,10.25,48.38,20.40,-1.07,4.89,1276,1.0271,42.82,0.0787
01/08/2026,11:39,139.77,25.15,24.23,10.28,48.33,20.41,-1.06,4.88,1280,1.0271,42.85,0.0793
01/08/2026,11:40,139.75,25.22,24.18,10.23,48.44,20.41,-1.05,4.87,1276,1.0275,42.72,0.0792
01/08/2026,11:41,139.72,25.27,24.19,10.20,48.41,20.42,-1.08,4.87,1271,1.0277,42.86,0.0789
01/08/2026,11:42,139.73,25.28,24.16,10.20,48.38,20.43,-1.08,4.87,1272,1.0277,42.77,0.0788
01/08/2026,11:43,139.82,25.26,24.15,10.21,48.31,20.43,-1.09,4.87,1269,1.0277,42.75,0.0788
01/08/2026,11:44,139.85,25.24,24.12,10.20,48.27,20.42,-1.06,4.88,1268,1.0280,42.80,0.0787
01/08/2026,11:45,139.83,25.31,24.11,10.19,48.35,20.40,-1.07,4.88,1272,1.0278,42.87,0.0784
01/08/2026,11:46,139.80,25.30,24.16,10.21,48.37,20.42,-1.07,4.87,1274,1.0277,42.91,0.0784
01/08/2026,11:47,139.77,25.34,24.14,10.25,48.19,20.42,-1.06,4.85,1274,1.0278,43.04,0.0783
01/08/2026,11:48,139.75,25.41,24.17,10.21,48.23,20.43,-1.07,4.88,1274,1.0278,43.06,0.0775
01/08/2026,11:49,139.81,25.38,24.21,10.22,48.26,20.46,-1.05,4.87,1274,1.0273,43.03,0.0776
01/08/2026,11:50,139.77,25.41,24.19,10.22,48.18,20.45,-1.05,4.87,1273,1.0275,42.97,0.0779
01/08/2026,11:51,139.76,25.41,24.12,10.25,48.13,20.43,-1.05,4.88,1269,1.0274,42.98,0.0780
01/08/2026,11:52,139.86,25.44,24.06,10.23,48.02,20.39,-1.01,4.88,1269,1.0276,43.06,0.0785
01/08/2026,11:53,139.83,25.48,24.05,10.22,48.05,20.36,-0.97,4.87,1271,1.0272,43.18,0.0783
01/08/2026,11:54,139.92,25.52,24.02,10.19,47.96,20.35,-0.98,4.87,1271,1.0269,43.14,0.0775
01/08/2026,11:55,139.92,25.54,24.04,10.17,48.00,20.36,-1.00,4.87,1274,1.0269,43.20,0.0771
01/08/2026,11:56,139.96,25.56,23.99,10.19,47.91,20.35,-1.05,4.87,1272,1.0267,43.23,0.0770
01/08/2026,11:57,139.95,25.64,23.98,10.16,47.93,20.39,-1.07,4.84,1269,1.0268,43.32,0.0764
01/08/2026,11:58,139.95,25.66,23.95,10.13,48.12,20.45,-1.06,4.84,1271,1.0272,43.27,0.0764
01/08/2026,11:59,139.91,25.57,23.92,10.11,48.19,20.49,-1.07,4.83,1273,1.0275,43.34,0.0765
01/08/2026,12:00,139.92,25.56,23.91,10.11,48.19,20.50,-1.08,4.82,1277,1.0279,43.24,0.0766
01/08/2026,12:01,139.99,25.52,23.97,10.10,48.20,20.51,-1.10,4.81,1277,1.0280,43.26,0.0769
01/08/2026,12:02,140.01,25.54,24.00,10.14,48.38,20.54,-1.10,4.82,1272,1.0283,43.30,0.0764
01/08/2026,12:03,139.96,25.55,24.06,10.13,48.41,20.53,-1.09,4.83,1274,1.0282,43.35,0.0756
01/08/2026,12:04,139.90,25.53,24.02,10.13,48.32,20.51,-1.12,4.83,1274,1.0280,43.33,0.0759
01/08/2026,12:05,139.93,25.57,24.08,10.19,48.20,20.48,-1.12,4.84,1275,1.0279,43.27,0.0759
01/08/2026,12:06,139.84,25.64,24.07,10.16,48.19,20.50,-1.11,4.84,1277,1.0281,43.33,0.0746
01/08/2026,12:07,139.83,25.64,24.06,10.20,48.09,20.50,-1.12,4.85,1280,1.0283,43.17,0.0741
01/08/2026,12:08,139.75,25.68,24.11,10.17,48.08,20.43,-1.15,4.85,1279,1.0282,43.16,0.0743
01/08/2026,12:09,139.77,25.73,24.12,10.14,48.09,20.40,-1.14,4.87,1280,1.0280,43.25,0.0744
01/08/2026,12:10,139.81,25.74,24.14,10.18,48.16,20.35,-1.15,4.86,1281,1.0283,43.16,0.0745
01/08/2026,12:11,139.80,25.75,24.11,10.27,48.07,20.38,-1.18,4.85,1275,1.0281,43.10,0.0746
01/08/2026,12:12,139.82,25.81,24.14,10.21,48.15,20.39,-1.17,4.85,1274,1.0281,43.23,0.0750
01/08/2026,12:13,139.86,25.78,24.15,10.24,48.09,20.39,-1.17,4.86,1269,1.0280,43.26,0.0752
01/08/2026,12:14,139.84,25.81,24.09,10.23,48.05,20.39,-1.12,4.87,1268,1.0279,43.17,0.0748
01/08/2026,12:15,139.76,25.82,24.07,10.26,48.07,20.37,-1.09,4.87,1268,1.0282,43.18,0.0744
01/08/2026,12:16,139.73,25.82,24.03,10.27,48.07,20.35,-1.10,4.86,1269,1.0284,43.16,0.0744
01/08/2026,12:17,139.75,25.86,24.08,10.26,48.03,20.37,-1.07,4.85,1271,1.0283,43.28,0.0745
01/08/2026,12:18,139.74,25.92,24.07,10.32,47.90,20.39,-1.06,4.82,1267,1.0282,43.32,0.0743
01/08/2026,12:19,139.68,25.92,24.07,10.31,47.89,20.40,-1.04,4.82,1272,1.0279,43.34,0.0744
01/08/2026,12:20,139.60,25.93,24.05,10.36,47.91,20.40,-1.00,4.82,1269,1.0279,43.30,0.0745
01/08/2026,12:21,139.55,25.96,24.05,10.40,47.87,20.42,-0.98,4.82,1269,1.0278,43.45,0.0746
01/08/2026,12:22,139.48,26.00,24.03,10.36,48.01,20.40,-0.98,4.82,1270,1.0277,43.42,0.0751
01/08/2026,12:23,139.39,26.01,23.95,10.39,47.96,20.36,-0.96,4.82,1270,1.0275,43.38,0.0749
01/08/2026,12:24,139.40,26.02,23.94,10.39,48.00,20.32,-1.02,4.83,1271,1.0275,43.45,0.0753
01/08/2026,12:25,139.38,26.03,24.01,10.41,48.02,20.32,-1.04,4.84,1274,1.0273,43.54,0.0753
01/08/2026,12:26,139.30,26.03,24.01,10.44,48.09,20.34,-1.04,4.84,1273,1.0273,43.48,0.0753
01/08/2026,12:27,139.32,26.11,24.02,10.39,48.04,20.34,-1.06,4.85,1276,1.0269,43.44,0.0753
01/08/2026,12:28,139.32,26.10,24.07,10.36,48.08,20.40,-1.05,4.85,1276,1.0269,43.28,0.0751
01/08/2026,12:29,139.40,26.15,24.05,10.38,47.95,20.38,-1.02,4.86,1274,1.0270,43.27,0.0748
01/08/2026,12:30,139.45,26.17,24.06,10.38,47.97,20.36,-0.99,4.86,1281,1.0271,43.20,0.0744
01/08/2026,12:31,139.43,26.15,24.13,10.38,47.90,20.34,-0.99,4.84,1282,1.0273,43.31,0.0747
01/08/2026,12:32,139.39,26.13,24.07,10.36,47.91,20.33,-0.99,4.85,1281,1.0268,43.42,0.0750
01/08/2026,12:33,139.40,26.16,24.10,10.38,47.85,20.28,-1.02,4.84,1286,1.0267,43.32,0.0752
01/08/2026,12:34,139.35,26.13,24.04,10.38,47.73,20.26,-1.01,4.85,1284,1.0268,43.31,0.0757
01/08/2026,12:35,139.35,26.13,24.07,10.40,47.70,20.23,-0.98,4.85,1288,1.0269,43.31,0.0751
01/08/2026,12:36,139.31,26.09,24.14,10.39,47.66,20.28,-0.98,4.83,1287,1.0269,43.20,0.0753
01/08/2026,12:37,139.35,26.14,24.14,10.46,47.62,20.27,-0.99,4.84,1292,1.0271,43.16,0.0757
01/08/2026,12:38,139.36,26.15,24.13,10.50,47.64,20.26,-1.01,4.84,1293,1.0269,43.08,0.0759
01/08/2026,12:39,139.39,26.17,24.20,10.45,47.70,20.29,-1.03,4.84,1290,1.0271,43.30,0.0760
01/08/2026,12:40,139.36,26.21,24.23,10.46,47.77,20.27,-1.02,4.83,1286,1.0270,43.24,0.0753
01/08/2026,12:41,139.41,26.22,24.28,10.47,47.91,20.18,-1.03,4.84,1282,1.0270,43.32,0.0757
01/08/2026,12:42,139.46,26.25,24.29,10.44,48.05,20.17,-1.03,4.83,1272,1.0269,43.42,0.0761
01/08/2026,12:43,139.40,26.26,24.28,10.44,48.01,20.17,-1.05,4.84,1273,1.0273,43.49,0.0760
01/08/2026,12:44,139.34,26.33,24.26,10.39,48.10,20.15,-1.03,4.83,1272,1.0277,43.49,0.0759
01/08/2026,12:45,139.42,26.33,24.26,10.39,48.04,20.15,-1.04,4.83,1271,1.0277,43.45,0.0761
01/08/2026,12:46,139.38,26.31,24.23,10.43,48.12,20.19,-1.06,4.83,1272,1.0278,43.50,0.0757
01/08/2026,12:47,139.33,26.33,24.20,10.39,48.07,20.19,-1.08,4.83,1267,1.0277,43.39,0.0760
01/08/2026,12:48,139.26,26.38,24.21,10.43,48.14,20.19,-1.09,4.83,1267,1.0274,43.31,0.0763
01/08/2026,12:49,139.26,26.38,24.13,10.45,48.12,20.18,-1.09,4.83,1271,1.0274,43.26,0.0759
01/08/2026,12:50,139.27,26.41,24.14,10.40,48.19,20.19,-1.10,4.81,1273,1.0272,43.36,0.0760
01/08/2026,12:51,139.32,26.42,24.11,10.39,48.21,20.19,-1.11,4.82,1276,1.0275,43.32,0.0763
01/08/2026,12:52,139.33,26.39,24.14,10.42,48.15,20.24,-1.12,4.82,1272,1.0274,43.41,0.0765
01/08/2026,12:53,139.34,26.44,24.10,10.43,48.19,20.23,-1.15,4.83,1273,1.0278,43.47,0.0760
01/08/2026,12:54,139.33,26.53,24.13,10.44,48.09,20.23,-1.16,4.84,1272,1.0275,43.50,0.0765
01/08/2026,12:55,139.37,26.53,24.09,10.45,48.04,20.19,-1.17,4.85,1272,1.0274,43.37,0.0763
01/08/2026,12:56,139.38,26.59,24.04,10.43,48.01,20.19,-1.17,4.83,1270,1.0271,43.42,0.0765
01/08/2026,12:57,139.34,26.65,24.03,10.44,47.92,20.19,-1.16,4.83,1271,1.0271,43.19,0.0765
01/08/2026,12:58,139.35,26.64,24.01,10.43,47.96,20.14,-1.16,4.84,1271,1.0273,43.13,0.0769
01/08/2026,12:59,139.31,26.64,24.02,10.45,48.04,20.13,-1.15,4.85,1269,1.0273,43.17,0.0766
01/08/2026,13:00,139.30,26.60,24.01,10.41,48.08,20.10,-1.14,4.85,1272,1.0272,43.17,0.0771
01/08/2026,13:01,139.35,26.58,24.02,10.45,48.01,20.10,-1.15,4.86,1272,1.0269,43.17,0.0766
01/08/2026,13:02,139.36,26.61,24.05,10.41,48.16,20.08,-1.13,4.84,1274,1.0270,43.21,0.0768
01/08/2026,13:03,139.31,26.63,24.06,10.42,48.16,20.11,-1.14,4.82,1272,1.0267,43.24,0.0765
01/08/2026,13:04,139.28,26.64,24.04,10.44,48.25,20.10,-1.12,4.83,1268,1.0264,43.20,0.0765
01/08/2026,13:05,139.24,26.64,24.05,10.42,48.27,20.06,-1.14,4.85,1269,1.0268,43.35,0.0765
01/08/2026,13:06,139.30,26.69,24.05,10.37,48.20,20.06,-1.11,4.86,1276,1.0270,43.39,0.0762
01/08/2026,13:07,139.24,26.71,23.94,10.38,48.18,20.07,-1.08,4.85,1277,1.0272,43.36,0.0757
01/08/2026,13:08,139.28,26.77,23.94,10.35,48.12,20.09,-1.06,4.84,1270,1.0274,43.32,0.0760
01/08/2026,13:09,139.24,26.81,23.94,10.36,48.14,20.08,-1.08,4.85,1271,1.0278,43.27,0.0761
01/08/2026,13:10,139.24,26.90,23.98,10.35,48.14,20.10,-1.08,4.84,1270,1.0278,43.25,0.0760
01/08/2026,13:11,139.22,26.92,24.00,10.36,48.18,20.11,-1.08,4.85,1272,1.0276,43.26,0.0755
01/08/2026,13:12,139.18,26.88,24.04,10.36,48.20,20.10,-1.08,4.84,1275,1.0276,43.23,0.0756
01/08/2026,13:13,139.24,26.87,24.01,10.38,48.19,20.04,-1.06,4.84,1273,1.0275,43.27,0.0756
01/08/2026,13:14,139.18,26.94,24.03,10.36,48.17,20.05,-1.07,4.86,1279,1.0273,43.31,0.0759
01/08/2026,13:15,139.11,26.99,24.10,10.35,48.19,20.11,-1.09,4.86,1282,1.0274,43.36,0.0762
01/08/2026,13:16,139.04,26.95,24.12,10.38,48.10,20.16,-1.05,4.86,1282,1.0278,43.37,0.0763
01/08/2026,13:17,139.13,27.01,24.13,10.38,48.08,20.17,-1.05,4.85,1280,1.0280,43.44,0.0758
01/08/2026,13:18,139.14,27.11,24.12,10.41,48.02,20.15,-1.07,4.86,1276,1.0275,43.54,0.0759
01/08/2026,13:19,139.21,27.13,24.16,10.40,48.04,20.18,-1.08,4.86,1281,1.0273,43.40,0.0755
01/08/2026,13:20,139.31,27.15,24.11,10.38,47.94,20.17,-1.07,4.86,1279,1.0275,43.46,0.0755
01/08/2026,13:21,139.30,27.11,24.12,10.38,47.98,20.17,-1.05,4.86,1281,1.0275,43.40,0.0755
01/08/2026,13:22,139.36,27.14,24.13,10.40,48.07,20.13,-1.08,4.87,1281,1.0274,43.50,0.0759
01/08/2026,13:23,139.32,27.14,24.17,10.41,48.10,20.10,-1.07,4.87,1279,1.0274,43.56,0.0756
01/08/2026,13:24,139.20,27.09,24.19,10.38,48.13,20.10,-1.03,4.87,1277,1.0273,43.76,0.0752
01/08/2026,13:25,139.26,27.06,24.19,10.40,48.10,20.07,-1.05,4.86,1281,1.0274,43.77,0.0755
01/08/2026,13:26,139.22,27.05,24.19,10.39,48.14,20.09,-1.04,4.87,1281,1.0271,43.65,0.0752
01/08/2026,13:27,139.24,27.06,24.14,10.39,48.21,20.15,-1.05,4.87,1281,1.0271,43.76,0.0756
01/08/2026,13:28,139.31,27.14,24.16,10.35,48.06,20.15,-1.07,4.86,1282,1.0274,43.76,0.0758
01/08/2026,13:29,139.26,27.14,24.12,10.37,48.03,20.17,-1.11,4.87,1280,1.0273,43.76,0.0754
01/08/2026,13:30,139.30,27.09,24.17,10.37,48.06,20.20,-1.12,4.86,1282,1.0272,43.80,0.0751
01/08/2026,13:31,139.26,27.13,24.19,10.35,48.06,20.18,-1.11,4.86,1279,1.0270,43.73,0.0753
01/08/2026,13:32,139.23,27.16,24.10,10.33,48.00,20.22,-1.09,4.85,1277,1.0271,43.72,0.0759
01/08/2026,13:33,139.24,27.14,24.12,10.32,48.06,20.23,-1.10,4.87,1280,1.0269,43.74,0.0752
01/08/2026,13:34,139.27,27.12,24.12,10.28,48.10,20.23,-1.08,4.88,1284,1.0267,43.72,0.0749
01/08/2026,13:35,139.26,27.14,24.18,10.31,48.09,20.24,-1.11,4.86,1286,1.0267,43.59,0.0751
01/08/2026,13:36,139.26,27.14,24.12,10.29,48.14,20.22,-1.09,4.84,1283,1.0265,43.66,0.0754
01/08/2026,13:37,139.28,27.13,24.16,10.28,48.15,20.26,-1.08,4.83,1288,1.0262,43.66,0.0761
01/08/2026,13:38,139.27,27.11,24.19,10.27,48.17,20.23,-1.13,4.82,1290,1.0261,43.77,0.0758
01/08/2026,13:39,139.33,27.11,24.23,10.24,48.21,20.20,-1.09,4.82,1288,1.0260,43.82,0.0757
01/08/2026,13:40,139.42,27.11,24.20,10.23,48.21,20.23,-1.10,4.80,1285,1.0261,43.79,0.0751
01/08/2026,13:41,139.42,27.12,24.14,10.22,48.22,20.25,-1.07,4.80,1285,1.0256,43.80,0.0759
01/08/2026,13:42,139.38,27.16,24.16,10.23,48.20,20.29,-1.05,4.80,1280,1.0256,43.79,0.0756
01/08/2026,13:43,139.41,27.13,24.15,10.20,48.18,20.29,-1.04,4.81,1278,1.0254,43.73,0.0759
01/08/2026,13:44,139.47,27.12,24.15,10.24,48.12,20.27,-1.06,4.82,1279,1.0252,43.55,0.0758
01/08/2026,13:45,139.51,27.09,24.13,10.24,48.13,20.32,-1.02,4.82,1273,1.0248,43.49,0.0760
01/08/2026,13:46,139.46,27.15,24.14,10.28,48.16,20.33,-1.01,4.82,1275,1.0250,43.45,0.0765
01/08/2026,13:47,139.49,27.19,24.21,10.30,48.22,20.33,-1.02,4.85,1278,1.0249,43.52,0.0765
01/08/2026,13:48,139.54,27.24,24.20,10.29,48.17,20.28,-1.02,4.86,1278,1.0251,43.50,0.0766
01/08/2026,13:49,139.60,27.31,24.21,10.27,48.22,20.28,-1.04,4.86,1279,1.0252,43.33,0.0764
01/08/2026,13:50,139.64,27.28,24.20,10.25,48.24,20.32,-1.03,4.85,1276,1.0255,43.36,0.0760
01/08/2026,13:51,139.66,27.34,24.14,10.21,48.34,20.35,-1.03,4.86,1276,1.0258,43.31,0.0758
01/08/2026,13:52,139.72,27.40,24.12,10.28,48.44,20.39,-1.02,4.85,1276,1.0256,43.20,0.0753
01/08/2026,13:53,139.71,27.44,24.12,10.29,48.45,20.43,-1.02,4.85,1273,1.0256,43.23,0.0754
01/08/2026,13:54,139.71,27.47,24.08,10.32,48.41,20.44,-1.01,4.85,1273,1.0252,43.18,0.0755
01/08/2026,13:55,139.72,27.45,24.07,10.30,48.34,20.49,-1.02,4.86,1276,1.0254,43.28,0.0752
01/08/2026,13:56,139.75,27.46,24.02,10.28,48.28,20.44,-1.02,4.85,1274,1.0253,43.22,0.0753
01/08/2026,13:57,139.73,27.44,23.98,10.29,48.24,20.41,-1.04,4.87,1276,1.0255,43.07,0.0751
01/08/2026,13:58,139.65,27.52,24.00,10.26,48.21,20.46,-1.08,4.88,1276,1.0253,43.14,0.0757
01/08/2026,13:59,139.66,27.55,24.01,10.28,48.15,20.45,-1.06,4.88,1274,1.0254,43.26,0.0758
01/08/2026,14:00,139.69,27.59,24.01,10.29,48.18,20.39,-1.03,4.88,1274,1.0257,43.14,0.0758
01/08/2026,14:01,139.74,27.56,23.99,10.27,48.16,20.40,-1.02,4.87,1274,1.0256,43.18,0.0763
01/08/2026,14:02,139.73,27.55,23.96,10.25,48.27,20.40,-1.01,4.86,1275,1.0256,43.30,0.0759
01/08/2026,14:03,139.74,27.55,23.99,10.24,48.31,20.39,-1.03,4.86,1274,1.0253,43.32,0.0760
01/08/2026,14:04,139.77,27.59,23.98,10.28,48.28,20.40,-1.04,4.85,1275,1.0251,43.26,0.0753
01/08/2026,14:05,139.77,27.57,24.03,10.32,48.31,20.43,-1.03,4.86,1275,1.0252,43.26,0.0754
01/08/2026,14:06,139.76,27.59,24.03,10.31,48.36,20.43,-1.01,4.85,1271,1.0256,43.25,0.0752
01/08/2026,14:07,139.82,27.62,24.03,10.32,48.40,20.41,-1.02,4.83,1271,1.0261,43.25,0.0749
01/08/2026,14:08,139.78,27.62,24.08,10.28,48.46,20.39,-1.01,4.81,1270,1.0265,43.25,0.0755
01/08/2026,14:09,139.80,27.65,24.09,10.26,48.48,20.41,-0.99,4.81,1269,1.0266,43.28,0.0755
01/08/2026,14:10,139.79,27.63,24.00,10.25,48.62,20.43,-0.98,4.81,1263,1.0267,43.16,0.0752
01/08/2026,14:11,139.81,27.60,23.95,10.25,48.61,20.43,-1.03,4.80,1262,1.0264,43.14,0.0752
01/08/2026,14:12,139.75,27.65,23.95,10.22,48.67,20.43,-1.04,4.80,1261,1.0261,43.17,0.0750
01/08/2026,14:13,139.69,27.67,23.93,10.23,48.57,20.46,-1.05,4.78,1263,1.0262,43.35,0.0752
01/08/2026,14:14,139.65,27.69,23.90,10.20,48.58,20.50,-1.07,4.78,1261,1.0262,43.33,0.0746
01/08/2026,14:15,139.70,27.66,23.90,10.16,48.52,20.50,-1.08,4.77,1258,1.0256,43.41,0.0746
01/08/2026,14:16,139.68,27.63,23.90,10.16,48.48,20.53,-1.08,4.78,1259,1.0256,43.39,0.0750
01/08/2026,14:17,139.65,27.62,23.83,10.14,48.37,20.53,-1.09,4.76,1256,1.0259,43.50,0.0754
01/08/2026,14:18,139.66,27.63,23.78,10.12,48.40,20.51,-1.11,4.75,1255,1.0263,43.47,0.0756
01/08/2026,14:19,139.69,27.66,23.72,10.14,48.43,20.52,-1.10,4.76,1253,1.0263,43.61,0.0753
01/08/2026,14:20,139.66,27.70,23.70,10.15,48.47,20.52,-1.07,4.77,1252,1.0263,43.70,0.0754
01/08/2026,14:21,139.56,27.70,23.70,10.16,48.60,20.52,-1.05,4.77,1253,1.0265,43.81,0.0754
01/08/2026,14:22,139.53,27.65,23.73,10.13,48.56,20.54,-1.05,4.77,1252,1.0266,43.88,0.0756
01/08/2026,14:23,139.57,27.62,23.72,10.07,48.52,20.58,-1.07,4.79,1252,1.0263,43.86,0.0754
01/08/2026,14:24,139.58,27.67,23.74,10.08,48.47,20.56,-1.04,4.79,1253,1.0261,43.84,0.0751
01/08/2026,14:25,139.60,27.66,23.72,10.05,48.39,20.58,-1.02,4.79,1251,1.0259,43.72,0.0749
01/08/2026,14:26,139.61,27.71,23.73,10.10,48.41,20.56,-0.99,4.78,1253,1.0260,43.62,0.0748
01/08/2026,14:27,139.59,27.72,23.69,10.08,48.37,20.53,-0.99,4.79,1251,1.0263,43.51,0.0743
01/08/2026,14:28,139.52,27.76,23.67,10.08,48.37,20.59,-0.98,4.77,1255,1.0264,43.61,0.0744
01/08/2026,14:29,139.44,27.73,23.68,10.08,48.33,20.63,-0.97,4.77,1256,1.0261,43.58,0.0746
01/08/2026,14:30,139.35,27.75,23.65,10.11,48.35,20.65,-0.97,4.76,1255,1.0260,43.58,0.0751
01/08/2026,14:31,139.27,27.83,23.59,10.11,48.32,20.63,-0.97,4.75,1254,1.0260,43.57,0.0757
01/08/2026,14:32,139.26,27.82,23.59,10.10,48.24,20.67,-0.96,4.75,1256,1.0267,43.57,0.0756
01/08/2026,14:33,139.23,27.82,23.61,10.07,48.13,20.65,-0.94,4.73,1252,1.0265,43.59,0.0751
01/08/2026,14:34,139.27,27.86,23.62,10.12,48.11,20.61,-0.95,4.72,1256,1.0268,43.67,0.0752
01/08/2026,14:35,139.30,27.90,23.62,10.15,48.10,20.62,-0.95,4.72,1254,1.0268,43.47,0.0755
01/08/2026,14:36,139.29,27.92,23.59,10.14,48.18,20.61,-0.94,4.71,1255,1.0263,43.70,0.0758
01/08/2026,14:37,139.31,27.92,23.59,10.11,48.18,20.61,-0.95,4.71,1251,1.0262,43.69,0.0756
01/08/2026,14:38,139.22,27.90,23.55,10.06,48.21,20.61,-0.93,4.71,1254,1.0261,43.86,0.0758
01/08/2026,14:39,139.32,27.84,23.58,10.08,48.26,20.60,-0.93,4.71,1253,1.0262,44.01,0.0754
01/08/2026,14:40,139.40,27.84,23.56,10.06,48.22,20.62,-0.95,4.69,1257,1.0258,43.96,0.0754
01/08/2026,14:41,139.47,27.91,23.59,10.05,48.16,20.61,-0.94,4.69,1257,1.0260,44.00,0.0759
01/08/2026,14:42,139.39,27.88,23.59,10.08,48.07,20.65,-0.95,4.70,1262,1.0260,43.97,0.0754
01/08/2026,14:43,139.35,27.85,23.64,10.10,48.14,20.55,-0.99,4.70,1263,1.0262,44.17,0.0758
01/08/2026,14:44,139.36,27.87,23.68,10.07,48.08,20.56,-0.99,4.72,1265,1.0260,44.30,0.0759
01/08/2026,14:45,139.46,27.85,23.67,10.05,48.13,20.53,-0.99,4.74,1260,1.0261,44.23,0.0757
01/08/2026,14:46,139.42,27.84,23.70,10.07,48.12,20.54,-0.95,4.74,1262,1.0262,44.16,0.0753
01/08/2026,14:47,139.39,27.86,23.72,10.06,48.15,20.56,-0.94,4.75,1261,1.0262,43.99,0.0754
01/08/2026,14:48,139.41,27.92,23.72,10.06,48.19,20.54,-0.98,4.74,1263,1.0260,44.04,0.0749
01/08/2026,14:49,139.39,27.82,23.73,10.08,48.25,20.51,-0.97,4.73,1270,1.0262,44.06,0.0741
01/08/2026,14:50,139.38,27.76,23.80,10.07,48.25,20.52,-0.96,4.75,1262,1.0265,44.01,0.0736
01/08/2026,14:51,139.43,27.75,23.75,10.11,48.26,20.51,-0.93,4.77,1257,1.0263,43.96,0.0737
01/08/2026,14:52,139.48,27.73,23.78,10.11,48.17,20.48,-0.94,4.77,1254,1.0264,44.00,0.0735
01/08/2026,14:53,139.49,27.76,23.74,10.08,48.31,20.47,-0.92,4.78,1253,1.0262,44.23,0.0738
01/08/2026,14:54,139.48,27.77,23.76,10.08,48.37,20.49,-0.91,4.77,1256,1.0263,44.22,0.0732
01/08/2026,14:55,139.48,27.80,23.70,10.07,48.27,20.50,-0.89,4.80,1259,1.0260,44.31,0.0728
01/08/2026,14:56,139.49,27.84,23.69,10.11,48.25,20.49,-0.94,4.81,1261,1.0261,44.29,0.0734
01/08/2026,14:57,139.45,27.85,23.70,10.16,48.22,20.50,-0.93,4.81,1263,1.0261,44.42,0.0733
01/08/2026,14:58,139.48,27.83,23.71,10.15,48.25,20.52,-0.92,4.80,1262,1.0258,44.31,0.0726
01/08/2026,14:59,139.50,27.81,23.71,10.16,48.27,20.50,-0.93,4.80,1257,1.0263,44.34,0.0729
01/08/2026,15:00,139.50,27.83,23.73,10.16,48.27,20.44,-0.94,4.79,1255,1.0264,44.35,0.0722
01/08/2026,15:01,139.52,27.87,23.70,10.14,48.34,20.43,-0.92,4.80,1258,1.0263,44.25,0.0722
01/08/2026,15:02,139.52,27.86,23.67,10.10,48.32,20.45,-0.95,4.81,1259,1.0262,44.28,0.0728
01/08/2026,15:03,139.49,27.92,23.72,10.10,48.32,20.46,-0.98,4.80,1261,1.0263,44.25,0.0734
01/08/2026,15:04,139.55,27.85,23.67,10.08,48.35,20.46,-1.01,4.80,1261,1.0265,44.07,0.0735
01/08/2026,15:05,139.61,27.83,23.71,10.10,48.39,20.45,-1.04,4.80,1265,1.0266,43.90,0.0738
01/08/2026,15:06,139.60,27.81,23.76,10.05,48.42,20.50,-1.01,4.78,1268,1.0264,43.97,0.0743
01/08/2026,15:07,139.51,27.80,23.73,10.04,48.44,20.54,-1.03,4.77,1266,1.0263,44.03,0.0745
01/08/2026,15:08,139.56,27.82,23.75,10.00,48.58,20.54,-1.02,4.77,1267,1.0259,43.99,0.0739
01/08/2026,15:09,139.57,27.79,23.76,10.02,48.63,20.54,-1.03,4.78,1270,1.0260,44.02,0.0742
01/08/2026,15:10,139.57,27.86,23.77,10.03,48.61,20.51,-1.02,4.78,1264,1.0259,44.14,0.0734
01/08/2026,15:11,139.59,27.97,23.82,9.95,48.58,20.50,-0.99,4.76,1259,1.0258,44.18,0.0736
01/08/2026,15:12,139.63,28.02,23.80,9.95,48.48,20.53,-0.98,4.77,1260,1.0258,44.11,0.0738
01/08/2026,15:13,139.73,28.07,23.78,9.95,48.40,20.55,-0.97,4.76,1258,1.0258,44.15,0.0740
01/08/2026,15:14,139.76,28.12,23.72,9.93,48.40,20.59,-1.00,4.77,1259,1.0256,44.03,0.0739
01/08/2026,15:15,139.73,28.14,23.74,10.00,48.43,20.59,-0.98,4.77,1258,1.0260,44.16,0.0736
01/08/2026,15:16,139.67,28.16,23.81,9.99,48.40,20.64,-0.98,4.75,1258,1.0260,44.15,0.0737
01/08/2026,15:17,139.63,28.20,23.78,9.96,48.28,20.59,-0.97,4.76,1256,1.0261,44.15,0.0747
01/08/2026,15:18,139.70,28.19,23.76,9.98,48.21,20.62,-0.98,4.77,1252,1.0259,44.18,0.0744
01/08/2026,15:19,139.62,28.21,23.79,9.99,48.28,20.62,-0.96,4.76,1252,1.0260,44.22,0.0745
01/08/2026,15:20,139.68,28.18,23.82,10.01,48.25,20.62,-0.94,4.77,1251,1.0263,44.30,0.0743
01/08/2026,15:21,139.56,28.19,23.85,10.02,48.13,20.60,-0.93,4.77,1249,1.0264,44.31,0.0743
01/08/2026,15:22,139.59,28.20,23.85,10.02,48.11,20.61,-0.95,4.77,1252,1.0265,44.33,0.0747
01/08/2026,15:23,139.51,28.18,23.81,10.01,48.21,20.65,-0.94,4.78,1250,1.0266,44.44,0.0748
01/08/2026,15:24,139.47,28.12,23.85,10.02,48.38,20.69,-0.97,4.79,1252,1.0267,44.47,0.0743
01/08/2026,15:25,139.47,28.21,23.81,10.05,48.54,20.70,-0.96,4.80,1250,1.0267,44.43,0.0744
01/08/2026,15:26,139.51,28.23,23.84,10.08,48.69,20.66,-0.94,4.80,1257,1.0270,44.46,0.0743
01/08/2026,15:27,139.53,28.28,23.82,10.06,48.75,20.63,-0.97,4.80,1260,1.0270,44.44,0.0739
01/08/2026,15:28,139.60,28.29,23.83,10.06,48.69,20.65,-0.95,4.80,1261,1.0268,44.38,0.0738
01/08/2026,15:29,139.60,28.28,23.79,10.10,48.75,20.62,-0.95,4.79,1261,1.0269,44.36,0.0738
01/08/2026,15:30,139.55,28.29,23.77,10.09,48.65,20.58,-0.95,4.80,1259,1.0272,44.36,0.0741
01/08/2026,15:31,139.52,28.30,23.79,10.07,48.68,20.60,-0.95,4.79,1253,1.0270,44.34,0.0743
01/08/2026,15:32,139.53,28.35,23.80,10.09,48.64,20.65,-0.95,4.80,1258,1.0270,44.18,0.0737
01/08/2026,15:33,139.41,28.37,23.78,10.05,48.69,20.69,-0.91,4.81,1258,1.0271,44.13,0.0736
01/08/2026,15:34,139.41,28.47,23.77,10.05,48.79,20.68,-0.90,4.78,1258,1.0270,44.19,0.0732
01/08/2026,15:35,139.47,28.44,23.69,10.04,48.81,20.67,-0.87,4.78,1260,1.0274,44.16,0.0735
01/08/2026,15:36,139.50,28.42,23.68,10.09,48.77,20.65,-0.91,4.78,1256,1.0271,44.19,0.0729
01/08/2026,15:37,139.45,28.43,23.67,10.10,48.85,20.62,-0.91,4.79,1254,1.0272,44.19,0.0734
01/08/2026,15:38,139.48,28.44,23.65,10.14,48.86,20.66,-0.91,4.81,1252,1.0272,44.19,0.0723
01/08/2026,15:39,139.52,28.47,23.68,10.10,48.83,20.65,-0.89,4.80,1255,1.0274,44.23,0.0717
01/08/2026,15:40,139.46,28.48,23.74,10.10,48.94,20.66,-0.91,4.79,1258,1.0272,44.22,0.0727
01/08/2026,15:41,139.45,28.52,23.73,10.11,48.97,20.67,-0.93,4.79,1257,1.0274,44.10,0.0723
01/08/2026,15:42,139.38,28.51,23.74,10.09,48.96,20.68,-0.92,4.81,1258,1.0275,44.12,0.0724
01/08/2026,15:43,139.35,28.54,23.83,10.06,48.96,20.70,-0.92,4.82,1262,1.0278,44.09,0.0719
01/08/2026,15:44,139.42,28.58,23.82,10.02,48.95,20.71,-0.91,4.80,1258,1.0276,44.11,0.0719
01/08/2026,15:45,139.45,28.57,23.78,10.04,49.00,20.78,-0.91,4.80,1260,1.0274,44.07,0.0727
01/08/2026,15:46,139.46,28.55,23.77,10.01,49.01,20.79,-0.90,4.80,1260,1.0274,44.08,0.0723
01/08/2026,15:47,139.43,28.54,23.80,10.03,48.99,20.77,-0.88,4.79,1260,1.0276,44.20,0.0723
01/08/2026,15:48,139.46,28.54,23.74,10.07,49.05,20.81,-0.89,4.80,1263,1.0275,44.20,0.0724
01/08/2026,15:49,139.50,28.52,23.75,10.07,49.05,20.85,-0.91,4.80,1261,1.0272,44.17,0.0722
01/08/2026,15:50,139.48,28.52,23.74,10.03,49.08,20.85,-0.90,4.78,1263,1.0272,44.08,0.0723
01/08/2026,15:51,139.54,28.53,23.73,10.08,49.10,20.84,-0.91,4.78,1265,1.0275,44.16,0.0720
01/08/2026,15:52,139.58,28.55,23.74,10.08,49.03,20.86,-0.91,4.79,1263,1.0271,44.11,0.0719
01/08/2026,15:53,139.54,28.60,23.80,10.05,49.04,20.88,-0.92,4.78,1261,1.0273,44.03,0.0718
01/08/2026,15:54,139.56,28.65,23.82,10.06,49.03,20.88,-0.92,4.79,1262,1.0270,43.97,0.0717
01/08/2026,15:55,139.51,28.63,23.84,10.06,49.02,20.86,-0.95,4.79,1262,1.0268,43.92,0.0715
01/08/2026,15:56,139.52,28.62,23.81,10.04,49.06,20.87,-0.97,4.81,1255,1.0265,43.95,0.0717
01/08/2026,15:57,139.49,28.58,23.83,10.03,49.07,20.86,-0.99,4.78,1255,1.0268,43.96,0.0719
01/08/2026,15:58,139.53,28.57,23.81,10.03,48.98,20.90,-0.98,4.77,1257,1.0270,43.90,0.0722
01/08/2026,15:59,139.55,28.57,23.83,10.03,48.99,20.96,-0.98,4.76,1259,1.0271,43.85,0.0726
01/08/2026,16:00,139.62,28.59,23.85,10.11,48.89,20.95,-0.97,4.77,1263,1.0273,43.85,0.0726
01/08/2026,16:01,139.66,28.59,23.80,10.11,48.94,20.94,-0.97,4.77,1262,1.0273,43.97,0.0729
01/08/2026,16:02,139.68,28.61,23.87,10.09,48.90,20.94,-0.97,4.77,1262,1.0264,43.85,0.0731
01/08/2026,16:03,139.66,28.62,23.85,10.13,48.95,20.91,-0.97,4.79,1266,1.0261,43.84,0.0735
01/08/2026,16:04,139.71,28.58,23.88,10.21,48.99,20.90,-0.98,4.78,1265,1.0263,43.90,0.0733
01/08/2026,16:05,139.67,28.60,23.88,10.22,49.01,20.89,-0.96,4.78,1263,1.0264,44.08,0.0730
01/08/2026,16:06,139.63,28.67,23.78,10.21,48.98,20.85,-0.97,4.77,1260,1.0266,43.96,0.0727
01/08/2026,16:07,139.55,28.70,23.79,10.22,49.04,20.86,-0.99,4.79,1261,1.0266,43.96,0.0726
01/08/2026,16:08,139.64,28.65,23.75,10.23,49.10,20.83,-0.98,4.79,1264,1.0267,43.85,0.0732
01/08/2026,16:09,139.65,28.63,23.77,10.26,49.23,20.84,-0.99,4.78,1264,1.0268,43.90,0.0733
01/08/2026,16:10,139.68,28.56,23.85,10.25,49.18,20.80,-1.01,4.79,1264,1.0265,43.90,0.0737
01/08/2026,16:11,139.65,28.54,23.84,10.23,49.10,20.80,-1.05,4.79,1262,1.0266,43.86,0.0732
01/08/2026,16:12,139.64,28.52,23.83,10.21,49.05,20.81,-1.04,4.80,1260,1.0265,43.95,0.0727
01/08/2026,16:13,139.65,28.56,23.84,10.24,49.11,20.78,-1.01,4.82,1258,1.0264,43.95,0.0728
01/08/2026,16:14,139.70,28.59,23.81,10.24,49.12,20.73,-1.02,4.81,1257,1.0263,43.94,0.0732
01/08/2026,16:15,139.65,28.53,23.81,10.21,49.10,20.73,-1.01,4.79,1256,1.0263,44.06,0.0733
01/08/2026,16:16,139.62,28.49,23.82,10.20,49.09,20.74,-1.00,4.79,1254,1.0263,44.01,0.0728
01/08/2026,16:17,139.63,28.49,23.79,10.20,49.05,20.77,-0.99,4.78,1254,1.0265,44.08,0.0727
01/08/2026,16:18,139.59,28.44,23.82,10.17,49.04,20.76,-1.00,4.78,1254,1.0262,44.24,0.0728
01/08/2026,16:19,139.66,28.45,23.80,10.18,49.15,20.78,-1.01,4.78,1258,1.0263,44.21,0.0722
01/08/2026,16:20,139.63,28.46,23.75,10.14,49.10,20.81,-1.00,4.78,1257,1.0267,44.16,0.0724
01/08/2026,16:21,139.62,28.46,23.80,10.12,49.06,20.79,-1.01,4.78,1255,1.0268,44.10,0.0722
01/08/2026,16:22,139.58,28.40,23.77,10.09,49.18,20.81,-1.00,4.77,1254,1.0262,44.20,0.0713
01/08/2026,16:23,139.63,28.43,23.71,10.07,49.25,20.80,-0.99,4.76,1255,1.0263,44.29,0.0711
01/08/2026,16:24,139.64,28.43,23.73,10.10,49.23,20.78,-1.01,4.77,1254,1.0262,44.50,0.0706
01/08/2026,16:25,139.66,28.40,23.69,10.14,49.15,20.75,-0.98,4.77,1258,1.0260,44.56,0.0707
01/08/2026,16:26,139.65,28.43,23.70,10.11,49.20,20.74,-1.01,4.76,1261,1.0259,44.58,0.0707
01/08/2026,16:27,139.61,28.38,23.69,10.10,49.22,20.74,-0.99,4.77,1256,1.0264,44.65,0.0707
01/08/2026,16:28,139.61,28.42,23.65,10.11,49.17,20.72,-1.00,4.79,1255,1.0262,44.59,0.0702
01/08/2026,16:29,139.58,28.47,23.71,10.10,49.25,20.73,-1.01,4.79,1258,1.0262,44.77,0.0704
01/08/2026,16:30,139.60,28.48,23.70,10.12,49.14,20.69,-1.00,4.78,1260,1.0268,44.73,0.0705
01/08/2026,16:31,139.57,28.41,23.70,10.15,49.03,20.65,-0.98,4.80,1259,1.0268,44.74,0.0711
01/08/2026,16:32,139.60,28.38,23.71,10.15,49.01,20.66,-0.97,4.79,1258,1.0268,44.71,0.0706
01/08/2026,16:33,139.55,28.36,23.76,10.15,49.03,20.68,-0.96,4.79,1259,1.0272,44.64,0.0704
01/08/2026,16:34,139.52,28.36,23.74,10.14,49.00,20.63,-0.95,4.79,1258,1.0276,44.72,0.0711
01/08/2026,16:35,139.54,28.32,23.73,10.11,48.99,20.64,-0.94,4.79,1257,1.0273,44.67,0.0705
01/08/2026,16:36,139.55,28.36,23.70,10.05,49.02,20.62,-0.97,4.80,1263,1.0275,44.58,0.0707
01/08/2026,16:37,139.50,28.40,23.63,10.04,49.07,20.68,-0.95,4.82,1264,1.0272,44.57,0.0708
01/08/2026,16:38,139.55,28.42,23.72,10.04,49.01,20.67,-0.95,4.82,1263,1.0274,44.67,0.0706
01/08/2026,16:39,139.59,28.39,23.74,10.05,48.87,20.70,-0.97,4.82,1265,1.0271,44.64,0.0698
01/08/2026,16:40,139.62,28.38,23.72,10.05,48.88,20.63,-0.98,4.80,1263,1.0270,44.69,0.0704
01/08/2026,16:41,139.62,28.35,23.72,10.07,48.85,20.61,-0.97,4.81,1262,1.0268,44.66,0.0699
01/08/2026,16:42,139.62,28.41,23.80,10.07,48.84,20.65,-0.96,4.81,1266,1.0269,44.68,0.0698
01/08/2026,16:43,139.70,28.37,23.91,10.11,48.77,20.64,-0.98,4.79,1266,1.0270,44.61,0.0698
01/08/2026,16:44,139.61,28.34,23.85,10.11,48.76,20.66,-1.00,4.80,1265,1.0271,44.51,0.0700
01/08/2026,16:45,139.63,28.35,23.93,10.11,48.58,20.68,-1.00,4.81,1268,1.0272,44.40,0.0700
01/08/2026,16:46,139.64,28.35,23.95,10.05,48.52,20.66,-1.01,4.79,1266,1.0273,44.44,0.0697
01/08/2026,16:47,139.64,28.36,23.97,10.08,48.54,20.67,-0.96,4.79,1270,1.0274,44.37,0.0696
01/08/2026,16:48,139.64,28.39,24.02,10.13,48.44,20.67,-0.96,4.77,1269,1.0272,44.35,0.0700
01/08/2026,16:49,139.61,28.41,24.00,10.12,48.53,20.66,-0.97,4.76,1267,1.0275,44.34,0.0699
01/08/2026,16:50,139.62,28.37,24.02,10.11,48.64,20.68,-0.94,4.78,1267,1.0276,44.22,0.0700
01/08/2026,16:51,139.63,28.37,24.03,10.12,48.65,20.70,-0.95,4.78,1265,1.0279,44.25,0.0699
01/08/2026,16:52,139.65,28.39,23.98,10.11,48.61,20.68,-0.94,4.80,1266,1.0283,44.30,0.0698
01/08/2026,16:53,139.70,28.38,23.96,10.08,48.75,20.67,-0.94,4.79,1267,1.0284,44.23,0.0702
01/08/2026,16:54,139.57,28.43,23.95,10.11,48.62,20.67,-0.94,4.79,1265,1.0282,44.20,0.0702
01/08/2026,16:55,139.59,28.41,23.97,10.14,48.61,20.65,-0.95,4.79,1265,1.0281,44.20,0.0694
01/08/2026,16:56,139.51,28.42,23.93,10.16,48.60,20.66,-0.93,4.78,1258,1.0281,44.17,0.0691
01/08/2026,16:57,139.52,28.43,23.95,10.16,48.55,20.65,-0.95,4.77,1260,1.0280,44.27,0.0685
01/08/2026,16:58,139.49,28.47,23.89,10.14,48.47,20.64,-0.93,4.77,1252,1.0280,44.26,0.0688
01/08/2026,16:59,139.42,28.48,23.88,10.14,48.49,20.62,-0.93,4.77,1254,1.0281,44.34,0.0691
01/08/2026,17:00,139.41,28.49,23.80,10.17,48.64,20.64,-0.92,4.77,1258,1.0279,44.30,0.0686
01/08/2026,17:01,139.40,28.54,23.76,10.16,48.58,20.65,-0.93,4.75,1260,1.0278,44.08,0.0686
01/08/2026,17:02,139.40,28.54,23.71,10.14,48.66,20.65,-0.89,4.77,1254,1.0278,44.15,0.0683
01/08/2026,17:03,139.41,28.47,23.63,10.14,48.61,20.64,-0.88,4.77,1253,1.0277,44.15,0.0685
01/08/2026,17:04,139.41,28.50,23.65,10.10,48.64,20.64,-0.88,4.78,1258,1.0278,44.15,0.0691
01/08/2026,17:05,139.40,28.47,23.66,10.09,48.60,20.63,-0.90,4.79,1262,1.0272,44.10,0.0691
01/08/2026,17:06,139.39,28.47,23.68,10.10,48.57,20.61,-0.93,4.79,1264,1.0268,44.26,0.0690
01/08/2026,17:07,139.39,28.46,23.70,10.08,48.50,20.58,-0.96,4.79,1259,1.0270,44.28,0.0690
01/08/2026,17:08,139.38,28.41,23.65,10.10,48.56,20.61,-0.95,4.80,1265,1.0272,44.19,0.0695
01/08/2026,17:09,139.42,28.41,23.59,10.10,48.57,20.63,-0.95,4.81,1268,1.0272,44.16,0.0700
01/08/2026,17:10,139.37,28.43,23.61,10.08,48.38,20.63,-0.95,4.83,1266,1.0271,44.06,0.0702
01/08/2026,17:11,139.47,28.44,23.68,10.06,48.41,20.63,-0.98,4.82,1267,1.0269,44.17,0.0705
01/08/2026,17:12,139.47,28.44,23.68,10.06,48.47,20.67,-1.00,4.81,1267,1.0269,43.98,0.0711
01/08/2026,17:13,139.42,28.38,23.78,10.06,48.56,20.70,-1.01,4.81,1267,1.0270,43.89,0.0713
01/08/2026,17:14,139.40,28.36,23.75,10.06,48.48,20.67,-1.01,4.79,1264,1.0274,43.83,0.0709
01/08/2026,17:15,139.39,28.33,23.77,10.08,48.42,20.68,-1.00,4.79,1260,1.0274,43.86,0.0706
01/08/2026,17:16,139.45,28.34,23.75,10.07,48.34,20.68,-1.00,4.80,1258,1.0275,43.82,0.0702
01/08/2026,17:17,139.45,28.28,23.80,10.09,48.29,20.68,-0.98,4.79,1259,1.0274,43.91,0.0697
01/08/2026,17:18,139.43,28.25,23.67,10.07,48.29,20.70,-0.98,4.79,1258,1.0275,44.09,0.0700
01/08/2026,17:19,139.49,28.25,23.70,10.04,48.35,20.69,-0.97,4.78,1264,1.0276,44.15,0.0698
01/08/2026,17:20,139.46,28.21,23.69,10.07,48.44,20.65,-1.00,4.78,1263,1.0277,44.13,0.0693
01/08/2026,17:21,139.46,28.24,23.68,10.03,48.57,20.61,-0.99,4.76,1263,1.0280,44.06,0.0695
01/08/2026,17:22,139.44,28.25,23.71,10.03,48.71,20.61,-0.97,4.77,1264,1.0278,43.92,0.0697
01/08/2026,17:23,139.49,28.13,23.73,10.07,48.62,20.63,-1.01,4.77,1263,1.0277,43.89,0.0702
01/08/2026,17:24,139.44,28.13,23.76,10.04,48.67,20.64,-0.98,4.78,1260,1.0278,43.86,0.0704
01/08/2026,17:25,139.40,28.14,23.81,10.06,48.67,20.64,-0.99,4.80,1259,1.0283,43.82,0.0703
01/08/2026,17:26,139.45,28.12,23.79,10.08,48.68,20.62,-0.98,4.80,1260,1.0282,43.85,0.0701
01/08/2026,17:27,139.42,28.14,23.72,10.08,48.65,20.60,-0.99,4.80,1260,1.0278,43.99,0.0704
01/08/2026,17:28,139.40,28.13,23.73,10.03,48.61,20.60,-0.97,4.80,1254,1.0279,44.10,0.0707
01/08/2026,17:29,139.32,28.09,23.67,10.03,48.71,20.61,-0.96,4.78,1252,1.0281,44.21,0.0710
01/08/2026,17:30,139.33,28.08,23.69,10.04,48.69,20.64,-0.96,4.78,1253,1.0282,44.40,0.0708
01/08/2026,17:31,139.32,28.06,23.64,10.05,48.67,20.64,-0.96,4.78,1256,1.0279,44.32,0.0707
01/08/2026,17:32,139.31,28.04,23.64,10.06,48.73,20.55,-0.96,4.78,1255,1.0277,44.29,0.0708
01/08/2026,17:33,139.33,28.06,23.68,10.07,48.70,20.50,-0.97,4.76,1249,1.0276,44.29,0.0706
01/08/2026,17:34,139.33,28.07,23.66,10.09,48.69,20.54,-0.95,4.77,1250,1.0271,44.29,0.0708
01/08/2026,17:35,139.32,28.05,23.64,10.09,48.66,20.52,-0.96,4.77,1253,1.0274,44.27,0.0706
01/08/2026,17:36,139.39,28.05,23.65,10.03,48.76,20.53,-0.98,4.76,1258,1.0271,44.30,0.0704
01/08/2026,17:37,139.41,27.99,23.62,10.09,48.73,20.55,-0.97,4.76,1259,1.0268,44.21,0.0704
01/08/2026,17:38,139.42,27.96,23.60,10.06,48.73,20.60,-0.97,4.77,1253,1.0269,44.23,0.0707
01/08/2026,17:39,139.45,27.96,23.64,10.09,48.61,20.58,-0.97,4.77,1251,1.0266,44.16,0.0708
01/08/2026,17:40,139.36,27.97,23.62,10.08,48.78,20.57,-0.98,4.77,1251,1.0266,44.13,0.0708
01/08/2026,17:41,139.35,27.94,23.63,10.13,48.92,20.52,-0.98,4.76,1249,1.0266,44.17,0.0706
01/08/2026,17:42,139.41,27.98,23.55,10.12,48.91,20.53,-1.01,4.75,1248,1.0266,44.24,0.0706
01/08/2026,17:43,139.36,27.90,23.52,10.07,48.89,20.53,-1.01,4.75,1244,1.0265,44.13,0.0698
01/08/2026,17:44,139.37,27.92,23.51,10.03,48.97,20.54,-1.01,4.75,1245,1.0262,44.17,0.0699
01/08/2026,17:45,139.40,27.90,23.54,10.08,48.95,20.61,-1.00,4.76,1247,1.0261,44.18,0.0696
01/08/2026,17:46,139.35,27.87,23.56,10.07,48.90,20.61,-1.01,4.75,1249,1.0263,44.13,0.0700
01/08/2026,17:47,139.37,27.86,23.54,10.08,48.89,20.60,-1.00,4.75,1249,1.0268,44.15,0.0698
01/08/2026,17:48,139.30,27.90,23.52,10.06,48.94,20.65,-0.99,4.76,1247,1.0271,43.97,0.0699
01/08/2026,17:49,139.29,27.93,23.46,10.09,48.86,20.69,-0.97,4.74,1249,1.0270,43.92,0.0703
01/08/2026,17:50,139.32,27.94,23.44,10.08,48.81,20.72,-0.94,4.73,1249,1.0269,44.07,0.0705
01/08/2026,17:51,139.36,27.90,23.46,10.09,48.84,20.74,-0.93,4.74,1250,1.0266,44.15,0.0709
01/08/2026,17:52,139.32,27.85,23.49,10.11,48.85,20.75,-0.94,4.72,1256,1.0267,44.13,0.0706
01/08/2026,17:53,139.36,27.90,23.49,10.12,48.89,20.74,-0.96,4.73,1258,1.0268,44.15,0.0704
01/08/2026,17:54,139.34,27.90,23.48,10.12,48.86,20.75,-0.95,4.74,1260,1.0268,44.17,0.0706
01/08/2026,17:55,139.37,27.90,23.46,10.14,48.82,20.74,-0.97,4.74,1257,1.0269,44.10,0.0709
01/08/2026,17:56,139.43,27.91,23.50,10.15,48.76,20.77,-0.96,4.75,1262,1.0271,44.14,0.0707
01/08/2026,17:57,139.41,27.90,23.52,10.13,48.78,20.76,-0.93,4.76,1262,1.0272,44.22,0.0703
01/08/2026,17:58,139.44,27.88,23.52,10.16,48.84,20.76,-0.92,4.76,1263,1.0271,44.13,0.0701
01/08/2026,17:59,139.45,27.86,23.57,10.21,48.80,20.67,-0.92,4.76,1260,1.0277,44.10,0.0698
01/08/2026,18:00,139.41,27.79,23.58,10.19,48.83,20.69,-0.90,4.76,1263,1.0274,44.14,0.0702
01/08/2026,18:01,139.35,27.75,23.57,10.15,48.82,20.67,-0.90,4.76,1262,1.0272,44.18,0.0707
01/08/2026,18:02,139.29,27.77,23.60,10.15,48.93,20.64,-0.92,4.76,1261,1.0275,44.22,0.0712
01/08/2026,18:03,139.33,27.74,23.59,10.13,48.97,20.62,-0.92,4.75,1258,1.0272,44.16,0.0710
01/08/2026,18:04,139.38,27.74,23.57,10.16,49.01,20.58,-0.89,4.75,1255,1.0273,44.16,0.0708
01/08/2026,18:05,139.45,27.79,23.52,10.13,48.89,20.58,-0.89,4.75,1257,1.0278,44.14,0.0709
01/08/2026,18:06,139.38,27.80,23.53,10.13,48.95,20.58,-0.86,4.76,1254,1.0275,44.16,0.0709
01/08/2026,18:07,139.27,27.75,23.56,10.12,48.81,20.56,-0.87,4.77,1254,1.0274,44.18,0.0717
01/08/2026,18:08,139.26,27.73,23.54,10.11,48.89,20.58,-0.83,4.78,1255,1.0275,44.10,0.0719
01/08/2026,18:09,139.29,27.74,23.55,10.10,48.82,20.56,-0.85,4.77,1252,1.0275,44.04,0.0721
01/08/2026,18:10,139.35,27.75,23.62,10.08,48.81,20.54,-0.87,4.77,1254,1.0273,43.99,0.0721
01/08/2026,18:11,139.31,27.79,23.62,10.07,48.68,20.52,-0.87,4.78,1257,1.0270,43.98,0.0721
01/08/2026,18:12,139.32,27.82,23.72,10.10,48.56,20.51,-0.87,4.78,1260,1.0271,44.03,0.0716
01/08/2026,18:13,139.34,27.79,23.71,10.05,48.47,20.50,-0.88,4.78,1262,1.0271,44.04,0.0713
01/08/2026,18:14,139.37,27.84,23.73,10.03,48.64,20.47,-0.91,4.80,1256,1.0269,44.00,0.0707
01/08/2026,18:15,139.41,27.85,23.66,10.03,48.73,20.50,-0.90,4.79,1251,1.0271,43.93,0.0699
01/08/2026,18:16,139.45,27.85,23.59,10.03,48.68,20.52,-0.88,4.79,1251,1.0271,43.97,0.0705
01/08/2026,18:17,139.49,27.83,23.61,10.03,48.64,20.53,-0.86,4.80,1251,1.0269,43.90,0.0707
01/08/2026,18:18,139.52,27.85,23.64,10.03,48.64,20.49,-0.87,4.80,1252,1.0271,43.85,0.0707
01/08/2026,18:19,139.53,27.86,23.66,10.02,48.71,20.50,-0.85,4.81,1247,1.0274,43.83,0.0704
01/08/2026,18:20,139.57,27.89,23.69,10.00,48.72,20.50,-0.85,4.81,1249,1.0274,43.81,0.0703
01/08/2026,18:21,139.62,27.89,23.63,9.97,48.70,20.51,-0.85,4.81,1251,1.0272,43.80,0.0704
01/08/2026,18:22,139.62,27.87,23.63,9.96,48.70,20.51,-0.83,4.80,1254,1.0269,43.86,0.0709
01/08/2026,18:23,139.58,27.81,23.63,9.96,48.65,20.53,-0.82,4.81,1250,1.0271,43.81,0.0713
01/08/2026,18:24,139.58,27.81,23.59,9.96,48.62,20.56,-0.80,4.80,1255,1.0276,43.61,0.0706
01/08/2026,18:25,139.59,27.82,23.60,10.00,48.70,20.56,-0.83,4.80,1259,1.0274,43.67,0.0704
01/08/2026,18:26,139.68,27.82,23.61,10.00,48.74,20.58,-0.85,4.80,1257,1.0274,43.73,0.0706
01/08/2026,18:27,139.72,27.86,23.61,10.00,48.81,20.60,-0.84,4.81,1258,1.0273,43.83,0.0703
01/08/2026,18:28,139.75,27.82,23.65,9.96,48.72,20.60,-0.86,4.80,1260,1.0274,43.84,0.0697
01/08/2026,18:29,139.73,27.84,23.65,9.95,48.81,20.62,-0.84,4.80,1258,1.0271,43.90,0.0696
01/08/2026,18:30,139.69,27.81,23.61,9.94,48.80,20.62,-0.86,4.79,1258,1.0274,43.86,0.0697
01/08/2026,18:31,139.64,27.76,23.63,9.95,48.90,20.62,-0.83,4.77,1260,1.0274,43.88,0.0697
01/08/2026,18:32,139.65,27.77,23.65,9.96,48.79,20.62,-0.83,4.75,1257,1.0275,43.86,0.0699
01/08/2026,18:33,139.60,27.74,23.62,9.94,48.91,20.63,-0.84,4.77,1254,1.0274,43.88,0.0707
01/08/2026,18:34,139.57,27.68,23.65,9.92,48.86,20.62,-0.84,4.77,1254,1.0272,43.83,0.0713
01/08/2026,18:35,139.63,27.68,23.71,9.88,48.85,20.60,-0.87,4.77,1255,1.0270,43.82,0.0713
01/08/2026,18:36,139.72,27.70,23.71,9.87,49.00,20.62,-0.89,4.77,1258,1.0270,43.95,0.0710
01/08/2026,18:37,139.61,27.74,23.73,9.90,49.04,20.60,-0.91,4.77,1255,1.0277,43.83,0.0714
01/08/2026,18:38,139.60,27.70,23.69,9.93,49.07,20.62,-0.89,4.76,1254,1.0273,43.73,0.0712
01/08/2026,18:39,139.65,27.62,23.62,9.94,49.11,20.64,-0.88,4.76,1251,1.0275,43.80,0.0709
01/08/2026,18:40,139.69,27.65,23.58,9.93,49.05,20.63,-0.87,4.77,1250,1.0277,43.75,0.0709
01/08/2026,18:41,139.63,27.62,23.54,9.93,49.03,20.64,-0.83,4.78,1251,1.0276,43.77,0.0699
01/08/2026,18:42,139.63,27.57,23.53,9.89,48.93,20.65,-0.82,4.79,1252,1.0276,43.95,0.0703
01/08/2026,18:43,139.56,27.54,23.52,9.90,48.87,20.64,-0.80,4.79,1246,1.0277,43.94,0.0699
01/08/2026,18:44,139.51,27.51,23.44,9.89,48.80,20.65,-0.82,4.80,1247,1.0280,43.97,0.0699
01/08/2026,18:45,139.57,27.51,23.41,9.88,48.74,20.64,-0.80,4.80,1248,1.0277,44.04,0.0697
01/08/2026,18:46,139.60,27.50,23.39,9.91,48.71,20.61,-0.80,4.80,1246,1.0277,44.13,0.0697
01/08/2026,18:47,139.62,27.46,23.39,9.88,48.65,20.61,-0.80,4.81,1246,1.0277,44.16,0.0697
01/08/2026,18:48,139.64,27.50,23.32,9.90,48.63,20.64,-0.78,4.82,1244,1.0275,44.12,0.0692
01/08/2026,18:49,139.65,27.44,23.35,9.97,48.56,20.69,-0.80,4.81,1251,1.0276,44.17,0.0695
01/08/2026,18:50,139.70,27.39,23.35,9.99,48.56,20.72,-0.81,4.80,1249,1.0276,44.05,0.0702
01/08/2026,18:51,139.68,27.36,23.39,10.06,48.57,20.77,-0.84,4.82,1252,1.0273,44.05,0.0702
01/08/2026,18:52,139.68,27.34,23.44,10.01,48.51,20.74,-0.83,4.80,1252,1.0269,44.11,0.0700
01/08/2026,18:53,139.69,27.36,23.46,10.06,48.49,20.74,-0.84,4.82,1253,1.0266,43.97,0.0697
01/08/2026,18:54,139.71,27.31,23.54,10.09,48.58,20.73,-0.83,4.81,1259,1.0268,44.07,0.0701
01/08/2026,18:55,139.73,27.31,23.51,10.07,48.52,20.76,-0.83,4.82,1257,1.0272,44.10,0.0707
01/08/2026,18:56,139.72,27.36,23.57,10.11,48.50,20.77,-0.84,4.82,1255,1.0270,43.97,0.0711
01/08/2026,18:57,139.76,27.31,23.59,10.10,48.51,20.73,-0.86,4.81,1256,1.0271,43.91,0.0719
01/08/2026,18:58,139.75,27.26,23.59,10.08,48.55,20.73,-0.90,4.81,1253,1.0269,43.89,0.0715
01/08/2026,18:59,139.80,27.25,23.56,10.09,48.62,20.69,-0.89,4.80,1255,1.0268,43.87,0.0716
01/08/2026,19:00,139.77,27.28,23.53,10.10,48.51,20.69,-0.92,4.80,1257,1.0268,43.80,0.0719
01/08/2026,19:01,139.75,27.30,23.58,10.09,48.53,20.70,-0.89,4.81,1262,1.0265,43.83,0.0723
01/08/2026,19:02,139.77,27.32,23.58,10.12,48.59,20.73,-0.88,4.81,1260,1.0265,43.92,0.0727
01/08/2026,19:03,139.70,27.34,23.55,10.12,48.61,20.78,-0.88,4.80,1260,1.0265,43.80,0.0723
01/08/2026,19:04,139.69,27.31,23.57,10.09,48.54,20.76,-0.91,4.79,1259,1.0264,43.76,0.0724
01/08/2026,19:05,139.66,27.25,23.60,10.08,48.42,20.78,-0.91,4.78,1260,1.0261,43.70,0.0725
01/08/2026,19:06,139.70,27.18,23.66,10.08,48.40,20.77,-0.90,4.78,1261,1.0264,43.58,0.0728
01/08/2026,19:07,139.73,27.18,23.68,10.11,48.42,20.74,-0.91,4.79,1261,1.0265,43.47,0.0732
01/08/2026,19:08,139.66,27.09,23.69,10.09,48.47,20.73,-0.87,4.78,1262,1.0262,43.48,0.0734
01/08/2026,19:09,139.62,27.08,23.70,10.07,48.51,20.73,-0.86,4.78,1258,1.0261,43.66,0.0733
01/08/2026,19:10,139.63,27.10,23.74,10.04,48.45,20.77,-0.88,4.78,1260,1.0261,43.72,0.0739
01/08/2026,19:11,139.69,27.08,23.77,10.06,48.43,20.76,-0.86,4.78,1257,1.0260,43.71,0.0738
01/08/2026,19:12,139.66,27.09,23.74,10.06,48.46,20.80,-0.88,4.77,1261,1.0259,43.80,0.0739
01/08/2026,19:13,139.64,27.10,23.75,10.06,48.46,20.81,-0.89,4.75,1259,1.0261,43.73,0.0743
01/08/2026,19:14,139.59,27.12,23.76,10.06,48.45,20.82,-0.95,4.75,1258,1.0266,43.71,0.0745
01/08/2026,19:15,139.58,27.08,23.73,10.05,48.46,20.81,-0.95,4.75,1263,1.0263,43.89,0.0748
01/08/2026,19:16,139.54,26.98,23.78,10.03,48.49,20.83,-0.94,4.77,1263,1.0258,43.96,0.0739
01/08/2026,19:17,139.58,26.92,23.81,10.06,48.52,20.82,-0.96,4.76,1266,1.0254,43.98,0.0744
01/08/2026,19:18,139.57,26.89,23.84,10.08,48.64,20.77,-0.94,4.77,1262,1.0255,43.94,0.0746
01/08/2026,19:19,139.53,26.82,23.90,10.04,48.68,20.72,-0.93,4.77,1259,1.0257,43.72,0.0743
01/08/2026,19:20,139.53,26.88,23.86,10.08,48.65,20.73,-0.92,4.76,1257,1.0256,43.66,0.0740
01/08/2026,19:21,139.56,26.94,23.81,10.08,48.76,20.73,-0.93,4.76,1252,1.0252,43.57,0.0740
01/08/2026,19:22,139.48,26.91,23.74,10.08,48.84,20.73,-0.93,4.75,1253,1.0252,43.64,0.0739
01/08/2026,19:23,139.41,26.95,23.74,10.02,48.74,20.70,-0.94,4.77,1257,1.0254,43.57,0.0742
01/08/2026,19:24,139.40,27.00,23.71,10.02,48.68,20.74,-0.94,4.76,1250,1.0256,43.41,0.0741
01/08/2026,19:25,139.35,26.98,23.69,10.05,48.63,20.75,-0.92,4.74,1251,1.0256,43.65,0.0744
01/08/2026,19:26,139.35,26.99,23.69,10.05,48.55,20.76,-0.91,4.74,1251,1.0259,43.61,0.0750
01/08/2026,19:27,139.40,26.98,23.67,10.02,48.53,20.75,-0.87,4.76,1249,1.0260,43.63,0.0749
01/08/2026,19:28,139.38,26.92,23.67,10.01,48.51,20.74,-0.86,4.74,1248,1.0258,43.64,0.0747
01/08/2026,19:29,139.33,26.92,23.55,10.01,48.59,20.75,-0.86,4.74,1251,1.0253,43.57,0.0749
01/08/2026,19:30,139.30,26.90,23.55,10.03,48.49,20.69,-0.87,4.75,1255,1.0250,43.55,0.0749
01/08/2026,19:31,139.29,26.90,23.62,10.02,48.63,20.67,-0.87,4.75,1259,1.0256,43.56,0.0747
01/08/2026,19:32,139.34,26.86,23.60,10.02,48.57,20.65,-0.90,4.76,1258,1.0259,43.57,0.0744
01/08/2026,19:33,139.29,26.82,23.60,10.00,48.57,20.65,-0.92,4.75,1254,1.0260,43.60,0.0743
01/08/2026,19:34,139.28,26.83,23.66,10.01,48.63,20.66,-0.96,4.74,1254,1.0260,43.63,0.0741
01/08/2026,19:35,139.26,26.80,23.63,10.03,48.61,20.64,-0.95,4.75,1255,1.0262,43.62,0.0742
01/08/2026,19:36,139.34,26.72,23.64,10.05,48.58,20.61,-0.94,4.74,1252,1.0263,43.42,0.0743
01/08/2026,19:37,139.34,26.71,23.64,10.00,48.50,20.62,-0.94,4.74,1252,1.0261,43.42,0.0748
01/08/2026,19:38,139.34,26.65,23.66,10.02,48.42,20.62,-0.94,4.74,1247,1.0260,43.41,0.0744
01/08/2026,19:39,139.33,26.66,23.66,10.03,48.43,20.62,-0.93,4.75,1255,1.0262,43.44,0.0745
01/08/2026,19:40,139.30,26.66,23.61,10.02,48.42,20.60,-0.93,4.76,1254,1.0261,43.40,0.0749
01/08/2026,19:41,139.37,26.62,23.65,10.05,48.41,20.59,-0.95,4.75,1255,1.0262,43.54,0.0746
01/08/2026,19:42,139.40,26.60,23.64,10.03,48.41,20.60,-0.98,4.74,1252,1.0260,43.62,0.0749
01/08/2026,19:43,139.42,26.56,23.61,10.03,48.42,20.56,-0.94,4.76,1249,1.0259,43.58,0.0750
01/08/2026,19:44,139.44,26.56,23.63,10.04,48.45,20.57,-0.95,4.77,1248,1.0258,43.66,0.0746
01/08/2026,19:45,139.44,26.54,23.62,10.00,48.47,20.58,-0.95,4.78,1254,1.0261,43.46,0.0745
01/08/2026,19:46,139.47,26.55,23.61,9.99,48.41,20.60,-0.98,4.79,1257,1.0263,43.39,0.0742
01/08/2026,19:47,139.51,26.55,23.56,10.01,48.33,20.57,-0.99,4.78,1258,1.0265,43.44,0.0740
01/08/2026,19:48,139.54,26.58,23.59,10.03,48.24,20.55,-1.00,4.80,1263,1.0267,43.57,0.0742
01/08/2026,19:49,139.66,26.57,23.58,10.05,48.20,20.55,-1.00,4.80,1262,1.0264,43.58,0.0742
01/08/2026,19:50,139.67,26.56,23.62,10.05,48.26,20.54,-1.03,4.79,1263,1.0263,43.56,0.0747
01/08/2026,19:51,139.63,26.52,23.69,10.04,48.10,20.51,-1.02,4.80,1263,1.0263,43.57,0.0755
01/08/2026,19:52,139.68,26.43,23.65,10.05,48.18,20.49,-1.04,4.78,1259,1.0263,43.60,0.0752
01/08/2026,19:53,139.67,26.46,23.62,10.06,48.25,20.48,-1.04,4.78,1256,1.0264,43.63,0.0752
01/08/2026,19:54,139.65,26.50,23.62,10.04,48.31,20.49,-1.03,4.78,1258,1.0263,43.58,0.0753
01/08/2026,19:55,139.70,26.44,23.62,10.04,48.33,20.47,-1.03,4.78,1262,1.0265,43.45,0.0753
01/08/2026,19:56,139.67,26.47,23.69,10.04,48.49,20.47,-1.04,4.78,1261,1.0264,43.49,0.0752
01/08/2026,19:57,139.62,26.47,23.71,10.04,48.53,20.48,-1.05,4.78,1261,1.0268,43.42,0.0757
01/08/2026,19:58,139.64,26.42,23.71,10.04,48.53,20.50,-1.05,4.77,1264,1.0266,43.39,0.0760
01/08/2026,19:59,139.59,26.43,23.72,10.06,48.52,20.51,-1.05,4.77,1265,1.0268,43.45,0.0758
01/08/2026,20:00,139.53,26.38,23.76,10.06,48.60,20.51,-1.05,4.78,1261,1.0266,43.56,0.0757
01/08/2026,20:01,139.52,26.34,23.77,10.10,48.64,20.51,-1.02,4.77,1257,1.0265,43.62,0.0751
01/08/2026,20:02,139.50,26.39,23.77,10.10,48.58,20.51,-1.04,4.76,1260,1.0263,43.59,0.0750
01/08/2026,20:03,139.52,26.39,23.79,10.11,48.59,20.50,-1.02,4.79,1262,1.0264,43.68,0.0746
01/08/2026,20:04,139.54,26.36,23.74,10.09,48.60,20.51,-1.00,4.78,1259,1.0265,43.69,0.0745
01/08/2026,20:05,139.52,26.31,23.75,10.08,48.60,20.54,-1.01,4.76,1258,1.0264,43.78,0.0745
01/08/2026,20:06,139.56,26.26,23.77,10.06,48.40,20.53,-1.00,4.76,1258,1.0268,43.72,0.0746
01/08/2026,20:07,139.65,26.33,23.74,10.05,48.40,20.54,-0.98,4.78,1261,1.0268,43.65,0.0745
01/08/2026,20:08,139.63,26.26,23.77,10.05,48.36,20.53,-0.97,4.79,1264,1.0267,43.71,0.0747
01/08/2026,20:09,139.68,26.20,23.68,10.06,48.25,20.52,-0.99,4.80,1258,1.0266,43.79,0.0744
01/08/2026,20:10,139.68,26.17,23.67,10.04,48.19,20.57,-1.00,4.77,1254,1.0266,43.78,0.0738
01/08/2026,20:11,139.63,26.17,23.60,10.04,48.14,20.58,-1.01,4.78,1257,1.0268,43.71,0.0738
01/08/2026,20:12,139.58,26.18,23.66,10.08,48.04,20.60,-0.99,4.78,1262,1.0267,43.73,0.0738
01/08/2026,20:13,139.53,26.17,23.72,10.10,48.10,20.63,-1.00,4.79,1264,1.0270,43.81,0.0743
01/08/2026,20:14,139.49,26.13,23.73,10.12,48.18,20.65,-1.01,4.78,1262,1.0267,43.83,0.0746
01/08/2026,20:15,139.46,26.11,23.78,10.10,48.18,20.67,-0.99,4.79,1266,1.0269,43.72,0.0747
01/08/2026,20:16,139.54,26.10,23.78,10.15,48.21,20.67,-1.01,4.77,1264,1.0274,43.68,0.0746
01/08/2026,20:17,139.51,26.08,23.76,10.16,48.22,20.71,-1.02,4.78,1262,1.0274,43.59,0.0744
01/08/2026,20:18,139.49,26.07,23.72,10.20,48.19,20.72,-0.99,4.79,1258,1.0273,43.52,0.0738
01/08/2026,20:19,139.49,26.04,23.78,10.20,48.16,20.69,-1.00,4.78,1260,1.0274,43.51,0.0737
01/08/2026,20:20,139.43,26.03,23.78,10.17,48.17,20.68,-0.98,4.76,1258,1.0271,43.52,0.0740
01/08/2026,20:21,139.39,26.02,23.72,10.13,48.16,20.66,-0.99,4.77,1260,1.0272,43.56,0.0740
01/08/2026,20:22,139.44,25.96,23.68,10.13,48.20,20.63,-0.97,4.79,1256,1.0275,43.58,0.0740
01/08/2026,20:23,139.38,25.98,23.70,10.09,48.12,20.65,-0.99,4.79,1261,1.0274,43.49,0.0746
01/08/2026,20:24,139.44,26.01,23.73,10.09,48.07,20.67,-1.01,4.79,1264,1.0274,43.56,0.0745
01/08/2026,20:25,139.40,26.02,23.72,10.09,48.20,20.66,-1.01,4.79,1270,1.0276,43.58,0.0745
01/08/2026,20:26,139.40,26.03,23.75,10.09,48.37,20.67,-1.02,4.79,1268,1.0274,43.60,0.0750
01/08/2026,20:27,139.29,25.98,23.79,10.09,48.32,20.68,-1.02,4.79,1267,1.0275,43.59,0.0756
01/08/2026,20:28,139.25,25.97,23.75,10.10,48.26,20.64,-1.02,4.80,1264,1.0270,43.55,0.0755
01/08/2026,20:29,139.25,25.98,23.74,10.10,48.33,20.67,-1.03,4.81,1268,1.0272,43.49,0.0757
01/08/2026,20:30,139.21,26.01,23.80,10.08,48.34,20.66,-1.04,4.82,1269,1.0276,43.35,0.0758
01/08/2026,20:31,139.17,25.97,23.83,10.06,48.42,20.65,-1.05,4.80,1267,1.0278,43.52,0.0759
01/08/2026,20:32,139.23,25.98,23.83,10.04,48.50,20.64,-1.03,4.81,1267,1.0277,43.68,0.0759
01/08/2026,20:33,139.26,26.02,23.83,10.04,48.44,20.64,-1.01,4.83,1267,1.0277,43.70,0.0762
01/08/2026,20:34,139.25,26.01,23.89,10.08,48.36,20.64,-0.97,4.82,1269,1.0278,43.82,0.0762
01/08/2026,20:35,139.34,26.04,23.89,10.14,48.42,20.64,-0.97,4.82,1269,1.0279,43.84,0.0770
01/08/2026,20:36,139.37,25.96,23.90,10.16,48.34,20.61,-1.00,4.84,1272,1.0276,43.79,0.0774
01/08/2026,20:37,139.40,25.91,23.87,10.19,48.31,20.64,-0.98,4.83,1276,1.0275,43.89,0.0775
01/08/2026,20:38,139.46,25.92,23.97,10.19,48.30,20.66,-0.99,4.84,1278,1.0276,43.81,0.0777
01/08/2026,20:39,139.49,25.87,23.96,10.15,48.20,20.63,-1.00,4.83,1279,1.0275,43.87,0.0780
01/08/2026,20:40,139.53,25.92,23.95,10.10,48.24,20.63,-1.00,4.82,1276,1.0267,43.90,0.0781
01/08/2026,20:41,139.53,25.91,23.90,10.13,48.23,20.60,-0.97,4.82,1275,1.0268,43.87,0.0780
01/08/2026,20:42,139.52,25.89,23.85,10.16,48.22,20.61,-0.98,4.82,1268,1.0264,43.89,0.0779
01/08/2026,20:43,139.51,25.84,23.84,10.16,48.22,20.59,-0.99,4.82,1268,1.0263,43.81,0.0781
01/08/2026,20:44,139.54,25.80,23.86,10.16,48.17,20.62,-0.98,4.83,1264,1.0261,43.74,0.0789
01/08/2026,20:45,139.54,25.74,23.85,10.17,48.17,20.62,-0.98,4.84,1263,1.0262,43.68,0.0787
01/08/2026,20:46,139.60,25.72,23.78,10.21,48.23,20.59,-0.96,4.83,1260,1.0263,43.68,0.0787
01/08/2026,20:47,139.65,25.76,23.76,10.22,48.16,20.57,-0.99,4.83,1263,1.0262,43.53,0.0787
01/08/2026,20:48,139.64,25.77,23.72,10.19,48.25,20.56,-0.98,4.83,1262,1.0264,43.48,0.0789
01/08/2026,20:49,139.62,25.69,23.70,10.21,48.30,20.52,-0.94,4.84,1263,1.0265,43.55,0.0787
01/08/2026,20:50,139.63,25.61,23.71,10.22,48.22,20.52,-0.94,4.82,1264,1.0266,43.52,0.0789
01/08/2026,20:51,139.72,25.55,23.72,10.19,48.16,20.47,-0.93,4.84,1266,1.0265,43.48,0.0789
01/08/2026,20:52,139.75,25.52,23.78,10.14,48.14,20.48,-0.93,4.82,1268,1.0268,43.42,0.0789
01/08/2026,20:53,139.76,25.54,23.83,10.11,48.15,20.50,-0.95,4.81,1271,1.0269,43.41,0.0788
01/08/2026,20:54,139.72,25.51,23.83,10.12,48.08,20.52,-0.92,4.81,1274,1.0269,43.43,0.0785
01/08/2026,20:55,139.64,25.52,23.87,10.07,48.11,20.52,-0.94,4.78,1269,1.0272,43.36,0.0784
01/08/2026,20:56,139.67,25.45,23.91,10.13,48.03,20.52,-0.95,4.80,1271,1.0273,43.37,0.0781
01/08/2026,20:57,139.67,25.46,23.92,10.12,48.04,20.52,-0.95,4.80,1270,1.0273,43.24,0.0781
01/08/2026,20:58,139.61,25.44,23.91,10.13,47.99,20.49,-0.98,4.79,1267,1.0272,43.25,0.0782
01/08/2026,20:59,139.54,25.39,23.90,10.13,48.02,20.51,-0.96,4.78,1268,1.0275,43.28,0.0781
01/08/2026,21:00,139.59,25.35,23.89,10.14,48.03,20.53,-0.97,4.78,1267,1.0280,43.28,0.0771
01/08/2026,21:01,139.55,25.43,23.88,10.14,47.98,20.52,-0.97,4.78,1274,1.0283,43.35,0.0760
01/08/2026,21:02,139.58,25.46,23.92,10.12,48.06,20.50,-0.98,4.79,1275,1.0284,43.36,0.0759
01/08/2026,21:03,139.58,25.46,23.91,10.14,48.18,20.53,-0.95,4.79,1272,1.0288,43.42,0.0759
01/08/2026,21:04,139.55,25.44,23.88,10.17,48.23,20.51,-0.96,4.78,1265,1.0284,43.35,0.0757
01/08/2026,21:05,139.44,25.37,23.92,10.20,48.31,20.48,-0.96,4.77,1265,1.0286,43.31,0.0755
01/08/2026,21:06,139.40,25.35,23.90,10.18,48.40,20.49,-0.95,4.77,1264,1.0284,43.29,0.0767
01/08/2026,21:07,139.42,25.31,23.89,10.20,48.52,20.50,-0.96,4.77,1265,1.0284,43.26,0.0772
01/08/2026,21:08,139.48,25.30,23.87,10.20,48.56,20.51,-0.98,4.77,1264,1.0282,43.29,0.0776
01/08/2026,21:09,139.49,25.21,23.89,10.16,48.43,20.48,-1.00,4.77,1268,1.0281,43.20,0.0779
01/08/2026,21:10,139.49,25.27,23.94,10.11,48.41,20.47,-0.98,4.79,1266,1.0282,43.23,0.0780
01/08/2026,21:11,139.53,25.28,23.92,10.11,48.33,20.49,-0.99,4.79,1263,1.0281,43.27,0.0780
01/08/2026,21:12,139.55,25.28,23.89,10.11,48.19,20.52,-1.00,4.78,1261,1.0278,43.34,0.0785
01/08/2026,21:13,139.49,25.27,23.82,10.06,48.15,20.51,-1.03,4.77,1263,1.0282,43.49,0.0785
01/08/2026,21:14,139.53,25.24,23.80,10.05,48.19,20.53,-1.00,4.76,1262,1.0282,43.45,0.0783
01/08/2026,21:15,139.50,25.16,23.78,10.05,48.18,20.53,-1.00,4.77,1263,1.0281,43.43,0.0778
01/08/2026,21:16,139.57,25.07,23.73,10.04,48.31,20.53,-1.00,4.77,1263,1.0277,43.51,0.0775
01/08/2026,21:17,139.53,25.02,23.69,10.05,48.31,20.53,-1.02,4.78,1262,1.0280,43.62,0.0783
01/08/2026,21:18,139.59,24.97,23.67,10.05,48.34,20.56,-1.04,4.79,1261,1.0281,43.63,0.0779
01/08/2026,21:19,139.57,24.96,23.69,10.08,48.35,20.55,-1.04,4.79,1260,1.0282,43.67,0.0777
01/08/2026,21:20,139.66,24.91,23.69,10.07,48.36,20.52,-1.02,4.77,1258,1.0281,43.65,0.0777
01/08/2026,21:21,139.66,24.94,23.70,10.04,48.29,20.54,-1.02,4.77,1259,1.0278,43.60,0.0780
01/08/2026,21:22,139.64,24.92,23.71,10.05,48.22,20.53,-1.00,4.78,1261,1.0281,43.52,0.0784
01/08/2026,21:23,139.65,24.92,23.84,10.06,48.23,20.53,-1.00,4.79,1268,1.0281,43.52,0.0785
01/08/2026,21:24,139.64,24.85,23.86,10.09,48.18,20.58,-1.02,4.77,1270,1.0282,43.56,0.0784
01/08/2026,21:25,139.63,24.84,23.85,10.08,48.09,20.60,-1.03,4.78,1270,1.0281,43.46,0.0784
01/08/2026,21:26,139.67,24.83,23.90,10.10,48.21,20.56,-1.04,4.78,1271,1.0278,43.32,0.0786
01/08/2026,21:27,139.68,24.83,23.90,10.11,48.27,20.57,-1.03,4.78,1270,1.0280,43.17,0.0796
01/08/2026,21:28,139.71,24.80,23.92,10.12,48.19,20.61,-1.02,4.77,1273,1.0282,43.06,0.0792
01/08/2026,21:29,139.63,24.76,23.95,10.12,48.08,20.62,-1.03,4.77,1276,1.0283,43.05,0.0794
01/08/2026,21:30,139.58,24.78,24.01,10.13,48.09,20.60,-1.05,4.77,1273,1.0283,43.02,0.0792
01/08/2026,21:31,139.62,24.75,24.05,10.14,48.05,20.64,-1.04,4.76,1271,1.0282,42.95,0.0789
01/08/2026,21:32,139.62,24.75,24.03,10.14,48.00,20.66,-1.06,4.76,1276,1.0277,43.00,0.0792
01/08/2026,21:33,139.61,24.70,24.01,10.19,48.11,20.67,-1.06,4.77,1271,1.0278,43.02,0.0792
01/08/2026,21:34,139.60,24.71,23.94,10.19,48.09,20.69,-1.06,4.77,1269,1.0280,43.12,0.0789
01/08/2026,21:35,139.54,24.70,23.98,10.16,48.03,20.73,-1.04,4.79,1272,1.0280,43.05,0.0785
01/08/2026,21:36,139.42,24.65,23.97,10.17,47.90,20.73,-1.07,4.79,1277,1.0282,43.04,0.0785
01/08/2026,21:37,139.49,24.64,24.01,10.17,47.90,20.71,-1.06,4.80,1271,1.0281,43.18,0.0788
01/08/2026,21:38,139.47,24.62,24.02,10.19,47.77,20.71,-1.08,4.81,1269,1.0279,43.12,0.0789
01/08/2026,21:39,139.51,24.61,24.02,10.17,47.81,20.71,-1.04,4.82,1267,1.0273,43.01,0.0789
01/08/2026,21:40,139.48,24.51,23.99,10.19,47.74,20.69,-1.05,4.83,1264,1.0272,43.03,0.0783
01/08/2026,21:41,139.48,24.48,23.96,10.20,47.59,20.74,-1.07,4.84,1261,1.0268,42.99,0.0780
01/08/2026,21:42,139.44,24.42,23.95,10.21,47.65,20.73,-1.08,4.85,1268,1.0267,42.98,0.0781
01/08/2026,21:43,139.46,24.41,23.95,10.24,47.62,20.74,-1.05,4.85,1266,1.0263,43.04,0.0773
01/08/2026,21:44,139.52,24.38,23.97,10.22,47.56,20.72,-1.04,4.85,1268,1.0261,42.88,0.0773
01/08/2026,21:45,139.54,24.35,24.03,10.20,47.62,20.67,-1.02,4.84,1271,1.0258,42.85,0.0774
01/08/2026,21:46,139.53,24.39,23.99,10.19,47.66,20.70,-1.01,4.84,1277,1.0254,42.82,0.0770
01/08/2026,21:47,139.65,24.39,23.97,10.19,47.64,20.67,-1.02,4.84,1282,1.0253,42.71,0.0768
01/08/2026,21:48,139.65,24.38,23.97,10.19,47.70,20.67,-1.03,4.81,1282,1.0249,42.65,0.0759
01/08/2026,21:49,139.62,24.32,23.99,10.19,47.83,20.70,-1.02,4.80,1281,1.0248,42.63,0.0766
01/08/2026,21:50,139.65,24.24,24.06,10.15,47.86,20.65,-1.02,4.82,1281,1.0247,42.55,0.0772
01/08/2026,21:51,139.68,24.27,24.02,10.14,47.87,20.66,-1.03,4.80,1276,1.0246,42.58,0.0773
01/08/2026,21:52,139.65,24.22,24.03,10.14,47.94,20.67,-1.06,4.78,1271,1.0244,42.59,0.0770
01/08/2026,21:53,139.58,24.19,24.04,10.18,47.87,20.66,-1.05,4.78,1271,1.0245,42.70,0.0771
01/08/2026,21:54,139.54,24.20,24.01,10.19,47.88,20.66,-1.04,4.78,1268,1.0247,42.80,0.0769
01/08/2026,21:55,139.49,24.15,24.04,10.16,47.92,20.65,-1.06,4.77,1268,1.0249,42.86,0.0772
01/08/2026,21:56,139.48,24.12,24.05,10.13,47.94,20.65,-1.06,4.80,1268,1.0248,42.87,0.0772
01/08/2026,21:57,139.47,24.12,24.07,10.10,47.90,20.68,-1.04,4.79,1264,1.0251,42.93,0.0766
01/08/2026,21:58,139.52,24.10,24.03,10.06,47.81,20.69,-1.05,4.79,1266,1.0250,42.92,0.0764
01/08/2026,21:59,139.57,24.11,24.01,10.05,47.83,20.71,-1.03,4.78,1260,1.0247,42.90,0.0769
01/08/2026,22:00,139.51,24.00,24.04,10.02,47.90,20.69,-1.01,4.77,1260,1.0246,42.81,0.0765
01/08/2026,22:01,139.51,23.94,24.01,10.01,47.81,20.67,-1.04,4.76,1261,1.0247,42.75,0.0761
01/08/2026,22:02,139.46,23.95,23.89,10.04,47.74,20.67,-1.04,4.78,1255,1.0251,42.67,0.0757
01/08/2026,22:03,139.49,23.92,23.92,10.06,47.66,20.67,-1.03,4.77,1257,1.0250,42.74,0.0752
01/08/2026,22:04,139.46,23.93,23.90,10.05,47.71,20.70,-1.01,4.75,1258,1.0251,42.80,0.0745
01/08/2026,22:05,139.53,23.93,23.88,10.02,47.72,20.66,-1.00,4.75,1259,1.0251,42.81,0.0741
01/08/2026,22:06,139.49,23.91,23.84,10.02,47.85,20.67,-1.04,4.74,1257,1.0249,42.84,0.0739
01/08/2026,22:07,139.54,23.90,23.79,9.99,47.67,20.67,-1.03,4.75,1252,1.0246,42.88,0.0739
01/08/2026,22:08,139.53,23.87,23.75,9.95,47.75,20.69,-1.01,4.75,1251,1.0246,42.92,0.0739
01/08/2026,22:09,139.50,23.81,23.68,9.97,47.73,20.71,-0.96,4.75,1246,1.0250,42.83,0.0741
01/08/2026,22:10,139.51,23.87,23.64,9.95,47.88,20.74,-0.94,4.76,1248,1.0248,42.75,0.0745
01/08/2026,22:11,139.52,23.79,23.64,9.99,47.80,20.71,-0.94,4.74,1248,1.0251,42.73,0.0744
01/08/2026,22:12,139.48,23.80,23.58,9.95,47.79,20.69,-0.93,4.74,1249,1.0255,42.68,0.0746
01/08/2026,22:13,139.46,23.82,23.60,9.92,47.84,20.72,-0.95,4.73,1248,1.0255,42.67,0.0745
01/08/2026,22:14,139.48,23.82,23.66,9.92,47.95,20.72,-0.94,4.73,1246,1.0260,42.79,0.0747
01/08/2026,22:15,139.52,23.78,23.65,9.94,47.96,20.68,-0.90,4.73,1242,1.0257,42.76,0.0745
01/08/2026,22:16,139.50,23.73,23.63,9.94,47.96,20.71,-0.90,4.73,1243,1.0256,42.89,0.0744
01/08/2026,22:17,139.49,23.75,23.57,9.93,48.02,20.72,-0.91,4.72,1243,1.0253,42.75,0.0748
01/08/2026,22:18,139.41,23.75,23.53,9.95,47.99,20.70,-0.93,4.72,1243,1.0254,42.70,0.0747
01/08/2026,22:19,139.40,23.73,23.48,9.94,47.98,20.72,-0.94,4.72,1238,1.0256,42.72,0.0753
01/08/2026,22:20,139.40,23.67,23.41,9.97,48.07,20.70,-0.91,4.72,1237,1.0258,42.70,0.0751
01/08/2026,22:21,139.42,23.72,23.33,9.94,48.04,20.72,-0.93,4.72,1240,1.0257,42.66,0.0752
01/08/2026,22:22,139.38,23.76,23.42,9.97,47.92,20.69,-0.96,4.71,1242,1.0258,42.77,0.0750
01/08/2026,22:23,139.38,23.73,23.46,9.98,47.84,20.69,-0.97,4.72,1242,1.0254,42.77,0.0748
01/08/2026,22:24,139.42,23.67,23.51,9.95,47.87,20.70,-0.93,4.73,1250,1.0256,42.82,0.0746
01/08/2026,22:25,139.39,23.68,23.58,9.93,47.80,20.67,-0.97,4.72,1246,1.0255,42.85,0.0748
01/08/2026,22:26,139.42,23.61,23.53,9.93,47.78,20.65,-0.98,4.70,1243,1.0251,42.83,0.0748
01/08/2026,22:27,139.32,23.63,23.53,9.96,47.80,20.66,-0.95,4.70,1247,1.0249,42.86,0.0740
01/08/2026,22:28,139.40,23.62,23.51,9.93,47.90,20.65,-0.96,4.70,1246,1.0251,43.02,0.0744
01/08/2026,22:29,139.41,23.62,23.48,9.95,47.86,20.66,-0.94,4.69,1246,1.0250,42.93,0.0743
01/08/2026,22:30,139.41,23.57,23.46,9.95,47.85,20.71,-0.93,4.69,1244,1.0253,42.91,0.0738
01/08/2026,22:31,139.29,23.60,23.49,9.95,47.97,20.71,-0.94,4.68,1250,1.0257,42.94,0.0738
01/08/2026,22:32,139.27,23.48,23.44,9.92,47.99,20.73,-0.93,4.67,1254,1.0260,42.92,0.0733
01/08/2026,22:33,139.21,23.49,23.44,9.95,47.92,20.77,-0.95,4.68,1254,1.0260,42.91,0.0727
01/08/2026,22:34,139.22,23.48,23.43,9.94,47.93,20.78,-0.94,4.69,1248,1.0256,42.92,0.0722
01/08/2026,22:35,139.12,23.44,23.42,9.87,47.96,20.81,-0.92,4.68,1240,1.0253,42.87,0.0727
01/08/2026,22:36,139.16,23.39,23.39,9.82,47.98,20.81,-0.89,4.69,1234,1.0255,42.83,0.0731
01/08/2026,22:37,139.14,23.31,23.33,9.80,48.01,20.82,-0.88,4.69,1236,1.0254,42.72,0.0731
01/08/2026,22:38,139.13,23.29,23.37,9.77,47.86,20.86,-0.85,4.70,1236,1.0258,42.77,0.0734
01/08/2026,22:39,139.11,23.25,23.34,9.77,47.87,20.86,-0.84,4.69,1237,1.0259,42.75,0.0735
01/08/2026,22:40,139.11,23.24,23.34,9.76,47.99,20.85,-0.88,4.68,1237,1.0258,42.67,0.0735
01/08/2026,22:41,139.09,23.26,23.32,9.71,47.99,20.91,-0.87,4.69,1234,1.0262,42.79,0.0742
01/08/2026,22:42,139.08,23.25,23.26,9.67,47.98,20.96,-0.86,4.68,1231,1.0260,42.91,0.0741
01/08/2026,22:43,139.05,23.25,23.30,9.69,48.06,20.97,-0.85,4.68,1235,1.0261,42.84,0.0744
01/08/2026,22:44,138.98,23.24,23.23,9.67,48.12,20.95,-0.84,4.68,1235,1.0260,42.81,0.0742
01/08/2026,22:45,138.96,23.24,23.22,9.67,48.06,20.96,-0.84,4.67,1237,1.0263,42.76,0.0738
01/08/2026,22:46,138.93,23.29,23.22,9.69,47.99,20.97,-0.84,4.69,1246,1.0263,42.75,0.0741
01/08/2026,22:47,138.97,23.31,23.26,9.71,48.06,20.99,-0.82,4.70,1248,1.0258,42.75,0.0744
01/08/2026,22:48,139.02,23.29,23.26,9.67,48.08,20.97,-0.85,4.70,1246,1.0254,42.59,0.0746
01/08/2026,22:49,139.06,23.28,23.26,9.61,48.10,20.98,-0.85,4.70,1237,1.0254,42.48,0.0750
01/08/2026,22:50,139.00,23.24,23.30,9.59,48.10,20.99,-0.85,4.71,1237,1.0255,42.54,0.0746
01/08/2026,22:51,139.03,23.20,23.30,9.63,48.15,21.00,-0.86,4.70,1240,1.0253,42.42,0.0741
01/08/2026,22:52,139.05,23.14,23.25,9.61,48.21,20.96,-0.82,4.70,1236,1.0253,42.44,0.0740
01/08/2026,22:53,139.08,23.15,23.25,9.65,48.22,20.98,-0.84,4.69,1237,1.0255,42.49,0.0740
01/08/2026,22:54,139.11,23.12,23.24,9.63,48.22,20.92,-0.82,4.69,1234,1.0254,42.55,0.0739
01/08/2026,22:55,139.14,23.13,23.22,9.66,48.23,20.89,-0.84,4.69,1237,1.0255,42.58,0.0741
01/08/2026,22:56,139.08,23.12,23.22,9.67,48.20,20.90,-0.82,4.68,1236,1.0252,42.74,0.0741
01/08/2026,22:57,139.03,23.11,23.16,9.70,48.31,20.91,-0.80,4.68,1228,1.0252,42.69,0.0738
01/08/2026,22:58,139.01,23.08,23.11,9.71,48.13,20.89,-0.79,4.68,1228,1.0253,42.72,0.0735
01/08/2026,22:59,138.98,23.03,23.06,9.74,47.98,20.93,-0.79,4.68,1227,1.0255,42.59,0.0735
01/08/2026,23:00,139.00,23.03,23.01,9.75,47.97,20.92,-0.80,4.68,1232,1.0256,42.50,0.0736
01/08/2026,23:01,139.00,22.98,23.08,9.76,47.91,20.95,-0.80,4.69,1240,1.0257,42.50,0.0741
01/08/2026,23:02,139.04,22.95,23.13,9.75,47.94,20.98,-0.81,4.70,1238,1.0259,42.52,0.0752
01/08/2026,23:03,138.91,22.89,23.16,9.74,47.81,21.02,-0.80,4.69,1239,1.0258,42.53,0.0753
01/08/2026,23:04,138.95,22.87,23.18,9.79,47.76,21.03,-0.79,4.69,1243,1.0259,42.42,0.0752
01/08/2026,23:05,138.86,22.84,23.19,9.77,47.80,21.00,-0.82,4.67,1244,1.0258,42.50,0.0753
01/08/2026,23:06,138.86,22.86,23.20,9.76,47.84,21.00,-0.84,4.67,1244,1.0257,42.60,0.0757
01/08/2026,23:07,138.97,22.81,23.20,9.79,47.81,20.98,-0.82,4.67,1244,1.0260,42.54,0.0761
01/08/2026,23:08,138.96,22.79,23.21,9.81,47.92,21.02,-0.80,4.68,1245,1.0262,42.55,0.0762
01/08/2026,23:09,139.01,22.75,23.24,9.81,47.80,21.03,-0.82,4.68,1247,1.0261,42.64,0.0760
01/08/2026,23:10,139.02,22.76,23.29,9.81,47.93,21.00,-0.83,4.68,1246,1.0262,42.65,0.0758
01/08/2026,23:11,139.08,22.67,23.33,9.81,47.78,21.04,-0.83,4.69,1250,1.0263,42.56,0.0756
01/08/2026,23:12,139.15,22.71,23.33,9.81,47.86,21.06,-0.85,4.69,1249,1.0262,42.56,0.0762
01/08/2026,23:13,139.20,22.72,23.33,9.80,47.76,21.06,-0.85,4.69,1246,1.0262,42.67,0.0756
01/08/2026,23:14,139.23,22.71,23.30,9.75,47.93,21.06,-0.88,4.68,1248,1.0260,42.64,0.0753
01/08/2026,23:15,139.27,22.71,23.33,9.76,47.89,21.04,-0.92,4.68,1246,1.0260,42.54,0.0754
01/08/2026,23:16,139.26,22.73,23.45,9.73,47.89,21.08,-0.95,4.68,1250,1.0263,42.53,0.0758
01/08/2026,23:17,139.21,22.75,23.40,9.75,47.83,21.08,-0.94,4.67,1251,1.0265,42.60,0.0761
01/08/2026,23:18,139.23,22.73,23.38,9.76,47.85,21.12,-0.94,4.67,1249,1.0261,42.51,0.0761
01/08/2026,23:19,139.24,22.70,23.38,9.77,47.96,21.13,-0.94,4.67,1247,1.0262,42.59,0.0756
01/08/2026,23:20,139.26,22.67,23.34,9.78,47.88,21.13,-0.93,4.68,1244,1.0258,42.49,0.0755
01/08/2026,23:21,139.20,22.58,23.35,9.79,47.81,21.12,-0.94,4.67,1243,1.0260,42.46,0.0749
01/08/2026,23:22,139.23,22.60,23.31,9.82,47.90,21.12,-0.93,4.68,1242,1.0262,42.32,0.0754
01/08/2026,23:23,139.15,22.60,23.31,9.78,47.91,21.09,-0.91,4.68,1243,1.0263,42.42,0.0756
01/08/2026,23:24,139.15,22.57,23.32,9.77,47.81,21.10,-0.90,4.66,1249,1.0264,42.42,0.0752
01/08/2026,23:25,139.17,22.57,23.34,9.76,47.83,21.08,-0.95,4.66,1245,1.0262,42.44,0.0750
01/08/2026,23:26,139.18,22.58,23.37,9.77,47.81,21.11,-0.95,4.66,1245,1.0264,42.48,0.0749
01/08/2026,23:27,139.22,22.57,23.32,9.82,47.85,21.10,-0.95,4.66,1245,1.0264,42.40,0.0751
01/08/2026,23:28,139.19,22.53,23.37,9.84,47.75,21.10,-0.96,4.65,1246,1.0261,42.28,0.0757
01/08/2026,23:29,139.22,22.50,23.42,9.85,47.81,21.10,-0.98,4.67,1247,1.0264,42.28,0.0757
01/08/2026,23:30,139.11,22.52,23.45,9.83,47.86,21.07,-0.98,4.65,1243,1.0261,42.36,0.0757
01/08/2026,23:31,139.09,22.50,23.48,9.85,47.88,21.03,-0.99,4.65,1240,1.0261,42.26,0.0760
01/08/2026,23:32,139.07,22.48,23.43,9.80,47.88,21.03,-0.96,4.65,1239,1.0263,42.28,0.0763
01/08/2026,23:33,139.02,22.45,23.39,9.81,47.87,21.05,-0.96,4.67,1240,1.0262,42.25,0.0768
01/08/2026,23:34,139.01,22.39,23.43,9.79,47.85,21.09,-0.93,4.67,1240,1.0265,42.23,0.0772
01/08/2026,23:35,139.03,22.33,23.41,9.77,47.93,21.08,-0.89,4.67,1240,1.0263,42.25,0.0769
01/08/2026,23:36,139.12,22.30,23.43,9.79,47.89,21.07,-0.87,4.67,1244,1.0263,42.31,0.0767
01/08/2026,23:37,139.13,22.31,23.41,9.80,47.91,21.10,-0.86,4.67,1246,1.0265,42.27,0.0762
01/08/2026,23:38,139.15,22.27,23.41,9.78,47.86,21.11,-0.88,4.66,1242,1.0265,42.34,0.0757
01/08/2026,23:39,139.11,22.31,23.36,9.79,47.78,21.13,-0.87,4.66,1238,1.0261,42.28,0.0757
01/08/2026,23:40,139.16,22.27,23.35,9.80,47.80,21.15,-0.85,4.67,1238,1.0259,42.33,0.0759
01/08/2026,23:41,139.07,22.25,23.37,9.77,47.83,21.16,-0.82,4.66,1240,1.0259,42.33,0.0757
01/08/2026,23:42,139.04,22.20,23.33,9.78,47.86,21.15,-0.79,4.64,1238,1.0260,42.18,0.0763
01/08/2026,23:43,139.04,22.16,23.27,9.77,47.96,21.17,-0.77,4.64,1235,1.0257,42.37,0.0764
01/08/2026,23:44,138.97,22.16,23.28,9.80,47.98,21.16,-0.80,4.65,1237,1.0259,42.35,0.0764
01/08/2026,23:45,139.03,22.11,23.26,9.80,47.97,21.16,-0.81,4.64,1242,1.0256,42.34,0.0761
01/08/2026,23:46,139.04,22.16,23.28,9.78,48.09,21.18,-0.84,4.64,1243,1.0255,42.39,0.0764
01/08/2026,23:47,138.97,22.19,23.31,9.78,48.14,21.20,-0.82,4.64,1242,1.0256,42.42,0.0761
01/08/2026,23:48,139.00,22.21,23.34,9.79,48.06,21.18,-0.82,4.63,1241,1.0255,42.41,0.0755
01/08/2026,23:49,138.98,22.23,23.23,9.78,48.00,21.13,-0.82,4.64,1238,1.0255,42.33,0.0759
01/08/2026,23:50,139.02,22.21,23.27,9.78,47.88,21.08,-0.80,4.65,1238,1.0253,42.44,0.0759
01/08/2026,23:51,139.06,22.21,23.31,9.77,47.88,21.07,-0.84,4.65,1238,1.0256,42.46,0.0760
01/08/2026,23:52,139.04,22.23,23.35,9.76,47.90,21.03,-0.81,4.66,1238,1.0256,42.40,0.0759
01/08/2026,23:53,139.03,22.20,23.34,9.77,48.04,21.06,-0.83,4.66,1232,1.0254,42.41,0.0758
01/08/2026,23:54,139.03,22.18,23.32,9.80,48.13,21.07,-0.85,4.67,1234,1.0253,42.44,0.0757
01/08/2026,23:55,138.97,22.10,23.30,9.78,48.10,21.07,-0.84,4.68,1235,1.0252,42.37,0.0761
01/08/2026,23:56,138.96,22.06,23.28,9.78,48.14,21.09,-0.84,4.66,1241,1.0252,42.26,0.0759
01/08/2026,23:57,139.00,22.04,23.26,9.78,48.21,21.07,-0.85,4.66,1244,1.0256,42.08,0.0760
01/08/2026,23:58,138.96,22.03,23.27,9.80,48.25,21.10,-0.82,4.64,1241,1.0256,42.05,0.0757
01/08/2026,23:59,138.96,21.98,23.27,9.82,48.26,21.11,-0.84,4.63,1242,1.0258,42.02,0.0755
02/08/2026,00:00,138.89,21.97,23.24,9.81,48.11,21.11,-0.83,4.62,1244,1.0258,42.04,0.0755
02/08/2026,00:01,138.84,21.95,23.21,9.83,48.07,21.07,-0.84,4.62,1239,1.0259,42.17,0.0754
02/08/2026,00:02,138.89,21.87,23.14,9.77,47.94,20.96,-0.84,4.62,1242,1.0259,42.26,0.0756
02/08/2026,00:03,138.84,21.81,23.15,9.78,47.99,20.96,-0.87,4.63,1244,1.0256,42.08,0.0753
02/08/2026,00:04,138.87,21.76,23.23,9.78,48.01,20.95,-0.87,4.63,1249,1.0255,42.25,0.0752
02/08/2026,00:05,138.89,21.78,23.26,9.78,47.96,20.96,-0.87,4.64,1248,1.0258,42.34,0.0750
02/08/2026,00:06,138.96,21.82,23.31,9.80,47.88,20.95,-0.88,4.66,1251,1.0257,42.46,0.0754
02/08/2026,00:07,138.95,21.82,23.27,9.79,47.80,20.91,-0.88,4.66,1251,1.0256,42.43,0.0752
02/08/2026,00:08,138.99,21.81,23.27,9.83,47.78,20.90,-0.89,4.67,1248,1.0256,42.53,0.0748
02/08/2026,00:09,138.99,21.84,23.28,9.79,47.73,20.94,-0.87,4.67,1249,1.0255,42.48,0.0752
02/08/2026,00:10,138.98,21.75,23.27,9.77,47.70,20.93,-0.88,4.66,1250,1.0255,42.34,0.0753
02/08/2026,00:11,139.00,21.67,23.30,9.76,47.80,20.95,-0.89,4.69,1248,1.0253,42.30,0.0756
02/08/2026,00:12,138.92,21.65,23.32,9.76,47.86,20.89,-0.88,4.68,1255,1.0254,42.27,0.0754
02/08/2026,00:13,138.99,21.66,23.30,9.78,47.85,20.91,-0.87,4.68,1249,1.0252,42.35,0.0756
02/08/2026,00:14,139.05,21.67,23.31,9.82,47.84,20.91,-0.83,4.68,1246,1.0252,42.31,0.0753
02/08/2026,00:15,139.04,21.74,23.33,9.83,47.78,20.92,-0.82,4.67,1241,1.0253,42.33,0.0754
02/08/2026,00:16,139.14,21.73,23.37,9.83,47.75,20.91,-0.85,4.66,1246,1.0251,42.29,0.0748
02/08/2026,00:17,139.04,21.69,23.39,9.84,47.70,20.94,-0.85,4.67,1246,1.0249,42.34,0.0752
02/08/2026,00:18,139.04,21.66,23.41,9.83,47.59,20.93,-0.83,4.67,1247,1.0244,42.30,0.0749
02/08/2026,00:19,139.02,21.70,23.42,9.82,47.59,20.96,-0.78,4.68,1248,1.0246,42.41,0.0751
02/08/2026,00:20,139.02,21.67,23.49,9.81,47.60,20.94,-0.80,4.67,1249,1.0243,42.36,0.0750
02/08/2026,00:21,139.00,21.66,23.53,9.79,47.64,20.92,-0.82,4.68,1247,1.0239,42.47,0.0746
02/08/2026,00:22,139.00,21.61,23.52,9.83,47.60,20.89,-0.82,4.68,1249,1.0243,42.34,0.0743
02/08/2026,00:23,139.01,21.53,23.54,9.82,47.60,20.91,-0.79,4.68,1247,1.0243,42.39,0.0756
02/08/2026,00:24,138.98,21.54,23.59,9.82,47.61,20.92,-0.82,4.69,1258,1.0248,42.36,0.0758
02/08/2026,00:25,138.91,21.51,23.58,9.77,47.51,20.86,-0.84,4.69,1259,1.0248,42.41,0.0761
02/08/2026,00:26,138.97,21.46,23.61,9.77,47.50,20.88,-0.87,4.69,1258,1.0249,42.34,0.0766
02/08/2026,00:27,138.92,21.45,23.64,9.81,47.46,20.86,-0.87,4.68,1254,1.0251,42.18,0.0769
02/08/2026,00:28,138.94,21.45,23.69,9.82,47.46,20.89,-0.88,4.68,1251,1.0253,42.14,0.0773
02/08/2026,00:29,138.91,21.38,23.68,9.80,47.44,20.96,-0.90,4.67,1254,1.0251,42.18,0.0775
02/08/2026,00:30,138.85,21.35,23.69,9.76,47.29,20.94,-0.87,4.68,1251,1.0255,42.26,0.0770
02/08/2026,00:31,138.87,21.34,23.70,9.77,47.21,20.91,-0.87,4.68,1253,1.0257,42.18,0.0776
02/08/2026,00:32,138.85,21.36,23.62,9.83,47.29,20.89,-0.85,4.67,1252,1.0256,42.10,0.0776
02/08/2026,00:33,138.88,21.29,23.57,9.84,47.26,20.90,-0.83,4.69,1249,1.0260,42.18,0.0776
02/08/2026,00:34,138.99,21.27,23.56,9.85,47.37,20.88,-0.83,4.71,1249,1.0260,42.18,0.0778
02/08/2026,00:35,138.99,21.28,23.54,9.86,47.42,20.85,-0.85,4.72,1248,1.0260,42.20,0.0776
02/08/2026,00:36,139.07,21.23,23.57,9.85,47.46,20.88,-0.85,4.71,1249,1.0258,42.35,0.0777
02/08/2026,00:37,139.07,21.25,23.51,9.86,47.46,20.89,-0.87,4.71,1251,1.0258,42.29,0.0773
02/08/2026,00:38,139.02,21.23,23.55,9.86,47.36,20.93,-0.88,4.71,1251,1.0259,42.22,0.0770
02/08/2026,00:39,139.01,21.21,23.60,9.88,47.38,20.95,-0.88,4.72,1249,1.0259,42.36,0.0772
02/08/2026,00:40,139.08,21.15,23.60,9.89,47.30,20.91,-0.85,4.72,1251,1.0254,42.38,0.0769
02/08/2026,00:41,139.05,21.05,23.53,9.88,47.31,20.87,-0.86,4.72,1254,1.0259,42.24,0.0769
02/08/2026,00:42,139.02,21.13,23.45,9.87,47.36,20.86,-0.85,4.70,1250,1.0257,42.32,0.0770
02/08/2026,00:43,139.01,21.15,23.46,9.85,47.31,20.90,-0.81,4.70,1247,1.0258,42.27,0.0768
02/08/2026,00:44,139.05,21.17,23.44,9.83,47.33,20.83,-0.80,4.70,1245,1.0257,42.36,0.0769
02/08/2026,00:45,139.03,21.17,23.50,9.80,47.38,20.83,-0.79,4.69,1246,1.0260,42.22,0.0772
02/08/2026,00:46,139.15,21.16,23.47,9.81,47.32,20.82,-0.81,4.71,1247,1.0258,42.18,0.0777
02/08/2026,00:47,139.14,21.17,23.47,9.82,47.42,20.84,-0.83,4.71,1241,1.0258,42.15,0.0781
02/08/2026,00:48,139.20,21.10,23.47,9.84,47.43,20.86,-0.84,4.72,1243,1.0256,42.22,0.0781
02/08/2026,00:49,139.09,21.09,23.47,9.85,47.40,20.88,-0.86,4.73,1246,1.0258,42.09,0.0784
02/08/2026,00:50,139.12,21.05,23.46,9.87,47.45,20.85,-0.84,4.72,1244,1.0255,42.13,0.0786
02/08/2026,00:51,139.14,21.08,23.45,9.89,47.43,20.85,-0.83,4.72,1247,1.0255,42.12,0.0791
02/08/2026,00:52,139.09,21.06,23.47,9.88,47.26,20.85,-0.84,4.70,1245,1.0253,42.21,0.0793
02/08/2026,00:53,139.08,21.06,23.42,9.88,47.29,20.85,-0.85,4.70,1246,1.0257,42.20,0.0799
02/08/2026,00:54,139.08,20.99,23.42,9.86,47.15,20.83,-0.85,4.70,1250,1.0256,42.13,0.0796
02/08/2026,00:55,139.12,20.98,23.44,9.87,47.13,20.80,-0.87,4.70,1246,1.0258,42.16,0.0791
02/08/2026,00:56,139.09,20.97,23.48,9.83,47.18,20.80,-0.88,4.70,1242,1.0259,42.14,0.0791
02/08/2026,00:57,139.02,21.00,23.47,9.86,47.21,20.78,-0.87,4.72,1244,1.0260,42.08,0.0787
02/08/2026,00:58,139.06,21.01,23.46,9.84,47.22,20.81,-0.89,4.73,1246,1.0260,42.22,0.0786
02/08/2026,00:59,139.11,20.92,23.45,9.83,47.31,20.86,-0.87,4.72,1244,1.0263,42.06,0.0790
02/08/2026,01:00,139.12,20.90,23.46,9.83,47.11,20.83,-0.86,4.72,1242,1.0264,42.13,0.0790
02/08/2026,01:01,139.14,20.86,23.43,9.86,47.24,20.83,-0.86,4.72,1248,1.0264,42.06,0.0790
02/08/2026,01:02,139.11,20.83,23.45,9.88,47.14,20.85,-0.86,4.71,1248,1.0266,42.06,0.0789
02/08/2026,01:03,139.15,20.87,23.44,9.87,47.10,20.85,-0.84,4.70,1247,1.0263,41.97,0.0794
02/08/2026,01:04,139.15,20.86,23.44,9.86,47.25,20.85,-0.84,4.70,1246,1.0258,42.03,0.0793
02/08/2026,01:05,139.15,20.79,23.45,9.88,47.36,20.81,-0.84,4.70,1249,1.0257,42.03,0.0798
02/08/2026,01:06,139.20,20.82,23.45,9.88,47.40,20.83,-0.83,4.71,1249,1.0255,42.07,0.0802
02/08/2026,01:07,139.18,20.78,23.41,9.91,47.45,20.83,-0.82,4.71,1250,1.0254,42.03,0.0807
02/08/2026,01:08,139.16,20.82,23.41,9.87,47.29,20.80,-0.83,4.71,1255,1.0255,42.08,0.0804
02/08/2026,01:09,139.18,20.82,23.41,9.82,47.21,20.83,-0.84,4.71,1252,1.0255,42.21,0.0803
02/08/2026,01:10,139.24,20.80,23.44,9.80,47.16,20.84,-0.84,4.70,1254,1.0254,42.10,0.0803
02/08/2026,01:11,139.18,20.78,23.42,9.78,47.25,20.86,-0.87,4.71,1254,1.0257,41.85,0.0804
02/08/2026,01:12,139.24,20.73,23.44,9.79,47.21,20.90,-0.88,4.73,1252,1.0257,41.86,0.0807
02/08/2026,01:13,139.22,20.73,23.44,9.79,47.29,20.92,-0.89,4.72,1250,1.0253,41.84,0.0808
02/08/2026,01:14,139.28,20.74,23.38,9.80,47.43,20.94,-0.87,4.72,1252,1.0256,41.99,0.0807
02/08/2026,01:15,139.29,20.72,23.40,9.76,47.47,20.92,-0.83,4.72,1250,1.0254,41.89,0.0805
02/08/2026,01:16,139.27,20.72,23.48,9.76,47.42,20.93,-0.87,4.70,1246,1.0254,41.81,0.0807
02/08/2026,01:17,139.21,20.78,23.48,9.77,47.47,20.92,-0.87,4.70,1242,1.0257,41.77,0.0806
02/08/2026,01:18,139.22,20.81,23.50,9.77,47.49,20.92,-0.85,4.69,1246,1.0257,41.88,0.0809
02/08/2026,01:19,139.16,20.76,23.46,9.77,47.65,20.90,-0.86,4.69,1248,1.0255,42.00,0.0812
02/08/2026,01:20,139.23,20.79,23.42,9.75,47.51,20.87,-0.86,4.69,1246,1.0255,42.02,0.0812
02/08/2026,01:21,139.23,20.74,23.45,9.79,47.57,20.87,-0.89,4.68,1249,1.0255,42.00,0.0810
02/08/2026,01:22,139.30,20.75,23.47,9.79,47.55,20.88,-0.85,4.66,1248,1.0254,41.97,0.0812
02/08/2026,01:23,139.30,20.71,23.48,9.85,47.43,20.88,-0.87,4.66,1242,1.0254,41.86,0.0809
02/08/2026,01:24,139.25,20.72,23.49,9.84,47.30,20.89,-0.89,4.67,1242,1.0254,41.96,0.0805
02/08/2026,01:25,139.22,20.69,23.49,9.88,47.31,20.93,-0.89,4.67,1242,1.0252,41.99,0.0812
02/08/2026,01:26,139.18,20.63,23.45,9.87,47.43,20.90,-0.92,4.67,1241,1.0251,42.06,0.0807
02/08/2026,01:27,139.20,20.64,23.40,9.92,47.43,20.94,-0.90,4.67,1235,1.0253,42.01,0.0809
02/08/2026,01:28,139.13,20.65,23.35,9.92,47.41,20.89,-0.88,4.65,1234,1.0251,42.08,0.0811
02/08/2026,01:29,139.15,20.64,23.28,9.91,47.37,20.89,-0.86,4.66,1235,1.0251,42.14,0.0810
02/08/2026,01:30,139.14,20.65,23.28,9.89,47.37,20.90,-0.85,4.67,1235,1.0251,41.98,0.0815
02/08/2026,01:31,139.17,20.65,23.27,9.87,47.43,20.92,-0.86,4.68,1238,1.0256,41.97,0.0814
02/08/2026,01:32,139.10,20.66,23.28,9.84,47.43,20.94,-0.86,4.68,1236,1.0259,41.85,0.0817
02/08/2026,01:33,139.07,20.64,23.21,9.81,47.47,20.91,-0.86,4.67,1239,1.0257,41.95,0.0815
02/08/2026,01:34,139.07,20.68,23.22,9.80,47.53,20.95,-0.84,4.69,1243,1.0255,42.00,0.0817
02/08/2026,01:35,138.99,20.65,23.14,9.75,47.50,20.95,-0.82,4.71,1237,1.0257,42.06,0.0817
02/08/2026,01:36,139.06,20.62,23.14,9.81,47.40,20.91,-0.81,4.70,1237,1.0258,41.98,0.0815
02/08/2026,01:37,139.14,20.55,23.14,9.83,47.47,20.91,-0.82,4.71,1237,1.0255,41.92,0.0811
02/08/2026,01:38,139.15,20.49,23.17,9.88,47.60,20.89,-0.81,4.71,1232,1.0261,41.94,0.0807
02/08/2026,01:39,139.18,20.46,23.20,9.89,47.56,20.89,-0.81,4.70,1237,1.0262,41.88,0.0807
02/08/2026,01:40,139.17,20.46,23.18,9.87,47.50,20.90,-0.84,4.71,1243,1.0264,41.74,0.0815
02/08/2026,01:41,139.26,20.50,23.24,9.88,47.55,20.90,-0.82,4.71,1246,1.0265,41.82,0.0810
02/08/2026,01:42,139.26,20.45,23.26,9.91,47.42,20.92,-0.84,4.73,1242,1.0266,41.84,0.0808
02/08/2026,01:43,139.24,20.43,23.26,9.87,47.50,20.92,-0.85,4.74,1240,1.0265,41.89,0.0807
02/08/2026,01:44,139.27,20.43,23.28,9.87,47.45,20.93,-0.86,4.72,1244,1.0266,42.06,0.0810
02/08/2026,01:45,139.27,20.39,23.31,9.87,47.42,20.90,-0.88,4.72,1246,1.0262,42.05,0.0806
02/08/2026,01:46,139.22,20.35,23.33,9.88,47.47,20.95,-0.89,4.72,1248,1.0259,42.10,0.0807
02/08/2026,01:47,139.20,20.29,23.30,9.90,47.43,20.97,-0.94,4.71,1249,1.0255,42.03,0.0814
02/08/2026,01:48,139.26,20.25,23.38,9.90,47.41,20.96,-0.94,4.71,1248,1.0260,41.88,0.0810
02/08/2026,01:49,139.23,20.24,23.40,9.89,47.33,20.98,-0.96,4.70,1248,1.0259,41.86,0.0809
02/08/2026,01:50,139.16,20.24,23.45,9.89,47.22,20.97,-0.97,4.70,1248,1.0261,41.81,0.0806
02/08/2026,01:51,139.17,20.24,23.47,9.90,47.22,20.99,-0.96,4.69,1254,1.0260,41.79,0.0808
02/08/2026,01:52,139.17,20.26,23.44,9.90,47.20,20.93,-0.97,4.69,1253,1.0256,41.91,0.0807
02/08/2026,01:53,139.13,20.23,23.52,9.89,47.25,20.93,-0.97,4.69,1251,1.0257,41.86,0.0802
02/08/2026,01:54,139.16,20.28,23.51,9.92,47.28,20.94,-0.96,4.70,1251,1.0258,41.90,0.0804
02/08/2026,01:55,139.21,20.21,23.54,9.94,47.32,20.96,-0.95,4.69,1249,1.0260,41.78,0.0806
02/08/2026,01:56,139.23,20.15,23.54,9.93,47.32,20.96,-0.92,4.67,1253,1.0257,41.71,0.0808
02/08/2026,01:57,139.20,20.19,23.61,9.91,47.26,20.93,-0.94,4.66,1254,1.0257,41.73,0.0804
02/08/2026,01:58,139.12,20.14,23.60,9.94,47.21,20.91,-0.97,4.65,1252,1.0256,41.77,0.0804
02/08/2026,01:59,139.19,20.08,23.59,9.94,47.27,20.89,-0.96,4.67,1246,1.0257,41.74,0.0807
02/08/2026,02:00,139.15,20.07,23.61,9.94,47.36,20.82,-0.97,4.67,1249,1.0257,41.83,0.0814
02/08/2026,02:01,139.21,20.07,23.65,9.93,47.25,20.82,-0.98,4.67,1247,1.0258,41.84,0.0817
02/08/2026,02:02,139.20,20.06,23.61,9.92,47.22,20.83,-0.96,4.66,1245,1.0256,41.82,0.0819
02/08/2026,02:03,139.25,20.09,23.54,9.88,47.21,20.82,-0.94,4.67,1244,1.0258,41.82,0.0815
02/08/2026,02:04,139.26,20.04,23.56,9.88,47.08,20.88,-0.95,4.66,1249,1.0259,41.78,0.0820
02/08/2026,02:05,139.17,20.02,23.49,9.89,47.09,20.88,-0.96,4.66,1247,1.0262,41.85,0.0822
02/08/2026,02:06,139.08,19.96,23.45,9.89,47.20,20.87,-0.95,4.66,1243,1.0262,41.81,0.0825
02/08/2026,02:07,139.05,20.00,23.41,9.88,47.24,20.89,-0.95,4.67,1244,1.0261,41.85,0.0820
02/08/2026,02:08,139.06,19.99,23.45,9.86,47.23,20.86,-0.99,4.67,1243,1.0259,41.80,0.0822
02/08/2026,02:09,139.07,20.01,23.47,9.88,47.25,20.89,-1.00,4.67,1246,1.0256,41.73,0.0825
02/08/2026,02:10,139.07,20.00,23.47,9.88,47.26,20.88,-0.98,4.67,1249,1.0256,41.67,0.0827
02/08/2026,02:11,139.07,19.96,23.44,9.90,47.23,20.87,-0.95,4.68,1253,1.0258,41.80,0.0827
02/08/2026,02:12,139.17,20.00,23.41,9.90,47.29,20.93,-0.94,4.67,1250,1.0258,41.78,0.0828
02/08/2026,02:13,139.14,19.97,23.45,9.88,47.36,20.93,-0.97,4.68,1251,1.0258,41.83,0.0831
02/08/2026,02:14,139.14,19.94,23.48,9.90,47.35,20.94,-0.99,4.68,1256,1.0261,41.94,0.0835
02/08/2026,02:15,139.09,19.94,23.48,9.88,47.29,21.00,-0.98,4.67,1257,1.0259,41.94,0.0832
02/08/2026,02:16,139.13,19.94,23.53,9.90,47.26,21.01,-0.96,4.67,1256,1.0259,41.90,0.0827
02/08/2026,02:17,139.13,19.89,23.51,9.94,47.33,21.00,-0.97,4.68,1253,1.0256,41.94,0.0827
02/08/2026,02:18,139.19,19.91,23.58,9.92,47.40,20.98,-0.97,4.68,1253,1.0254,42.05,0.0819
02/08/2026,02:19,139.20,19.95,23.49,9.94,47.42,21.01,-0.96,4.68,1249,1.0258,42.01,0.0817
02/08/2026,02:20,139.21,19.96,23.50,9.92,47.30,21.00,-0.97,4.70,1248,1.0258,42.00,0.0815
02/08/2026,02:21,139.17,19.98,23.54,9.93,47.30,20.99,-0.97,4.70,1246,1.0258,41.87,0.0816
02/08/2026,02:22,139.10,19.96,23.57,9.87,47.31,20.99,-0.97,4.69,1242,1.0255,42.07,0.0816
02/08/2026,02:23,139.17,19.98,23.52,9.88,47.39,21.01,-0.95,4.69,1244,1.0256,42.14,0.0820
02/08/2026,02:24,139.17,19.93,23.51,9.90,47.27,21.03,-0.93,4.68,1248,1.0258,42.23,0.0815
02/08/2026,02:25,139.13,19.87,23.51,9.91,47.22,21.01,-0.91,4.67,1250,1.0259,42.26,0.0813
02/08/2026,02:26,139.08,19.89,23.52,9.88,47.21,21.01,-0.90,4.68,1249,1.0256,42.19,0.0814
02/08/2026,02:27,139.08,19.89,23.52,9.87,47.15,21.00,-0.91,4.68,1247,1.0254,42.28,0.0809
02/08/2026,02:28,139.13,19.84,23.50,9.86,47.24,20.96,-0.88,4.67,1248,1.0255,42.18,0.0816
02/08/2026,02:29,139.12,19.84,23.49,9.86,47.31,20.95,-0.87,4.67,1244,1.0263,42.12,0.0815
02/08/2026,02:30,139.13,19.88,23.51,9.83,47.28,20.98,-0.88,4.68,1240,1.0264,42.16,0.0814
02/08/2026,02:31,139.10,19.82,23.53,9.82,47.22,20.99,-0.86,4.67,1241,1.0259,42.22,0.0812
02/08/2026,02:32,139.03,19.73,23.48,9.81,47.30,20.98,-0.85,4.67,1242,1.0259,42.17,0.0809
02/08/2026,02:33,139.08,19.69,23.43,9.78,47.11,20.94,-0.85,4.67,1242,1.0258,42.26,0.0811
02/08/2026,02:34,138.99,19.66,23.41,9.78,47.09,20.95,-0.82,4.69,1248,1.0257,42.27,0.0806
02/08/2026,02:35,138.99,19.62,23.43,9.79,47.15,20.95,-0.83,4.69,1244,1.0259,42.13,0.0810
02/08/2026,02:36,139.01,19.60,23.45,9.82,47.12,20.92,-0.83,4.68,1244,1.0262,42.13,0.0809
02/08/2026,02:37,139.03,19.61,23.47,9.84,46.90,20.92,-0.84,4.68,1246,1.0261,42.27,0.0810
02/08/2026,02:38,138.94,19.60,23.46,9.84,46.96,20.92,-0.79,4.69,1247,1.0260,42.27,0.0816
02/08/2026,02:39,138.95,19.56,23.45,9.86,47.01,20.94,-0.81,4.72,1246,1.0260,42.21,0.0819
02/08/2026,02:40,138.97,19.48,23.45,9.85,46.89,20.93,-0.81,4.70,1247,1.0259,42.21,0.0822
02/08/2026,02:41,138.93,19.49,23.40,9.93,46.55,20.96,-0.81,4.70,1247,1.0262,42.20,0.0826
02/08/2026,02:42,138.92,19.47,23.43,9.94,46.54,20.98,-0.82,4.68,1250,1.0266,42.10,0.0835
02/08/2026,02:43,138.88,19.44,23.45,9.96,46.51,21.00,-0.87,4.68,1247,1.0268,42.13,0.0845
02/08/2026,02:44,138.78,19.44,23.44,9.96,46.40,20.95,-0.90,4.68,1246,1.0270,42.21,0.0844
02/08/2026,02:45,138.75,19.42,23.44,9.92,46.35,20.97,-0.87,4.68,1246,1.0269,42.12,0.0847
02/08/2026,02:46,138.81,19.42,23.44,9.89,46.37,20.99,-0.85,4.70,1246,1.0264,42.06,0.0851
02/08/2026,02:47,138.78,19.41,23.42,9.89,46.42,20.95,-0.82,4.71,1243,1.0264,42.00,0.0853
02/08/2026,02:48,138.83,19.39,23.36,9.90,46.38,20.93,-0.82,4.70,1248,1.0262,41.96,0.0854
02/08/2026,02:49,138.91,19.42,23.33,9.85,46.43,20.89,-0.82,4.71,1247,1.0262,42.01,0.0855
02/08/2026,02:50,138.79,19.42,23.36,9.81,46.39,20.88,-0.82,4.71,1244,1.0260,41.97,0.0855
02/08/2026,02:51,138.84,19.42,23.36,9.79,46.47,20.86,-0.82,4.72,1245,1.0260,41.90,0.0862
02/08/2026,02:52,138.78,19.34,23.38,9.81,46.38,20.87,-0.82,4.71,1243,1.0254,41.89,0.0865
02/08/2026,02:53,138.81,19.31,23.42,9.82,46.40,20.86,-0.84,4.71,1246,1.0256,41.73,0.0862
02/08/2026,02:54,138.81,19.29,23.41,9.84,46.43,20.86,-0.84,4.71,1246,1.0259,41.70,0.0859
02/08/2026,02:55,138.84,19.29,23.47,9.87,46.40,20.84,-0.86,4.71,1247,1.0261,41.75,0.0858
02/08/2026,02:56,138.81,19.29,23.49,9.88,46.45,20.82,-0.87,4.69,1249,1.0261,41.71,0.0858
02/08/2026,02:57,138.80,19.22,23.50,9.87,46.46,20.79,-0.88,4.69,1245,1.0264,41.62,0.0859
02/08/2026,02:58,138.84,19.22,23.48,9.88,46.52,20.72,-0.88,4.69,1250,1.0266,41.51,0.0857
02/08/2026,02:59,138.84,19.24,23.47,9.87,46.61,20.71,-0.89,4.68,1249,1.0268,41.53,0.0855
02/08/2026,03:00,138.77,19.25,23.44,9.90,46.60,20.72,-0.87,4.68,1248,1.0269,41.51,0.0854
02/08/2026,03:01,138.73,19.27,23.45,9.86,46.54,20.71,-0.85,4.66,1249,1.0268,41.50,0.0856
02/08/2026,03:02,138.72,19.28,23.40,9.83,46.45,20.73,-0.86,4.66,1253,1.0264,41.43,0.0862
02/08/2026,03:03,138.68,19.28,23.40,9.81,46.50,20.73,-0.87,4.65,1248,1.0263,41.43,0.0865
02/08/2026,03:04,138.65,19.41,23.39,9.85,46.58,20.74,-0.87,4.65,1242,1.0262,41.48,0.0865
02/08/2026,03:05,138.66,19.49,23.39,9.80,46.68,20.72,-0.87,4.64,1242,1.0263,41.48,0.0866
02/08/2026,03:06,138.69,19.51,23.43,9.83,46.56,20.73,-0.87,4.65,1239,1.0261,41.50,0.0870
02/08/2026,03:07,138.73,19.48,23.39,9.84,46.62,20.73,-0.86,4.66,1245,1.0260,41.49,0.0873
02/08/2026,03:08,138.71,19.47,23.39,9.84,46.59,20.74,-0.87,4.65,1249,1.0262,41.48,0.0873
02/08/2026,03:09,138.65,19.47,23.45,9.82,46.61,20.75,-0.88,4.67,1247,1.0263,41.55,0.0879
02/08/2026,03:10,138.62,19.47,23.44,9.82,46.57,20.77,-0.91,4.66,1246,1.0265,41.54,0.0875
02/08/2026,03:11,138.64,19.52,23.46,9.82,46.53,20.74,-0.91,4.66,1247,1.0263,41.59,0.0875
02/08/2026,03:12,138.72,19.53,23.47,9.81,46.53,20.78,-0.90,4.68,1246,1.0260,41.60,0.0880
02/08/2026,03:13,138.73,19.55,23.41,9.81,46.60,20.83,-0.91,4.68,1251,1.0259,41.63,0.0881
02/08/2026,03:14,138.76,19.53,23.44,9.82,46.52,20.84,-0.90,4.67,1251,1.0258,41.66,0.0881
02/08/2026,03:15,138.75,19.55,23.42,9.85,46.63,20.84,-0.92,4.67,1253,1.0256,41.66,0.0874
02/08/2026,03:16,138.74,19.58,23.50,9.81,46.76,20.82,-0.91,4.68,1248,1.0256,41.55,0.0871
02/08/2026,03:17,138.74,19.55,23.49,9.83,46.70,20.83,-0.92,4.69,1248,1.0255,41.39,0.0870
02/08/2026,03:18,138.78,19.50,23.46,9.83,46.62,20.86,-0.90,4.70,1250,1.0253,41.38,0.0875
02/08/2026,03:19,138.79,19.50,23.43,9.83,46.58,20.82,-0.89,4.69,1249,1.0252,41.52,0.0873
02/08/2026,03:20,138.80,19.47,23.43,9.83,46.57,20.77,-0.89,4.69,1252,1.0252,41.45,0.0870
02/08/2026,03:21,138.83,19.50,23.47,9.82,46.45,20.79,-0.90,4.68,1255,1.0257,41.36,0.0869
02/08/2026,03:22,138.93,19.46,23.43,9.84,46.53,20.83,-0.90,4.69,1253,1.0255,41.40,0.0867
02/08/2026,03:23,138.86,19.43,23.44,9.82,46.56,20.87,-0.89,4.67,1259,1.0254,41.38,0.0866
02/08/2026,03:24,138.91,19.42,23.41,9.82,46.62,20.88,-0.88,4.68,1260,1.0254,41.35,0.0862
02/08/2026,03:25,138.99,19.41,23.46,9.87,46.68,20.86,-0.88,4.66,1258,1.0251,41.32,0.0863
02/08/2026,03:26,138.96,19.40,23.51,9.89,46.56,20.82,-0.90,4.65,1258,1.0253,41.34,0.0862
02/08/2026,03:27,138.98,19.38,23.51,9.92,46.55,20.83,-0.93,4.64,1261,1.0255,41.41,0.0856
02/08/2026,03:28,138.89,19.41,23.55,9.90,46.60,20.81,-0.93,4.65,1257,1.0256,41.41,0.0863
02/08/2026,03:29,138.90,19.41,23.53,9.95,46.75,20.84,-0.89,4.63,1255,1.0255,41.39,0.0864
02/08/2026,03:30,138.88,19.42,23.52,9.93,46.69,20.85,-0.88,4.63,1255,1.0254,41.41,0.0865
02/08/2026,03:31,138.90,19.38,23.49,9.87,46.65,20.85,-0.88,4.63,1250,1.0259,41.37,0.0866
02/08/2026,03:32,138.95,19.45,23.46,9.87,46.54,20.85,-0.87,4.63,1254,1.0258,41.30,0.0874
02/08/2026,03:33,138.83,19.40,23.46,9.90,46.53,20.85,-0.87,4.63,1253,1.0255,41.36,0.0875
02/08/2026,03:34,138.78,19.44,23.51,9.89,46.60,20.84,-0.86,4.62,1255,1.0253,41.45,0.0873
02/08/2026,03:35,138.70,19.39,23.57,9.90,46.67,20.87,-0.89,4.63,1254,1.0254,41.41,0.0875
02/08/2026,03:36,138.71,19.41,23.59,9.92,46.63,20.89,-0.92,4.62,1252,1.0256,41.45,0.0873
02/08/2026,03:37,138.73,19.40,23.56,9.84,46.62,20.86,-0.94,4.63,1254,1.0252,41.42,0.0880
02/08/2026,03:38,138.70,19.45,23.50,9.85,46.62,20.82,-0.93,4.64,1253,1.0247,41.41,0.0885
02/08/2026,03:39,138.73,19.49,23.48,9.85,46.60,20.81,-0.95,4.64,1254,1.0249,41.30,0.0890
02/08/2026,03:40,138.72,19.45,23.54,9.85,46.64,20.86,-0.95,4.63,1260,1.0251,41.30,0.0885
02/08/2026,03:41,138.69,19.41,23.56,9.81,46.55,20.85,-0.98,4.63,1263,1.0252,41.34,0.0879
02/08/2026,03:42,138.61,19.35,23.55,9.78,46.54,20.84,-1.00,4.63,1257,1.0249,41.43,0.0881
02/08/2026,03:43,138.53,19.35,23.50,9.80,46.49,20.84,-0.99,4.61,1253,1.0251,41.35,0.0885
02/08/2026,03:44,138.54,19.34,23.52,9.76,46.51,20.86,-0.95,4.60,1247,1.0250,41.42,0.0885
02/08/2026,03:45,138.54,19.37,23.55,9.72,46.55,20.87,-0.93,4.61,1247,1.0247,41.43,0.0886
02/08/2026,03:46,138.61,19.38,23.56,9.72,46.52,20.93,-0.92,4.64,1247,1.0243,41.54,0.0886
02/08/2026,03:47,138.60,19.43,23.54,9.74,46.54,20.94,-0.88,4.63,1246,1.0244,41.40,0.0876
02/08/2026,03:48,138.61,19.40,23.46,9.76,46.72,20.94,-0.84,4.63,1245,1.0241,41.31,0.0876
02/08/2026,03:49,138.65,19.36,23.39,9.74,46.75,20.97,-0.87,4.63,1247,1.0241,41.25,0.0875
02/08/2026,03:50,138.69,19.36,23.37,9.74,46.84,20.99,-0.86,4.64,1249,1.0241,41.33,0.0876
02/08/2026,03:51,138.68,19.35,23.34,9.75,46.85,21.01,-0.84,4.64,1243,1.0240,41.31,0.0873
02/08/2026,03:52,138.70,19.31,23.38,9.72,46.78,21.01,-0.84,4.64,1243,1.0242,41.41,0.0875
02/08/2026,03:53,138.72,19.28,23.40,9.73,46.83,20.99,-0.86,4.62,1246,1.0246,41.41,0.0875
02/08/2026,03:54,138.74,19.28,23.47,9.82,46.84,21.01,-0.85,4.61,1244,1.0247,41.51,0.0880
02/08/2026,03:55,138.73,19.31,23.42,9.80,46.74,20.99,-0.86,4.63,1244,1.0242,41.43,0.0879
02/08/2026,03:56,138.80,19.37,23.43,9.78,46.72,20.96,-0.84,4.64,1242,1.0239,41.41,0.0876
02/08/2026,03:57,138.83,19.34,23.41,9.78,46.77,20.97,-0.84,4.64,1242,1.0239,41.27,0.0874
02/08/2026,03:58,138.75,19.34,23.42,9.80,46.85,20.95,-0.85,4.63,1242,1.0241,41.28,0.0870
02/08/2026,03:59,138.71,19.35,23.38,9.80,46.90,20.93,-0.84,4.65,1239,1.0241,41.44,0.0870
02/08/2026,04:00,138.64,19.34,23.30,9.83,46.73,20.90,-0.82,4.64,1236,1.0239,41.48,0.0866
02/08/2026,04:01,138.59,19.37,23.32,9.83,46.76,20.91,-0.81,4.63,1239,1.0238,41.56,0.0866
02/08/2026,04:02,138.67,19.34,23.35,9.85,46.64,20.90,-0.82,4.63,1239,1.0240,41.62,0.0868
02/08/2026,04:03,138.63,19.30,23.32,9.85,46.69,20.85,-0.81,4.65,1235,1.0240,41.50,0.0870
02/08/2026,04:04,138.68,19.23,23.34,9.86,46.71,20.85,-0.83,4.67,1240,1.0241,41.50,0.0871
02/08/2026,04:05,138.66,19.23,23.35,9.87,46.78,20.88,-0.84,4.66,1241,1.0241,41.45,0.0880
02/08/2026,04:06,138.69,19.27,23.36,9.89,46.83,20.88,-0.83,4.66,1244,1.0244,41.43,0.0882
02/08/2026,04:07,138.73,19.30,23.32,9.89,46.84,20.87,-0.83,4.66,1242,1.0240,41.47,0.0878
02/08/2026,04:08,138.75,19.31,23.30,9.84,46.87,20.89,-0.87,4.67,1240,1.0241,41.44,0.0876
02/08/2026,04:09,138.78,19.33,23.31,9.85,46.84,20.89,-0.86,4.67,1239,1.0240,41.43,0.0880
02/08/2026,04:10,138.82,19.31,23.29,9.86,46.90,20.87,-0.84,4.67,1241,1.0243,41.43,0.0881
02/08/2026,04:11,138.73,19.27,23.27,9.88,47.09,20.90,-0.85,4.67,1238,1.0242,41.39,0.0885
02/08/2026,04:12,138.78,19.28,23.25,9.91,47.16,20.84,-0.84,4.66,1236,1.0241,41.39,0.0886
02/08/2026,04:13,138.79,19.25,23.22,9.94,47.18,20.85,-0.81,4.67,1237,1.0246,41.45,0.0885
02/08/2026,04:14,138.73,19.29,23.22,9.97,47.15,20.87,-0.80,4.66,1241,1.0249,41.41,0.0883
02/08/2026,04:15,138.67,19.38,23.28,9.96,47.08,20.87,-0.79,4.66,1239,1.0247,41.31,0.0884
02/08/2026,04:16,138.71,19.35,23.31,9.97,47.03,20.84,-0.81,4.67,1241,1.0249,41.35,0.0879
02/08/2026,04:17,138.74,19.38,23.28,9.94,47.02,20.80,-0.81,4.68,1239,1.0247,41.41,0.0879
02/08/2026,04:18,138.74,19.40,23.27,9.94,47.07,20.80,-0.84,4.69,1242,1.0246,41.21,0.0885
02/08/2026,04:19,138.71,19.36,23.31,9.91,47.06,20.75,-0.80,4.68,1244,1.0246,41.11,0.0890
02/08/2026,04:20,138.65,19.38,23.37,9.94,47.07,20.76,-0.79,4.67,1246,1.0248,41.27,0.0885
02/08/2026,04:21,138.71,19.39,23.29,9.92,46.85,20.77,-0.83,4.69,1243,1.0251,41.36,0.0889
02/08/2026,04:22,138.68,19.35,23.29,9.94,46.87,20.74,-0.84,4.70,1242,1.0252,41.37,0.0884
02/08/2026,04:23,138.62,19.30,23.24,9.94,46.87,20.71,-0.81,4.69,1241,1.0246,41.34,0.0877
02/08/2026,04:24,138.64,19.28,23.21,9.91,46.95,20.76,-0.83,4.69,1238,1.0245,41.28,0.0880
02/08/2026,04:25,138.69,19.34,23.27,9.94,46.94,20.71,-0.82,4.71,1244,1.0247,41.10,0.0880
02/08/2026,04:26,138.73,19.34,23.23,9.92,46.92,20.72,-0.82,4.71,1245,1.0244,41.15,0.0877
02/08/2026,04:27,138.75,19.35,23.27,9.92,46.90,20.69,-0.84,4.71,1245,1.0243,41.21,0.0870
02/08/2026,04:28,138.78,19.33,23.33,9.92,46.89,20.70,-0.85,4.70,1244,1.0247,41.19,0.0873
02/08/2026,04:29,138.71,19.32,23.36,9.92,46.92,20.68,-0.86,4.70,1246,1.0250,41.04,0.0868
02/08/2026,04:30,138.76,19.30,23.39,9.93,46.92,20.67,-0.81,4.70,1247,1.0254,41.12,0.0874
02/08/2026,04:31,138.72,19.32,23.40,9.89,46.78,20.69,-0.83,4.70,1254,1.0253,41.13,0.0876
02/08/2026,04:32,138.80,19.30,23.46,9.85,46.92,20.69,-0.83,4.71,1261,1.0253,41.07,0.0874
02/08/2026,04:33,138.79,19.34,23.49,9.86,46.88,20.66,-0.80,4.72,1261,1.0250,41.07,0.0877
02/08/2026,04:34,138.82,19.36,23.54,9.84,46.94,20.70,-0.81,4.72,1259,1.0254,41.08,0.0882
02/08/2026,04:35,138.85,19.41,23.56,9.85,47.00,20.68,-0.82,4.73,1259,1.0253,41.03,0.0885
02/08/2026,04:36,138.97,19.40,23.53,9.85,46.88,20.73,-0.85,4.74,1256,1.0253,40.96,0.0880
02/08/2026,04:37,138.98,19.45,23.48,9.81,47.04,20.72,-0.86,4.72,1257,1.0255,41.07,0.0882
02/08/2026,04:38,139.03,19.48,23.54,9.80,47.05,20.74,-0.85,4.72,1258,1.0258,41.19,0.0880
02/08/2026,04:39,139.02,19.45,23.58,9.87,46.96,20.68,-0.84,4.73,1252,1.0255,41.22,0.0879
02/08/2026,04:40,138.97,19.42,23.57,9.89,46.94,20.68,-0.84,4.73,1252,1.0253,41.22,0.0879
02/08/2026,04:41,139.05,19.44,23.61,9.90,46.97,20.71,-0.84,4.73,1250,1.0253,41.24,0.0880
02/08/2026,04:42,139.06,19.41,23.66,9.91,46.96,20.73,-0.84,4.74,1246,1.0253,41.16,0.0878
02/08/2026,04:43,139.00,19.40,23.67,9.90,46.94,20.71,-0.85,4.73,1244,1.0254,41.20,0.0883
02/08/2026,04:44,139.02,19.41,23.65,9.91,46.92,20.73,-0.87,4.73,1246,1.0253,41.17,0.0884
02/08/2026,04:45,139.00,19.42,23.63,9.94,46.80,20.76,-0.86,4.71,1245,1.0251,41.10,0.0886
02/08/2026,04:46,139.00,19.40,23.56,9.93,46.75,20.77,-0.86,4.70,1245,1.0251,41.20,0.0887
02/08/2026,04:47,138.98,19.37,23.47,9.97,46.79,20.73,-0.85,4.70,1244,1.0251,41.06,0.0883
02/08/2026,04:48,138.92,19.39,23.42,9.95,46.81,20.75,-0.86,4.70,1239,1.0253,41.18,0.0886
02/08/2026,04:49,138.84,19.41,23.40,9.95,46.71,20.73,-0.89,4.71,1237,1.0257,41.04,0.0882
02/08/2026,04:50,138.84,19.38,23.43,9.92,46.67,20.71,-0.88,4.70,1240,1.0259,40.89,0.0874
02/08/2026,04:51,138.79,19.38,23.45,9.89,46.60,20.75,-0.86,4.68,1241,1.0258,40.91,0.0876
02/08/2026,04:52,138.74,19.34,23.45,9.88,46.53,20.74,-0.88,4.68,1238,1.0257,40.94,0.0885
02/08/2026,04:53,138.82,19.34,23.40,9.88,46.59,20.70,-0.91,4.67,1239,1.0257,41.11,0.0882
02/08/2026,04:54,138.85,19.36,23.39,9.87,46.52,20.67,-0.90,4.67,1245,1.0257,41.06,0.0882
02/08/2026,04:55,138.83,19.31,23.42,9.89,46.49,20.72,-0.89,4.67,1248,1.0259,41.00,0.0887
02/08/2026,04:56,138.85,19.33,23.43,9.90,46.53,20.80,-0.89,4.67,1252,1.0260,41.00,0.0881
02/08/2026,04:57,138.87,19.36,23.43,9.92,46.42,20.78,-0.90,4.66,1246,1.0258,41.01,0.0877
02/08/2026,04:58,138.82,19.42,23.47,9.90,46.43,20.75,-0.90,4.65,1245,1.0255,41.00,0.0876
02/08/2026,04:59,138.79,19.46,23.49,9.93,46.48,20.75,-0.86,4.64,1249,1.0254,41.10,0.0881
02/08/2026,05:00,138.79,19.46,23.50,9.96,46.40,20.73,-0.86,4.65,1246,1.0256,41.12,0.0880
02/08/2026,05:01,138.73,19.52,23.54,9.92,46.50,20.75,-0.85,4.64,1249,1.0258,41.22,0.0877
02/08/2026,05:02,138.78,19.44,23.55,9.92,46.64,20.77,-0.87,4.65,1257,1.0257,41.16,0.0870
02/08/2026,05:03,138.78,19.46,23.57,9.91,46.54,20.76,-0.90,4.67,1256,1.0256,41.23,0.0871
02/08/2026,05:04,138.75,19.41,23.49,9.91,46.40,20.80,-0.89,4.68,1255,1.0257,41.37,0.0871
02/08/2026,05:05,138.79,19.42,23.57,9.89,46.42,20.79,-0.90,4.67,1258,1.0255,41.35,0.0872
02/08/2026,05:06,138.73,19.39,23.65,9.88,46.47,20.80,-0.90,4.68,1261,1.0259,41.48,0.0873
02/08/2026,05:07,138.65,19.39,23.61,9.89,46.46,20.81,-0.90,4.68,1256,1.0259,41.47,0.0878
02/08/2026,05:08,138.64,19.43,23.65,9.93,46.43,20.84,-0.87,4.68,1257,1.0256,41.40,0.0875
02/08/2026,05:09,138.65,19.43,23.65,9.93,46.40,20.85,-0.89,4.68,1260,1.0259,41.28,0.0872
02/08/2026,05:10,138.67,19.37,23.70,9.92,46.50,20.86,-0.94,4.68,1260,1.0258,41.25,0.0869
02/08/2026,05:11,138.74,19.34,23.75,9.91,46.50,20.85,-0.96,4.67,1255,1.0261,41.15,0.0871
02/08/2026,05:12,138.71,19.32,23.78,9.92,46.51,20.87,-0.98,4.67,1252,1.0266,41.12,0.0867
02/08/2026,05:13,138.79,19.35,23.74,9.92,46.39,20.85,-0.95,4.67,1255,1.0259,41.16,0.0874
02/08/2026,05:14,138.84,19.34,23.73,9.93,46.39,20.85,-0.96,4.67,1252,1.0259,41.30,0.0877
02/08/2026,05:15,138.85,19.36,23.75,9.93,46.46,20.91,-0.97,4.66,1257,1.0255,41.26,0.0877
02/08/2026,05:16,138.95,19.38,23.69,9.93,46.54,20.85,-0.96,4.67,1252,1.0253,41.29,0.0884
02/08/2026,05:17,138.96,19.40,23.64,9.91,46.51,20.88,-0.93,4.65,1246,1.0258,41.26,0.0886
02/08/2026,05:18,139.00,19.42,23.57,9.93,46.62,20.90,-0.94,4.67,1248,1.0257,41.21,0.0891
02/08/2026,05:19,139.03,19.46,23.56,9.92,46.64,20.91,-0.95,4.67,1245,1.0260,41.09,0.0889
02/08/2026,05:20,138.97,19.49,23.54,9.93,46.71,20.89,-0.94,4.68,1244,1.0257,41.05,0.0893
02/08/2026,05:21,138.91,19.49,23.53,9.91,46.66,20.89,-0.93,4.68,1243,1.0257,41.08,0.0895
02/08/2026,05:22,138.91,19.52,23.54,9.88,46.73,20.91,-0.94,4.68,1244,1.0258,40.98,0.0895
02/08/2026,05:23,138.84,19.56,23.54,9.93,46.61,20.94,-0.92,4.66,1248,1.0254,40.77,0.0895
02/08/2026,05:24,138.80,19.54,23.47,9.90,46.55,20.93,-0.91,4.64,1245,1.0252,40.75,0.0898
02/08/2026,05:25,138.83,19.58,23.45,9.88,46.56,20.94,-0.91,4.64,1246,1.0251,40.87,0.0906
02/08/2026,05:26,138.84,19.54,23.52,9.90,46.65,20.97,-0.92,4.64,1251,1.0250,40.78,0.0905
02/08/2026,05:27,138.80,19.53,23.52,9.90,46.55,20.99,-0.92,4.65,1249,1.0251,40.73,0.0905
02/08/2026,05:28,138.79,19.55,23.51,9.94,46.52,20.97,-0.91,4.65,1249,1.0245,40.71,0.0910
02/08/2026,05:29,138.77,19.57,23.54,9.92,46.48,20.96,-0.97,4.65,1253,1.0243,40.79,0.0908
02/08/2026,05:30,138.81,19.60,23.58,9.92,46.48,20.95,-1.00,4.66,1255,1.0243,40.76,0.0910
02/08/2026,05:31,138.82,19.64,23.55,9.93,46.51,20.90,-0.99,4.67,1256,1.0245,40.80,0.0908
02/08/2026,05:32,138.83,19.64,23.53,9.98,46.43,20.90,-0.96,4.66,1254,1.0251,40.75,0.0905
02/08/2026,05:33,138.85,19.62,23.52,9.98,46.55,20.86,-0.97,4.67,1253,1.0251,40.79,0.0908
02/08/2026,05:34,138.87,19.65,23.52,10.01,46.70,20.81,-0.96,4.68,1251,1.0251,40.82,0.0904
02/08/2026,05:35,138.88,19.66,23.48,9.97,46.74,20.83,-0.94,4.68,1251,1.0249,40.86,0.0908
02/08/2026,05:36,138.85,19.72,23.49,9.96,46.87,20.79,-0.92,4.68,1249,1.0250,40.94,0.0908
02/08/2026,05:37,138.86,19.72,23.47,9.95,46.86,20.81,-0.93,4.68,1249,1.0252,40.84,0.0901
02/08/2026,05:38,138.85,19.74,23.47,9.93,46.81,20.81,-0.93,4.68,1248,1.0250,40.84,0.0898
02/08/2026,05:39,138.88,19.75,23.44,9.90,46.79,20.82,-0.92,4.69,1249,1.0253,40.89,0.0898
02/08/2026,05:40,138.93,19.72,23.43,9.91,46.76,20.84,-0.90,4.70,1249,1.0251,40.94,0.0890
02/08/2026,05:41,138.92,19.78,23.51,9.94,46.78,20.81,-0.88,4.69,1252,1.0252,40.81,0.0882
02/08/2026,05:42,138.93,19.76,23.54,9.95,46.84,20.81,-0.89,4.69,1260,1.0253,40.79,0.0882
02/08/2026,05:43,138.96,19.80,23.59,9.96,46.90,20.80,-0.92,4.68,1265,1.0251,40.79,0.0883
02/08/2026,05:44,138.94,19.80,23.65,10.00,46.86,20.80,-0.96,4.68,1266,1.0249,40.85,0.0883
02/08/2026,05:45,138.94,19.83,23.61,9.95,46.90,20.82,-0.96,4.67,1260,1.0252,40.83,0.0877
02/08/2026,05:46,138.92,19.84,23.67,9.95,46.95,20.83,-0.96,4.67,1257,1.0251,40.98,0.0880
02/08/2026,05:47,138.87,19.90,23.65,9.94,46.95,20.82,-0.93,4.68,1255,1.0254,40.97,0.0882
02/08/2026,05:48,138.89,19.88,23.69,9.95,47.02,20.84,-0.95,4.68,1251,1.0257,41.12,0.0877
02/08/2026,05:49,138.88,19.90,23.67,9.97,47.15,20.83,-0.94,4.68,1249,1.0254,41.22,0.0881
02/08/2026,05:50,138.86,19.86,23.66,9.95,47.20,20.80,-0.93,4.68,1248,1.0255,41.32,0.0881
02/08/2026,05:51,138.83,19.88,23.68,9.95,47.29,20.79,-0.94,4.69,1247,1.0256,41.23,0.0882
02/08/2026,05:52,138.86,19.88,23.65,9.94,47.34,20.78,-0.97,4.70,1241,1.0258,41.30,0.0882
02/08/2026,05:53,138.92,19.86,23.63,9.92,47.26,20.80,-0.96,4.72,1241,1.0258,41.43,0.0881
02/08/2026,05:54,138.93,19.86,23.57,9.93,47.18,20.80,-0.97,4.72,1245,1.0260,41.51,0.0884
02/08/2026,05:55,138.96,19.90,23.57,9.91,47.08,20.80,-0.96,4.70,1247,1.0259,41.46,0.0879
02/08/2026,05:56,138.99,19.88,23.48,9.92,47.12,20.84,-0.95,4.70,1240,1.0261,41.44,0.0876
02/08/2026,05:57,138.96,19.92,23.46,9.96,47.09,20.87,-0.94,4.70,1237,1.0261,41.51,0.0880
02/08/2026,05:58,138.95,19.87,23.40,9.97,47.08,20.88,-0.93,4.70,1240,1.0261,41.44,0.0887
02/08/2026,05:59,139.00,19.91,23.40,9.99,47.04,20.91,-0.89,4.71,1241,1.0262,41.46,0.0891
02/08/2026,06:00,138.98,19.88,23.36,10.02,47.10,20.90,-0.90,4.71,1246,1.0261,41.53,0.0888
02/08/2026,06:01,138.99,19.91,23.41,10.04,47.02,20.89,-0.90,4.74,1253,1.0262,41.58,0.0886
02/08/2026,06:02,138.88,19.86,23.47,10.08,46.96,20.88,-0.93,4.74,1259,1.0265,41.73,0.0889
02/08/2026,06:03,138.93,19.85,23.48,10.09,46.90,20.86,-0.97,4.74,1262,1.0263,41.66,0.0886
02/08/2026,06:04,138.97,19.89,23.48,10.10,46.99,20.87,-0.96,4.75,1264,1.0263,41.64,0.0885
02/08/2026,06:05,139.00,19.94,23.53,10.16,46.84,20.86,-0.97,4.75,1264,1.0264,41.64,0.0882
02/08/2026,06:06,138.97,19.97,23.48,10.17,46.86,20.87,-0.97,4.76,1266,1.0264,41.66,0.0883
02/08/2026,06:07,138.98,19.92,23.54,10.17,46.76,20.88,-0.98,4.76,1263,1.0262,41.67,0.0883
02/08/2026,06:08,138.96,19.93,23.60,10.20,46.72,20.86,-0.99,4.78,1266,1.0265,41.56,0.0885
02/08/2026,06:09,139.01,19.97,23.68,10.25,46.77,20.82,-0.99,4.79,1271,1.0264,41.57,0.0880
02/08/2026,06:10,138.95,19.94,23.77,10.31,46.73,20.83,-1.04,4.77,1275,1.0265,41.51,0.0884
02/08/2026,06:11,138.97,19.89,23.84,10.33,46.67,20.79,-1.07,4.79,1279,1.0265,41.35,0.0890
02/08/2026,06:12,139.04,19.88,23.89,10.33,46.65,20.81,-1.09,4.79,1279,1.0266,41.24,0.0887
02/08/2026,06:13,139.05,19.88,23.92,10.36,46.73,20.75,-1.09,4.79,1281,1.0267,41.32,0.0886
02/08/2026,06:14,139.06,19.83,23.98,10.37,46.75,20.73,-1.15,4.79,1282,1.0268,41.35,0.0884
02/08/2026,06:15,139.05,19.85,23.92,10.37,46.68,20.72,-1.15,4.80,1278,1.0267,41.28,0.0887
02/08/2026,06:16,139.00,19.88,23.96,10.36,46.69,20.66,-1.11,4.78,1280,1.0266,41.07,0.0886
02/08/2026,06:17,139.10,19.90,24.01,10.37,46.68,20.68,-1.12,4.79,1279,1.0265,41.08,0.0883
02/08/2026,06:18,139.10,19.93,24.02,10.41,46.63,20.68,-1.08,4.79,1277,1.0267,41.20,0.0884
02/08/2026,06:19,139.14,19.98,24.03,10.43,46.68,20.67,-1.10,4.80,1277,1.0268,41.40,0.0880
02/08/2026,06:20,139.13,20.02,23.99,10.45,46.68,20.66,-1.06,4.80,1280,1.0267,41.30,0.0881
02/08/2026,06:21,139.13,20.10,23.96,10.42,46.72,20.63,-1.03,4.80,1282,1.0267,41.46,0.0882
02/08/2026,06:22,139.13,20.10,24.00,10.42,46.79,20.64,-1.03,4.81,1284,1.0269,41.44,0.0879
02/08/2026,06:23,139.18,20.06,24.06,10.44,46.80,20.62,-1.06,4.83,1286,1.0269,41.45,0.0880
02/08/2026,06:24,139.22,20.11,24.01,10.46,46.91,20.61,-1.07,4.84,1280,1.0265,41.42,0.0885
02/08/2026,06:25,139.29,20.15,24.04,10.46,46.84,20.59,-1.07,4.84,1282,1.0268,41.50,0.0880
02/08/2026,06:26,139.25,20.15,24.04,10.40,46.97,20.55,-1.07,4.82,1281,1.0267,41.49,0.0881
02/08/2026,06:27,139.18,20.18,24.04,10.44,47.01,20.52,-1.09,4.81,1281,1.0268,41.51,0.0881
02/08/2026,06:28,139.25,20.21,24.08,10.48,46.94,20.54,-1.10,4.81,1283,1.0269,41.60,0.0880
02/08/2026,06:29,139.27,20.17,24.07,10.47,46.95,20.55,-1.10,4.82,1281,1.0269,41.40,0.0880
02/08/2026,06:30,139.24,20.13,24.07,10.52,46.95,20.56,-1.10,4.82,1280,1.0269,41.28,0.0877
02/08/2026,06:31,139.19,20.17,24.06,10.51,46.93,20.52,-1.09,4.82,1281,1.0271,41.37,0.0879
02/08/2026,06:32,139.21,20.15,24.14,10.47,46.94,20.53,-1.10,4.82,1281,1.0271,41.45,0.0881
02/08/2026,06:33,139.30,20.16,24.15,10.44,46.77,20.54,-1.11,4.82,1278,1.0268,41.45,0.0880
02/08/2026,06:34,139.30,20.20,24.21,10.41,46.72,20.54,-1.12,4.85,1279,1.0266,41.58,0.0884
02/08/2026,06:35,139.30,20.11,24.15,10.42,46.75,20.53,-1.09,4.86,1278,1.0263,41.60,0.0884
02/08/2026,06:36,139.30,20.16,24.14,10.40,46.81,20.50,-1.08,4.84,1277,1.0260,41.64,0.0884
02/08/2026,06:37,139.37,20.16,24.10,10.41,46.70,20.50,-1.05,4.83,1273,1.0261,41.62,0.0885
02/08/2026,06:38,139.42,20.22,24.11,10.39,46.74,20.50,-1.04,4.83,1274,1.0261,41.56,0.0882
02/08/2026,06:39,139.35,20.26,24.10,10.41,46.78,20.44,-1.05,4.84,1275,1.0265,41.53,0.0879
02/08/2026,06:40,139.40,20.29,24.10,10.40,46.79,20.41,-1.07,4.83,1278,1.0265,41.44,0.0875
02/08/2026,06:41,139.40,20.30,24.08,10.37,46.74,20.41,-1.08,4.83,1280,1.0263,41.37,0.0874
02/08/2026,06:42,139.46,20.35,24.08,10.35,46.68,20.41,-1.08,4.85,1279,1.0268,41.28,0.0874
02/08/2026,06:43,139.45,20.38,24.08,10.32,46.80,20.44,-1.11,4.87,1281,1.0271,41.34,0.0873
02/08/2026,06:44,139.48,20.37,24.14,10.34,46.76,20.41,-1.11,4.85,1284,1.0267,41.52,0.0876
02/08/2026,06:45,139.57,20.42,24.14,10.35,46.71,20.40,-1.09,4.85,1285,1.0267,41.48,0.0876
02/08/2026,06:46,139.56,20.49,24.17,10.37,46.75,20.38,-1.08,4.84,1286,1.0262,41.32,0.0872
02/08/2026,06:47,139.63,20.60,24.26,10.32,46.76,20.35,-1.07,4.84,1281,1.0260,41.37,0.0869
02/08/2026,06:48,139.66,20.56,24.25,10.29,46.76,20.31,-1.09,4.84,1275,1.0260,41.45,0.0861
02/08/2026,06:49,139.64,20.56,24.25,10.31,46.79,20.30,-1.11,4.84,1272,1.0258,41.54,0.0864
02/08/2026,06:50,139.62,20.55,24.24,10.28,46.74,20.30,-1.10,4.84,1269,1.0260,41.56,0.0866
02/08/2026,06:51,139.59,20.58,24.20,10.29,46.79,20.33,-1.11,4.84,1271,1.0256,41.51,0.0871
02/08/2026,06:52,139.51,20.62,24.20,10.30,46.85,20.35,-1.07,4.83,1274,1.0255,41.70,0.0863
02/08/2026,06:53,139.58,20.61,24.16,10.30,46.96,20.32,-1.08,4.81,1277,1.0258,41.72,0.0865
02/08/2026,06:54,139.50,20.64,24.11,10.27,47.00,20.32,-1.06,4.81,1272,1.0257,41.73,0.0868
02/08/2026,06:55,139.49,20.59,24.18,10.27,47.02,20.36,-1.03,4.83,1276,1.0258,41.68,0.0874
02/08/2026,06:56,139.48,20.63,24.18,10.27,47.00,20.41,-1.01,4.82,1277,1.0258,41.73,0.0879
02/08/2026,06:57,139.47,20.61,24.20,10.29,47.01,20.43,-1.03,4.82,1283,1.0256,41.77,0.0875
02/08/2026,06:58,139.43,20.60,24.21,10.29,46.97,20.47,-1.04,4.81,1289,1.0260,41.86,0.0875
02/08/2026,06:59,139.46,20.66,24.14,10.34,47.00,20.45,-1.02,4.80,1288,1.0260,42.11,0.0877
02/08/2026,07:00,139.40,20.66,24.13,10.35,46.93,20.40,-1.04,4.81,1285,1.0258,42.13,0.0877
02/08/2026,07:01,139.41,20.67,24.16,10.36,47.01,20.39,-1.04,4.79,1284,1.0262,42.07,0.0876
02/08/2026,07:02,139.39,20.67,24.18,10.42,46.91,20.35,-1.05,4.78,1283,1.0261,42.07,0.0872
02/08/2026,07:03,139.40,20.76,24.20,10.40,46.96,20.35,-1.06,4.78,1282,1.0264,41.94,0.0871
02/08/2026,07:04,139.33,20.78,24.24,10.40,46.87,20.37,-1.06,4.80,1278,1.0266,41.98,0.0865
02/08/2026,07:05,139.32,20.82,24.20,10.41,46.96,20.43,-1.03,4.78,1279,1.0265,41.99,0.0867
02/08/2026,07:06,139.39,20.82,24.22,10.43,46.98,20.42,-1.01,4.77,1279,1.0263,41.95,0.0862
02/08/2026,07:07,139.35,20.78,24.21,10.40,46.90,20.41,-1.04,4.78,1277,1.0260,41.90,0.0862
02/08/2026,07:08,139.30,20.87,24.19,10.43,46.87,20.39,-1.05,4.78,1280,1.0259,41.95,0.0867
02/08/2026,07:09,139.30,20.82,24.20,10.45,46.96,20.42,-1.04,4.78,1278,1.0259,41.95,0.0869
02/08/2026,07:10,139.27,20.84,24.20,10.47,47.02,20.38,-1.03,4.78,1280,1.0262,41.85,0.0871
02/08/2026,07:11,139.24,20.88,24.24,10.44,46.97,20.32,-1.04,4.78,1286,1.0265,41.78,0.0873
02/08/2026,07:12,139.17,20.93,24.26,10.40,46.89,20.32,-1.05,4.78,1285,1.0269,41.78,0.0878
02/08/2026,07:13,139.16,21.05,24.22,10.45,46.99,20.30,-1.04,4.78,1287,1.0266,41.65,0.0883
02/08/2026,07:14,139.14,21.07,24.26,10.45,47.10,20.33,-1.07,4.80,1285,1.0267,41.71,0.0888
02/08/2026,07:15,139.09,21.01,24.27,10.41,47.25,20.29,-1.08,4.81,1287,1.0266,41.79,0.0888
02/08/2026,07:16,139.11,21.03,24.26,10.38,47.22,20.34,-1.10,4.81,1285,1.0268,41.69,0.0892
02/08/2026,07:17,139.12,21.07,24.32,10.37,47.32,20.33,-1.09,4.80,1287,1.0272,41.62,0.0887
02/08/2026,07:18,139.19,21.04,24.26,10.43,47.34,20.33,-1.09,4.82,1289,1.0271,41.72,0.0892
02/08/2026,07:19,139.23,21.12,24.38,10.44,47.29,20.34,-1.06,4.83,1291,1.0272,41.47,0.0891
02/08/2026,07:20,139.19,21.13,24.44,10.44,47.32,20.29,-1.08,4.81,1296,1.0273,41.33,0.0887
02/08/2026,07:21,139.17,21.11,24.48,10.45,47.21,20.31,-1.13,4.82,1295,1.0271,41.37,0.0888
02/08/2026,07:22,139.24,21.16,24.52,10.40,47.28,20.32,-1.13,4.82,1292,1.0270,41.39,0.0890
02/08/2026,07:23,139.24,21.21,24.45,10.41,47.23,20.33,-1.13,4.83,1293,1.0270,41.42,0.0889
02/08/2026,07:24,139.30,21.24,24.44,10.36,47.33,20.33,-1.11,4.84,1292,1.0270,41.31,0.0890
02/08/2026,07:25,139.33,21.23,24.43,10.39,47.32,20.33,-1.12,4.82,1297,1.0274,41.36,0.0887
02/08/2026,07:26,139.37,21.25,24.46,10.41,47.28,20.33,-1.14,4.85,1294,1.0276,41.45,0.0889
02/08/2026,07:27,139.40,21.22,24.49,10.42,47.25,20.36,-1.14,4.86,1293,1.0277,41.46,0.0891
02/08/2026,07:28,139.38,21.23,24.52,10.39,47.24,20.35,-1.18,4.87,1294,1.0272,41.54,0.0887
02/08/2026,07:29,139.43,21.28,24.54,10.42,47.12,20.35,-1.18,4.87,1296,1.0277,41.52,0.0892
02/08/2026,07:30,139.45,21.26,24.54,10.43,47.21,20.34,-1.15,4.87,1297,1.0278,41.40,0.0893
02/08/2026,07:31,139.37,21.20,24.59,10.42,47.13,20.30,-1.15,4.86,1297,1.0280,41.47,0.0897
02/08/2026,07:32,139.39,21.22,24.56,10.43,47.31,20.31,-1.17,4.85,1297,1.0283,41.43,0.0898
02/08/2026,07:33,139.45,21.21,24.59,10.40,47.27,20.32,-1.21,4.84,1296,1.0284,41.37,0.0899
02/08/2026,07:34,139.46,21.23,24.61,10.44,47.29,20.32,-1.19,4.83,1298,1.0283,41.32,0.0894
02/08/2026,07:35,139.46,21.23,24.56,10.44,47.15,20.32,-1.21,4.85,1296,1.0281,41.42,0.0892
02/08/2026,07:36,139.52,21.29,24.57,10.46,47.18,20.37,-1.20,4.84,1295,1.0278,41.45,0.0892
02/08/2026,07:37,139.47,21.32,24.60,10.45,47.23,20.36,-1.21,4.82,1293,1.0277,41.52,0.0892
02/08/2026,07:38,139.48,21.35,24.60,10.45,47.14,20.36,-1.22,4.81,1292,1.0276,41.44,0.0892
02/08/2026,07:39,139.49,21.36,24.55,10.43,47.07,20.37,-1.20,4.80,1291,1.0274,41.45,0.0893
02/08/2026,07:40,139.47,21.37,24.54,10.43,47.14,20.35,-1.21,4.80,1293,1.0272,41.47,0.0888
02/08/2026,07:41,139.47,21.43,24.57,10.45,47.13,20.39,-1.21,4.82,1290,1.0267,41.49,0.0892
02/08/2026,07:42,139.53,21.37,24.60,10.42,47.13,20.38,-1.19,4.84,1284,1.0265,41.41,0.0889
02/08/2026,07:43,139.50,21.39,24.55,10.42,47.25,20.38,-1.17,4.85,1287,1.0262,41.35,0.0888
02/08/2026,07:44,139.49,21.38,24.51,10.42,47.25,20.34,-1.16,4.87,1289,1.0267,41.33,0.0889
02/08/2026,07:45,139.46,21.35,24.50,10.44,47.24,20.29,-1.16,4.87,1291,1.0265,41.31,0.0890
02/08/2026,07:46,139.41,21.39,24.49,10.47,47.32,20.25,-1.16,4.87,1292,1.0265,41.27,0.0892
02/08/2026,07:47,139.36,21.49,24.43,10.47,47.39,20.27,-1.14,4.86,1289,1.0265,41.33,0.0892
02/08/2026,07:48,139.34,21.49,24.45,10.46,47.40,20.25,-1.15,4.87,1291,1.0270,41.37,0.0888
02/08/2026,07:49,139.34,21.48,24.51,10.44,47.40,20.26,-1.18,4.87,1291,1.0269,41.56,0.0887
02/08/2026,07:50,139.28,21.48,24.50,10.44,47.38,20.27,-1.21,4.86,1293,1.0266,41.68,0.0890
02/08/2026,07:51,139.34,21.44,24.48,10.40,47.23,20.26,-1.20,4.86,1291,1.0261,41.75,0.0892
02/08/2026,07:52,139.38,21.51,24.45,10.42,47.15,20.24,-1.19,4.85,1289,1.0261,41.84,0.0885
02/08/2026,07:53,139.48,21.49,24.48,10.37,47.18,20.26,-1.18,4.84,1292,1.0264,41.92,0.0885
02/08/2026,07:54,139.48,21.54,24.46,10.37,47.24,20.26,-1.16,4.83,1294,1.0268,41.96,0.0884
02/08/2026,07:55,139.47,21.63,24.44,10.39,47.28,20.23,-1.14,4.82,1289,1.0270,42.11,0.0885
02/08/2026,07:56,139.42,21.61,24.39,10.41,47.30,20.21,-1.17,4.84,1287,1.0265,42.02,0.0880
02/08/2026,07:57,139.45,21.64,24.35,10.43,47.15,20.21,-1.11,4.86,1284,1.0265,41.98,0.0879
02/08/2026,07:58,139.58,21.60,24.31,10.46,47.19,20.19,-1.13,4.85,1288,1.0266,42.02,0.0872
02/08/2026,07:59,139.54,21.62,24.34,10.45,47.20,20.16,-1.14,4.84,1291,1.0266,42.03,0.0868
02/08/2026,08:00,139.55,21.52,24.37,10.45,47.18,20.16,-1.13,4.83,1292,1.0267,41.93,0.0866
02/08/2026,08:01,139.63,21.52,24.36,10.45,47.17,20.18,-1.10,4.83,1290,1.0270,41.84,0.0864
02/08/2026,08:02,139.58,21.52,24.36,10.44,47.09,20.18,-1.15,4.82,1292,1.0270,41.83,0.0863
02/08/2026,08:03,139.51,21.59,24.39,10.44,47.21,20.23,-1.11,4.83,1292,1.0272,41.85,0.0868
02/08/2026,08:04,139.50,21.62,24.41,10.47,47.29,20.25,-1.10,4.83,1292,1.0271,41.89,0.0874
02/08/2026,08:05,139.49,21.62,24.40,10.47,47.31,20.23,-1.07,4.82,1286,1.0270,41.95,0.0871
02/08/2026,08:06,139.45,21.68,24.41,10.46,47.37,20.24,-1.07,4.83,1283,1.0269,42.02,0.0868
02/08/2026,08:07,139.42,21.69,24.42,10.45,47.34,20.26,-1.06,4.82,1282,1.0268,42.01,0.0868
02/08/2026,08:08,139.41,21.74,24.36,10.42,47.39,20.28,-1.08,4.83,1282,1.0266,42.04,0.0867
02/08/2026,08:09,139.43,21.84,24.37,10.44,47.44,20.31,-1.09,4.84,1281,1.0264,41.99,0.0863
02/08/2026,08:10,139.47,21.83,24.34,10.42,47.48,20.30,-1.10,4.85,1279,1.0264,41.99,0.0867
02/08/2026,08:11,139.42,21.79,24.28,10.41,47.51,20.30,-1.10,4.86,1278,1.0262,41.96,0.0869
02/08/2026,08:12,139.38,21.77,24.22,10.45,47.46,20.25,-1.10,4.87,1282,1.0265,41.88,0.0867
02/08/2026,08:13,139.37,21.80,24.16,10.44,47.46,20.26,-1.13,4.88,1279,1.0263,41.88,0.0869
02/08/2026,08:14,139.35,21.80,24.20,10.41,47.57,20.22,-1.10,4.87,1283,1.0266,42.00,0.0861
02/08/2026,08:15,139.38,21.82,24.18,10.38,47.52,20.20,-1.09,4.87,1286,1.0268,42.16,0.0858
02/08/2026,08:16,139.36,21.84,24.18,10.34,47.45,20.18,-1.12,4.85,1281,1.0270,42.04,0.0854
02/08/2026,08:17,139.47,21.86,24.22,10.41,47.51,20.18,-1.14,4.86,1285,1.0273,42.16,0.0855
02/08/2026,08:18,139.51,21.87,24.24,10.41,47.45,20.21,-1.13,4.86,1284,1.0275,42.09,0.0860
02/08/2026,08:19,139.54,21.86,24.23,10.44,47.51,20.23,-1.11,4.85,1288,1.0275,42.02,0.0865
02/08/2026,08:20,139.55,21.92,24.32,10.43,47.52,20.23,-1.10,4.86,1290,1.0275,41.96,0.0865
02/08/2026,08:21,139.47,21.94,24.33,10.43,47.51,20.25,-1.13,4.87,1288,1.0273,41.94,0.0869
02/08/2026,08:22,139.45,21.94,24.32,10.39,47.54,20.26,-1.10,4.85,1290,1.0275,42.01,0.0869
02/08/2026,08:23,139.45,21.94,24.34,10.42,47.47,20.20,-1.11,4.86,1284,1.0274,42.00,0.0870
02/08/2026,08:24,139.43,22.00,24.33,10.43,47.45,20.21,-1.09,4.85,1279,1.0272,42.16,0.0868
02/08/2026,08:25,139.47,22.00,24.38,10.42,47.43,20.19,-1.09,4.85,1284,1.0274,42.19,0.0867
02/08/2026,08:26,139.47,22.07,24.34,10.42,47.31,20.19,-1.10,4.85,1284,1.0274,42.21,0.0866
02/08/2026,08:27,139.49,22.10,24.38,10.40,47.47,20.22,-1.10,4.84,1289,1.0270,42.05,0.0870
02/08/2026,08:28,139.42,22.14,24.40,10.41,47.51,20.22,-1.10,4.83,1293,1.0268,42.02,0.0868
02/08/2026,08:29,139.39,22.11,24.38,10.38,47.38,20.19,-1.12,4.85,1292,1.0269,42.12,0.0868
02/08/2026,08:30,139.44,22.16,24.32,10.36,47.40,20.15,-1.15,4.84,1294,1.0270,42.05,0.0869
02/08/2026,08:31,139.48,22.13,24.34,10.37,47.42,20.08,-1.13,4.85,1296,1.0270,41.99,0.0866
02/08/2026,08:32,139.45,22.16,24.33,10.41,47.40,20.09,-1.13,4.85,1299,1.0272,41.97,0.0864
02/08/2026,08:33,139.39,22.20,24.35,10.42,47.31,20.10,-1.16,4.84,1297,1.0276,41.95,0.0868
02/08/2026,08:34,139.39,22.25,24.32,10.39,47.43,20.09,-1.15,4.83,1292,1.0277,42.08,0.0865
02/08/2026,08:35,139.31,22.26,24.36,10.42,47.44,20.14,-1.12,4.83,1292,1.0278,42.01,0.0864
02/08/2026,08:36,139.39,22.34,24.41,10.43,47.56,20.13,-1.14,4.82,1296,1.0275,42.00,0.0869
02/08/2026,08:37,139.45,22.32,24.43,10.44,47.57,20.12,-1.12,4.82,1297,1.0277,42.14,0.0870
02/08/2026,08:38,139.45,22.39,24.46,10.42,47.52,20.13,-1.12,4.81,1296,1.0276,42.19,0.0868
02/08/2026,08:39,139.43,22.39,24.47,10.41,47.53,20.13,-1.11,4.81,1294,1.0273,42.16,0.0866
02/08/2026,08:40,139.43,22.42,24.46,10.42,47.59,20.15,-1.12,4.82,1290,1.0269,42.17,0.0866
02/08/2026,08:41,139.46,22.41,24.43,10.38,47.63,20.13,-1.12,4.81,1288,1.0266,42.02,0.0873
02/08/2026,08:42,139.44,22.41,24.47,10.40,47.53,20.12,-1.12,4.81,1289,1.0271,41.95,0.0878
02/08/2026,08:43,139.50,22.45,24.48,10.45,47.55,20.10,-1.11,4.80,1292,1.0268,42.04,0.0883
02/08/2026,08:44,139.45,22.41,24.46,10.44,47.53,20.09,-1.10,4.79,1289,1.0268,41.93,0.0883
02/08/2026,08:45,139.44,22.45,24.43,10.40,47.52,20.06,-1.11,4.80,1291,1.0271,41.93,0.0885
02/08/2026,08:46,139.46,22.50,24.45,10.43,47.66,20.05,-1.11,4.81,1292,1.0269,41.99,0.0880
02/08/2026,08:47,139.46,22.48,24.52,10.45,47.59,20.07,-1.13,4.81,1294,1.0273,42.09,0.0878
02/08/2026,08:48,139.52,22.45,24.48,10.48,47.53,20.03,-1.15,4.83,1289,1.0269,42.08,0.0878
02/08/2026,08:49,139.50,22.42,24.48,10.47,47.48,20.02,-1.13,4.83,1288,1.0273,42.03,0.0878
02/08/2026,08:50,139.44,22.50,24.44,10.46,47.55,20.02,-1.13,4.83,1289,1.0267,41.99,0.0883
02/08/2026,08:51,139.48,22.51,24.45,10.46,47.60,20.03,-1.15,4.83,1294,1.0269,42.00,0.0875
02/08/2026,08:52,139.51,22.57,24.42,10.46,47.57,20.09,-1.16,4.84,1292,1.0269,42.06,0.0876
02/08/2026,08:53,139.53,22.58,24.41,10.47,47.57,20.09,-1.15,4.85,1295,1.0267,42.03,0.0871
02/08/2026,08:54,139.50,22.58,24.42,10.50,47.46,20.09,-1.15,4.85,1295,1.0269,42.09,0.0867
02/08/2026,08:55,139.48,22.58,24.38,10.52,47.39,20.10,-1.12,4.86,1290,1.0267,42.11,0.0863
02/08/2026,08:56,139.49,22.57,24.43,10.50,47.34,20.10,-1.09,4.86,1293,1.0268,42.19,0.0861
02/08/2026,08:57,139.50,22.69,24.45,10.55,47.34,20.10,-1.09,4.87,1288,1.0269,42.09,0.0861
02/08/2026,08:58,139.57,22.65,24.39,10.54,47.26,20.11,-1.09,4.88,1285,1.0267,42.05,0.0865
02/08/2026,08:59,139.63,22.67,24.38,10.56,47.30,20.07,-1.12,4.87,1288,1.0264,42.09,0.0868
02/08/2026,09:00,139.64,22.64,24.43,10.54,47.25,20.04,-1.13,4.85,1290,1.0262,42.14,0.0869
02/08/2026,09:01,139.64,22.74,24.49,10.50,47.28,20.04,-1.13,4.85,1293,1.0265,42.19,0.0877
02/08/2026,09:02,139.65,22.70,24.47,10.50,47.18,20.08,-1.12,4.85,1293,1.0263,42.20,0.0876
02/08/2026,09:03,139.61,22.77,24.45,10.50,47.07,20.10,-1.14,4.87,1291,1.0266,42.18,0.0871
02/08/2026,09:04,139.57,22.80,24.50,10.50,47.05,20.11,-1.12,4.85,1290,1.0266,42.24,0.0868
02/08/2026,09:05,139.54,22.81,24.51,10.52,47.15,20.11,-1.12,4.84,1291,1.0263,42.13,0.0871
02/08/2026,09:06,139.44,22.79,24.52,10.53,47.12,20.13,-1.09,4.83,1290,1.0262,42.15,0.0873
02/08/2026,09:07,139.33,22.85,24.46,10.52,47.14,20.12,-1.07,4.82,1290,1.0266,42.16,0.0875
02/08/2026,09:08,139.31,22.89,24.41,10.50,47.09,20.11,-1.09,4.80,1290,1.0265,42.13,0.0878
02/08/2026,09:09,139.36,22.92,24.38,10.49,47.07,20.10,-1.09,4.81,1285,1.0263,42.13,0.0882
02/08/2026,09:10,139.38,22.90,24.32,10.42,47.17,20.08,-1.06,4.80,1288,1.0264,42.23,0.0879
02/08/2026,09:11,139.37,22.89,24.33,10.46,47.23,20.07,-1.09,4.78,1290,1.0263,42.24,0.0883
02/08/2026,09:12,139.31,22.91,24.34,10.45,47.27,20.03,-1.07,4.79,1289,1.0264,42.31,0.0888
02/08/2026,09:13,139.26,22.91,24.38,10.38,47.14,20.03,-1.06,4.80,1291,1.0264,42.42,0.0898
02/08/2026,09:14,139.24,22.92,24.36,10.42,47.12,20.02,-1.05,4.81,1290,1.0264,42.43,0.0903
02/08/2026,09:15,139.30,22.96,24.36,10.43,47.06,20.05,-1.08,4.79,1294,1.0263,42.32,0.0896
02/08/2026,09:16,139.30,23.01,24.38,10.46,47.09,20.09,-1.10,4.79,1292,1.0268,42.20,0.0896
02/08/2026,09:17,139.32,23.09,24.43,10.49,47.20,20.10,-1.14,4.79,1291,1.0269,42.25,0.0896
02/08/2026,09:18,139.24,23.13,24.43,10.48,47.19,20.11,-1.14,4.83,1292,1.0265,42.15,0.0892
02/08/2026,09:19,139.30,23.14,24.46,10.45,47.20,20.08,-1.18,4.82,1295,1.0266,42.19,0.0897
02/08/2026,09:20,139.28,23.12,24.50,10.46,47.16,20.08,-1.16,4.83,1295,1.0270,42.17,0.0898
02/08/2026,09:21,139.32,23.13,24.46,10.51,47.29,20.03,-1.14,4.82,1288,1.0268,42.14,0.0897
02/08/2026,09:22,139.35,23.15,24.42,10.46,47.26,20.06,-1.16,4.83,1285,1.0265,42.10,0.0900
02/08/2026,09:23,139.45,23.22,24.41,10.40,47.13,20.06,-1.14,4.85,1283,1.0263,42.08,0.0897
02/08/2026,09:24,139.44,23.28,24.36,10.45,47.05,20.05,-1.16,4.86,1286,1.0266,42.10,0.0904
02/08/2026,09:25,139.42,23.31,24.32,10.43,47.11,20.04,-1.19,4.86,1286,1.0262,42.06,0.0905
02/08/2026,09:26,139.42,23.30,24.32,10.46,47.02,20.04,-1.18,4.86,1286,1.0265,41.90,0.0910
02/08/2026,09:27,139.43,23.33,24.30,10.47,47.00,20.08,-1.18,4.87,1285,1.0266,42.04,0.0903
02/08/2026,09:28,139.43,23.34,24.32,10.44,46.99,20.09,-1.18,4.87,1287,1.0262,42.18,0.0907
02/08/2026,09:29,139.40,23.23,24.33,10.41,47.06,20.08,-1.20,4.86,1289,1.0260,42.12,0.0913
02/08/2026,09:30,139.42,23.29,24.31,10.40,47.05,20.10,-1.22,4.84,1290,1.0256,42.14,0.0911
02/08/2026,09:31,139.40,23.30,24.35,10.39,47.03,20.10,-1.20,4.85,1290,1.0256,42.19,0.0913
02/08/2026,09:32,139.39,23.36,24.25,10.41,47.01,20.12,-1.20,4.85,1288,1.0255,42.11,0.0908
02/08/2026,09:33,139.29,23.37,24.27,10.44,47.13,20.09,-1.20,4.85,1283,1.0257,41.97,0.0909
02/08/2026,09:34,139.24,23.31,24.32,10.45,47.09,20.06,-1.20,4.85,1286,1.0254,42.05,0.0913
02/08/2026,09:35,139.18,23.35,24.34,10.45,47.17,20.10,-1.21,4.85,1285,1.0256,42.03,0.0912
02/08/2026,09:36,139.06,23.31,24.38,10.44,47.09,20.11,-1.21,4.84,1285,1.0258,42.07,0.0915
02/08/2026,09:37,139.10,23.30,24.41,10.43,47.05,20.14,-1.18,4.85,1285,1.0260,42.11,0.0914
02/08/2026,09:38,139.12,23.29,24.43,10.48,47.13,20.17,-1.14,4.85,1285,1.0258,42.10,0.0920
02/08/2026,09:39,139.19,23.32,24.44,10.48,47.15,20.16,-1.16,4.84,1289,1.0257,42.17,0.0919
02/08/2026,09:40,139.15,23.37,24.47,10.52,47.24,20.16,-1.13,4.85,1290,1.0260,42.22,0.0913
02/08/2026,09:41,139.17,23.40,24.50,10.52,47.39,20.17,-1.16,4.85,1291,1.0260,42.17,0.0918
02/08/2026,09:42,139.29,23.43,24.46,10.52,47.39,20.19,-1.17,4.85,1289,1.0259,42.26,0.0919
02/08/2026,09:43,139.36,23.46,24.38,10.52,47.39,20.16,-1.18,4.85,1290,1.0259,42.17,0.0916
02/08/2026,09:44,139.40,23.49,24.37,10.51,47.23,20.16,-1.17,4.85,1291,1.0258,42.06,0.0918
02/08/2026,09:45,139.43,23.57,24.35,10.47,47.29,20.12,-1.15,4.84,1288,1.0261,41.96,0.0922
02/08/2026,09:46,139.38,23.63,24.35,10.46,47.21,20.13,-1.13,4.85,1290,1.0259,41.92,0.0915
02/08/2026,09:47,139.38,23.68,24.36,10.52,47.26,20.12,-1.14,4.85,1285,1.0261,41.88,0.0917
02/08/2026,09:48,139.34,23.75,24.33,10.53,47.21,20.13,-1.13,4.85,1281,1.0269,41.91,0.0916
02/08/2026,09:49,139.29,23.81,24.34,10.55,47.31,20.14,-1.09,4.85,1281,1.0268,41.79,0.0918
02/08/2026,09:50,139.28,23.79,24.34,10.56,47.40,20.13,-1.09,4.84,1283,1.0265,41.80,0.0924
02/08/2026,09:51,139.29,23.77,24.30,10.56,47.43,20.14,-1.09,4.85,1286,1.0265,41.85,0.0925
02/08/2026,09:52,139.20,23.82,24.29,10.54,47.43,20.11,-1.07,4.85,1278,1.0265,41.82,0.0932
02/08/2026,09:53,139.33,23.84,24.23,10.55,47.43,20.08,-1.08,4.83,1283,1.0266,41.81,0.0932
02/08/2026,09:54,139.36,23.82,24.36,10.61,47.41,20.07,-1.09,4.85,1285,1.0265,41.90,0.0927
02/08/2026,09:55,139.39,23.81,24.38,10.56,47.47,20.05,-1.09,4.84,1285,1.0269,41.84,0.0927
02/08/2026,09:56,139.37,23.85,24.38,10.55,47.45,20.03,-1.08,4.83,1287,1.0266,41.76,0.0927
02/08/2026,09:57,139.34,23.81,24.40,10.53,47.38,20.02,-1.11,4.83,1287,1.0267,41.98,0.0928
02/08/2026,09:58,139.37,23.80,24.44,10.53,47.41,20.01,-1.09,4.83,1290,1.0270,41.94,0.0925
02/08/2026,09:59,139.37,23.83,24.43,10.52,47.42,19.99,-1.10,4.84,1288,1.0272,41.88,0.0929
02/08/2026,10:00,139.46,23.88,24.46,10.50,47.47,19.99,-1.11,4.84,1285,1.0269,41.82,0.0923
02/08/2026,10:01,139.45,23.91,24.49,10.50,47.57,20.03,-1.13,4.84,1290,1.0272,41.82,0.0920
02/08/2026,10:02,139.45,23.96,24.49,10.56,47.54,20.03,-1.13,4.84,1288,1.0275,42.01,0.0921
02/08/2026,10:03,139.49,23.98,24.43,10.55,47.58,20.09,-1.11,4.85,1285,1.0272,41.93,0.0917
02/08/2026,10:04,139.49,23.99,24.39,10.51,47.66,20.09,-1.12,4.85,1284,1.0275,41.88,0.0916
02/08/2026,10:05,139.49,23.96,24.35,10.53,47.57,20.11,-1.13,4.85,1280,1.0278,41.81,0.0915
02/08/2026,10:06,139.49,24.00,24.38,10.54,47.46,20.11,-1.16,4.85,1283,1.0279,41.69,0.0908
02/08/2026,10:07,139.44,24.04,24.35,10.54,47.49,20.14,-1.15,4.84,1283,1.0280,41.86,0.0906
02/08/2026,10:08,139.45,24.01,24.33,10.53,47.54,20.14,-1.10,4.85,1285,1.0284,41.86,0.0906
02/08/2026,10:09,139.41,24.01,24.32,10.50,47.59,20.14,-1.11,4.84,1286,1.0284,41.95,0.0906
02/08/2026,10:10,139.34,23.99,24.21,10.50,47.58,20.14,-1.14,4.84,1283,1.0286,41.89,0.0905
02/08/2026,10:11,139.45,23.98,24.17,10.50,47.59,20.11,-1.15,4.84,1280,1.0279,41.93,0.0904
02/08/2026,10:12,139.38,24.03,24.13,10.50,47.65,20.09,-1.13,4.84,1280,1.0277,42.01,0.0904
02/08/2026,10:13,139.40,24.09,24.09,10.47,47.73,20.08,-1.12,4.86,1278,1.0279,42.13,0.0908
02/08/2026,10:14,139.43,24.20,24.07,10.44,47.71,20.05,-1.12,4.86,1278,1.0280,42.18,0.0906
02/08/2026,10:15,139.43,24.17,24.07,10.46,47.77,20.05,-1.09,4.85,1279,1.0273,42.24,0.0903
02/08/2026,10:16,139.39,24.19,24.08,10.48,47.81,20.11,-1.09,4.86,1280,1.0275,42.33,0.0899
02/08/2026,10:17,139.39,24.26,24.17,10.45,47.75,20.13,-1.08,4.87,1282,1.0279,42.51,0.0901
02/08/2026,10:18,139.45,24.28,24.18,10.45,47.75,20.09,-1.09,4.88,1284,1.0278,42.67,0.0896
02/08/2026,10:19,139.44,24.30,24.21,10.43,47.74,20.13,-1.10,4.87,1291,1.0278,42.80,0.0899
02/08/2026,10:20,139.43,24.33,24.31,10.44,47.68,20.17,-1.10,4.86,1291,1.0277,42.84,0.0903
02/08/2026,10:21,139.40,24.41,24.36,10.44,47.72,20.19,-1.12,4.84,1290,1.0275,42.81,0.0900
02/08/2026,10:22,139.37,24.49,24.38,10.46,47.74,20.23,-1.11,4.85,1285,1.0278,42.78,0.0898
02/08/2026,10:23,139.39,24.44,24.40,10.43,47.78,20.23,-1.13,4.86,1286,1.0278,42.81,0.0895
02/08/2026,10:24,139.40,24.49,24.40,10.37,47.80,20.22,-1.15,4.85,1286,1.0277,42.88,0.0891
02/08/2026,10:25,139.37,24.47,24.36,10.37,47.77,20.18,-1.16,4.85,1284,1.0277,42.82,0.0887
02/08/2026,10:26,139.38,24.54,24.43,10.38,47.62,20.20,-1.18,4.84,1289,1.0271,42.71,0.0883
02/08/2026,10:27,139.38,24.61,24.40,10.36,47.53,20.20,-1.21,4.84,1293,1.0276,42.81,0.0883
02/08/2026,10:28,139.45,24.60,24.42,10.38,47.32,20.17,-1.21,4.84,1294,1.0277,42.85,0.0880
02/08/2026,10:29,139.46,24.72,24.41,10.39,47.40,20.15,-1.22,4.84,1296,1.0276,42.75,0.0878
02/08/2026,10:30,139.39,24.80,24.48,10.42,47.50,20.18,-1.24,4.84,1298,1.0272,42.81,0.0873
02/08/2026,10:31,139.35,24.83,24.44,10.44,47.48,20.18,-1.25,4.84,1292,1.0274,42.83,0.0875
02/08/2026,10:32,139.32,24.85,24.42,10.46,47.55,20.17,-1.28,4.84,1294,1.0269,42.82,0.0865
02/08/2026,10:33,139.32,24.91,24.41,10.44,47.61,20.19,-1.28,4.85,1296,1.0268,42.73,0.0870
02/08/2026,10:34,139.34,24.88,24.45,10.41,47.51,20.23,-1.25,4.87,1299,1.0267,42.88,0.0876
02/08/2026,10:35,139.33,24.86,24.42,10.43,47.59,20.24,-1.23,4.87,1294,1.0267,42.79,0.0872
02/08/2026,10:36,139.30,24.85,24.44,10.47,47.61,20.24,-1.21,4.86,1287,1.0269,42.72,0.0868
02/08/2026,10:37,139.41,24.85,24.46,10.49,47.63,20.28,-1.21,4.86,1286,1.0274,42.67,0.0871
02/08/2026,10:38,139.44,24.89,24.43,10.48,47.61,20.28,-1.19,4.85,1287,1.0271,42.59,0.0865
02/08/2026,10:39,139.47,24.90,24.36,10.49,47.65,20.23,-1.21,4.83,1286,1.0272,42.69,0.0860
02/08/2026,10:40,139.48,24.95,24.42,10.46,47.58,20.22,-1.22,4.82,1286,1.0267,42.70,0.0861
02/08/2026,10:41,139.41,24.91,24.41,10.46,47.58,20.24,-1.20,4.80,1287,1.0269,42.78,0.0863
02/08/2026,10:42,139.39,24.90,24.42,10.47,47.55,20.24,-1.20,4.81,1287,1.0269,42.88,0.0861
02/08/2026,10:43,139.34,24.87,24.38,10.44,47.58,20.21,-1.20,4.81,1283,1.0272,42.78,0.0862
02/08/2026,10:44,139.30,24.83,24.38,10.37,47.53,20.21,-1.17,4.81,1283,1.0275,42.85,0.0861
02/08/2026,10:45,139.22,24.87,24.39,10.40,47.60,20.16,-1.18,4.81,1285,1.0274,42.85,0.0864
02/08/2026,10:46,139.25,24.84,24.41,10.37,47.61,20.16,-1.18,4.83,1283,1.0274,42.68,0.0867
02/08/2026,10:47,139.23,24.89,24.38,10.39,47.52,20.17,-1.14,4.81,1279,1.0273,42.71,0.0870
02/08/2026,10:48,139.30,24.91,24.33,10.40,47.58,20.19,-1.12,4.81,1284,1.0277,42.54,0.0870
02/08/2026,10:49,139.26,24.94,24.36,10.38,47.68,20.25,-1.12,4.80,1286,1.0275,42.51,0.0873
02/08/2026,10:50,139.26,25.00,24.36,10.38,47.73,20.27,-1.09,4.81,1284,1.0271,42.48,0.0875
02/08/2026,10:51,139.31,25.01,24.29,10.40,47.74,20.27,-1.11,4.82,1285,1.0273,42.50,0.0877
02/08/2026,10:52,139.37,25.04,24.28,10.40,47.76,20.28,-1.11,4.82,1285,1.0275,42.41,0.0879
02/08/2026,10:53,139.41,25.06,24.29,10.40,47.72,20.26,-1.12,4.83,1284,1.0271,42.46,0.0879
02/08/2026,10:54,139.41,25.13,24.25,10.36,47.68,20.25,-1.16,4.83,1281,1.0276,42.42,0.0877
02/08/2026,10:55,139.48,25.11,24.28,10.38,47.61,20.27,-1.17,4.83,1283,1.0280,42.36,0.0874
02/08/2026,10:56,139.48,25.11,24.21,10.39,47.68,20.27,-1.16,4.84,1283,1.0280,42.41,0.0869
02/08/2026,10:57,139.44,25.14,24.23,10.41,47.72,20.26,-1.13,4.84,1282,1.0284,42.51,0.0864
02/08/2026,10:58,139.40,25.14,24.18,10.46,47.68,20.28,-1.13,4.83,1283,1.0285,42.44,0.0863
02/08/2026,10:59,139.37,25.14,24.18,10.45,47.58,20.26,-1.08,4.82,1280,1.0284,42.59,0.0860
02/08/2026,11:00,139.26,25.19,24.18,10.44,47.62,20.25,-1.05,4.82,1280,1.0282,42.73,0.0868
02/08/2026,11:01,139.22,25.26,24.24,10.43,47.51,20.30,-1.05,4.81,1279,1.0281,42.71,0.0866
02/08/2026,11:02,139.18,25.29,24.21,10.45,47.55,20.31,-1.05,4.82,1282,1.0282,42.65,0.0867
02/08/2026,11:03,139.13,25.27,24.21,10.42,47.50,20.36,-1.07,4.84,1285,1.0284,42.73,0.0867
02/08/2026,11:04,139.06,25.32,24.21,10.41,47.58,20.32,-1.06,4.86,1281,1.0285,42.70,0.0866
02/08/2026,11:05,139.10,25.31,24.24,10.40,47.58,20.31,-1.08,4.86,1279,1.0284,42.70,0.0874
02/08/2026,11:06,139.06,25.34,24.26,10.41,47.44,20.29,-1.09,4.85,1283,1.0280,42.65,0.0876
02/08/2026,11:07,139.13,25.36,24.30,10.45,47.40,20.23,-1.10,4.85,1284,1.0280,42.65,0.0878
02/08/2026,11:08,139.18,25.36,24.19,10.43,47.45,20.15,-1.12,4.85,1284,1.0276,42.75,0.0878
02/08/2026,11:09,139.23,25.35,24.22,10.44,47.41,20.17,-1.11,4.86,1287,1.0276,42.68,0.0881
02/08/2026,11:10,139.26,25.35,24.19,10.45,47.35,20.20,-1.10,4.86,1283,1.0273,42.83,0.0880
02/08/2026,11:11,139.27,25.43,24.19,10.45,47.25,20.20,-1.12,4.86,1284,1.0272,42.81,0.0877
02/08/2026,11:12,139.32,25.51,24.10,10.47,47.20,20.19,-1.11,4.84,1280,1.0275,42.78,0.0881
02/08/2026,11:13,139.36,25.47,24.16,10.50,47.22,20.24,-1.12,4.82,1280,1.0277,42.84,0.0884
02/08/2026,11:14,139.37,25.45,24.15,10.52,47.27,20.23,-1.10,4.82,1274,1.0278,42.81,0.0886
02/08/2026,11:15,139.34,25.46,24.13,10.51,47.43,20.23,-1.09,4.83,1272,1.0282,42.71,0.0885
02/08/2026,11:16,139.33,25.49,24.17,10.46,47.38,20.20,-1.11,4.84,1272,1.0284,42.69,0.0883
02/08/2026,11:17,139.22,25.49,24.19,10.51,47.42,20.20,-1.11,4.82,1269,1.0283,42.71,0.0886
02/08/2026,11:18,139.17,25.54,24.14,10.51,47.45,20.19,-1.07,4.85,1268,1.0279,42.72,0.0891
02/08/2026,11:19,139.14,25.58,24.12,10.52,47.53,20.19,-1.03,4.85,1267,1.0280,42.82,0.0890
02/08/2026,11:20,139.20,25.67,24.12,10.51,47.46,20.23,-1.05,4.84,1271,1.0281,42.93,0.0893
02/08/2026,11:21,139.19,25.71,24.14,10.54,47.49,20.21,-1.02,4.85,1273,1.0281,42.97,0.0896
02/08/2026,11:22,139.22,25.71,24.13,10.54,47.55,20.15,-1.03,4.87,1275,1.0281,43.01,0.0900
02/08/2026,11:23,139.20,25.72,24.08,10.54,47.57,20.15,-1.04,4.87,1269,1.0280,42.94,0.0902
02/08/2026,11:24,139.21,25.76,24.04,10.58,47.50,20.14,-1.07,4.87,1269,1.0276,42.93,0.0904
02/08/2026,11:25,139.27,25.78,24.06,10.61,47.53,20.14,-1.07,4.88,1269,1.0275,42.91,0.0909
02/08/2026,11:26,139.33,25.86,24.05,10.55,47.56,20.13,-1.08,4.88,1267,1.0276,43.02,0.0905
02/08/2026,11:27,139.32,25.90,24.03,10.56,47.68,20.12,-1.07,4.86,1265,1.0277,42.94,0.0901
02/08/2026,11:28,139.39,25.93,23.98,10.54,47.80,20.11,-1.09,4.85,1268,1.0276,43.11,0.0904
02/08/2026,11:29,139.34,25.97,23.97,10.53,47.86,20.09,-1.06,4.87,1269,1.0281,42.95,0.0907
02/08/2026,11:30,139.33,25.96,23.99,10.52,47.81,20.10,-1.08,4.86,1269,1.0282,43.01,0.0910
02/08/2026,11:31,139.33,25.96,23.94,10.54,47.74,20.10,-1.10,4.86,1276,1.0282,43.08,0.0915
02/08/2026,11:32,139.32,26.00,23.93,10.53,47.73,20.08,-1.11,4.86,1275,1.0281,42.92,0.0909
02/08/2026,11:33,139.35,26.00,23.95,10.54,47.63,20.07,-1.09,4.87,1275,1.0280,42.93,0.0909
02/08/2026,11:34,139.29,25.95,23.96,10.56,47.69,20.10,-1.09,4.86,1278,1.0279,42.94,0.0905
02/08/2026,11:35,139.32,25.97,23.94,10.57,47.68,20.11,-1.08,4.86,1282,1.0275,43.11,0.0905
02/08/2026,11:36,139.29,25.94,23.96,10.60,47.63,20.12,-1.05,4.86,1282,1.0274,43.17,0.0909
02/08/2026,11:37,139.31,25.95,23.97,10.60,47.69,20.09,-1.05,4.87,1277,1.0277,43.32,0.0911
02/08/2026,11:38,139.26,26.03,24.00,10.60,47.74,20.08,-1.04,4.88,1276,1.0278,43.38,0.0905
02/08/2026,11:39,139.25,26.08,23.98,10.59,47.76,20.03,-1.03,4.87,1276,1.0278,43.29,0.0901
02/08/2026,11:40,139.26,26.08,24.01,10.63,47.75,20.02,-1.02,4.87,1285,1.0273,43.39,0.0902
02/08/2026,11:41,139.25,26.07,24.03,10.58,47.74,20.02,-1.02,4.87,1285,1.0275,43.29,0.0903
02/08/2026,11:42,139.24,26.11,24.04,10.57,47.77,19.99,-1.09,4.86,1286,1.0273,43.38,0.0907
02/08/2026,11:43,139.27,26.14,24.03,10.59,47.75,19.97,-1.09,4.83,1280,1.0276,43.37,0.0912
02/08/2026,11:44,139.32,26.15,24.07,10.56,47.68,19.96,-1.09,4.85,1284,1.0278,43.19,0.0916
02/08/2026,11:45,139.37,26.14,24.08,10.55,47.69,19.99,-1.07,4.86,1283,1.0279,43.21,0.0916
02/08/2026,11:46,139.45,26.08,24.06,10.53,47.73,20.05,-1.08,4.86,1285,1.0280,43.32,0.0913
02/08/2026,11:47,139.43,26.15,24.11,10.55,47.75,20.05,-1.12,4.86,1288,1.0279,43.40,0.0914
02/08/2026,11:48,139.48,26.12,24.08,10.56,47.70,20.00,-1.10,4.86,1283,1.0280,43.44,0.0918
02/08/2026,11:49,139.45,26.15,24.08,10.53,47.67,20.00,-1.09,4.85,1281,1.0277,43.38,0.0915
02/08/2026,11:50,139.50,26.20,24.08,10.50,47.74,19.98,-1.07,4.87,1280,1.0276,43.34,0.0914
02/08/2026,11:51,139.52,26.22,24.11,10.55,47.77,19.97,-1.10,4.86,1276,1.0277,43.38,0.0916
02/08/2026,11:52,139.51,26.27,24.08,10.52,47.72,20.01,-1.11,4.86,1276,1.0274,43.35,0.0919
02/08/2026,11:53,139.54,26.29,24.12,10.49,47.72,19.99,-1.12,4.86,1282,1.0272,43.35,0.0915
02/08/2026,11:54,139.53,26.41,24.12,10.54,47.61,19.98,-1.11,4.87,1282,1.0271,43.30,0.0915
02/08/2026,11:55,139.44,26.42,24.12,10.56,47.66,20.00,-1.09,4.87,1282,1.0275,43.11,0.0913
02/08/2026,11:56,139.38,26.46,24.15,10.58,47.61,20.02,-1.10,4.88,1280,1.0277,43.05,0.0910
02/08/2026,11:57,139.41,26.42,24.16,10.56,47.60,20.04,-1.11,4.88,1279,1.0277,43.05,0.0905
02/08/2026,11:58,139.46,26.50,24.21,10.51,47.61,20.03,-1.09,4.88,1281,1.0274,43.01,0.0902
02/08/2026,11:59,139.50,26.54,24.26,10.52,47.51,20.06,-1.10,4.86,1286,1.0272,43.14,0.0902
02/08/2026,12:00,139.42,26.59,24.30,10.51,47.48,20.03,-1.07,4.86,1287,1.0269,43.09,0.0903
02/08/2026,12:01,139.37,26.65,24.27,10.53,47.45,20.06,-1.06,4.83,1283,1.0266,43.18,0.0911
02/08/2026,12:02,139.43,26.62,24.25,10.55,47.47,20.08,-1.07,4.82,1286,1.0264,43.05,0.0908
02/08/2026,12:03,139.35,26.65,24.22,10.54,47.53,20.10,-1.07,4.84,1283,1.0264,43.15,0.0912
02/08/2026,12:04,139.34,26.66,24.24,10.50,47.70,20.12,-1.06,4.84,1289,1.0263,43.16,0.0913
02/08/2026,12:05,139.36,26.64,24.25,10.46,47.76,20.15,-1.04,4.85,1287,1.0264,43.33,0.0904
02/08/2026,12:06,139.41,26.66,24.18,10.50,47.81,20.14,-1.07,4.85,1283,1.0266,43.34,0.0903
02/08/2026,12:07,139.35,26.64,24.20,10.51,47.82,20.16,-1.06,4.84,1283,1.0267,43.36,0.0902
02/08/2026,12:08,139.33,26.72,24.19,10.51,47.85,20.16,-1.09,4.85,1285,1.0272,43.55,0.0898
02/08/2026,12:09,139.31,26.79,24.17,10.55,47.94,20.11,-1.07,4.85,1286,1.0276,43.54,0.0897
02/08/2026,12:10,139.27,26.75,24.23,10.58,48.09,20.11,-1.07,4.84,1288,1.0276,43.62,0.0895
02/08/2026,12:11,139.29,26.77,24.19,10.58,48.09,20.11,-1.05,4.83,1281,1.0274,43.64,0.0898
02/08/2026,12:12,139.23,26.81,24.18,10.59,48.12,20.13,-1.03,4.83,1282,1.0269,43.53,0.0901
02/08/2026,12:13,139.27,26.79,24.21,10.58,48.07,20.14,-1.01,4.82,1281,1.0268,43.59,0.0903
02/08/2026,12:14,139.29,26.78,24.26,10.58,47.96,20.12,-0.99,4.83,1277,1.0269,43.52,0.0903
02/08/2026,12:15,139.31,26.82,24.21,10.57,47.96,20.11,-1.00,4.82,1273,1.0268,43.50,0.0904
02/08/2026,12:16,139.32,26.81,24.18,10.57,47.84,20.09,-1.03,4.83,1276,1.0270,43.45,0.0904
02/08/2026,12:17,139.30,26.85,24.20,10.59,47.99,20.08,-1.05,4.85,1277,1.0269,43.31,0.0898
02/08/2026,12:18,139.20,26.88,24.13,10.56,48.00,20.06,-1.05,4.84,1275,1.0270,43.37,0.0895
02/08/2026,12:19,139.22,26.91,24.09,10.52,47.85,20.09,-1.05,4.84,1278,1.0270,43.43,0.0895
02/08/2026,12:20,139.24,26.93,24.10,10.56,47.83,20.07,-1.04,4.83,1278,1.0272,43.47,0.0900
02/08/2026,12:21,139.27,26.97,24.11,10.57,47.71,20.02,-1.06,4.85,1280,1.0269,43.52,0.0903
02/08/2026,12:22,139.27,26.94,24.12,10.56,47.66,20.03,-1.09,4.83,1278,1.0268,43.50,0.0905
02/08/2026,12:23,139.27,26.97,24.11,10.58,47.75,20.02,-1.07,4.83,1281,1.0266,43.54,0.0906
02/08/2026,12:24,139.26,26.95,24.16,10.57,47.76,19.98,-1.07,4.84,1282,1.0264,43.65,0.0912
02/08/2026,12:25,139.26,26.97,24.20,10.56,47.77,19.99,-1.09,4.83,1284,1.0267,43.67,0.0915
02/08/2026,12:26,139.18,27.04,24.15,10.58,47.77,19.99,-1.07,4.81,1283,1.0267,43.78,0.0916
02/08/2026,12:27,139.22,27.08,24.20,10.54,47.69,19.97,-1.09,4.81,1283,1.0266,43.77,0.0914
02/08/2026,12:28,139.16,27.09,24.20,10.51,47.71,19.99,-1.07,4.83,1284,1.0266,43.71,0.0921
02/08/2026,12:29,139.11,27.12,24.17,10.49,47.78,20.00,-1.07,4.81,1285,1.0269,43.62,0.0922
02/08/2026,12:30,139.10,27.14,24.22,10.49,47.86,19.99,-1.06,4.83,1282,1.0268,43.58,0.0927
02/08/2026,12:31,139.07,27.14,24.24,10.50,47.89,19.95,-1.05,4.82,1286,1.0266,43.76,0.0929
02/08/2026,12:32,139.13,27.19,24.29,10.52,47.80,19.96,-1.07,4.83,1286,1.0263,43.87,0.0930
02/08/2026,12:33,139.20,27.21,24.33,10.54,47.90,20.00,-1.06,4.83,1285,1.0264,43.93,0.0926
02/08/2026,12:34,139.23,27.22,24.40,10.59,47.98,20.02,-1.07,4.82,1285,1.0262,43.82,0.0924
02/08/2026,12:35,139.29,27.22,24.41,10.58,47.99,19.98,-1.07,4.82,1282,1.0261,43.83,0.0927
02/08/2026,12:36,139.28,27.29,24.41,10.53,48.02,19.98,-1.07,4.83,1284,1.0260,43.88,0.0927
02/08/2026,12:37,139.28,27.37,24.37,10.53,48.05,20.01,-1.07,4.83,1289,1.0258,43.81,0.0923
02/08/2026,12:38,139.34,27.42,24.33,10.52,47.98,20.00,-1.07,4.83,1289,1.0258,43.74,0.0924
02/08/2026,12:39,139.35,27.43,24.38,10.51,48.07,20.01,-1.05,4.83,1289,1.0262,43.83,0.0919
02/08/2026,12:40,139.40,27.47,24.36,10.49,48.11,20.02,-1.07,4.84,1287,1.0262,43.91,0.0919
02/08/2026,12:41,139.40,27.50,24.37,10.52,48.22,20.03,-1.05,4.83,1286,1.0260,43.80,0.0915
02/08/2026,12:42,139.35,27.52,24.40,10.50,48.08,20.07,-1.08,4.83,1283,1.0258,43.87,0.0916
02/08/2026,12:43,139.34,27.56,24.39,10.48,47.97,20.01,-1.06,4.80,1283,1.0258,43.71,0.0915
02/08/2026,12:44,139.22,27.52,24.42,10.47,47.90,20.02,-1.10,4.81,1283,1.0262,43.77,0.0909
02/08/2026,12:45,139.17,27.60,24.37,10.51,47.98,20.01,-1.09,4.81,1283,1.0264,43.72,0.0910
02/08/2026,12:46,139.25,27.65,24.37,10.50,48.01,20.02,-1.07,4.80,1288,1.0264,43.77,0.0908
02/08/2026,12:47,139.30,27.63,24.38,10.48,47.97,20.04,-1.09,4.80,1287,1.0264,43.85,0.0913
02/08/2026,12:48,139.28,27.61,24.37,10.45,47.98,20.05,-1.10,4.80,1291,1.0265,43.87,0.0907
02/08/2026,12:49,139.31,27.59,24.40,10.45,47.99,20.03,-1.12,4.83,1290,1.0268,43.82,0.0910
02/08/2026,12:50,139.36,27.61,24.32,10.44,47.98,20.02,-1.10,4.85,1290,1.0271,43.84,0.0906
02/08/2026,12:51,139.37,27.61,24.33,10.44,48.00,20.05,-1.10,4.85,1292,1.0273,43.85,0.0902
02/08/2026,12:52,139.40,27.63,24.31,10.47,48.14,20.06,-1.10,4.85,1288,1.0277,43.77,0.0907
02/08/2026,12:53,139.45,27.64,24.31,10.49,48.14,20.05,-1.13,4.84,1286,1.0274,43.64,0.0902
02/08/2026,12:54,139.39,27.67,24.30,10.53,48.08,20.03,-1.14,4.83,1286,1.0271,43.58,0.0898
02/08/2026,12:55,139.36,27.66,24.36,10.56,48.02,20.05,-1.16,4.83,1285,1.0268,43.64,0.0891
02/08/2026,12:56,139.37,27.65,24.34,10.58,48.13,20.07,-1.15,4.83,1286,1.0270,43.81,0.0888
02/08/2026,12:57,139.34,27.69,24.31,10.55,48.12,20.05,-1.15,4.85,1281,1.0274,43.77,0.0888
02/08/2026,12:58,139.34,27.69,24.28,10.57,47.99,20.05,-1.16,4.84,1284,1.0274,43.63,0.0879
02/08/2026,12:59,139.39,27.64,24.21,10.51,47.97,20.06,-1.15,4.85,1280,1.0275,43.71,0.0877
02/08/2026,13:00,139.36,27.63,24.19,10.55,48.02,19.99,-1.14,4.86,1279,1.0278,43.52,0.0884
02/08/2026,13:01,139.37,27.64,24.10,10.51,48.07,19.99,-1.17,4.85,1280,1.0272,43.58,0.0885
02/08/2026,13:02,139.39,27.68,24.12,10.51,48.14,20.00,-1.15,4.85,1278,1.0270,43.71,0.0890
02/08/2026,13:03,139.41,27.76,24.10,10.52,48.25,20.02,-1.13,4.86,1278,1.0269,43.65,0.0891
02/08/2026,13:04,139.43,27.81,24.02,10.46,48.22,19.99,-1.14,4.84,1277,1.0265,43.74,0.0892
02/08/2026,13:05,139.40,27.81,24.08,10.46,48.16,19.97,-1.15,4.85,1282,1.0266,43.72,0.0890
02/08/2026,13:06,139.27,27.73,24.12,10.45,48.24,19.97,-1.14,4.83,1282,1.0264,43.77,0.0895
02/08/2026,13:07,139.30,27.74,24.10,10.45,48.34,19.95,-1.11,4.82,1280,1.0261,43.66,0.0896
02/08/2026,13:08,139.35,27.77,24.07,10.48,48.17,19.97,-1.12,4.82,1282,1.0260,43.68,0.0891
02/08/2026,13:09,139.36,27.80,24.00,10.52,48.15,19.96,-1.11,4.81,1275,1.0257,43.82,0.0887
02/08/2026,13:10,139.45,27.82,24.06,10.53,48.25,19.92,-1.10,4.80,1279,1.0258,43.87,0.0884
02/08/2026,13:11,139.46,27.79,24.04,10.52,48.17,19.94,-1.09,4.79,1279,1.0263,43.90,0.0882
02/08/2026,13:12,139.48,27.77,24.06,10.51,48.23,20.01,-1.12,4.79,1282,1.0262,43.91,0.0883
02/08/2026,13:13,139.52,27.84,24.10,10.53,48.18,19.97,-1.12,4.81,1281,1.0262,43.97,0.0881
02/08/2026,13:14,139.51,27.90,24.15,10.48,48.22,19.97,-1.11,4.80,1285,1.0262,44.01,0.0878
02/08/2026,13:15,139.49,27.95,24.21,10.47,48.22,19.95,-1.11,4.80,1284,1.0265,43.88,0.0885
02/08/2026,13:16,139.55,27.98,24.25,10.46,48.09,19.92,-1.11,4.79,1281,1.0267,44.04,0.0888
02/08/2026,13:17,139.58,27.97,24.23,10.49,48.16,19.90,-1.13,4.82,1283,1.0272,44.13,0.0885
02/08/2026,13:18,139.60,28.08,24.30,10.49,48.22,19.94,-1.11,4.80,1283,1.0272,44.08,0.0890
02/08/2026,13:19,139.63,28.07,24.27,10.49,48.40,19.93,-1.11,4.80,1282,1.0274,44.18,0.0896
02/08/2026,13:20,139.62,28.03,24.25,10.46,48.25,20.00,-1.04,4.79,1280,1.0274,44.19,0.0892
02/08/2026,13:21,139.57,28.03,24.22,10.46,48.30,20.04,-1.03,4.79,1283,1.0274,44.18,0.0891
02/08/2026,13:22,139.58,28.05,24.25,10.44,48.25,20.04,-1.04,4.80,1284,1.0273,43.99,0.0890
02/08/2026,13:23,139.54,28.03,24.21,10.44,48.24,20.08,-1.05,4.79,1280,1.0273,43.95,0.0887
02/08/2026,13:24,139.49,28.02,24.17,10.45,48.33,20.05,-1.04,4.78,1279,1.0273,43.94,0.0887
02/08/2026,13:25,139.45,27.99,24.17,10.48,48.43,20.05,-1.05,4.77,1277,1.0275,43.96,0.0885
02/08/2026,13:26,139.36,27.97,24.15,10.47,48.41,20.07,-1.08,4.78,1281,1.0275,43.92,0.0887
02/08/2026,13:27,139.36,28.00,24.08,10.51,48.39,20.06,-1.06,4.78,1276,1.0274,43.93,0.0888
02/08/2026,13:28,139.27,27.99,24.04,10.45,48.49,20.08,-1.06,4.78,1280,1.0274,44.00,0.0890
02/08/2026,13:29,139.23,27.98,24.00,10.48,48.45,20.05,-1.05,4.77,1278,1.0271,44.03,0.0895
02/08/2026,13:30,139.27,28.01,24.01,10.45,48.53,20.07,-1.04,4.77,1278,1.0269,43.97,0.0892
02/08/2026,13:31,139.26,28.02,24.02,10.44,48.43,20.08,-1.03,4.79,1277,1.0269,43.96,0.0896
02/08/2026,13:32,139.24,28.12,24.02,10.45,48.46,20.07,-1.05,4.79,1281,1.0270,43.97,0.0899
02/08/2026,13:33,139.26,28.12,24.04,10.43,48.51,20.11,-1.05,4.79,1284,1.0270,44.07,0.0901
02/08/2026,13:34,139.32,28.13,24.04,10.45,48.49,20.09,-1.04,4.77,1284,1.0269,44.11,0.0902
02/08/2026,13:35,139.39,28.14,24.07,10.44,48.59,20.09,-1.03,4.77,1287,1.0268,44.19,0.0899
02/08/2026,13:36,139.37,28.13,24.11,10.43,48.57,20.07,-1.05,4.80,1291,1.0269,44.08,0.0899
02/08/2026,13:37,139.43,28.15,24.12,10.44,48.64,20.12,-1.04,4.80,1293,1.0270,44.01,0.0901
02/08/2026,13:38,139.41,28.15,24.14,10.45,48.65,20.09,-1.03,4.79,1292,1.0267,43.91,0.0900
02/08/2026,13:39,139.43,28.23,24.15,10.49,48.56,20.05,-1.06,4.81,1295,1.0265,43.94,0.0894
02/08/2026,13:40,139.44,28.30,24.15,10.45,48.58,20.08,-1.06,4.80,1298,1.0265,43.90,0.0898
02/08/2026,13:41,139.39,28.37,24.19,10.47,48.53,20.03,-1.07,4.80,1295,1.0263,43.81,0.0891
02/08/2026,13:42,139.40,28.37,24.19,10.47,48.66,20.05,-1.10,4.81,1293,1.0265,43.75,0.0887
02/08/2026,13:43,139.41,28.37,24.17,10.46,48.67,20.06,-1.09,4.81,1294,1.0264,43.81,0.0885
02/08/2026,13:44,139.41,28.44,24.25,10.45,48.65,20.04,-1.12,4.81,1293,1.0262,43.75,0.0880
02/08/2026,13:45,139.43,28.52,24.26,10.44,48.56,20.02,-1.15,4.82,1290,1.0263,43.80,0.0881
02/08/2026,13:46,139.36,28.51,24.38,10.43,48.55,20.04,-1.14,4.81,1291,1.0264,43.92,0.0882
02/08/2026,13:47,139.34,28.55,24.37,10.48,48.61,20.01,-1.12,4.81,1287,1.0269,43.82,0.0883
02/08/2026,13:48,139.36,28.56,24.39,10.50,48.57,20.03,-1.15,4.81,1287,1.0273,43.86,0.0877
02/08/2026,13:49,139.27,28.61,24.37,10.53,48.41,20.03,-1.14,4.82,1285,1.0274,43.98,0.0876
02/08/2026,13:50,139.26,28.64,24.37,10.52,48.29,20.03,-1.11,4.82,1284,1.0275,44.00,0.0876
02/08/2026,13:51,139.25,28.67,24.30,10.49,48.35,20.02,-1.08,4.83,1285,1.0277,44.03,0.0876
02/08/2026,13:52,139.20,28.69,24.28,10.49,48.44,20.02,-1.06,4.84,1281,1.0278,44.05,0.0876
02/08/2026,13:53,139.25,28.71,24.25,10.48,48.42,20.02,-1.06,4.84,1280,1.0273,44.05,0.0875
02/08/2026,13:54,139.24,28.74,24.23,10.49,48.48,20.02,-1.06,4.85,1283,1.0274,44.08,0.0870
02/08/2026,13:55,139.32,28.73,24.26,10.54,48.52,20.05,-1.07,4.83,1282,1.0275,44.19,0.0872
02/08/2026,13:56,139.31,28.76,24.21,10.57,48.50,20.09,-1.09,4.83,1278,1.0273,44.21,0.0873
02/08/2026,13:57,139.27,28.82,24.22,10.56,48.64,20.08,-1.07,4.82,1279,1.0276,44.24,0.0874
02/08/2026,13:58,139.31,28.81,24.30,10.55,48.62,20.07,-1.07,4.82,1282,1.0275,44.17,0.0873
02/08/2026,13:59,139.36,28.84,24.22,10.52,48.53,20.10,-1.08,4.84,1280,1.0278,44.29,0.0869
02/08/2026,14:00,139.32,28.85,24.16,10.49,48.47,20.11,-1.10,4.84,1276,1.0278,44.31,0.0862
02/08/2026,14:01,139.30,28.83,24.14,10.42,48.49,20.12,-1.10,4.84,1272,1.0278,44.24,0.0858
02/08/2026,14:02,139.41,28.76,24.13,10.43,48.44,20.13,-1.08,4.84,1272,1.0277,44.31,0.0854
02/08/2026,14:03,139.47,28.69,24.06,10.44,48.49,20.17,-1.11,4.84,1266,1.0274,44.28,0.0863
02/08/2026,14:04,139.56,28.68,24.05,10.47,48.50,20.18,-1.10,4.84,1266,1.0273,44.28,0.0865
02/08/2026,14:05,139.59,28.70,24.12,10.46,48.53,20.17,-1.11,4.81,1270,1.0272,44.34,0.0863
02/08/2026,14:06,139.59,28.73,24.05,10.42,48.47,20.16,-1.08,4.81,1268,1.0268,44.35,0.0862
02/08/2026,14:07,139.59,28.73,24.04,10.44,48.35,20.19,-1.07,4.80,1266,1.0268,44.31,0.0861
02/08/2026,14:08,139.51,28.77,24.05,10.43,48.39,20.15,-1.05,4.79,1267,1.0271,44.34,0.0858
02/08/2026,14:09,139.46,28.77,23.99,10.41,48.27,20.13,-1.09,4.80,1266,1.0271,44.31,0.0857
02/08/2026,14:10,139.46,28.74,24.00,10.40,48.31,20.15,-1.06,4.80,1267,1.0273,44.35,0.0857
02/08/2026,14:11,139.47,28.70,23.92,10.40,48.35,20.15,-1.08,4.80,1265,1.0274,44.35,0.0850
02/08/2026,14:12,139.43,28.78,23.90,10.40,48.36,20.17,-1.10,4.82,1267,1.0277,44.32,0.0847
02/08/2026,14:13,139.36,28.81,23.98,10.38,48.42,20.16,-1.13,4.83,1273,1.0274,44.11,0.0852
02/08/2026,14:14,139.35,28.80,24.04,10.32,48.40,20.11,-1.11,4.82,1276,1.0269,43.99,0.0851
02/08/2026,14:15,139.41,28.81,24.08,10.34,48.40,20.13,-1.10,4.82,1276,1.0272,44.09,0.0850
02/08/2026,14:16,139.44,28.84,24.07,10.32,48.46,20.14,-1.10,4.82,1277,1.0273,44.15,0.0848
02/08/2026,14:17,139.41,28.84,24.04,10.31,48.39,20.18,-1.11,4.81,1280,1.0271,44.16,0.0850
02/08/2026,14:18,139.44,28.84,24.13,10.35,48.44,20.23,-1.08,4.82,1281,1.0273,44.19,0.0852
02/08/2026,14:19,139.51,28.82,24.13,10.35,48.45,20.22,-1.07,4.81,1280,1.0273,44.34,0.0853
02/08/2026,14:20,139.49,28.85,24.18,10.37,48.50,20.21,-1.07,4.79,1281,1.0274,44.30,0.0853
02/08/2026,14:21,139.41,28.91,24.21,10.37,48.40,20.20,-1.08,4.78,1280,1.0271,44.24,0.0848
02/08/2026,14:22,139.46,28.91,24.15,10.35,48.49,20.16,-1.06,4.79,1273,1.0274,44.08,0.0851
02/08/2026,14:23,139.46,28.99,24.09,10.33,48.47,20.19,-1.07,4.79,1271,1.0270,44.09,0.0854
02/08/2026,14:24,139.47,28.99,24.10,10.33,48.41,20.21,-1.09,4.78,1271,1.0271,44.03,0.0851
02/08/2026,14:25,139.53,28.99,24.02,10.33,48.40,20.24,-1.08,4.78,1270,1.0272,44.06,0.0842
02/08/2026,14:26,139.51,28.95,23.98,10.33,48.43,20.26,-1.07,4.79,1268,1.0270,44.17,0.0838
02/08/2026,14:27,139.48,28.95,24.01,10.30,48.33,20.23,-1.04,4.78,1271,1.0269,44.24,0.0839
02/08/2026,14:28,139.51,28.88,24.02,10.28,48.36,20.23,-1.03,4.78,1269,1.0271,44.12,0.0841
02/08/2026,14:29,139.48,28.87,24.02,10.33,48.36,20.24,-1.03,4.79,1269,1.0274,44.08,0.0842
02/08/2026,14:30,139.48,28.79,24.04,10.33,48.39,20.26,-1.05,4.79,1269,1.0270,44.26,0.0843
02/08/2026,14:31,139.48,28.79,24.06,10.29,48.47,20.28,-1.06,4.79,1267,1.0266,44.29,0.0841
02/08/2026,14:32,139.49,28.83,23.95,10.29,48.57,20.24,-1.07,4.80,1264,1.0266,44.19,0.0844
02/08/2026,14:33,139.50,28.87,23.97,10.32,48.59,20.25,-1.07,4.79,1261,1.0265,44.13,0.0840
02/08/2026,14:34,139.51,28.93,24.00,10.30,48.50,20.23,-1.04,4.79,1266,1.0265,44.12,0.0840
02/08/2026,14:35,139.50,28.90,23.93,10.29,48.49,20.25,-1.04,4.79,1267,1.0263,44.15,0.0846
02/08/2026,14:36,139.53,28.84,23.89,10.30,48.57,20.30,-1.05,4.80,1265,1.0265,44.05,0.0846
02/08/2026,14:37,139.57,28.78,23.92,10.30,48.62,20.28,-1.06,4.80,1266,1.0265,44.03,0.0847
02/08/2026,14:38,139.55,28.80,23.86,10.26,48.54,20.31,-1.06,4.80,1264,1.0268,43.98,0.0851
02/08/2026,14:39,139.55,28.79,23.91,10.29,48.59,20.30,-1.04,4.81,1267,1.0267,43.91,0.0854
02/08/2026,14:40,139.50,28.82,23.94,10.27,48.66,20.29,-1.07,4.80,1271,1.0266,43.94,0.0859
02/08/2026,14:41,139.58,28.81,24.00,10.26,48.71,20.29,-1.11,4.80,1272,1.0272,43.99,0.0857
02/08/2026,14:42,139.49,28.86,23.97,10.28,48.77,20.30,-1.10,4.80,1270,1.0267,44.10,0.0860
02/08/2026,14:43,139.53,28.90,23.96,10.32,48.70,20.28,-1.11,4.82,1274,1.0264,44.33,0.0853
02/08/2026,14:44,139.51,28.94,23.99,10.32,48.60,20.27,-1.09,4.83,1276,1.0262,44.21,0.0854
02/08/2026,14:45,139.49,29.00,23.99,10.28,48.57,20.33,-1.08,4.83,1281,1.0265,44.19,0.0851
02/08/2026,14:46,139.51,28.99,24.08,10.29,48.48,20.27,-1.06,4.83,1283,1.0268,44.23,0.0860
02/08/2026,14:47,139.57,29.02,24.09,10.30,48.53,20.24,-1.05,4.83,1282,1.0270,44.14,0.0859
02/08/2026,14:48,139.53,29.05,24.08,10.30,48.43,20.24,-1.05,4.84,1281,1.0269,44.03,0.0866
02/08/2026,14:49,139.60,29.11,24.12,10.29,48.49,20.24,-1.03,4.85,1277,1.0270,43.94,0.0868
02/08/2026,14:50,139.66,29.03,24.13,10.26,48.54,20.25,-1.03,4.84,1277,1.0271,44.00,0.0870
02/08/2026,14:51,139.64,29.05,24.16,10.24,48.47,20.25,-1.03,4.83,1272,1.0271,44.09,0.0868
02/08/2026,14:52,139.63,29.03,24.14,10.23,48.41,20.27,-1.03,4.83,1270,1.0269,44.09,0.0868
02/08/2026,14:53,139.64,29.02,24.12,10.20,48.36,20.27,-1.04,4.83,1271,1.0270,44.02,0.0870
02/08/2026,14:54,139.75,29.04,24.15,10.18,48.43,20.31,-1.06,4.82,1275,1.0273,43.99,0.0870
02/08/2026,14:55,139.79,29.09,24.14,10.17,48.38,20.34,-1.06,4.81,1269,1.0272,44.02,0.0870
02/08/2026,14:56,139.73,29.11,24.04,10.16,48.45,20.39,-1.04,4.81,1267,1.0275,44.03,0.0863
02/08/2026,14:57,139.67,29.14,24.00,10.15,48.40,20.42,-1.05,4.80,1268,1.0271,43.97,0.0867
02/08/2026,14:58,139.63,29.15,24.06,10.17,48.39,20.43,-1.07,4.81,1268,1.0274,44.01,0.0866
02/08/2026,14:59,139.57,29.17,24.05,10.17,48.43,20.44,-1.04,4.80,1265,1.0270,44.07,0.0861
02/08/2026,15:00,139.51,29.24,24.05,10.18,48.41,20.46,-1.04,4.78,1263,1.0266,44.15,0.0857
02/08/2026,15:01,139.48,29.23,24.00,10.20,48.48,20.45,-1.05,4.78,1264,1.0266,44.21,0.0860
02/08/2026,15:02,139.52,29.25,24.05,10.19,48.37,20.41,-1.06,4.76,1267,1.0267,44.15,0.0865
02/08/2026,15:03,139.42,29.30,24.01,10.22,48.42,20.43,-1.05,4.76,1265,1.0266,44.12,0.0864
02/08/2026,15:04,139.31,29.30,23.97,10.26,48.45,20.45,-1.05,4.76,1265,1.0267,44.12,0.0862
02/08/2026,15:05,139.34,29.30,23.97,10.26,48.49,20.42,-1.09,4.77,1268,1.0269,44.08,0.0858
02/08/2026,15:06,139.35,29.34,23.96,10.28,48.66,20.44,-1.08,4.80,1269,1.0271,44.02,0.0851
02/08/2026,15:07,139.41,29.33,24.00,10.24,48.61,20.45,-1.05,4.80,1269,1.0276,44.04,0.0848
02/08/2026,15:08,139.40,29.35,24.00,10.26,48.64,20.44,-1.02,4.80,1270,1.0276,43.96,0.0847
02/08/2026,15:09,139.39,29.36,23.96,10.30,48.71,20.47,-1.02,4.79,1268,1.0279,44.06,0.0848
02/08/2026,15:10,139.38,29.41,23.91,10.31,48.75,20.48,-1.03,4.80,1268,1.0276,44.03,0.0850
02/08/2026,15:11,139.35,29.43,23.88,10.31,48.78,20.45,-1.04,4.78,1268,1.0277,43.94,0.0847
02/08/2026,15:12,139.33,29.40,23.86,10.31,48.78,20.45,-1.03,4.78,1266,1.0277,44.00,0.0847
02/08/2026,15:13,139.27,29.40,23.89,10.33,48.69,20.43,-1.06,4.78,1265,1.0277,43.93,0.0847
02/08/2026,15:14,139.24,29.48,23.89,10.32,48.67,20.42,-1.03,4.77,1265,1.0275,43.86,0.0847
02/08/2026,15:15,139.24,29.46,23.85,10.30,48.62,20.39,-1.05,4.77,1264,1.0275,43.93,0.0851
02/08/2026,15:16,139.23,29.46,23.85,10.25,48.71,20.41,-1.04,4.78,1264,1.0281,43.99,0.0855
02/08/2026,15:17,139.18,29.42,23.82,10.29,48.62,20.41,-1.04,4.79,1262,1.0280,44.04,0.0852
02/08/2026,15:18,139.18,29.43,23.80,10.26,48.53,20.46,-1.05,4.79,1260,1.0280,43.83,0.0852
02/08/2026,15:19,139.18,29.41,23.77,10.27,48.50,20.47,-1.05,4.78,1268,1.0278,43.76,0.0849
02/08/2026,15:20,139.17,29.38,23.75,10.26,48.49,20.45,-1.05,4.79,1267,1.0278,43.66,0.0857
02/08/2026,15:21,139.15,29.37,23.75,10.25,48.59,20.47,-1.04,4.80,1263,1.0278,43.66,0.0858
02/08/2026,15:22,139.12,29.33,23.81,10.22,48.62,20.47,-1.03,4.79,1263,1.0279,43.72,0.0856
02/08/2026,15:23,139.13,29.30,23.84,10.22,48.66,20.44,-1.05,4.79,1261,1.0276,43.80,0.0857
02/08/2026,15:24,139.06,29.32,23.84,10.24,48.58,20.46,-1.05,4.80,1263,1.0277,43.90,0.0852
02/08/2026,15:25,139.03,29.31,23.80,10.25,48.46,20.47,-1.07,4.80,1264,1.0274,44.19,0.0850
02/08/2026,15:26,139.01,29.26,23.79,10.22,48.43,20.45,-1.08,4.82,1264,1.0275,44.22,0.0853
02/08/2026,15:27,139.04,29.27,23.80,10.22,48.45,20.49,-1.08,4.79,1263,1.0277,44.22,0.0849
02/08/2026,15:28,139.10,29.27,23.79,10.22,48.46,20.45,-1.07,4.80,1259,1.0280,44.23,0.0848
02/08/2026,15:29,139.09,29.29,23.78,10.23,48.45,20.45,-1.05,4.79,1261,1.0276,44.10,0.0850
02/08/2026,15:30,139.12,29.30,23.77,10.21,48.35,20.42,-1.04,4.79,1262,1.0274,44.18,0.0852
02/08/2026,15:31,139.08,29.31,23.81,10.17,48.35,20.39,-1.00,4.79,1261,1.0274,44.15,0.0847
02/08/2026,15:32,139.14,29.34,23.80,10.20,48.39,20.37,-1.02,4.79,1267,1.0278,44.08,0.0847
02/08/2026,15:33,139.14,29.35,23.81,10.21,48.33,20.36,-1.03,4.77,1266,1.0280,44.21,0.0846
02/08/2026,15:34,139.14,29.34,23.84,10.20,48.44,20.37,-0.99,4.76,1259,1.0280,44.12,0.0846
02/08/2026,15:35,139.13,29.34,23.80,10.19,48.59,20.38,-1.00,4.77,1257,1.0280,44.11,0.0853
02/08/2026,15:36,139.09,29.30,23.78,10.17,48.60,20.40,-1.01,4.76,1258,1.0285,44.10,0.0854
02/08/2026,15:37,139.17,29.28,23.80,10.14,48.62,20.38,-1.02,4.76,1260,1.0280,44.13,0.0864
02/08/2026,15:38,139.16,29.25,23.78,10.17,48.48,20.36,-1.01,4.77,1260,1.0273,44.17,0.0867
02/08/2026,15:39,139.14,29.27,23.78,10.21,48.45,20.37,-1.00,4.79,1260,1.0269,44.15,0.0865
02/08/2026,15:40,139.13,29.29,23.82,10.20,48.56,20.35,-0.97,4.78,1264,1.0267,44.13,0.0864
02/08/2026,15:41,139.18,29.29,23.83,10.21,48.65,20.38,-0.99,4.76,1268,1.0264,44.21,0.0860
02/08/2026,15:42,139.15,29.26,23.81,10.20,48.66,20.42,-0.98,4.77,1265,1.0268,44.24,0.0856
02/08/2026,15:43,139.12,29.23,23.79,10.18,48.68,20.45,-1.00,4.76,1268,1.0266,44.34,0.0858
02/08/2026,15:44,139.13,29.30,23.74,10.20,48.73,20.48,-0.99,4.76,1266,1.0270,44.35,0.0855
02/08/2026,15:45,139.09,29.32,23.75,10.19,48.75,20.51,-1.02,4.75,1264,1.0271,44.37,0.0855
02/08/2026,15:46,139.04,29.34,23.85,10.23,48.71,20.49,-1.05,4.77,1271,1.0273,44.26,0.0855
02/08/2026,15:47,139.05,29.33,23.82,10.25,48.75,20.46,-1.07,4.77,1271,1.0274,44.30,0.0849
02/08/2026,15:48,139.03,29.37,23.83,10.29,48.73,20.46,-1.07,4.78,1271,1.0271,44.38,0.0847
02/08/2026,15:49,139.03,29.32,23.85,10.34,48.72,20.46,-1.07,4.77,1269,1.0268,44.33,0.0847
02/08/2026,15:50,139.06,29.35,23.87,10.36,48.70,20.47,-1.08,4.76,1271,1.0267,44.37,0.0845
02/08/2026,15:51,139.08,29.36,23.84,10.32,48.77,20.46,-1.08,4.77,1276,1.0268,44.41,0.0845
02/08/2026,15:52,139.12,29.32,23.88,10.31,48.80,20.41,-1.09,4.76,1276,1.0267,44.55,0.0850
02/08/2026,15:53,139.07,29.27,23.91,10.35,48.80,20.42,-1.10,4.75,1274,1.0270,44.42,0.0848
02/08/2026,15:54,139.12,29.26,23.96,10.34,48.76,20.41,-1.10,4.75,1272,1.0268,44.38,0.0852
02/08/2026,15:55,139.17,29.23,23.90,10.31,48.87,20.42,-1.07,4.74,1267,1.0267,44.33,0.0849
02/08/2026,15:56,139.22,29.26,23.83,10.28,49.01,20.42,-1.06,4.74,1268,1.0272,44.49,0.0852
02/08/2026,15:57,139.20,29.29,23.90,10.29,49.01,20.39,-1.06,4.75,1262,1.0272,44.39,0.0853
02/08/2026,15:58,139.17,29.26,23.88,10.29,48.95,20.37,-1.04,4.77,1260,1.0269,44.46,0.0856
02/08/2026,15:59,139.16,29.30,23.90,10.29,48.89,20.36,-1.03,4.77,1262,1.0265,44.27,0.0862
02/08/2026,16:00,139.22,29.34,23.90,10.32,48.83,20.37,-1.05,4.76,1261,1.0263,44.24,0.0860
02/08/2026,16:01,139.18,29.42,23.86,10.34,48.78,20.38,-1.06,4.76,1256,1.0260,44.19,0.0862
02/08/2026,16:02,139.26,29.44,23.85,10.29,48.86,20.39,-1.02,4.76,1259,1.0256,44.15,0.0862
02/08/2026,16:03,139.15,29.50,23.75,10.30,48.71,20.42,-1.01,4.77,1258,1.0253,44.23,0.0865
02/08/2026,16:04,139.13,29.51,23.76,10.29,48.73,20.41,-1.01,4.77,1259,1.0252,44.26,0.0859
02/08/2026,16:05,139.12,29.47,23.77,10.31,48.75,20.44,-0.99,4.78,1259,1.0250,44.27,0.0855
02/08/2026,16:06,139.13,29.52,23.76,10.30,48.66,20.40,-0.98,4.77,1258,1.0251,44.46,0.0862
02/08/2026,16:07,139.13,29.50,23.77,10.31,48.64,20.46,-0.97,4.77,1259,1.0251,44.53,0.0865
02/08/2026,16:08,139.05,29.45,23.75,10.34,48.65,20.44,-1.00,4.79,1260,1.0256,44.59,0.0865
02/08/2026,16:09,139.10,29.47,23.81,10.30,48.71,20.45,-1.01,4.80,1263,1.0259,44.46,0.0867
02/08/2026,16:10,139.07,29.49,23.82,10.31,48.61,20.43,-0.97,4.80,1259,1.0257,44.50,0.0870
02/08/2026,16:11,139.06,29.52,23.83,10.32,48.52,20.46,-0.95,4.80,1261,1.0257,44.63,0.0871
02/08/2026,16:12,139.02,29.52,23.88,10.31,48.41,20.44,-0.96,4.79,1265,1.0258,44.70,0.0872
02/08/2026,16:13,138.98,29.61,23.92,10.33,48.30,20.46,-0.95,4.80,1266,1.0259,44.69,0.0874
02/08/2026,16:14,139.02,29.62,23.90,10.29,48.50,20.50,-0.93,4.79,1265,1.0259,44.58,0.0868
02/08/2026,16:15,139.10,29.53,23.90,10.31,48.58,20.45,-0.94,4.80,1269,1.0258,44.70,0.0868
02/08/2026,16:16,139.12,29.50,23.92,10.33,48.62,20.44,-0.97,4.81,1268,1.0257,44.53,0.0860
02/08/2026,16:17,139.06,29.52,23.93,10.29,48.60,20.42,-0.98,4.80,1270,1.0256,44.39,0.0863
02/08/2026,16:18,139.02,29.53,23.91,10.32,48.55,20.43,-0.97,4.81,1271,1.0261,44.34,0.0860
02/08/2026,16:19,139.11,29.49,23.95,10.30,48.66,20.39,-0.99,4.82,1273,1.0267,44.45,0.0856
02/08/2026,16:20,139.06,29.51,24.02,10.28,48.74,20.36,-0.99,4.82,1277,1.0267,44.40,0.0854
02/08/2026,16:21,139.13,29.54,24.04,10.23,48.83,20.34,-1.00,4.82,1274,1.0267,44.38,0.0851
02/08/2026,16:22,139.19,29.59,24.07,10.22,48.85,20.36,-1.02,4.81,1276,1.0263,44.36,0.0854
02/08/2026,16:23,139.23,29.54,24.08,10.22,48.79,20.39,-1.04,4.80,1280,1.0264,44.30,0.0851
02/08/2026,16:24,139.24,29.54,24.14,10.23,48.92,20.42,-1.04,4.80,1278,1.0263,44.34,0.0846
02/08/2026,16:25,139.35,29.45,24.14,10.20,48.88,20.46,-1.07,4.79,1280,1.0262,44.32,0.0843
02/08/2026,16:26,139.40,29.47,24.14,10.19,48.90,20.41,-1.06,4.81,1275,1.0261,44.36,0.0839
02/08/2026,16:27,139.43,29.52,24.17,10.17,48.99,20.38,-1.06,4.82,1278,1.0262,44.34,0.0832
02/08/2026,16:28,139.40,29.53,24.21,10.16,49.01,20.39,-1.04,4.81,1275,1.0259,44.31,0.0835
02/08/2026,16:29,139.43,29.50,24.21,10.16,48.98,20.39,-1.04,4.81,1273,1.0254,44.27,0.0835
02/08/2026,16:30,139.42,29.50,24.16,10.19,49.06,20.39,-1.02,4.82,1271,1.0256,44.34,0.0840
02/08/2026,16:31,139.43,29.53,24.14,10.19,49.09,20.38,-1.00,4.82,1268,1.0260,44.19,0.0841
02/08/2026,16:32,139.41,29.61,24.05,10.17,49.10,20.37,-0.99,4.81,1268,1.0259,44.12,0.0836
02/08/2026,16:33,139.47,29.63,24.16,10.18,49.21,20.38,-0.98,4.81,1269,1.0256,44.09,0.0837
02/08/2026,16:34,139.50,29.67,24.15,10.22,49.18,20.36,-0.97,4.83,1267,1.0256,44.07,0.0834
02/08/2026,16:35,139.46,29.66,24.12,10.19,49.18,20.38,-0.99,4.82,1268,1.0252,44.12,0.0836
02/08/2026,16:36,139.45,29.65,24.11,10.19,49.17,20.33,-0.98,4.81,1268,1.0253,44.26,0.0837
02/08/2026,16:37,139.50,29.59,24.03,10.17,49.09,20.33,-0.96,4.83,1266,1.0253,44.36,0.0842
02/08/2026,16:38,139.52,29.56,24.01,10.19,49.06,20.33,-0.96,4.82,1263,1.0254,44.38,0.0837
02/08/2026,16:39,139.62,29.52,24.00,10.17,49.04,20.30,-0.96,4.81,1261,1.0257,44.48,0.0837
02/08/2026,16:40,139.60,29.52,23.94,10.20,49.14,20.31,-0.95,4.82,1260,1.0255,44.50,0.0837
02/08/2026,16:41,139.60,29.55,23.93,10.20,49.09,20.33,-0.92,4.80,1255,1.0255,44.39,0.0836
02/08/2026,16:42,139.55,29.58,23.83,10.20,49.05,20.36,-0.96,4.81,1255,1.0259,44.38,0.0832
02/08/2026,16:43,139.57,29.55,23.78,10.20,49.10,20.33,-0.97,4.80,1255,1.0260,44.28,0.0830
02/08/2026,16:44,139.51,29.52,23.77,10.23,49.05,20.36,-1.00,4.79,1257,1.0261,44.40,0.0830
02/08/2026,16:45,139.43,29.54,23.81,10.29,49.09,20.41,-1.02,4.78,1262,1.0260,44.23,0.0825
02/08/2026,16:46,139.39,29.57,23.80,10.30,49.07,20.46,-1.02,4.79,1259,1.0259,44.26,0.0821
02/08/2026,16:47,139.36,29.63,23.79,10.27,49.12,20.47,-0.99,4.80,1256,1.0258,44.25,0.0818
02/08/2026,16:48,139.30,29.58,23.77,10.24,49.10,20.44,-0.96,4.82,1256,1.0261,44.19,0.0817
02/08/2026,16:49,139.33,29.53,23.75,10.23,49.11,20.44,-0.97,4.81,1264,1.0258,44.19,0.0819
02/08/2026,16:50,139.39,29.56,23.75,10.19,49.09,20.43,-0.97,4.80,1266,1.0259,44.22,0.0821
02/08/2026,16:51,139.41,29.48,23.81,10.20,49.09,20.42,-0.98,4.80,1265,1.0261,44.29,0.0820
02/08/2026,16:52,139.40,29.45,23.82,10.22,49.12,20.39,-0.99,4.79,1262,1.0264,44.12,0.0824
02/08/2026,16:53,139.38,29.43,23.86,10.17,49.13,20.36,-0.98,4.80,1263,1.0265,44.17,0.0832
02/08/2026,16:54,139.34,29.37,23.89,10.16,49.21,20.39,-1.01,4.79,1264,1.0267,44.15,0.0836
02/08/2026,16:55,139.32,29.40,23.86,10.14,49.20,20.39,-0.98,4.77,1261,1.0266,44.07,0.0830
02/08/2026,16:56,139.36,29.41,23.89,10.14,49.14,20.42,-0.98,4.77,1264,1.0267,44.11,0.0829
02/08/2026,16:57,139.37,29.35,23.80,10.16,49.13,20.43,-0.98,4.77,1262,1.0263,44.15,0.0827
02/08/2026,16:58,139.34,29.43,23.77,10.20,49.02,20.44,-0.96,4.78,1263,1.0266,44.30,0.0829
02/08/2026,16:59,139.33,29.40,23.77,10.20,49.05,20.43,-0.97,4.79,1265,1.0268,44.25,0.0830
02/08/2026,17:00,139.30,29.39,23.76,10.18,49.06,20.41,-0.98,4.78,1261,1.0263,44.30,0.0837
02/08/2026,17:01,139.27,29.42,23.85,10.17,49.06,20.41,-0.95,4.77,1271,1.0259,44.43,0.0832
02/08/2026,17:02,139.25,29.38,23.88,10.20,49.06,20.40,-0.95,4.78,1269,1.0257,44.55,0.0834
02/08/2026,17:03,139.26,29.36,23.85,10.20,49.03,20.39,-0.96,4.78,1265,1.0260,44.57,0.0833
02/08/2026,17:04,139.23,29.30,23.89,10.28,48.91,20.38,-0.97,4.79,1262,1.0264,44.54,0.0829
02/08/2026,17:05,139.20,29.33,23.92,10.29,48.93,20.35,-0.98,4.78,1262,1.0263,44.47,0.0832
02/08/2026,17:06,139.23,29.33,23.89,10.25,48.97,20.36,-0.95,4.79,1259,1.0268,44.43,0.0830
02/08/2026,17:07,139.25,29.39,23.88,10.23,48.96,20.36,-0.98,4.79,1257,1.0263,44.41,0.0827
02/08/2026,17:08,139.22,29.37,23.86,10.24,48.84,20.39,-0.99,4.80,1252,1.0263,44.47,0.0829
02/08/2026,17:09,139.21,29.37,23.86,10.25,48.84,20.42,-0.99,4.79,1256,1.0265,44.42,0.0831
02/08/2026,17:10,139.21,29.37,23.85,10.30,48.81,20.41,-0.99,4.78,1257,1.0265,44.29,0.0834
02/08/2026,17:11,139.23,29.40,23.82,10.28,48.69,20.40,-0.98,4.78,1259,1.0265,44.35,0.0837
02/08/2026,17:12,139.24,29.42,23.80,10.27,48.67,20.42,-0.97,4.78,1259,1.0270,44.47,0.0830
02/08/2026,17:13,139.30,29.39,23.78,10.25,48.65,20.46,-0.98,4.78,1259,1.0268,44.48,0.0839
02/08/2026,17:14,139.28,29.33,23.87,10.25,48.74,20.50,-0.98,4.78,1263,1.0263,44.48,0.0841
02/08/2026,17:15,139.29,29.37,23.82,10.27,48.73,20.46,-0.96,4.78,1258,1.0264,44.37,0.0840
02/08/2026,17:16,139.25,29.37,23.78,10.27,48.58,20.44,-0.96,4.79,1255,1.0267,44.52,0.0839
02/08/2026,17:17,139.26,29.35,23.72,10.26,48.58,20.44,-0.94,4.80,1256,1.0263,44.50,0.0847
02/08/2026,17:18,139.20,29.33,23.73,10.25,48.52,20.42,-0.93,4.80,1257,1.0264,44.35,0.0852
02/08/2026,17:19,139.19,29.33,23.61,10.26,48.49,20.40,-0.89,4.79,1253,1.0264,44.32,0.0850
02/08/2026,17:20,139.08,29.38,23.57,10.27,48.47,20.37,-0.87,4.79,1257,1.0263,44.17,0.0853
02/08/2026,17:21,139.06,29.40,23.60,10.28,48.64,20.33,-0.87,4.80,1256,1.0265,44.05,0.0850
02/08/2026,17:22,139.02,29.38,23.62,10.27,48.52,20.29,-0.89,4.80,1259,1.0261,44.08,0.0846
02/08/2026,17:23,139.01,29.37,23.63,10.30,48.58,20.27,-0.91,4.79,1258,1.0264,44.08,0.0847
02/08/2026,17:24,138.97,29.34,23.70,10.27,48.63,20.26,-0.94,4.79,1261,1.0265,44.05,0.0850
02/08/2026,17:25,139.03,29.34,23.75,10.27,48.67,20.24,-0.91,4.80,1264,1.0265,44.15,0.0844
02/08/2026,17:26,138.99,29.34,23.72,10.26,48.76,20.26,-0.94,4.80,1260,1.0264,44.19,0.0848
02/08/2026,17:27,138.94,29.31,23.65,10.25,48.78,20.28,-0.94,4.81,1259,1.0266,44.20,0.0845
02/08/2026,17:28,138.90,29.32,23.68,10.22,48.74,20.29,-0.95,4.81,1259,1.0265,44.17,0.0845
02/08/2026,17:29,138.96,29.28,23.73,10.22,48.65,20.30,-0.98,4.80,1259,1.0264,44.24,0.0838
02/08/2026,17:30,139.01,29.29,23.68,10.21,48.79,20.35,-0.99,4.80,1259,1.0264,44.27,0.0842
02/08/2026,17:31,138.99,29.24,23.74,10.23,48.81,20.36,-0.98,4.80,1261,1.0265,44.15,0.0838
02/08/2026,17:32,139.04,29.20,23.69,10.23,48.95,20.37,-0.97,4.80,1259,1.0265,44.27,0.0836
02/08/2026,17:33,139.07,29.18,23.64,10.20,48.95,20.37,-0.95,4.79,1258,1.0266,44.21,0.0836
02/08/2026,17:34,139.09,29.13,23.72,10.21,48.93,20.35,-0.99,4.79,1262,1.0266,44.03,0.0838
02/08/2026,17:35,139.05,29.16,23.67,10.23,48.87,20.38,-0.98,4.78,1262,1.0265,44.02,0.0845
02/08/2026,17:36,139.06,29.17,23.72,10.26,48.76,20.35,-0.97,4.79,1262,1.0266,43.97,0.0847
02/08/2026,17:37,139.11,29.16,23.77,10.25,48.74,20.33,-0.98,4.79,1258,1.0263,44.01,0.0848
02/08/2026,17:38,139.14,29.16,23.77,10.24,48.63,20.35,-0.97,4.79,1255,1.0265,43.97,0.0841
02/08/2026,17:39,139.10,29.21,23.78,10.23,48.63,20.31,-0.96,4.79,1253,1.0262,43.91,0.0844
02/08/2026,17:40,139.14,29.24,23.71,10.20,48.53,20.36,-0.97,4.78,1252,1.0265,43.76,0.0850
02/08/2026,17:41,139.20,29.16,23.77,10.21,48.57,20.33,-0.99,4.77,1251,1.0263,43.90,0.0855
02/08/2026,17:42,139.20,29.21,23.81,10.24,48.52,20.34,-0.97,4.77,1256,1.0260,43.85,0.0853
02/08/2026,17:43,139.25,29.17,23.83,10.21,48.58,20.35,-0.96,4.77,1254,1.0262,43.87,0.0855
02/08/2026,17:44,139.22,29.20,23.80,10.22,48.71,20.30,-0.99,4.78,1257,1.0259,43.75,0.0853
02/08/2026,17:45,139.23,29.19,23.79,10.20,48.72,20.28,-0.98,4.78,1255,1.0258,43.80,0.0853
02/08/2026,17:46,139.29,29.17,23.81,10.22,48.78,20.35,-0.99,4.76,1258,1.0257,43.72,0.0851
02/08/2026,17:47,139.32,29.15,23.82,10.26,48.78,20.34,-0.99,4.75,1260,1.0258,43.69,0.0851
02/08/2026,17:48,139.32,29.08,23.77,10.29,48.87,20.39,-0.97,4.74,1260,1.0260,43.91,0.0852
02/08/2026,17:49,139.31,29.06,23.78,10.27,48.83,20.40,-0.96,4.75,1260,1.0258,43.91,0.0852
02/08/2026,17:50,139.30,29.05,23.82,10.26,48.81,20.39,-0.99,4.76,1261,1.0258,43.95,0.0856
02/08/2026,17:51,139.30,29.00,23.81,10.24,48.76,20.40,-0.99,4.76,1263,1.0259,43.95,0.0858
02/08/2026,17:52,139.24,29.05,23.84,10.26,48.71,20.38,-0.99,4.77,1260,1.0260,43.85,0.0861
02/08/2026,17:53,139.29,29.04,23.83,10.28,48.64,20.35,-0.99,4.77,1257,1.0263,43.71,0.0864
02/08/2026,17:54,139.36,29.03,23.83,10.28,48.66,20.36,-0.99,4.78,1256,1.0260,43.67,0.0864
02/08/2026,17:55,139.32,29.08,23.82,10.27,48.66,20.38,-1.01,4.78,1256,1.0259,43.64,0.0860
02/08/2026,17:56,139.28,29.05,23.81,10.28,48.68,20.38,-1.04,4.77,1262,1.0260,43.74,0.0857
02/08/2026,17:57,139.30,29.01,23.82,10.25,48.73,20.37,-1.06,4.79,1263,1.0261,43.74,0.0859
02/08/2026,17:58,139.29,29.08,23.81,10.25,48.73,20.35,-1.03,4.79,1260,1.0263,43.80,0.0860
02/08/2026,17:59,139.35,29.04,23.81,10.22,48.79,20.37,-1.00,4.81,1256,1.0264,43.88,0.0857
02/08/2026,18:00,139.28,29.08,23.74,10.29,48.85,20.37,-1.00,4.80,1256,1.0259,44.05,0.0853
02/08/2026,18:01,139.30,29.04,23.80,10.26,48.88,20.33,-1.00,4.80,1260,1.0258,44.06,0.0842
02/08/2026,18:02,139.29,29.06,23.86,10.22,48.79,20.29,-1.01,4.80,1261,1.0256,44.10,0.0842
02/08/2026,18:03,139.31,29.01,23.85,10.21,48.80,20.33,-0.98,4.80,1263,1.0257,43.98,0.0845
02/08/2026,18:04,139.25,28.99,23.87,10.16,48.92,20.31,-0.98,4.79,1261,1.0260,43.97,0.0848
02/08/2026,18:05,139.24,28.98,23.88,10.18,48.95,20.31,-1.00,4.79,1263,1.0260,43.98,0.0843
02/08/2026,18:06,139.23,29.02,23.86,10.15,48.90,20.34,-0.99,4.78,1264,1.0259,44.05,0.0842
02/08/2026,18:07,139.23,29.01,23.89,10.17,48.92,20.36,-1.01,4.80,1265,1.0257,44.15,0.0842
02/08/2026,18:08,139.29,29.04,23.91,10.18,49.00,20.43,-1.04,4.80,1267,1.0259,44.03,0.0839
02/08/2026,18:09,139.30,29.09,23.87,10.15,48.99,20.45,-1.03,4.79,1263,1.0260,44.19,0.0843
02/08/2026,18:10,139.38,29.12,23.87,10.16,48.97,20.46,-1.05,4.79,1265,1.0257,44.25,0.0843
02/08/2026,18:11,139.39,29.18,23.86,10.15,48.95,20.48,-1.03,4.79,1264,1.0257,44.13,0.0843
02/08/2026,18:12,139.44,29.12,23.80,10.13,48.99,20.50,-1.02,4.78,1262,1.0260,44.18,0.0845
02/08/2026,18:13,139.41,29.10,23.80,10.17,48.94,20.53,-1.04,4.78,1260,1.0261,44.27,0.0849
02/08/2026,18:14,139.46,29.12,23.81,10.16,49.00,20.50,-1.03,4.77,1262,1.0259,44.46,0.0850
02/08/2026,18:15,139.47,29.12,23.77,10.16,48.98,20.49,-0.99,4.77,1261,1.0262,44.44,0.0850
02/08/2026,18:16,139.50,29.13,23.75,10.17,48.98,20.50,-0.95,4.77,1262,1.0262,44.30,0.0851
02/08/2026,18:17,139.48,29.15,23.69,10.16,48.81,20.52,-1.00,4.77,1261,1.0259,44.32,0.0853
02/08/2026,18:18,139.45,29.16,23.72,10.20,48.75,20.56,-0.95,4.77,1259,1.0256,44.43,0.0849
02/08/2026,18:19,139.38,29.10,23.83,10.25,48.78,20.56,-0.97,4.79,1263,1.0257,44.33,0.0847
02/08/2026,18:20,139.34,29.09,23.77,10.31,48.78,20.55,-0.95,4.79,1265,1.0259,44.32,0.0852
02/08/2026,18:21,139.29,29.04,23.77,10.31,48.81,20.56,-0.92,4.80,1264,1.0267,44.33,0.0848
02/08/2026,18:22,139.31,29.07,23.76,10.30,48.66,20.50,-0.93,4.79,1259,1.0270,44.38,0.0848
02/08/2026,18:23,139.28,29.08,23.77,10.29,48.81,20.50,-0.95,4.79,1262,1.0266,44.37,0.0846
02/08/2026,18:24,139.39,29.10,23.80,10.31,48.79,20.50,-0.97,4.79,1267,1.0268,44.38,0.0847
02/08/2026,18:25,139.36,29.06,23.80,10.29,48.75,20.53,-0.96,4.77,1268,1.0265,44.51,0.0847
02/08/2026,18:26,139.40,29.05,23.79,10.29,48.74,20.51,-0.93,4.77,1264,1.0265,44.54,0.0841
02/08/2026,18:27,139.37,28.96,23.86,10.28,48.64,20.54,-0.93,4.77,1265,1.0259,44.53,0.0843
02/08/2026,18:28,139.40,28.97,23.87,10.25,48.70,20.50,-0.96,4.75,1269,1.0261,44.53,0.0838
02/08/2026,18:29,139.43,28.91,23.87,10.27,48.69,20.49,-0.98,4.76,1270,1.0259,44.41,0.0837
02/08/2026,18:30,139.41,28.94,23.85,10.27,48.77,20.53,-0.98,4.77,1270,1.0257,44.27,0.0844
02/08/2026,18:31,139.40,28.92,23.87,10.25,48.71,20.53,-1.01,4.77,1268,1.0261,44.23,0.0844
02/08/2026,18:32,139.33,28.86,23.86,10.23,48.65,20.54,-1.00,4.78,1268,1.0260,44.24,0.0846
02/08/2026,18:33,139.38,28.86,23.85,10.22,48.70,20.55,-1.02,4.78,1267,1.0258,44.39,0.0844
02/08/2026,18:34,139.46,28.77,23.92,10.22,48.63,20.53,-1.04,4.80,1263,1.0256,44.26,0.0844
02/08/2026,18:35,139.42,28.73,23.91,10.25,48.59,20.52,-1.02,4.79,1262,1.0255,44.24,0.0843
02/08/2026,18:36,139.45,28.67,23.88,10.26,48.71,20.51,-1.02,4.79,1257,1.0253,44.37,0.0844
02/08/2026,18:37,139.42,28.75,23.85,10.27,48.65,20.50,-0.97,4.79,1256,1.0255,44.17,0.0842
02/08/2026,18:38,139.41,28.71,23.79,10.27,48.67,20.50,-0.97,4.79,1260,1.0254,44.21,0.0838
02/08/2026,18:39,139.43,28.71,23.79,10.29,48.63,20.47,-0.97,4.80,1260,1.0256,44.34,0.0843
02/08/2026,18:40,139.47,28.70,23.78,10.26,48.71,20.48,-0.96,4.78,1257,1.0253,44.38,0.0846
02/08/2026,18:41,139.45,28.67,23.79,10.24,48.78,20.48,-0.96,4.77,1257,1.0252,44.39,0.0845
02/08/2026,18:42,139.37,28.71,23.79,10.27,48.66,20.42,-0.96,4.76,1260,1.0249,44.50,0.0851
02/08/2026,18:43,139.43,28.75,23.80,10.28,48.69,20.41,-0.93,4.75,1260,1.0248,44.55,0.0850
02/08/2026,18:44,139.44,28.74,23.87,10.31,48.75,20.37,-0.95,4.75,1261,1.0247,44.61,0.0849
02/08/2026,18:45,139.43,28.74,23.81,10.26,48.73,20.37,-0.96,4.75,1255,1.0252,44.64,0.0847
02/08/2026,18:46,139.41,28.75,23.74,10.28,48.72,20.37,-0.95,4.77,1250,1.0255,44.62,0.0850
02/08/2026,18:47,139.42,28.73,23.73,10.31,48.61,20.40,-0.94,4.76,1248,1.0255,44.52,0.0852
02/08/2026,18:48,139.42,28.69,23.73,10.32,48.67,20.43,-0.95,4.75,1251,1.0254,44.48,0.0851
02/08/2026,18:49,139.32,28.67,23.70,10.31,48.71,20.42,-0.96,4.75,1252,1.0254,44.54,0.0851
02/08/2026,18:50,139.24,28.68,23.67,10.32,48.71,20.39,-0.97,4.76,1261,1.0256,44.56,0.0852
02/08/2026,18:51,139.20,28.69,23.66,10.31,48.81,20.38,-0.97,4.76,1271,1.0258,44.48,0.0852
02/08/2026,18:52,139.17,28.62,23.80,10.34,48.79,20.35,-0.99,4.75,1270,1.0256,44.50,0.0851
02/08/2026,18:53,139.21,28.61,23.76,10.31,48.82,20.34,-0.97,4.77,1257,1.0259,44.44,0.0852
02/08/2026,18:54,139.24,28.63,23.77,10.32,48.78,20.32,-0.97,4.76,1246,1.0260,44.46,0.0847
02/08/2026,18:55,139.26,28.62,23.71,10.32,48.82,20.29,-0.96,4.76,1244,1.0259,44.28,0.0845
02/08/2026,18:56,139.27,28.58,23.68,10.34,48.88,20.23,-0.96,4.75,1244,1.0258,44.31,0.0847
02/08/2026,18:57,139.35,28.53,23.67,10.32,48.83,20.24,-0.96,4.75,1254,1.0259,44.40,0.0843
02/08/2026,18:58,139.36,28.48,23.73,10.34,48.86,20.23,-1.00,4.77,1265,1.0257,44.44,0.0848
02/08/2026,18:59,139.38,28.46,23.77,10.29,48.95,20.25,-1.02,4.77,1270,1.0257,44.38,0.0843
02/08/2026,19:00,139.42,28.43,23.80,10.27,48.96,20.23,-1.04,4.79,1265,1.0257,44.42,0.0838
02/08/2026,19:01,139.42,28.49,23.82,10.27,48.86,20.22,-1.02,4.80,1261,1.0258,44.54,0.0837
02/08/2026,19:02,139.45,28.46,23.78,10.29,48.86,20.25,-1.03,4.79,1254,1.0258,44.34,0.0838
02/08/2026,19:03,139.45,28.43,23.74,10.26,48.83,20.26,-1.03,4.79,1245,1.0259,44.48,0.0840
02/08/2026,19:04,139.47,28.39,23.72,10.28,48.77,20.23,-1.03,4.79,1244,1.0254,44.55,0.0845
02/08/2026,19:05,139.35,28.35,23.71,10.27,48.77,20.22,-0.98,4.77,1259,1.0255,44.38,0.0843
02/08/2026,19:06,139.33,28.29,23.79,10.26,48.84,20.23,-0.96,4.79,1271,1.0255,44.43,0.0845
02/08/2026,19:07,139.36,28.21,23.79,10.30,48.80,20.22,-1.02,4.79,1272,1.0257,44.36,0.0843
02/08/2026,19:08,139.40,28.18,23.79,10.29,48.70,20.19,-1.01,4.79,1266,1.0258,44.33,0.0844
02/08/2026,19:09,139.41,28.23,23.79,10.23,48.74,20.22,-1.00,4.78,1260,1.0260,44.13,0.0840
02/08/2026,19:10,139.36,28.29,23.79,10.23,48.69,20.25,-0.97,4.78,1251,1.0259,44.08,0.0839
02/08/2026,19:11,139.40,28.26,23.78,10.24,48.67,20.27,-0.97,4.77,1241,1.0265,44.09,0.0840
02/08/2026,19:12,139.40,28.21,23.76,10.26,48.73,20.27,-0.96,4.78,1245,1.0264,44.05,0.0839
02/08/2026,19:13,139.34,28.18,23.75,10.22,48.79,20.29,-0.94,4.78,1255,1.0265,43.95,0.0836
02/08/2026,19:14,139.38,28.16,23.77,10.21,48.65,20.32,-0.93,4.78,1261,1.0267,43.84,0.0834
02/08/2026,19:15,139.40,28.06,23.79,10.18,48.61,20.40,-0.95,4.79,1267,1.0267,43.87,0.0834
02/08/2026,19:16,139.42,28.07,23.85,10.16,48.55,20.37,-0.96,4.79,1273,1.0266,43.86,0.0834
02/08/2026,19:17,139.43,28.07,23.86,10.18,48.55,20.34,-0.99,4.78,1259,1.0268,43.95,0.0836
02/08/2026,19:18,139.45,28.07,23.79,10.18,48.52,20.40,-0.98,4.77,1249,1.0270,44.04,0.0841
02/08/2026,19:19,139.37,28.07,23.79,10.21,48.55,20.42,-0.97,4.77,1247,1.0268,44.11,0.0846
02/08/2026,19:20,139.34,28.07,23.76,10.16,48.49,20.42,-0.99,4.78,1251,1.0269,44.20,0.0839
02/08/2026,19:21,139.34,28.08,23.70,10.15,48.39,20.43,-0.97,4.77,1259,1.0270,44.03,0.0835
02/08/2026,19:22,139.31,28.04,23.79,10.12,48.49,20.45,-1.00,4.76,1270,1.0267,44.05,0.0837
02/08/2026,19:23,139.36,28.07,23.78,10.09,48.53,20.47,-0.99,4.77,1276,1.0269,43.96,0.0836
02/08/2026,19:24,139.39,28.04,23.87,10.13,48.59,20.45,-1.01,4.77,1278,1.0269,43.87,0.0836
02/08/2026,19:25,139.46,27.97,23.83,10.17,48.54,20.46,-0.99,4.77,1270,1.0272,43.80,0.0833
02/08/2026,19:26,139.45,28.03,23.80,10.22,48.60,20.44,-0.97,4.77,1270,1.0273,43.70,0.0842
02/08/2026,19:27,139.35,28.01,23.79,10.25,48.62,20.43,-0.98,4.77,1273,1.0272,43.74,0.0840
02/08/2026,19:28,139.33,27.97,23.75,10.29,48.57,20.48,-0.95,4.76,1268,1.0271,43.72,0.0842
02/08/2026,19:29,139.33,27.98,23.69,10.31,48.56,20.49,-0.96,4.74,1265,1.0270,43.74,0.0838
02/08/2026,19:30,139.32,27.98,23.73,10.33,48.60,20.50,-0.99,4.74,1265,1.0269,43.82,0.0841
02/08/2026,19:31,139.39,27.94,23.76,10.33,48.65,20.49,-0.99,4.73,1264,1.0272,43.85,0.0843
02/08/2026,19:32,139.34,27.97,23.79,10.33,48.55,20.45,-1.00,4.72,1266,1.0268,43.79,0.0839
02/08/2026,19:33,139.38,27.96,23.81,10.31,48.53,20.43,-1.02,4.71,1264,1.0268,43.74,0.0838
02/08/2026,19:34,139.38,27.94,23.77,10.30,48.63,20.43,-1.03,4.73,1266,1.0268,43.77,0.0844
02/08/2026,19:35,139.38,27.90,23.77,10.32,48.62,20.44,-1.04,4.73,1267,1.0266,43.81,0.0842
02/08/2026,19:36,139.41,27.85,23.83,10.34,48.47,20.44,-1.00,4.73,1269,1.0268,43.74,0.0842
02/08/2026,19:37,139.29,27.82,23.83,10.33,48.56,20.48,-1.02,4.75,1268,1.0270,43.67,0.0851
02/08/2026,19:38,139.27,27.78,23.82,10.30,48.57,20.48,-1.00,4.74,1265,1.0269,43.60,0.0854
02/08/2026,19:39,139.28,27.78,23.85,10.29,48.51,20.45,-0.97,4.74,1264,1.0269,43.71,0.0851
02/08/2026,19:40,139.17,27.82,23.90,10.33,48.52,20.47,-0.98,4.76,1264,1.0268,43.82,0.0850
02/08/2026,19:41,139.22,27.81,23.87,10.29,48.54,20.42,-0.97,4.74,1266,1.0270,43.80,0.0846
02/08/2026,19:42,139.20,27.80,23.88,10.32,48.56,20.43,-0.98,4.72,1265,1.0271,43.88,0.0844
02/08/2026,19:43,139.28,27.74,23.87,10.31,48.64,20.42,-1.00,4.73,1262,1.0268,43.81,0.0848
02/08/2026,19:44,139.28,27.68,23.84,10.27,48.74,20.46,-0.99,4.74,1264,1.0269,43.80,0.0849
02/08/2026,19:45,139.30,27.71,23.87,10.29,48.70,20.45,-1.00,4.74,1259,1.0273,43.94,0.0850
02/08/2026,19:46,139.30,27.72,23.87,10.32,48.57,20.45,-0.99,4.73,1261,1.0272,43.84,0.0850
02/08/2026,19:47,139.33,27.73,23.85,10.34,48.49,20.45,-1.00,4.75,1261,1.0273,43.97,0.0852
02/08/2026,19:48,139.24,27.74,23.86,10.33,48.54,20.43,-1.00,4.74,1259,1.0273,43.90,0.0849
02/08/2026,19:49,139.16,27.70,23.84,10.34,48.61,20.40,-0.98,4.74,1262,1.0271,43.99,0.0849
02/08/2026,19:50,139.21,27.66,23.82,10.32,48.67,20.39,-0.98,4.75,1266,1.0273,43.99,0.0849
02/08/2026,19:51,139.17,27.64,23.85,10.30,48.70,20.39,-1.01,4.75,1264,1.0273,43.83,0.0853
02/08/2026,19:52,139.18,27.61,23.87,10.29,48.86,20.41,-1.03,4.76,1263,1.0273,43.89,0.0847
02/08/2026,19:53,139.18,27.58,23.86,10.29,48.96,20.41,-1.03,4.76,1265,1.0272,44.00,0.0848
02/08/2026,19:54,139.24,27.63,23.85,10.25,48.90,20.41,-1.05,4.78,1267,1.0272,44.05,0.0843
02/08/2026,19:55,139.31,27.63,23.85,10.29,48.89,20.38,-1.09,4.77,1266,1.0276,44.11,0.0846
02/08/2026,19:56,139.38,27.56,23.84,10.29,48.85,20.39,-1.07,4.77,1265,1.0281,44.06,0.0842
02/08/2026,19:57,139.38,27.50,23.91,10.32,48.77,20.35,-1.08,4.78,1265,1.0281,44.15,0.0842
02/08/2026,19:58,139.37,27.49,23.91,10.31,48.71,20.34,-1.07,4.79,1261,1.0276,44.19,0.0850
02/08/2026,19:59,139.40,27.50,23.91,10.35,48.58,20.34,-1.04,4.78,1259,1.0278,44.25,0.0854
02/08/2026,20:00,139.42,27.53,23.85,10.38,48.49,20.26,-1.03,4.79,1259,1.0272,44.15,0.0855
02/08/2026,20:01,139.43,27.52,23.91,10.37,48.47,20.24,-1.02,4.78,1259,1.0267,44.11,0.0851
02/08/2026,20:02,139.41,27.45,23.92,10.36,48.48,20.30,-0.99,4.77,1256,1.0268,44.14,0.0854
02/08/2026,20:03,139.41,27.52,23.86,10.34,48.37,20.31,-0.98,4.77,1255,1.0268,44.13,0.0852
02/08/2026,20:04,139.35,27.45,23.86,10.39,48.42,20.28,-0.98,4.78,1261,1.0269,44.09,0.0850
02/08/2026,20:05,139.34,27.46,23.92,10.38,48.36,20.27,-0.98,4.77,1260,1.0267,44.01,0.0853
02/08/2026,20:06,139.29,27.46,23.90,10.37,48.48,20.28,-0.96,4.76,1259,1.0267,44.04,0.0858
02/08/2026,20:07,139.26,27.47,23.85,10.36,48.40,20.29,-0.94,4.77,1254,1.0267,44.05,0.0857
02/08/2026,20:08,139.31,27.53,23.82,10.37,48.35,20.28,-0.95,4.76,1258,1.0265,44.10,0.0858
02/08/2026,20:09,139.30,27.52,23.80,10.38,48.41,20.30,-0.94,4.77,1262,1.0265,44.26,0.0862
02/08/2026,20:10,139.25,27.52,23.78,10.38,48.35,20.29,-0.96,4.77,1259,1.0264,44.17,0.0860
02/08/2026,20:11,139.21,27.50,23.80,10.37,48.48,20.27,-0.97,4.77,1256,1.0264,44.22,0.0860
02/08/2026,20:12,139.22,27.55,23.76,10.38,48.57,20.28,-0.96,4.76,1255,1.0268,44.11,0.0863
02/08/2026,20:13,139.30,27.54,23.73,10.41,48.65,20.28,-0.96,4.78,1256,1.0269,44.07,0.0859
02/08/2026,20:14,139.32,27.49,23.71,10.36,48.65,20.25,-0.97,4.78,1259,1.0271,43.99,0.0861
02/08/2026,20:15,139.39,27.47,23.78,10.39,48.60,20.27,-0.99,4.80,1262,1.0272,44.00,0.0858
02/08/2026,20:16,139.40,27.46,23.75,10.34,48.58,20.29,-0.95,4.78,1261,1.0273,44.15,0.0861
02/08/2026,20:17,139.39,27.41,23.80,10.34,48.69,20.31,-0.96,4.79,1263,1.0271,44.18,0.0864
02/08/2026,20:18,139.38,27.38,23.80,10.34,48.76,20.29,-0.98,4.79,1262,1.0273,44.22,0.0864
02/08/2026,20:19,139.35,27.37,23.83,10.36,48.66,20.28,-0.99,4.79,1262,1.0272,44.14,0.0864
02/08/2026,20:20,139.22,27.36,23.82,10.35,48.70,20.30,-0.98,4.79,1265,1.0271,44.09,0.0864
02/08/2026,20:21,139.19,27.37,23.82,10.32,48.68,20.30,-0.96,4.79,1266,1.0274,44.07,0.0868
02/08/2026,20:22,139.21,27.35,23.79,10.34,48.72,20.28,-0.97,4.80,1265,1.0272,44.07,0.0863
02/08/2026,20:23,139.15,27.28,23.85,10.32,48.72,20.26,-0.93,4.80,1265,1.0271,44.12,0.0862
02/08/2026,20:24,139.16,27.22,23.88,10.35,48.71,20.24,-0.96,4.79,1265,1.0274,44.17,0.0862
02/08/2026,20:25,139.15,27.21,23.85,10.34,48.62,20.23,-0.95,4.78,1265,1.0273,44.17,0.0864
02/08/2026,20:26,139.16,27.15,23.86,10.33,48.58,20.21,-0.99,4.79,1264,1.0279,44.18,0.0868
02/08/2026,20:27,139.18,27.05,23.79,10.31,48.64,20.19,-1.00,4.77,1264,1.0280,44.20,0.0865
02/08/2026,20:28,139.21,27.09,23.76,10.30,48.67,20.21,-1.02,4.76,1271,1.0279,44.18,0.0866
02/08/2026,20:29,139.17,27.06,23.82,10.30,48.57,20.20,-1.02,4.76,1269,1.0279,44.17,0.0872
02/08/2026,20:30,139.21,27.08,23.83,10.30,48.59,20.25,-0.99,4.77,1268,1.0277,44.19,0.0871
02/08/2026,20:31,139.21,27.05,23.83,10.33,48.55,20.28,-0.95,4.75,1265,1.0275,44.17,0.0869
02/08/2026,20:32,139.10,27.03,23.86,10.33,48.51,20.31,-0.99,4.75,1260,1.0280,44.16,0.0866
02/08/2026,20:33,139.12,27.01,23.85,10.33,48.53,20.32,-0.94,4.77,1263,1.0276,44.10,0.0871
02/08/2026,20:34,139.11,26.93,23.85,10.30,48.45,20.35,-0.97,4.77,1267,1.0276,44.11,0.0868
02/08/2026,20:35,139.15,26.89,23.85,10.35,48.38,20.35,-0.98,4.78,1271,1.0278,44.02,0.0863
02/08/2026,20:36,139.19,26.85,23.87,10.38,48.35,20.31,-1.03,4.77,1267,1.0277,43.99,0.0861
02/08/2026,20:37,139.17,26.79,23.91,10.34,48.38,20.32,-1.03,4.75,1273,1.0272,44.02,0.0861
02/08/2026,20:38,139.17,26.76,23.88,10.30,48.45,20.31,-1.04,4.76,1271,1.0270,43.99,0.0858
02/08/2026,20:39,139.20,26.71,23.92,10.33,48.35,20.33,-1.04,4.77,1273,1.0272,43.80,0.0857
02/08/2026,20:40,139.16,26.76,23.94,10.38,48.32,20.36,-1.05,4.77,1274,1.0274,43.91,0.0855
02/08/2026,20:41,139.12,26.73,23.96,10.37,48.37,20.35,-1.04,4.77,1272,1.0273,43.79,0.0856
02/08/2026,20:42,139.16,26.73,23.97,10.33,48.25,20.35,-1.06,4.77,1269,1.0273,43.84,0.0852
02/08/2026,20:43,139.22,26.76,23.94,10.31,48.26,20.35,-1.05,4.77,1270,1.0273,43.75,0.0855
02/08/2026,20:44,139.25,26.70,23.94,10.27,48.20,20.34,-1.04,4.78,1269,1.0271,43.80,0.0860
02/08/2026,20:45,139.25,26.69,23.90,10.26,48.16,20.32,-1.05,4.77,1261,1.0269,43.89,0.0865
02/08/2026,20:46,139.29,26.65,23.90,10.30,48.26,20.33,-1.00,4.77,1260,1.0269,44.00,0.0864
02/08/2026,20:47,139.28,26.69,23.98,10.31,48.19,20.31,-1.00,4.77,1267,1.0267,44.03,0.0863
02/08/2026,20:48,139.31,26.68,23.98,10.30,48.25,20.34,-1.02,4.77,1265,1.0265,44.04,0.0861
02/08/2026,20:49,139.30,26.67,24.04,10.33,48.24,20.30,-1.02,4.77,1270,1.0266,44.15,0.0858
02/08/2026,20:50,139.32,26.68,24.02,10.29,48.23,20.27,-1.02,4.78,1270,1.0268,44.13,0.0864
02/08/2026,20:51,139.33,26.64,23.98,10.26,48.16,20.30,-1.01,4.77,1268,1.0270,43.98,0.0867
02/08/2026,20:52,139.37,26.62,23.99,10.28,48.10,20.32,-1.01,4.78,1269,1.0268,44.05,0.0870
02/08/2026,20:53,139.34,26.64,23.97,10.31,48.24,20.33,-1.02,4.80,1272,1.0269,44.11,0.0871
02/08/2026,20:54,139.39,26.60,24.00,10.34,48.31,20.36,-0.99,4.82,1275,1.0266,44.07,0.0871
02/08/2026,20:55,139.39,26.56,24.03,10.33,48.34,20.37,-1.01,4.82,1275,1.0263,44.07,0.0872
02/08/2026,20:56,139.42,26.50,24.05,10.35,48.25,20.37,-1.05,4.81,1269,1.0264,43.93,0.0869
02/08/2026,20:57,139.47,26.47,24.05,10.30,48.30,20.36,-1.06,4.81,1269,1.0265,43.92,0.0864
02/08/2026,20:58,139.47,26.45,24.06,10.32,48.22,20.36,-1.06,4.81,1269,1.0266,43.84,0.0870
02/08/2026,20:59,139.48,26.47,24.11,10.32,48.25,20.37,-1.05,4.82,1270,1.0268,43.66,0.0873
02/08/2026,21:00,139.43,26.44,24.00,10.37,48.31,20.37,-1.03,4.83,1267,1.0269,43.57,0.0873
02/08/2026,21:01,139.44,26.48,24.04,10.40,48.24,20.39,-1.01,4.83,1262,1.0271,43.58,0.0874
02/08/2026,21:02,139.46,26.48,24.01,10.40,48.32,20.39,-0.99,4.81,1262,1.0268,43.52,0.0865
02/08/2026,21:03,139.47,26.46,23.99,10.41,48.34,20.39,-0.98,4.81,1262,1.0269,43.54,0.0868
02/08/2026,21:04,139.51,26.37,23.97,10.40,48.41,20.38,-0.98,4.82,1266,1.0268,43.53,0.0868
02/08/2026,21:05,139.47,26.36,23.97,10.36,48.50,20.41,-1.00,4.81,1265,1.0271,43.55,0.0870
02/08/2026,21:06,139.43,26.33,23.95,10.36,48.49,20.41,-1.01,4.81,1265,1.0270,43.53,0.0867
02/08/2026,21:07,139.46,26.34,23.90,10.37,48.45,20.45,-1.01,4.79,1265,1.0272,43.64,0.0868
02/08/2026,21:08,139.47,26.30,23.86,10.38,48.43,20.39,-0.99,4.79,1263,1.0273,43.51,0.0867
02/08/2026,21:09,139.50,26.29,23.89,10.37,48.47,20.40,-0.97,4.79,1264,1.0277,43.61,0.0866
02/08/2026,21:10,139.42,26.25,23.90,10.34,48.49,20.41,-0.95,4.79,1260,1.0281,43.62,0.0864
02/08/2026,21:11,139.35,26.20,23.87,10.30,48.48,20.38,-0.95,4.79,1257,1.0280,43.47,0.0868
02/08/2026,21:12,139.34,26.18,23.83,10.27,48.41,20.38,-0.95,4.80,1255,1.0286,43.54,0.0869
02/08/2026,21:13,139.37,26.17,23.76,10.28,48.30,20.39,-0.94,4.78,1258,1.0281,43.45,0.0867
02/08/2026,21:14,139.36,26.15,23.76,10.28,48.31,20.42,-0.95,4.78,1262,1.0282,43.37,0.0862
02/08/2026,21:15,139.42,26.14,23.76,10.28,48.35,20.42,-0.97,4.77,1259,1.0280,43.50,0.0858
02/08/2026,21:16,139.46,26.20,23.75,10.27,48.49,20.42,-0.97,4.77,1255,1.0277,43.48,0.0866
02/08/2026,21:17,139.45,26.14,23.77,10.25,48.42,20.42,-0.98,4.77,1258,1.0280,43.47,0.0866
02/08/2026,21:18,139.46,26.17,23.78,10.26,48.42,20.43,-0.99,4.77,1260,1.0282,43.49,0.0864
02/08/2026,21:19,139.39,26.13,23.81,10.29,48.48,20.44,-1.00,4.78,1258,1.0280,43.55,0.0863
02/08/2026,21:20,139.34,26.11,23.84,10.29,48.50,20.40,-0.99,4.77,1261,1.0278,43.36,0.0857
02/08/2026,21:21,139.26,26.09,23.84,10.31,48.46,20.37,-0.99,4.78,1257,1.0277,43.33,0.0854
02/08/2026,21:22,139.33,26.07,23.79,10.31,48.50,20.42,-1.01,4.80,1255,1.0276,43.33,0.0858
02/08/2026,21:23,139.34,26.01,23.76,10.30,48.49,20.41,-0.99,4.80,1255,1.0280,43.32,0.0857
02/08/2026,21:24,139.29,26.02,23.70,10.26,48.40,20.44,-1.00,4.81,1257,1.0278,43.32,0.0861
02/08/2026,21:25,139.27,25.95,23.65,10.27,48.27,20.41,-0.99,4.81,1256,1.0275,43.23,0.0863
02/08/2026,21:26,139.31,25.87,23.66,10.24,48.25,20.41,-0.98,4.80,1255,1.0273,43.23,0.0863
02/08/2026,21:27,139.27,25.86,23.64,10.24,48.22,20.44,-0.97,4.80,1257,1.0275,43.27,0.0871
02/08/2026,21:28,139.22,25.88,23.57,10.28,48.21,20.46,-0.94,4.80,1257,1.0277,43.25,0.0874
02/08/2026,21:29,139.19,25.89,23.60,10.23,48.18,20.45,-0.93,4.79,1258,1.0276,43.34,0.0875
02/08/2026,21:30,139.23,25.87,23.60,10.18,48.21,20.45,-0.95,4.80,1258,1.0274,43.32,0.0875
02/08/2026,21:31,139.26,25.84,23.56,10.14,48.11,20.45,-0.92,4.80,1258,1.0275,43.30,0.0871
02/08/2026,21:32,139.26,25.80,23.58,10.17,48.18,20.46,-0.91,4.80,1262,1.0273,43.38,0.0869
02/08/2026,21:33,139.26,25.76,23.65,10.12,48.24,20.48,-0.90,4.80,1261,1.0273,43.41,0.0869
02/08/2026,21:34,139.31,25.74,23.65,10.15,48.21,20.50,-0.94,4.81,1262,1.0270,43.37,0.0868
02/08/2026,21:35,139.34,25.66,23.71,10.13,48.24,20.45,-0.94,4.80,1264,1.0271,43.24,0.0866
02/08/2026,21:36,139.32,25.67,23.72,10.14,48.29,20.48,-0.97,4.79,1263,1.0271,43.14,0.0867
02/08/2026,21:37,139.46,25.60,23.75,10.17,48.32,20.50,-1.01,4.81,1266,1.0273,43.23,0.0871
02/08/2026,21:38,139.49,25.59,23.77,10.15,48.31,20.49,-1.02,4.83,1268,1.0266,43.31,0.0874
02/08/2026,21:39,139.45,25.55,23.80,10.12,48.30,20.48,-1.02,4.81,1266,1.0267,43.35,0.0871
02/08/2026,21:40,139.44,25.56,23.82,10.11,48.21,20.46,-1.02,4.80,1267,1.0265,43.46,0.0871
02/08/2026,21:41,139.40,25.52,23.84,10.08,48.21,20.48,-1.02,4.81,1267,1.0265,43.42,0.0871
02/08/2026,21:42,139.41,25.50,23.86,10.10,48.16,20.53,-0.99,4.81,1262,1.0265,43.33,0.0869
02/08/2026,21:43,139.35,25.50,23.82,10.09,47.99,20.55,-1.03,4.80,1265,1.0262,43.31,0.0870
02/08/2026,21:44,139.33,25.46,23.84,10.09,48.07,20.54,-1.05,4.81,1265,1.0264,43.17,0.0870
02/08/2026,21:45,139.38,25.40,23.81,10.09,48.01,20.55,-1.04,4.80,1256,1.0262,43.19,0.0869
02/08/2026,21:46,139.43,25.40,23.83,10.08,48.17,20.55,-1.02,4.81,1260,1.0259,43.27,0.0869
02/08/2026,21:47,139.45,25.35,23.80,10.10,48.24,20.57,-1.03,4.81,1264,1.0259,43.34,0.0870
02/08/2026,21:48,139.45,25.35,23.82,10.10,48.29,20.55,-0.99,4.80,1265,1.0261,43.34,0.0868
02/08/2026,21:49,139.48,25.35,23.82,10.11,48.31,20.57,-0.97,4.81,1263,1.0260,43.34,0.0867
02/08/2026,21:50,139.40,25.32,23.84,10.11,48.33,20.59,-0.97,4.79,1258,1.0263,43.44,0.0868
02/08/2026,21:51,139.45,25.29,23.84,10.12,48.27,20.58,-0.97,4.77,1252,1.0260,43.52,0.0864
02/08/2026,21:52,139.36,25.21,23.85,10.15,48.42,20.60,-0.94,4.79,1249,1.0259,43.49,0.0864
02/08/2026,21:53,139.37,25.20,23.84,10.15,48.45,20.60,-0.98,4.79,1253,1.0259,43.54,0.0859
02/08/2026,21:54,139.30,25.18,23.83,10.10,48.39,20.60,-0.97,4.78,1254,1.0262,43.61,0.0867
02/08/2026,21:55,139.28,25.15,23.87,10.15,48.35,20.58,-0.97,4.78,1252,1.0264,43.61,0.0862
02/08/2026,21:56,139.25,25.14,23.77,10.15,48.24,20.55,-0.97,4.79,1248,1.0261,43.53,0.0863
02/08/2026,21:57,139.25,25.17,23.72,10.16,48.03,20.54,-0.99,4.79,1251,1.0255,43.53,0.0859
02/08/2026,21:58,139.24,25.19,23.75,10.18,48.05,20.56,-1.01,4.79,1254,1.0257,43.54,0.0859
02/08/2026,21:59,139.17,25.20,23.75,10.13,48.09,20.56,-1.03,4.79,1255,1.0254,43.57,0.0858
02/08/2026,22:00,139.15,25.20,23.69,10.11,48.01,20.56,-1.02,4.78,1256,1.0253,43.47,0.0855
02/08/2026,22:01,139.15,25.21,23.69,10.08,47.93,20.56,-1.01,4.77,1253,1.0255,43.46,0.0857
02/08/2026,22:02,139.15,25.23,23.72,10.09,47.92,20.55,-1.01,4.76,1254,1.0255,43.54,0.0860
02/08/2026,22:03,139.16,25.21,23.68,10.08,47.99,20.58,-1.00,4.78,1253,1.0251,43.58,0.0863
02/08/2026,22:04,139.16,25.22,23.68,10.11,47.95,20.65,-1.00,4.78,1254,1.0248,43.52,0.0860
02/08/2026,22:05,139.18,25.25,23.74,10.11,47.97,20.64,-0.98,4.80,1257,1.0250,43.46,0.0857
02/08/2026,22:06,139.20,25.22,23.72,10.10,47.95,20.62,-0.96,4.80,1254,1.0253,43.45,0.0859
02/08/2026,22:07,139.22,25.22,23.73,10.10,47.93,20.62,-0.94,4.81,1252,1.0248,43.31,0.0860
02/08/2026,22:08,139.21,25.21,23.73,10.12,48.02,20.68,-0.95,4.80,1253,1.0246,43.28,0.0858
02/08/2026,22:09,139.23,25.18,23.65,10.08,48.06,20.67,-0.95,4.77,1246,1.0250,43.36,0.0864
02/08/2026,22:10,139.32,25.13,23.63,10.06,48.04,20.67,-0.90,4.77,1242,1.0256,43.29,0.0861
02/08/2026,22:11,139.28,25.12,23.53,10.05,48.04,20.66,-0.90,4.77,1240,1.0259,43.34,0.0856
02/08/2026,22:12,139.25,25.07,23.52,10.05,48.12,20.67,-0.91,4.78,1240,1.0259,43.41,0.0864
02/08/2026,22:13,139.26,25.04,23.46,9.98,48.13,20.69,-0.92,4.77,1240,1.0262,43.45,0.0861
02/08/2026,22:14,139.20,25.07,23.43,9.95,48.07,20.68,-0.88,4.76,1241,1.0261,43.58,0.0862
02/08/2026,22:15,139.16,25.05,23.44,9.91,48.14,20.68,-0.86,4.77,1241,1.0258,43.51,0.0863
02/08/2026,22:16,139.16,25.12,23.39,9.92,48.07,20.66,-0.86,4.75,1242,1.0262,43.63,0.0867
02/08/2026,22:17,139.20,25.08,23.44,9.89,48.07,20.67,-0.87,4.75,1238,1.0264,43.53,0.0869
02/08/2026,22:18,139.25,25.11,23.33,9.89,48.13,20.66,-0.85,4.75,1234,1.0266,43.66,0.0861
02/08/2026,22:19,139.28,25.10,23.29,9.89,48.09,20.66,-0.85,4.76,1236,1.0270,43.61,0.0857
02/08/2026,22:20,139.31,25.08,23.28,9.83,48.04,20.67,-0.83,4.78,1233,1.0271,43.52,0.0854
02/08/2026,22:21,139.35,25.03,23.23,9.86,48.03,20.71,-0.85,4.79,1230,1.0270,43.43,0.0856
02/08/2026,22:22,139.32,24.96,23.26,9.87,48.03,20.67,-0.87,4.77,1233,1.0266,43.41,0.0857
02/08/2026,22:23,139.33,24.90,23.25,9.88,47.99,20.68,-0.87,4.76,1230,1.0268,43.36,0.0859
02/08/2026,22:24,139.36,24.88,23.22,9.89,48.10,20.66,-0.87,4.75,1228,1.0268,43.26,0.0857
02/08/2026,22:25,139.38,24.79,23.19,9.90,48.11,20.69,-0.87,4.74,1228,1.0266,43.33,0.0860
02/08/2026,22:26,139.38,24.76,23.21,9.88,48.14,20.68,-0.86,4.73,1232,1.0267,43.37,0.0862
02/08/2026,22:27,139.33,24.79,23.22,9.88,48.06,20.70,-0.86,4.72,1234,1.0265,43.33,0.0863
02/08/2026,22:28,139.42,24.74,23.16,9.90,47.98,20.74,-0.85,4.73,1232,1.0266,43.24,0.0862
02/08/2026,22:29,139.41,24.71,23.13,9.93,47.90,20.77,-0.86,4.73,1235,1.0261,43.20,0.0860
02/08/2026,22:30,139.40,24.69,23.17,9.96,47.92,20.76,-0.83,4.73,1236,1.0266,43.24,0.0857
02/08/2026,22:31,139.32,24.66,23.17,9.95,47.97,20.79,-0.84,4.73,1234,1.0263,43.18,0.0860
02/08/2026,22:32,139.28,24.66,23.14,9.89,47.91,20.82,-0.84,4.72,1235,1.0263,43.16,0.0857
02/08/2026,22:33,139.20,24.58,23.17,9.90,47.92,20.82,-0.85,4.73,1232,1.0266,43.20,0.0856
02/08/2026,22:34,139.18,24.61,23.20,9.92,47.75,20.82,-0.83,4.75,1231,1.0265,43.22,0.0865
02/08/2026,22:35,139.13,24.56,23.18,9.89,47.83,20.81,-0.82,4.74,1227,1.0263,43.12,0.0865
02/08/2026,22:36,139.01,24.48,23.18,9.90,47.78,20.81,-0.83,4.75,1225,1.0262,43.13,0.0864
02/08/2026,22:37,139.07,24.49,23.09,9.88,47.69,20.76,-0.81,4.75,1222,1.0260,43.15,0.0863
02/08/2026,22:38,139.06,24.44,23.08,9.90,47.68,20.76,-0.82,4.75,1226,1.0256,42.94,0.0863
02/08/2026,22:39,139.14,24.40,23.03,9.89,47.58,20.80,-0.81,4.74,1233,1.0253,42.96,0.0864
02/08/2026,22:40,139.12,24.36,23.04,9.88,47.61,20.79,-0.83,4.73,1228,1.0251,43.12,0.0862
02/08/2026,22:41,139.15,24.32,23.01,9.92,47.58,20.77,-0.80,4.73,1226,1.0252,43.01,0.0859
02/08/2026,22:42,139.16,24.32,23.01,9.93,47.57,20.80,-0.79,4.73,1225,1.0251,42.98,0.0854
02/08/2026,22:43,139.23,24.30,23.02,9.95,47.55,20.84,-0.81,4.72,1227,1.0252,42.85,0.0855
02/08/2026,22:44,139.24,24.31,23.02,9.95,47.48,20.84,-0.82,4.71,1226,1.0255,42.76,0.0852
02/08/2026,22:45,139.15,24.25,22.97,9.98,47.56,20.82,-0.85,4.70,1227,1.0254,42.68,0.0849
02/08/2026,22:46,139.10,24.27,22.98,9.95,47.56,20.83,-0.84,4.69,1233,1.0250,42.90,0.0853
02/08/2026,22:47,139.05,24.25,22.93,9.92,47.61,20.81,-0.84,4.69,1230,1.0249,42.80,0.0846
02/08/2026,22:48,139.04,24.22,22.89,9.90,47.63,20.86,-0.83,4.69,1230,1.0248,42.89,0.0847
02/08/2026,22:49,139.05,24.12,22.96,9.89,47.63,20.86,-0.81,4.69,1232,1.0251,42.87,0.0852
02/08/2026,22:50,139.01,24.09,23.00,9.87,47.71,20.88,-0.82,4.67,1233,1.0249,42.89,0.0850
02/08/2026,22:51,138.94,24.09,23.10,9.87,47.68,20.87,-0.84,4.68,1236,1.0251,42.88,0.0852
02/08/2026,22:52,138.93,24.08,23.13,9.89,47.82,20.87,-0.80,4.69,1233,1.0252,42.91,0.0846
02/08/2026,22:53,138.83,24.07,23.15,9.90,47.91,20.88,-0.74,4.69,1232,1.0249,42.82,0.0849
02/08/2026,22:54,138.89,24.11,23.18,9.87,47.84,20.85,-0.73,4.71,1235,1.0256,42.82,0.0851
02/08/2026,22:55,138.86,24.12,23.20,9.89,47.88,20.83,-0.73,4.70,1237,1.0259,42.76,0.0845
02/08/2026,22:56,138.86,24.12,23.19,9.88,47.86,20.86,-0.72,4.70,1233,1.0261,42.83,0.0846
02/08/2026,22:57,138.83,24.09,23.17,9.89,47.85,20.89,-0.76,4.70,1234,1.0261,42.88,0.0846
02/08/2026,22:58,138.83,24.12,23.21,9.88,47.92,20.91,-0.73,4.70,1235,1.0262,42.94,0.0851
02/08/2026,22:59,138.86,24.06,23.24,9.90,47.87,20.98,-0.73,4.70,1236,1.0265,42.80,0.0851
02/08/2026,23:00,138.85,24.08,23.17,9.89,47.76,21.01,-0.74,4.68,1240,1.0266,42.82,0.0850
02/08/2026,23:01,138.89,24.07,23.17,9.88,47.79,20.98,-0.75,4.69,1237,1.0271,42.88,0.0849
02/08/2026,23:02,138.91,24.04,23.18,9.84,47.79,20.99,-0.73,4.70,1237,1.0269,42.87,0.0847
02/08/2026,23:03,138.90,24.00,23.16,9.84,47.83,21.01,-0.76,4.71,1234,1.0268,42.90,0.0849
02/08/2026,23:04,138.96,24.01,23.19,9.84,47.87,21.02,-0.76,4.72,1235,1.0267,42.88,0.0850
02/08/2026,23:05,139.02,23.92,23.22,9.88,48.00,21.03,-0.76,4.72,1237,1.0264,42.90,0.0849
02/08/2026,23:06,139.04,23.96,23.21,9.85,47.92,20.98,-0.79,4.72,1236,1.0268,43.02,0.0845
02/08/2026,23:07,139.10,23.95,23.20,9.86,48.09,20.96,-0.75,4.71,1236,1.0264,43.16,0.0848
02/08/2026,23:08,139.07,23.91,23.18,9.86,48.07,20.95,-0.73,4.71,1237,1.0264,43.04,0.0843
02/08/2026,23:09,139.09,23.86,23.20,9.89,48.00,20.94,-0.72,4.69,1235,1.0267,42.93,0.0843
02/08/2026,23:10,139.09,23.84,23.22,9.85,48.08,20.98,-0.74,4.71,1235,1.0265,42.89,0.0839
02/08/2026,23:11,139.02,23.79,23.25,9.85,48.01,20.99,-0.77,4.70,1240,1.0265,42.94,0.0841
02/08/2026,23:12,138.96,23.77,23.27,9.83,48.03,21.06,-0.74,4.71,1237,1.0265,42.92,0.0840
02/08/2026,23:13,138.99,23.74,23.29,9.79,47.99,21.06,-0.72,4.70,1234,1.0268,42.77,0.0841
02/08/2026,23:14,139.02,23.72,23.30,9.81,48.01,21.06,-0.77,4.71,1236,1.0267,42.74,0.0843
02/08/2026,23:15,139.02,23.71,23.31,9.82,48.01,21.03,-0.79,4.72,1241,1.0263,42.74,0.0841
02/08/2026,23:16,139.05,23.71,23.29,9.83,47.96,21.02,-0.79,4.71,1238,1.0263,42.61,0.0841
02/08/2026,23:17,139.06,23.71,23.32,9.87,47.98,20.95,-0.81,4.71,1237,1.0264,42.62,0.0842
02/08/2026,23:18,139.13,23.69,23.28,9.90,47.86,20.95,-0.79,4.72,1238,1.0268,42.72,0.0843
02/08/2026,23:19,139.11,23.66,23.23,9.87,47.86,20.91,-0.78,4.72,1241,1.0267,42.75,0.0845
02/08/2026,23:20,139.09,23.68,23.22,9.86,47.97,20.92,-0.80,4.71,1240,1.0267,42.87,0.0844
02/08/2026,23:21,139.18,23.68,23.20,9.87,47.89,20.95,-0.78,4.73,1239,1.0267,42.95,0.0850
02/08/2026,23:22,139.14,23.65,23.19,9.89,47.90,20.94,-0.76,4.72,1237,1.0261,42.92,0.0851
02/08/2026,23:23,139.16,23.65,23.22,9.91,47.98,20.95,-0.75,4.71,1240,1.0261,42.94,0.0854
02/08/2026,23:24,139.14,23.64,23.18,9.86,47.97,20.98,-0.76,4.71,1240,1.0263,42.87,0.0851
02/08/2026,23:25,139.07,23.61,23.20,9.85,47.87,20.97,-0.78,4.72,1243,1.0260,42.85,0.0853
02/08/2026,23:26,139.13,23.64,23.25,9.87,47.87,20.97,-0.77,4.72,1239,1.0263,42.83,0.0856
02/08/2026,23:27,139.15,23.62,23.17,9.92,47.89,20.97,-0.76,4.72,1244,1.0263,42.89,0.0861
02/08/2026,23:28,139.14,23.59,23.23,9.91,47.89,20.97,-0.79,4.72,1240,1.0265,42.94,0.0863
02/08/2026,23:29,139.18,23.62,23.23,9.92,47.94,20.96,-0.76,4.73,1234,1.0266,43.00,0.0865
02/08/2026,23:30,139.18,23.63,23.21,9.91,47.93,20.97,-0.75,4.71,1235,1.0265,43.00,0.0868
02/08/2026,23:31,139.14,23.55,23.19,9.92,47.85,20.99,-0.74,4.70,1232,1.0264,42.99,0.0868
02/08/2026,23:32,139.10,23.59,23.18,9.88,47.78,20.98,-0.72,4.72,1234,1.0261,42.72,0.0864
02/08/2026,23:33,139.10,23.63,23.15,9.90,47.79,21.00,-0.73,4.71,1230,1.0259,42.71,0.0866
02/08/2026,23:34,139.02,23.62,23.15,9.93,47.78,20.95,-0.74,4.71,1232,1.0260,42.71,0.0870
02/08/2026,23:35,139.08,23.58,23.16,9.93,47.67,20.93,-0.71,4.71,1233,1.0259,42.72,0.0873
02/08/2026,23:36,139.07,23.57,23.14,9.89,47.71,20.93,-0.74,4.70,1231,1.0257,42.62,0.0874
02/08/2026,23:37,139.08,23.56,23.08,9.88,47.74,20.92,-0.76,4.71,1231,1.0256,42.66,0.0873
02/08/2026,23:38,139.14,23.53,23.09,9.88,47.80,20.91,-0.77,4.72,1232,1.0259,42.58,0.0874
02/08/2026,23:39,139.10,23.54,23.09,9.85,47.84,20.93,-0.76,4.70,1232,1.0260,42.63,0.0876
02/08/2026,23:40,139.10,23.56,23.08,9.85,47.84,20.97,-0.79,4.71,1235,1.0262,42.43,0.0874
02/08/2026,23:41,139.13,23.50,23.09,9.87,47.86,20.96,-0.80,4.69,1237,1.0265,42.52,0.0882
02/08/2026,23:42,139.08,23.48,23.10,9.88,47.88,20.99,-0.83,4.69,1239,1.0263,42.46,0.0876
02/08/2026,23:43,139.02,23.42,23.12,9.86,47.85,20.98,-0.82,4.71,1239,1.0262,42.47,0.0880
02/08/2026,23:44,139.08,23.40,23.17,9.86,47.91,20.97,-0.81,4.71,1245,1.0263,42.63,0.0885
02/08/2026,23:45,139.06,23.33,23.25,9.85,47.86,20.93,-0.84,4.73,1245,1.0260,42.58,0.0877
02/08/2026,23:46,139.10,23.34,23.26,9.87,47.88,20.99,-0.86,4.73,1244,1.0262,42.58,0.0882
02/08/2026,23:47,139.14,23.25,23.23,9.85,47.84,21.00,-0.82,4.74,1241,1.0262,42.63,0.0884
02/08/2026,23:48,139.15,23.18,23.24,9.88,48.01,21.00,-0.85,4.75,1238,1.0262,42.70,0.0888
02/08/2026,23:49,139.05,23.17,23.22,9.90,47.96,21.01,-0.85,4.76,1237,1.0264,42.69,0.0887
02/08/2026,23:50,139.07,23.11,23.17,9.91,47.96,20.97,-0.86,4.76,1235,1.0260,42.58,0.0890
02/08/2026,23:51,139.12,23.14,23.18,9.89,47.89,20.96,-0.87,4.74,1234,1.0259,42.55,0.0891
02/08/2026,23:52,139.16,23.14,23.18,9.88,47.83,20.92,-0.84,4.73,1231,1.0260,42.49,0.0894
02/08/2026,23:53,139.12,23.11,23.19,9.88,47.86,20.92,-0.84,4.72,1231,1.0258,42.37,0.0896
02/08/2026,23:54,139.17,23.06,23.20,9.90,47.80,20.92,-0.83,4.73,1229,1.0257,42.40,0.0898
02/08/2026,23:55,139.12,23.11,23.15,9.88,47.89,20.92,-0.86,4.74,1223,1.0255,42.34,0.0893
02/08/2026,23:56,139.09,23.03,23.15,9.87,47.90,20.96,-0.83,4.73,1223,1.0256,42.37,0.0890
02/08/2026,23:57,139.01,23.07,23.15,9.86,47.93,20.95,-0.84,4.74,1223,1.0256,42.46,0.0884
02/08/2026,23:58,139.02,23.12,23.12,9.86,48.04,20.99,-0.83,4.75,1223,1.0255,42.45,0.0887
02/08/2026,23:59,138.97,23.11,23.11,9.86,47.97,20.97,-0.83,4.75,1231,1.0258,42.38,0.0891
03/08/2026,00:00,138.99,23.05,23.13,9.82,47.91,20.95,-0.85,4.74,1234,1.0262,42.28,0.0886
03/08/2026,00:01,139.03,23.00,23.09,9.77,47.91,20.94,-0.86,4.73,1234,1.0263,42.44,0.0886
03/08/2026,00:02,139.03,22.96,23.15,9.78,47.84,20.94,-0.83,4.73,1232,1.0262,42.46,0.0888
03/08/2026,00:03,139.03,22.93,23.13,9.76,47.85,20.93,-0.82,4.75,1231,1.0263,42.53,0.0884
03/08/2026,00:04,138.95,22.90,23.18,9.77,47.78,20.91,-0.81,4.76,1237,1.0263,42.56,0.0883
03/08/2026,00:05,139.07,22.80,23.25,9.77,47.75,20.89,-0.81,4.76,1236,1.0264,42.51,0.0885
03/08/2026,00:06,139.11,22.81,23.23,9.80,47.86,20.87,-0.77,4.75,1242,1.0264,42.56,0.0887
03/08/2026,00:07,139.21,22.80,23.18,9.84,48.04,20.85,-0.77,4.73,1237,1.0267,42.53,0.0894
03/08/2026,00:08,139.22,22.77,23.15,9.81,47.99,20.78,-0.74,4.71,1232,1.0267,42.54,0.0891
03/08/2026,00:09,139.22,22.73,23.08,9.79,47.93,20.71,-0.74,4.73,1227,1.0272,42.49,0.0893
03/08/2026,00:10,139.20,22.68,23.12,9.77,47.88,20.72,-0.73,4.71,1233,1.0275,42.51,0.0895
03/08/2026,00:11,139.28,22.57,23.07,9.78,47.85,20.70,-0.76,4.70,1232,1.0276,42.50,0.0895
03/08/2026,00:12,139.32,22.53,23.12,9.76,47.83,20.71,-0.76,4.69,1229,1.0272,42.48,0.0892
03/08/2026,00:13,139.34,22.49,23.07,9.73,47.68,20.73,-0.78,4.71,1232,1.0274,42.56,0.0893
03/08/2026,00:14,139.30,22.50,23.11,9.72,47.65,20.74,-0.77,4.71,1235,1.0272,42.58,0.0888
03/08/2026,00:15,139.30,22.49,23.15,9.73,47.65,20.80,-0.78,4.70,1233,1.0272,42.56,0.0894
03/08/2026,00:16,139.28,22.45,23.18,9.78,47.65,20.84,-0.78,4.71,1238,1.0268,42.63,0.0894
03/08/2026,00:17,139.30,22.43,23.21,9.74,47.61,20.85,-0.76,4.72,1240,1.0265,42.69,0.0899
03/08/2026,00:18,139.28,22.38,23.24,9.77,47.54,20.85,-0.79,4.72,1240,1.0264,42.62,0.0897
03/08/2026,00:19,139.32,22.38,23.24,9.75,47.50,20.89,-0.79,4.73,1241,1.0266,42.61,0.0893
03/08/2026,00:20,139.28,22.33,23.28,9.81,47.44,20.86,-0.79,4.73,1238,1.0265,42.57,0.0893
03/08/2026,00:21,139.26,22.27,23.20,9.81,47.47,20.82,-0.82,4.72,1240,1.0265,42.51,0.0898
03/08/2026,00:22,139.31,22.24,23.23,9.87,47.39,20.80,-0.83,4.72,1240,1.0265,42.48,0.0895
03/08/2026,00:23,139.35,22.26,23.23,9.88,47.38,20.77,-0.83,4.74,1243,1.0265,42.48,0.0892
03/08/2026,00:24,139.33,22.23,23.26,9.87,47.39,20.76,-0.85,4.75,1245,1.0267,42.40,0.0894
03/08/2026,00:25,139.31,22.23,23.26,9.86,47.34,20.78,-0.86,4.76,1241,1.0266,42.32,0.0899
03/08/2026,00:26,139.28,22.20,23.30,9.88,47.42,20.82,-0.81,4.75,1236,1.0266,42.27,0.0895
03/08/2026,00:27,139.27,22.21,23.29,9.91,47.52,20.82,-0.82,4.74,1230,1.0267,42.29,0.0895
03/08/2026,00:28,139.35,22.19,23.25,9.92,47.57,20.81,-0.78,4.73,1228,1.0269,42.34,0.0896
03/08/2026,00:29,139.34,22.19,23.18,9.84,47.59,20.88,-0.78,4.74,1228,1.0271,42.41,0.0892
03/08/2026,00:30,139.33,22.16,23.21,9.86,47.58,20.91,-0.82,4.73,1228,1.0275,42.39,0.0886
03/08/2026,00:31,139.35,22.17,23.17,9.84,47.41,20.89,-0.81,4.72,1228,1.0275,42.50,0.0886
03/08/2026,00:32,139.36,22.18,23.17,9.86,47.36,20.90,-0.81,4.72,1229,1.0273,42.51,0.0888
03/08/2026,00:33,139.33,22.18,23.16,9.84,47.22,20.88,-0.77,4.73,1226,1.0272,42.43,0.0892
03/08/2026,00:34,139.38,22.18,23.13,9.82,47.26,20.87,-0.78,4.72,1224,1.0272,42.40,0.0897
03/08/2026,00:35,139.33,22.18,23.08,9.82,47.32,20.89,-0.81,4.71,1223,1.0274,42.51,0.0894
03/08/2026,00:36,139.28,22.14,23.03,9.87,47.32,20.91,-0.79,4.71,1225,1.0274,42.49,0.0889
03/08/2026,00:37,139.32,22.10,23.02,9.92,47.32,20.91,-0.77,4.70,1233,1.0271,42.55,0.0888
03/08/2026,00:38,139.28,22.07,23.10,9.89,47.37,20.91,-0.76,4.70,1236,1.0270,42.49,0.0893
03/08/2026,00:39,139.13,22.12,23.15,9.93,47.42,20.91,-0.76,4.68,1232,1.0270,42.53,0.0889
03/08/2026,00:40,139.10,22.01,23.14,9.88,47.35,20.90,-0.75,4.67,1231,1.0269,42.62,0.0891
03/08/2026,00:41,139.05,21.95,23.16,9.87,47.31,20.95,-0.73,4.67,1233,1.0269,42.52,0.0893
03/08/2026,00:42,139.07,21.95,23.18,9.88,47.42,20.93,-0.75,4.67,1228,1.0266,42.59,0.0898
03/08/2026,00:43,139.05,21.97,23.14,9.88,47.40,20.99,-0.73,4.66,1226,1.0265,42.40,0.0897
03/08/2026,00:44,139.10,21.98,23.10,9.91,47.46,21.00,-0.72,4.66,1228,1.0266,42.32,0.0901
03/08/2026,00:45,139.09,21.91,23.10,9.90,47.43,20.97,-0.73,4.66,1229,1.0267,42.37,0.0902
03/08/2026,00:46,139.13,21.87,23.08,9.87,47.54,20.96,-0.71,4.65,1228,1.0265,42.47,0.0901
03/08/2026,00:47,139.18,21.88,23.08,9.86,47.60,20.97,-0.73,4.68,1231,1.0264,42.53,0.0896
03/08/2026,00:48,139.18,21.92,23.08,9.85,47.61,20.97,-0.74,4.69,1231,1.0269,42.44,0.0887
03/08/2026,00:49,139.12,21.87,23.08,9.89,47.56,20.96,-0.74,4.68,1232,1.0270,42.49,0.0891
03/08/2026,00:50,139.15,21.86,23.06,9.91,47.69,20.95,-0.74,4.69,1230,1.0272,42.31,0.0895
03/08/2026,00:51,139.13,21.85,23.11,9.93,47.67,20.94,-0.74,4.67,1230,1.0272,42.40,0.0896
03/08/2026,00:52,139.08,21.81,23.09,9.94,47.66,20.94,-0.76,4.66,1232,1.0276,42.41,0.0892
03/08/2026,00:53,139.08,21.70,23.05,9.89,47.64,20.90,-0.73,4.68,1227,1.0278,42.51,0.0892
03/08/2026,00:54,139.03,21.69,23.07,9.85,47.68,20.90,-0.73,4.68,1228,1.0276,42.49,0.0890
03/08/2026,00:55,139.05,21.66,23.07,9.86,47.68,20.88,-0.73,4.67,1233,1.0278,42.57,0.0887
03/08/2026,00:56,138.98,21.65,23.05,9.91,47.75,20.91,-0.72,4.68,1230,1.0283,42.45,0.0886
03/08/2026,00:57,138.93,21.58,23.07,9.88,47.65,20.87,-0.72,4.67,1231,1.0282,42.46,0.0883
03/08/2026,00:58,138.94,21.52,23.06,9.93,47.68,20.90,-0.72,4.68,1233,1.0278,42.43,0.0882
03/08/2026,00:59,138.94,21.45,23.03,9.92,47.66,20.92,-0.75,4.68,1233,1.0276,42.43,0.0880
03/08/2026,01:00,138.86,21.47,23.03,9.93,47.59,20.92,-0.76,4.70,1232,1.0280,42.55,0.0882
03/08/2026,01:01,138.83,21.45,23.07,9.92,47.76,20.89,-0.78,4.71,1228,1.0283,42.56,0.0885
03/08/2026,01:02,138.80,21.46,23.05,9.89,47.75,20.91,-0.78,4.71,1228,1.0280,42.66,0.0882
03/08/2026,01:03,138.86,21.47,23.02,9.90,47.78,20.95,-0.81,4.71,1226,1.0279,42.73,0.0883
03/08/2026,01:04,138.86,21.51,22.95,9.87,47.77,20.94,-0.79,4.69,1227,1.0277,42.64,0.0880
03/08/2026,01:05,138.81,21.52,22.94,9.87,47.71,20.94,-0.77,4.70,1227,1.0275,42.77,0.0876
03/08/2026,01:06,138.84,21.52,22.96,9.86,47.70,20.92,-0.77,4.71,1224,1.0273,42.72,0.0877
03/08/2026,01:07,138.93,21.54,22.96,9.81,47.71,20.94,-0.77,4.69,1223,1.0272,42.66,0.0878
03/08/2026,01:08,138.94,21.49,22.92,9.84,47.64,20.96,-0.77,4.69,1223,1.0271,42.72,0.0879
03/08/2026,01:09,138.91,21.47,22.90,9.82,47.69,20.91,-0.76,4.70,1224,1.0269,42.76,0.0883
03/08/2026,01:10,138.91,21.44,22.92,9.81,47.63,20.95,-0.76,4.71,1226,1.0268,42.69,0.0886
03/08/2026,01:11,138.90,21.37,22.90,9.79,47.53,21.00,-0.77,4.71,1225,1.0267,42.72,0.0887
03/08/2026,01:12,138.94,21.37,22.94,9.75,47.55,20.95,-0.75,4.70,1228,1.0264,42.74,0.0890
03/08/2026,01:13,138.91,21.41,22.96,9.72,47.63,20.99,-0.76,4.71,1232,1.0262,42.72,0.0890
03/08/2026,01:14,139.03,21.43,22.97,9.69,47.51,20.98,-0.77,4.72,1233,1.0257,42.79,0.0896
03/08/2026,01:15,138.98,21.36,22.99,9.72,47.48,20.99,-0.80,4.73,1232,1.0262,42.76,0.0896
03/08/2026,01:16,138.99,21.39,23.01,9.75,47.48,20.97,-0.80,4.71,1235,1.0261,42.84,0.0894
03/08/2026,01:17,138.97,21.37,23.04,9.71,47.47,20.99,-0.81,4.73,1230,1.0259,42.87,0.0884
03/08/2026,01:18,138.94,21.38,23.02,9.72,47.42,20.98,-0.83,4.70,1228,1.0262,42.79,0.0884
03/08/2026,01:19,138.91,21.42,23.01,9.75,47.44,21.02,-0.83,4.69,1228,1.0262,42.69,0.0888
03/08/2026,01:20,138.90,21.40,23.04,9.74,47.43,21.06,-0.82,4.68,1231,1.0263,42.54,0.0892
03/08/2026,01:21,138.89,21.41,23.08,9.74,47.29,21.07,-0.80,4.68,1235,1.0263,42.50,0.0886
03/08/2026,01:22,139.03,21.41,23.15,9.73,47.30,21.06,-0.77,4.68,1239,1.0264,42.47,0.0882
03/08/2026,01:23,139.10,21.47,23.20,9.76,47.24,21.12,-0.78,4.67,1237,1.0260,42.56,0.0882
03/08/2026,01:24,139.05,21.38,23.18,9.78,47.39,21.12,-0.80,4.67,1235,1.0259,42.49,0.0885
03/08/2026,01:25,139.07,21.40,23.16,9.78,47.40,21.11,-0.79,4.67,1235,1.0262,42.33,0.0882
03/08/2026,01:26,139.06,21.39,23.12,9.78,47.41,21.07,-0.81,4.68,1236,1.0261,42.41,0.0882
03/08/2026,01:27,139.12,21.40,23.16,9.76,47.34,21.08,-0.80,4.68,1236,1.0259,42.38,0.0885
03/08/2026,01:28,139.09,21.41,23.22,9.76,47.22,21.08,-0.83,4.68,1234,1.0257,42.43,0.0884
03/08/2026,01:29,139.06,21.38,23.16,9.77,47.11,21.03,-0.83,4.68,1230,1.0258,42.53,0.0885
03/08/2026,01:30,139.05,21.39,23.14,9.82,47.12,21.04,-0.84,4.67,1229,1.0256,42.54,0.0879
03/08/2026,01:31,139.12,21.33,23.10,9.79,47.06,21.00,-0.82,4.68,1232,1.0257,42.48,0.0881
03/08/2026,01:32,139.13,21.29,23.04,9.80,46.95,21.01,-0.78,4.68,1232,1.0254,42.50,0.0879
03/08/2026,01:33,139.01,21.30,23.07,9.80,47.04,21.01,-0.77,4.69,1233,1.0254,42.47,0.0879
03/08/2026,01:34,138.99,21.28,23.10,9.78,47.08,21.03,-0.76,4.70,1233,1.0250,42.48,0.0882
03/08/2026,01:35,138.95,21.29,23.18,9.80,47.11,21.05,-0.75,4.71,1236,1.0252,42.31,0.0890
03/08/2026,01:36,138.97,21.32,23.22,9.82,47.00,21.05,-0.75,4.70,1238,1.0252,42.36,0.0889
03/08/2026,01:37,139.02,21.29,23.16,9.78,47.02,21.05,-0.74,4.67,1237,1.0252,42.24,0.0896
03/08/2026,01:38,139.02,21.29,23.14,9.79,47.03,21.05,-0.77,4.68,1237,1.0249,42.38,0.0890
03/08/2026,01:39,139.05,21.30,23.18,9.80,47.00,21.02,-0.79,4.68,1245,1.0251,42.35,0.0895
03/08/2026,01:40,139.13,21.27,23.19,9.76,46.98,21.01,-0.81,4.67,1240,1.0250,42.35,0.0894
03/08/2026,01:41,139.09,21.25,23.15,9.80,46.95,21.02,-0.80,4.68,1238,1.0251,42.35,0.0894
03/08/2026,01:42,139.08,21.17,23.12,9.80,47.04,21.02,-0.81,4.69,1236,1.0254,42.35,0.0891
03/08/2026,01:43,139.03,21.12,23.09,9.81,47.10,21.03,-0.83,4.69,1235,1.0258,42.45,0.0892
03/08/2026,01:44,138.96,21.15,23.07,9.77,47.10,21.00,-0.83,4.69,1235,1.0260,42.31,0.0888
03/08/2026,01:45,138.96,21.16,23.02,9.83,47.22,21.00,-0.82,4.69,1232,1.0258,42.30,0.0888
03/08/2026,01:46,138.97,21.14,23.04,9.84,47.31,21.01,-0.82,4.69,1231,1.0258,42.33,0.0888
03/08/2026,01:47,138.92,21.13,23.10,9.87,47.35,21.03,-0.81,4.70,1235,1.0253,42.21,0.0892
03/08/2026,01:48,138.94,21.10,23.11,9.90,47.34,21.02,-0.80,4.69,1233,1.0252,42.21,0.0893
03/08/2026,01:49,138.85,21.16,23.12,9.90,47.42,21.03,-0.77,4.69,1233,1.0249,42.20,0.0897
03/08/2026,01:50,138.79,21.18,23.17,9.93,47.42,20.98,-0.77,4.69,1234,1.0249,42.13,0.0903
03/08/2026,01:51,138.85,21.14,23.13,9.93,47.44,21.00,-0.78,4.71,1232,1.0250,42.15,0.0903
03/08/2026,01:52,138.84,21.17,23.10,9.91,47.31,20.98,-0.78,4.71,1229,1.0249,42.18,0.0896
03/08/2026,01:53,138.86,21.17,23.10,9.93,47.38,20.98,-0.80,4.69,1229,1.0251,42.18,0.0901
03/08/2026,01:54,138.91,21.13,23.14,9.94,47.42,20.98,-0.83,4.70,1232,1.0249,42.20,0.0903
03/08/2026,01:55,138.87,21.14,23.11,9.95,47.42,20.98,-0.85,4.69,1234,1.0246,42.19,0.0901
03/08/2026,01:56,138.84,21.17,23.10,10.00,47.34,20.94,-0.84,4.68,1236,1.0249,42.20,0.0901
03/08/2026,01:57,138.92,21.23,23.12,9.97,47.34,20.93,-0.88,4.69,1237,1.0250,42.29,0.0898
03/08/2026,01:58,138.92,21.22,23.10,10.00,47.43,20.91,-0.91,4.69,1235,1.0252,42.16,0.0899
03/08/2026,01:59,138.91,21.21,23.09,10.01,47.42,20.94,-0.89,4.67,1234,1.0255,42.16,0.0902
03/08/2026,02:00,138.80,21.22,23.02,10.04,47.56,20.93,-0.88,4.67,1230,1.0255,42.14,0.0905
03/08/2026,02:01,138.78,21.20,23.02,10.00,47.52,20.94,-0.84,4.67,1227,1.0252,42.07,0.0906
03/08/2026,02:02,138.85,21.16,23.03,9.97,47.60,20.94,-0.82,4.68,1224,1.0251,42.20,0.0901
03/08/2026,02:03,138.87,21.12,23.02,9.99,47.73,20.94,-0.80,4.67,1227,1.0253,42.15,0.0903
03/08/2026,02:04,138.83,21.15,23.03,9.99,47.69,20.91,-0.78,4.69,1233,1.0255,42.19,0.0907
03/08/2026,02:05,138.77,21.14,23.09,9.96,47.75,20.91,-0.77,4.71,1235,1.0253,42.11,0.0910
03/08/2026,02:06,138.75,21.08,23.12,9.93,47.80,20.91,-0.77,4.70,1240,1.0252,42.11,0.0908
03/08/2026,02:07,138.71,21.08,23.18,9.97,47.76,20.94,-0.77,4.71,1242,1.0249,42.08,0.0909
03/08/2026,02:08,138.75,21.02,23.18,9.92,47.64,20.94,-0.78,4.70,1238,1.0247,42.11,0.0905
03/08/2026,02:09,138.75,20.99,23.16,9.91,47.53,20.91,-0.79,4.70,1239,1.0251,42.10,0.0902
03/08/2026,02:10,138.70,21.00,23.15,9.89,47.53,20.88,-0.80,4.70,1239,1.0249,42.17,0.0900
03/08/2026,02:11,138.73,21.01,23.19,9.88,47.52,20.87,-0.80,4.70,1242,1.0245,42.17,0.0901
03/08/2026,02:12,138.78,21.01,23.24,9.84,47.59,20.92,-0.83,4.70,1243,1.0248,42.30,0.0901
03/08/2026,02:13,138.81,20.96,23.27,9.84,47.64,20.88,-0.86,4.72,1244,1.0249,42.17,0.0902
03/08/2026,02:14,138.82,20.97,23.27,9.82,47.57,20.85,-0.90,4.71,1242,1.0246,42.11,0.0903
03/08/2026,02:15,138.82,20.94,23.31,9.78,47.48,20.83,-0.91,4.70,1242,1.0243,42.22,0.0903
03/08/2026,02:16,138.89,20.92,23.26,9.78,47.50,20.85,-0.93,4.69,1243,1.0244,42.05,0.0901
03/08/2026,02:17,138.92,20.91,23.24,9.78,47.61,20.85,-0.91,4.71,1244,1.0245,42.07,0.0894
03/08/2026,02:18,138.96,20.93,23.25,9.82,47.65,20.83,-0.89,4.71,1241,1.0248,42.04,0.0895
03/08/2026,02:19,138.97,20.96,23.27,9.80,47.70,20.83,-0.88,4.71,1242,1.0246,42.02,0.0894
03/08/2026,02:20,139.03,20.91,23.24,9.79,47.71,20.85,-0.85,4.70,1241,1.0249,42.13,0.0890
03/08/2026,02:21,139.13,20.90,23.27,9.80,47.74,20.83,-0.83,4.69,1237,1.0248,42.22,0.0891
03/08/2026,02:22,139.20,20.88,23.26,9.79,47.82,20.84,-0.86,4.68,1237,1.0250,42.25,0.0889
03/08/2026,02:23,139.12,20.84,23.25,9.81,47.79,20.83,-0.84,4.67,1241,1.0254,42.14,0.0883
03/08/2026,02:24,139.14,20.84,23.27,9.84,47.82,20.84,-0.85,4.69,1238,1.0252,42.21,0.0881
03/08/2026,02:25,139.16,20.88,23.26,9.86,47.84,20.83,-0.87,4.67,1238,1.0252,42.22,0.0883
03/08/2026,02:26,139.15,20.86,23.26,9.83,47.82,20.85,-0.86,4.67,1239,1.0250,42.26,0.0883
03/08/2026,02:27,139.15,20.80,23.24,9.86,47.77,20.84,-0.88,4.68,1239,1.0251,42.19,0.0888
03/08/2026,02:28,139.15,20.74,23.20,9.85,47.82,20.84,-0.88,4.69,1239,1.0256,42.30,0.0888
03/08/2026,02:29,139.13,20.75,23.21,9.84,47.77,20.87,-0.89,4.68,1235,1.0258,42.29,0.0891
03/08/2026,02:30,139.10,20.71,23.24,9.82,47.80,20.92,-0.90,4.68,1235,1.0256,42.29,0.0894
03/08/2026,02:31,139.16,20.75,23.18,9.81,47.89,20.91,-0.88,4.70,1235,1.0255,42.31,0.0891
03/08/2026,02:32,139.08,20.74,23.16,9.81,47.84,20.95,-0.87,4.70,1238,1.0257,42.41,0.0890
03/08/2026,02:33,139.09,20.72,23.18,9.81,47.84,20.97,-0.85,4.69,1236,1.0258,42.45,0.0893
03/08/2026,02:34,139.09,20.72,23.19,9.82,47.83,20.98,-0.86,4.68,1235,1.0259,42.49,0.0889
03/08/2026,02:35,139.09,20.76,23.22,9.83,47.81,21.03,-0.84,4.69,1239,1.0259,42.44,0.0891
03/08/2026,02:36,139.13,20.71,23.20,9.85,47.80,21.06,-0.84,4.69,1239,1.0259,42.48,0.0898
03/08/2026,02:37,139.12,20.74,23.18,9.87,47.58,21.05,-0.82,4.69,1237,1.0263,42.34,0.0904
03/08/2026,02:38,139.17,20.69,23.12,9.87,47.57,21.02,-0.83,4.70,1235,1.0261,42.26,0.0906
03/08/2026,02:39,139.23,20.70,23.18,9.90,47.56,21.06,-0.82,4.71,1236,1.0258,42.35,0.0908
03/08/2026,02:40,139.18,20.64,23.17,9.94,47.57,21.06,-0.82,4.71,1236,1.0256,42.30,0.0904
03/08/2026,02:41,139.20,20.64,23.25,9.92,47.56,21.00,-0.79,4.72,1240,1.0255,42.20,0.0905
03/08/2026,02:42,139.14,20.67,23.31,9.87,47.53,21.01,-0.80,4.72,1243,1.0254,42.21,0.0905
03/08/2026,02:43,139.19,20.68,23.30,9.88,47.51,21.01,-0.80,4.73,1241,1.0254,42.20,0.0905
03/08/2026,02:44,139.18,20.68,23.32,9.90,47.46,21.00,-0.81,4.71,1240,1.0254,42.06,0.0900
03/08/2026,02:45,139.24,20.66,23.33,9.89,47.56,21.03,-0.83,4.71,1242,1.0257,42.02,0.0895
03/08/2026,02:46,139.27,20.70,23.33,9.90,47.56,21.01,-0.83,4.70,1238,1.0261,42.16,0.0890
03/08/2026,02:47,139.21,20.68,23.32,9.88,47.66,20.99,-0.83,4.68,1242,1.0262,42.19,0.0886
03/08/2026,02:48,139.20,20.66,23.32,9.91,47.69,20.93,-0.83,4.68,1239,1.0263,42.14,0.0884
03/08/2026,02:49,139.14,20.66,23.34,9.91,47.57,20.88,-0.82,4.68,1236,1.0262,42.14,0.0885
03/08/2026,02:50,139.18,20.61,23.31,9.91,47.51,20.87,-0.83,4.67,1239,1.0261,42.22,0.0889
03/08/2026,02:51,139.21,20.63,23.31,9.87,47.43,20.89,-0.86,4.67,1244,1.0259,42.18,0.0892
03/08/2026,02:52,139.18,20.58,23.35,9.86,47.60,20.88,-0.84,4.68,1244,1.0261,42.13,0.0888
03/08/2026,02:53,139.21,20.60,23.35,9.82,47.72,20.85,-0.83,4.69,1246,1.0264,42.20,0.0888
03/08/2026,02:54,139.18,20.58,23.34,9.82,47.69,20.84,-0.82,4.68,1252,1.0266,42.23,0.0886
03/08/2026,02:55,139.19,20.58,23.40,9.81,47.56,20.80,-0.84,4.68,1253,1.0264,42.19,0.0887
03/08/2026,02:56,139.11,20.55,23.35,9.84,47.44,20.83,-0.82,4.69,1249,1.0264,42.33,0.0885
03/08/2026,02:57,139.16,20.55,23.40,9.84,47.32,20.82,-0.84,4.70,1249,1.0260,42.05,0.0885
03/08/2026,02:58,139.19,20.52,23.42,9.87,47.28,20.88,-0.81,4.69,1252,1.0261,41.99,0.0886
03/08/2026,02:59,139.20,20.48,23.47,9.86,47.40,20.87,-0.83,4.69,1249,1.0262,41.82,0.0895
03/08/2026,03:00,139.16,20.45,23.42,9.87,47.46,20.92,-0.85,4.69,1248,1.0267,41.88,0.0898
03/08/2026,03:01,139.14,20.42,23.41,9.89,47.41,20.89,-0.89,4.69,1249,1.0267,41.85,0.0891
03/08/2026,03:02,139.12,20.35,23.46,9.91,47.42,20.93,-0.92,4.69,1251,1.0265,41.74,0.0893
03/08/2026,03:03,139.10,20.30,23.50,9.91,47.46,20.95,-0.91,4.71,1246,1.0265,41.74,0.0893
03/08/2026,03:04,139.09,20.33,23.47,9.91,47.45,20.93,-0.92,4.71,1244,1.0269,41.68,0.0896
03/08/2026,03:05,139.15,20.35,23.47,9.88,47.41,20.99,-0.90,4.72,1240,1.0268,41.64,0.0894
03/08/2026,03:06,139.12,20.35,23.50,9.87,47.48,21.02,-0.92,4.72,1243,1.0264,41.76,0.0887
03/08/2026,03:07,139.15,20.39,23.50,9.89,47.44,21.06,-0.97,4.72,1244,1.0266,41.72,0.0892
03/08/2026,03:08,139.14,20.41,23.51,9.88,47.41,21.07,-0.97,4.71,1244,1.0263,41.70,0.0892
03/08/2026,03:09,139.11,20.39,23.48,9.86,47.44,21.03,-1.00,4.72,1245,1.0263,41.77,0.0888
03/08/2026,03:10,139.11,20.45,23.49,9.87,47.40,21.02,-0.95,4.73,1245,1.0266,41.82,0.0884
03/08/2026,03:11,139.18,20.47,23.53,9.87,47.48,21.01,-0.92,4.74,1245,1.0267,41.89,0.0886
03/08/2026,03:12,139.06,20.51,23.53,9.87,47.50,21.01,-0.95,4.74,1242,1.0269,41.86,0.0878
03/08/2026,03:13,139.09,20.53,23.55,9.89,47.54,21.00,-0.95,4.73,1241,1.0266,41.93,0.0882
03/08/2026,03:14,139.18,20.57,23.49,9.91,47.48,20.97,-0.95,4.71,1243,1.0267,41.87,0.0880
03/08/2026,03:15,139.18,20.50,23.45,9.91,47.30,20.98,-0.91,4.72,1237,1.0267,41.73,0.0881
03/08/2026,03:16,139.09,20.49,23.44,9.88,47.24,21.00,-0.89,4.70,1239,1.0266,41.81,0.0876
03/08/2026,03:17,139.06,20.51,23.37,9.87,47.36,20.99,-0.88,4.70,1241,1.0268,41.82,0.0878
03/08/2026,03:18,139.02,20.57,23.38,9.82,47.47,21.01,-0.84,4.71,1242,1.0267,41.77,0.0877
03/08/2026,03:19,139.09,20.56,23.36,9.85,47.40,21.00,-0.86,4.71,1247,1.0267,41.85,0.0875
03/08/2026,03:20,139.08,20.51,23.31,9.87,47.38,20.97,-0.88,4.70,1246,1.0266,41.83,0.0878
03/08/2026,03:21,139.11,20.47,23.29,9.89,47.37,20.95,-0.89,4.69,1245,1.0264,41.73,0.0883
03/08/2026,03:22,139.16,20.46,23.35,9.91,47.32,20.95,-0.89,4.72,1244,1.0261,41.85,0.0884
03/08/2026,03:23,139.15,20.44,23.38,9.90,47.42,20.93,-0.89,4.71,1241,1.0262,41.84,0.0886
03/08/2026,03:24,139.18,20.41,23.37,9.86,47.44,20.95,-0.84,4.71,1239,1.0260,41.80,0.0883
03/08/2026,03:25,139.16,20.43,23.40,9.89,47.46,20.96,-0.82,4.71,1244,1.0262,41.92,0.0877
03/08/2026,03:26,139.22,20.32,23.40,9.91,47.45,20.96,-0.83,4.71,1243,1.0261,41.83,0.0872
03/08/2026,03:27,139.13,20.32,23.42,9.89,47.42,20.96,-0.79,4.71,1244,1.0259,41.87,0.0874
03/08/2026,03:28,139.12,20.33,23.38,9.97,47.38,20.94,-0.79,4.72,1241,1.0259,41.92,0.0873
03/08/2026,03:29,139.16,20.33,23.42,9.96,47.40,20.92,-0.82,4.73,1237,1.0257,41.96,0.0875
03/08/2026,03:30,139.21,20.36,23.41,9.98,47.39,20.94,-0.83,4.73,1240,1.0254,42.12,0.0879
03/08/2026,03:31,139.11,20.35,23.38,10.01,47.30,20.90,-0.82,4.71,1245,1.0255,42.09,0.0878
03/08/2026,03:32,139.17,20.33,23.38,9.99,47.21,20.86,-0.82,4.71,1248,1.0258,42.00,0.0881
03/08/2026,03:33,139.24,20.35,23.40,9.97,47.18,20.90,-0.86,4.72,1245,1.0253,42.05,0.0885
03/08/2026,03:34,139.22,20.31,23.43,9.96,47.15,20.92,-0.84,4.72,1248,1.0252,41.96,0.0886
03/08/2026,03:35,139.15,20.29,23.51,10.00,47.22,20.93,-0.88,4.71,1250,1.0253,41.92,0.0892
03/08/2026,03:36,139.18,20.26,23.50,9.99,47.26,20.88,-0.88,4.72,1245,1.0253,41.80,0.0890
03/08/2026,03:37,139.20,20.22,23.45,9.95,47.24,20.88,-0.91,4.72,1242,1.0254,41.91,0.0888
03/08/2026,03:38,139.25,20.23,23.47,9.89,47.31,20.87,-0.88,4.72,1239,1.0258,41.87,0.0889
03/08/2026,03:39,139.18,20.25,23.44,9.88,47.32,20.86,-0.88,4.73,1240,1.0259,41.87,0.0884
03/08/2026,03:40,139.17,20.25,23.41,9.89,47.26,20.86,-0.89,4.71,1238,1.0258,41.73,0.0889
03/08/2026,03:41,139.15,20.26,23.40,9.88,47.25,20.86,-0.86,4.70,1238,1.0257,41.83,0.0884
03/08/2026,03:42,139.11,20.27,23.41,9.87,47.23,20.90,-0.86,4.68,1241,1.0256,41.86,0.0884
03/08/2026,03:43,139.09,20.31,23.38,9.86,47.22,20.93,-0.86,4.69,1239,1.0256,41.78,0.0878
03/08/2026,03:44,139.16,20.24,23.39,9.83,47.33,20.90,-0.87,4.70,1238,1.0256,41.77,0.0884
03/08/2026,03:45,139.09,20.23,23.33,9.86,47.34,20.91,-0.87,4.70,1237,1.0255,41.79,0.0880
03/08/2026,03:46,139.05,20.20,23.31,9.85,47.47,20.86,-0.85,4.72,1233,1.0254,41.67,0.0881
03/08/2026,03:47,139.12,20.21,23.31,9.85,47.50,20.87,-0.83,4.72,1234,1.0257,41.71,0.0881
03/08/2026,03:48,139.19,20.19,23.29,9.86,47.63,20.90,-0.83,4.70,1234,1.0260,41.70,0.0882
03/08/2026,03:49,139.19,20.20,23.21,9.88,47.64,20.88,-0.82,4.69,1229,1.0256,41.68,0.0884
03/08/2026,03:50,139.10,20.22,23.29,9.86,47.57,20.88,-0.85,4.68,1233,1.0254,41.75,0.0888
03/08/2026,03:51,139.12,20.17,23.29,9.86,47.61,20.93,-0.84,4.68,1237,1.0254,41.60,0.0893
03/08/2026,03:52,139.05,20.24,23.35,9.84,47.50,20.93,-0.85,4.68,1243,1.0252,41.72,0.0891
03/08/2026,03:53,139.07,20.23,23.41,9.83,47.42,20.93,-0.83,4.68,1241,1.0251,41.74,0.0885
03/08/2026,03:54,139.15,20.27,23.45,9.83,47.43,20.95,-0.85,4.68,1245,1.0253,41.71,0.0883
03/08/2026,03:55,139.13,20.26,23.45,9.86,47.42,20.99,-0.86,4.68,1246,1.0252,41.83,0.0881
03/08/2026,03:56,139.15,20.30,23.44,9.91,47.42,20.93,-0.86,4.68,1246,1.0255,41.92,0.0877
03/08/2026,03:57,139.15,20.27,23.45,9.96,47.43,20.89,-0.87,4.68,1252,1.0258,41.94,0.0877
03/08/2026,03:58,139.14,20.29,23.43,9.92,47.51,20.87,-0.91,4.68,1247,1.0258,41.89,0.0876
03/08/2026,03:59,139.16,20.26,23.46,9.94,47.53,20.91,-0.90,4.70,1246,1.0256,41.88,0.0875
03/08/2026,04:00,139.20,20.23,23.45,9.93,47.41,20.91,-0.92,4.69,1251,1.0253,41.84,0.0876
03/08/2026,04:01,139.13,20.20,23.49,9.94,47.29,20.94,-0.86,4.70,1246,1.0254,41.76,0.0870
03/08/2026,04:02,139.19,20.19,23.47,9.97,47.23,20.95,-0.86,4.70,1243,1.0251,41.71,0.0869
03/08/2026,04:03,139.21,20.19,23.51,9.92,47.18,20.99,-0.87,4.68,1239,1.0253,41.63,0.0863
03/08/2026,04:04,139.14,20.22,23.43,9.92,47.14,21.01,-0.91,4.68,1236,1.0248,41.59,0.0861
03/08/2026,04:05,139.13,20.21,23.41,9.92,47.07,21.06,-0.92,4.68,1237,1.0245,41.53,0.0866
03/08/2026,04:06,139.07,20.16,23.40,9.88,47.05,21.07,-0.90,4.68,1235,1.0248,41.40,0.0872
03/08/2026,04:07,139.05,20.14,23.35,9.88,47.04,21.07,-0.89,4.69,1233,1.0250,41.41,0.0873
03/08/2026,04:08,139.06,20.16,23.33,9.90,47.07,21.06,-0.89,4.70,1229,1.0251,41.34,0.0870
03/08/2026,04:09,139.04,20.19,23.26,9.84,47.12,20.99,-0.89,4.72,1232,1.0251,41.34,0.0865
03/08/2026,04:10,139.02,20.21,23.22,9.83,47.14,21.00,-0.87,4.72,1237,1.0252,41.37,0.0863
03/08/2026,04:11,139.03,20.23,23.24,9.83,47.11,20.98,-0.88,4.72,1239,1.0252,41.48,0.0858
03/08/2026,04:12,139.02,20.21,23.25,9.81,47.23,20.97,-0.86,4.73,1241,1.0250,41.39,0.0858
03/08/2026,04:13,139.06,20.27,23.25,9.80,47.19,20.95,-0.87,4.73,1242,1.0248,41.45,0.0857
03/08/2026,04:14,139.04,20.23,23.28,9.81,47.21,20.95,-0.89,4.73,1244,1.0247,41.45,0.0855
03/08/2026,04:15,138.98,20.26,23.27,9.80,47.21,20.98,-0.91,4.72,1243,1.0244,41.40,0.0855
03/08/2026,04:16,139.05,20.25,23.28,9.81,47.30,20.94,-0.91,4.71,1244,1.0241,41.42,0.0845
03/08/2026,04:17,139.00,20.19,23.37,9.82,47.34,20.94,-0.93,4.70,1247,1.0242,41.52,0.0847
03/08/2026,04:18,139.04,20.23,23.44,9.83,47.34,20.90,-0.92,4.71,1251,1.0244,41.52,0.0847
03/08/2026,04:19,139.01,20.19,23.48,9.83,47.30,20.95,-0.95,4.70,1255,1.0246,41.65,0.0848
03/08/2026,04:20,138.98,20.21,23.52,9.86,47.29,20.95,-0.94,4.71,1249,1.0246,41.56,0.0846
03/08/2026,04:21,138.99,20.19,23.48,9.85,47.19,20.94,-0.91,4.72,1248,1.0244,41.68,0.0848
03/08/2026,04:22,139.05,20.19,23.44,9.87,47.22,20.94,-0.90,4.72,1248,1.0244,41.76,0.0850
03/08/2026,04:23,139.10,20.12,23.48,9.85,47.03,20.95,-0.87,4.73,1246,1.0244,41.93,0.0857
03/08/2026,04:24,139.03,20.14,23.46,9.81,47.03,20.96,-0.86,4.72,1240,1.0241,42.03,0.0860
03/08/2026,04:25,139.02,20.16,23.41,9.79,47.03,20.97,-0.87,4.70,1236,1.0246,41.93,0.0862
03/08/2026,04:26,138.97,20.14,23.37,9.80,47.09,21.00,-0.87,4.70,1236,1.0249,41.80,0.0867
03/08/2026,04:27,138.99,20.18,23.34,9.81,47.09,21.02,-0.84,4.70,1238,1.0247,41.87,0.0864
03/08/2026,04:28,138.92,20.16,23.33,9.80,46.97,21.02,-0.82,4.68,1244,1.0249,41.91,0.0858
03/08/2026,04:29,138.96,20.12,23.39,9.79,46.93,20.99,-0.84,4.68,1242,1.0247,41.82,0.0852
03/08/2026,04:30,138.98,20.15,23.37,9.81,46.91,21.00,-0.83,4.68,1246,1.0251,41.63,0.0852
03/08/2026,04:31,139.00,20.16,23.39,9.79,46.85,21.02,-0.84,4.66,1251,1.0250,41.63,0.0849
03/08/2026,04:32,138.98,20.16,23.31,9.77,46.86,20.98,-0.87,4.68,1249,1.0253,41.51,0.0846
03/08/2026,04:33,138.98,20.20,23.36,9.77,46.89,20.97,-0.87,4.68,1249,1.0253,41.65,0.0840
03/08/2026,04:34,139.03,20.24,23.41,9.74,46.84,21.00,-0.88,4.70,1249,1.0250,41.71,0.0838
03/08/2026,04:35,139.06,20.23,23.46,9.78,46.87,20.97,-0.89,4.69,1244,1.0250,41.79,0.0842
03/08/2026,04:36,139.07,20.24,23.47,9.76,46.95,20.97,-0.89,4.68,1241,1.0250,41.72,0.0839
03/08/2026,04:37,139.03,20.22,23.44,9.79,46.98,21.01,-0.90,4.67,1238,1.0250,41.59,0.0834
03/08/2026,04:38,138.98,20.20,23.39,9.76,47.02,20.98,-0.91,4.67,1240,1.0247,41.60,0.0840
03/08/2026,04:39,139.00,20.17,23.43,9.76,46.92,21.01,-0.92,4.67,1242,1.0247,41.41,0.0845
03/08/2026,04:40,138.99,20.16,23.41,9.77,46.96,21.01,-0.90,4.67,1243,1.0244,41.39,0.0842
03/08/2026,04:41,139.05,20.12,23.39,9.82,46.97,21.02,-0.91,4.68,1244,1.0247,41.34,0.0847
03/08/2026,04:42,138.94,20.13,23.33,9.78,46.93,21.02,-0.87,4.67,1241,1.0245,41.41,0.0847
03/08/2026,04:43,139.00,20.19,23.37,9.76,47.06,21.05,-0.88,4.68,1242,1.0245,41.43,0.0842
03/08/2026,04:44,138.95,20.13,23.30,9.75,47.11,21.10,-0.91,4.67,1244,1.0243,41.43,0.0838
03/08/2026,04:45,138.99,20.11,23.26,9.72,46.98,21.10,-0.89,4.68,1245,1.0243,41.40,0.0836
03/08/2026,04:46,139.01,20.11,23.35,9.71,46.89,21.10,-0.88,4.69,1253,1.0246,41.32,0.0838
03/08/2026,04:47,139.12,20.13,23.42,9.72,46.85,21.06,-0.89,4.71,1248,1.0250,41.27,0.0835
03/08/2026,04:48,139.14,20.12,23.49,9.79,46.88,21.04,-0.90,4.70,1246,1.0249,41.33,0.0829
03/08/2026,04:49,139.18,20.16,23.49,9.76,46.90,21.08,-0.90,4.70,1244,1.0249,41.15,0.0824
03/08/2026,04:50,139.18,20.19,23.40,9.76,46.88,21.10,-0.91,4.70,1242,1.0249,41.24,0.0828
03/08/2026,04:51,139.15,20.19,23.40,9.73,46.75,21.10,-0.89,4.70,1241,1.0247,41.22,0.0831
03/08/2026,04:52,139.15,20.15,23.34,9.74,46.81,21.07,-0.91,4.71,1240,1.0246,41.24,0.0835
03/08/2026,04:53,139.23,20.14,23.35,9.79,46.89,21.09,-0.88,4.73,1240,1.0249,41.39,0.0838
03/08/2026,04:54,139.17,20.19,23.30,9.82,47.13,21.11,-0.89,4.73,1238,1.0249,41.45,0.0836
03/08/2026,04:55,139.21,20.20,23.33,9.82,47.04,21.15,-0.89,4.73,1237,1.0249,41.48,0.0833
03/08/2026,04:56,139.23,20.20,23.33,9.79,47.07,21.20,-0.89,4.73,1242,1.0249,41.48,0.0834
03/08/2026,04:57,139.22,20.18,23.33,9.77,47.25,21.22,-0.87,4.73,1237,1.0248,41.52,0.0834
03/08/2026,04:58,139.18,20.26,23.29,9.78,47.11,21.25,-0.87,4.71,1239,1.0244,41.43,0.0838
03/08/2026,04:59,139.16,20.29,23.27,9.76,47.21,21.23,-0.83,4.73,1244,1.0244,41.39,0.0835
03/08/2026,05:00,139.15,20.29,23.26,9.79,47.30,21.22,-0.84,4.74,1241,1.0248,41.28,0.0832
03/08/2026,05:01,139.19,20.27,23.25,9.80,47.31,21.21,-0.82,4.74,1239,1.0246,41.42,0.0835
03/08/2026,05:02,139.16,20.30,23.23,9.80,47.41,21.22,-0.83,4.72,1240,1.0243,41.52,0.0836
03/08/2026,05:03,139.08,20.33,23.19,9.79,47.37,21.24,-0.82,4.73,1240,1.0239,41.59,0.0835
03/08/2026,05:04,139.03,20.34,23.16,9.79,47.38,21.25,-0.82,4.72,1238,1.0242,41.59,0.0844
03/08/2026,05:05,139.00,20.35,23.12,9.82,47.36,21.24,-0.80,4.70,1233,1.0240,41.55,0.0838
03/08/2026,05:06,139.04,20.36,23.08,9.82,47.35,21.22,-0.79,4.70,1236,1.0241,41.55,0.0839
03/08/2026,05:07,139.05,20.35,23.08,9.81,47.25,21.21,-0.79,4.68,1235,1.0243,41.52,0.0836
03/08/2026,05:08,139.11,20.36,23.15,9.81,47.34,21.18,-0.79,4.67,1235,1.0236,41.72,0.0833
03/08/2026,05:09,139.11,20.33,23.23,9.80,47.40,21.16,-0.81,4.69,1234,1.0236,41.70,0.0829
03/08/2026,05:10,139.09,20.37,23.22,9.85,47.36,21.16,-0.81,4.70,1229,1.0239,41.71,0.0835
03/08/2026,05:11,139.02,20.38,23.20,9.89,47.36,21.17,-0.79,4.69,1220,1.0238,41.71,0.0831
03/08/2026,05:12,139.01,20.40,23.22,9.84,47.31,21.19,-0.79,4.69,1221,1.0238,41.77,0.0830
03/08/2026,05:13,139.00,20.38,23.22,9.83,47.15,21.19,-0.79,4.68,1227,1.0238,41.74,0.0828
03/08/2026,05:14,139.06,20.41,23.14,9.79,47.13,21.17,-0.77,4.68,1225,1.0245,41.78,0.0826
03/08/2026,05:15,139.06,20.38,23.16,9.80,47.19,21.20,-0.74,4.69,1227,1.0247,41.71,0.0828
03/08/2026,05:16,139.07,20.36,23.08,9.84,47.27,21.20,-0.74,4.68,1234,1.0247,41.90,0.0825
03/08/2026,05:17,139.04,20.36,23.09,9.86,47.46,21.15,-0.76,4.70,1235,1.0247,41.89,0.0828
03/08/2026,05:18,139.01,20.38,23.12,9.83,47.41,21.14,-0.76,4.68,1237,1.0247,41.94,0.0831
03/08/2026,05:19,139.07,20.35,23.20,9.83,47.42,21.15,-0.80,4.70,1241,1.0245,41.87,0.0833
03/08/2026,05:20,139.05,20.34,23.22,9.77,47.42,21.18,-0.80,4.70,1242,1.0247,41.88,0.0829
03/08/2026,05:21,139.10,20.33,23.24,9.74,47.40,21.18,-0.83,4.71,1240,1.0249,41.86,0.0824
03/08/2026,05:22,139.18,20.30,23.24,9.79,47.36,21.18,-0.85,4.71,1242,1.0244,41.78,0.0833
03/08/2026,05:23,139.16,20.25,23.26,9.76,47.30,21.16,-0.83,4.72,1239,1.0242,41.90,0.0830
03/08/2026,05:24,139.20,20.22,23.31,9.79,47.39,21.11,-0.85,4.71,1241,1.0238,41.91,0.0832
03/08/2026,05:25,139.17,20.25,23.35,9.75,47.22,21.07,-0.86,4.70,1245,1.0236,41.81,0.0830
03/08/2026,05:26,139.03,20.19,23.34,9.80,47.26,21.09,-0.90,4.69,1247,1.0241,41.70,0.0830
03/08/2026,05:27,139.01,20.22,23.46,9.82,47.35,21.08,-0.89,4.69,1247,1.0238,41.72,0.0835
03/08/2026,05:28,139.01,20.22,23.52,9.86,47.43,21.08,-0.90,4.70,1252,1.0240,41.83,0.0833
03/08/2026,05:29,139.03,20.26,23.54,9.84,47.37,21.03,-0.88,4.70,1252,1.0238,41.74,0.0836
03/08/2026,05:30,139.09,20.28,23.49,9.81,47.31,21.05,-0.92,4.69,1250,1.0238,41.79,0.0835
03/08/2026,05:31,139.09,20.32,23.51,9.82,47.33,21.06,-0.90,4.68,1249,1.0236,41.79,0.0835
03/08/2026,05:32,139.08,20.33,23.47,9.83,47.29,21.06,-0.90,4.69,1250,1.0237,41.78,0.0833
03/08/2026,05:33,139.11,20.39,23.45,9.83,47.21,21.07,-0.91,4.67,1252,1.0236,41.72,0.0829
03/08/2026,05:34,139.20,20.40,23.43,9.81,47.21,21.10,-0.89,4.67,1254,1.0237,41.79,0.0829
03/08/2026,05:35,139.14,20.45,23.43,9.82,47.16,21.10,-0.91,4.67,1257,1.0235,41.80,0.0828
03/08/2026,05:36,139.06,20.50,23.37,9.84,47.17,21.06,-0.90,4.67,1252,1.0234,41.72,0.0836
03/08/2026,05:37,139.10,20.49,23.37,9.87,47.20,21.03,-0.91,4.69,1255,1.0236,41.77,0.0837
03/08/2026,05:38,139.06,20.51,23.36,9.85,47.26,21.03,-0.92,4.68,1253,1.0236,41.76,0.0838
03/08/2026,05:39,139.02,20.53,23.35,9.82,47.22,20.98,-0.92,4.68,1254,1.0237,41.81,0.0838
03/08/2026,05:40,139.04,20.57,23.41,9.86,47.12,21.07,-0.92,4.69,1257,1.0240,41.72,0.0838
03/08/2026,05:41,139.07,20.58,23.41,9.91,47.10,21.07,-0.93,4.69,1253,1.0247,41.66,0.0839
03/08/2026,05:42,138.98,20.57,23.49,9.95,47.01,21.04,-0.96,4.68,1250,1.0245,41.74,0.0837
03/08/2026,05:43,138.95,20.56,23.49,9.94,46.86,21.02,-0.95,4.70,1250,1.0246,41.78,0.0835
03/08/2026,05:44,138.96,20.54,23.51,9.90,47.03,20.96,-0.95,4.69,1250,1.0249,41.73,0.0830
03/08/2026,05:45,138.97,20.56,23.52,9.85,47.12,20.94,-0.94,4.72,1246,1.0246,41.84,0.0832
03/08/2026,05:46,139.03,20.53,23.50,9.87,47.17,20.88,-0.94,4.72,1248,1.0247,41.94,0.0837
03/08/2026,05:47,138.98,20.61,23.49,9.84,47.19,20.90,-0.93,4.74,1250,1.0246,41.93,0.0834
03/08/2026,05:48,138.98,20.63,23.49,9.85,47.23,20.88,-0.94,4.73,1251,1.0248,41.86,0.0829
03/08/2026,05:49,138.94,20.63,23.55,9.84,47.39,20.89,-0.93,4.71,1247,1.0245,41.70,0.0825
03/08/2026,05:50,139.02,20.66,23.53,9.89,47.44,20.88,-0.94,4.70,1243,1.0247,41.79,0.0823
03/08/2026,05:51,139.01,20.70,23.51,9.89,47.48,20.89,-0.94,4.69,1248,1.0252,41.72,0.0822
03/08/2026,05:52,138.97,20.67,23.45,9.86,47.39,20.89,-0.96,4.69,1251,1.0251,41.63,0.0830
03/08/2026,05:53,139.07,20.64,23.46,9.89,47.39,20.89,-0.96,4.70,1249,1.0248,41.73,0.0834
03/08/2026,05:54,139.04,20.66,23.45,9.88,47.41,20.91,-0.95,4.71,1253,1.0247,41.57,0.0835
03/08/2026,05:55,139.09,20.66,23.41,9.93,47.38,20.87,-0.96,4.72,1255,1.0250,41.69,0.0836
03/08/2026,05:56,139.20,20.71,23.44,9.95,47.37,20.88,-0.95,4.73,1254,1.0251,41.66,0.0841
03/08/2026,05:57,139.24,20.75,23.50,9.93,47.46,20.90,-0.95,4.73,1252,1.0252,41.75,0.0839
03/08/2026,05:58,139.28,20.76,23.55,9.92,47.49,20.89,-0.95,4.72,1254,1.0252,41.71,0.0835
03/08/2026,05:59,139.31,20.74,23.62,9.94,47.39,20.90,-0.94,4.73,1259,1.0251,41.85,0.0842
03/08/2026,06:00,139.24,20.71,23.62,9.97,47.41,20.89,-0.94,4.74,1262,1.0253,41.84,0.0841
03/08/2026,06:01,139.24,20.69,23.58,9.94,47.40,20.89,-0.96,4.76,1266,1.0252,41.89,0.0843
03/08/2026,06:02,139.17,20.72,23.64,9.98,47.40,20.88,-0.97,4.78,1269,1.0252,41.78,0.0841
03/08/2026,06:03,139.20,20.72,23.66,9.97,47.50,20.86,-0.99,4.80,1272,1.0252,41.74,0.0846
03/08/2026,06:04,139.22,20.79,23.79,10.02,47.42,20.85,-1.01,4.81,1276,1.0255,41.70,0.0847
03/08/2026,06:05,139.30,20.76,23.82,10.05,47.46,20.84,-1.01,4.81,1273,1.0257,41.80,0.0845
03/08/2026,06:06,139.27,20.83,23.91,10.09,47.50,20.82,-0.99,4.81,1277,1.0257,41.79,0.0845
03/08/2026,06:07,139.32,20.83,23.97,10.12,47.46,20.84,-1.02,4.81,1278,1.0260,41.81,0.0836
03/08/2026,06:08,139.25,20.82,24.03,10.14,47.50,20.85,-1.01,4.80,1276,1.0259,41.92,0.0837
03/08/2026,06:09,139.29,20.85,24.07,10.15,47.52,20.83,-1.01,4.79,1274,1.0259,41.95,0.0839
03/08/2026,06:10,139.41,20.89,24.08,10.15,47.48,20.79,-1.03,4.81,1270,1.0259,41.98,0.0835
03/08/2026,06:11,139.37,20.83,24.09,10.16,47.43,20.75,-1.02,4.80,1270,1.0260,41.99,0.0832
03/08/2026,06:12,139.38,20.85,24.09,10.19,47.49,20.72,-1.01,4.80,1270,1.0259,41.94,0.0835
03/08/2026,06:13,139.33,20.86,24.06,10.18,47.52,20.73,-0.99,4.80,1272,1.0260,41.95,0.0837
03/08/2026,06:14,139.22,20.87,24.03,10.20,47.52,20.72,-0.97,4.81,1274,1.0261,41.95,0.0838
03/08/2026,06:15,139.18,20.82,24.05,10.21,47.48,20.67,-1.01,4.81,1271,1.0260,41.92,0.0834
03/08/2026,06:16,139.16,20.82,24.06,10.26,47.66,20.69,-1.01,4.79,1272,1.0258,41.94,0.0837
03/08/2026,06:17,139.18,20.79,24.07,10.24,47.74,20.67,-1.02,4.79,1277,1.0256,41.85,0.0847
03/08/2026,06:18,139.21,20.87,24.08,10.22,47.81,20.66,-1.04,4.81,1278,1.0252,42.00,0.0843
03/08/2026,06:19,139.24,20.83,24.09,10.21,47.85,20.64,-1.05,4.81,1274,1.0253,42.04,0.0841
03/08/2026,06:20,139.15,20.85,24.10,10.20,47.86,20.60,-1.08,4.80,1278,1.0255,42.02,0.0845
03/08/2026,06:21,139.12,20.85,24.06,10.20,47.81,20.61,-1.07,4.82,1277,1.0257,42.21,0.0846
03/08/2026,06:22,139.17,20.87,24.07,10.21,47.89,20.61,-1.10,4.82,1272,1.0255,42.25,0.0850
03/08/2026,06:23,139.27,20.96,24.04,10.19,47.94,20.62,-1.08,4.81,1274,1.0255,42.18,0.0842
03/08/2026,06:24,139.27,20.94,24.09,10.18,47.90,20.61,-1.05,4.81,1275,1.0254,42.20,0.0853
03/08/2026,06:25,139.23,20.92,24.07,10.19,47.82,20.60,-1.03,4.80,1272,1.0252,42.20,0.0851
03/08/2026,06:26,139.24,20.96,24.01,10.16,47.83,20.60,-1.05,4.81,1274,1.0254,42.22,0.0851
03/08/2026,06:27,139.27,20.97,24.02,10.19,47.81,20.59,-1.05,4.82,1270,1.0255,42.34,0.0848
03/08/2026,06:28,139.28,21.05,24.06,10.22,47.81,20.59,-1.06,4.83,1270,1.0255,42.38,0.0850
03/08/2026,06:29,139.30,21.11,24.04,10.26,47.79,20.63,-1.08,4.84,1276,1.0255,42.35,0.0847
03/08/2026,06:30,139.30,21.12,24.12,10.32,47.89,20.60,-1.11,4.86,1279,1.0255,42.41,0.0847
03/08/2026,06:31,139.34,21.07,24.12,10.32,48.09,20.60,-1.12,4.85,1275,1.0254,42.42,0.0844
03/08/2026,06:32,139.35,21.05,24.12,10.33,48.14,20.58,-1.06,4.87,1273,1.0256,42.52,0.0845
03/08/2026,06:33,139.37,21.07,24.10,10.32,48.09,20.58,-1.08,4.86,1279,1.0258,42.40,0.0840
03/08/2026,06:34,139.46,21.07,24.19,10.30,47.94,20.60,-1.06,4.86,1292,1.0258,42.33,0.0838
03/08/2026,06:35,139.56,21.13,24.21,10.31,47.99,20.54,-1.06,4.85,1293,1.0254,42.25,0.0838
03/08/2026,06:36,139.47,21.14,24.21,10.30,47.97,20.53,-1.08,4.86,1293,1.0250,42.23,0.0841
03/08/2026,06:37,139.45,21.19,24.23,10.28,47.93,20.56,-1.11,4.87,1290,1.0253,42.33,0.0844
03/08/2026,06:38,139.47,21.22,24.28,10.31,47.97,20.49,-1.15,4.87,1289,1.0253,42.29,0.0845
03/08/2026,06:39,139.51,21.24,24.29,10.31,48.02,20.50,-1.14,4.85,1290,1.0252,42.36,0.0839
03/08/2026,06:40,139.53,21.27,24.26,10.31,47.93,20.52,-1.17,4.84,1288,1.0253,42.40,0.0836
03/08/2026,06:41,139.60,21.27,24.27,10.31,48.00,20.53,-1.15,4.87,1286,1.0251,42.35,0.0838
03/08/2026,06:42,139.63,21.23,24.28,10.37,48.06,20.54,-1.13,4.87,1286,1.0254,42.43,0.0836
03/08/2026,06:43,139.66,21.26,24.20,10.35,47.97,20.50,-1.11,4.88,1286,1.0254,42.40,0.0835
03/08/2026,06:44,139.59,21.28,24.26,10.32,47.76,20.45,-1.10,4.89,1289,1.0254,42.44,0.0834
03/08/2026,06:45,139.65,21.29,24.28,10.34,47.84,20.44,-1.10,4.89,1290,1.0256,42.46,0.0833
03/08/2026,06:46,139.79,21.31,24.33,10.32,47.84,20.43,-1.08,4.91,1291,1.0257,42.28,0.0834
03/08/2026,06:47,139.82,21.30,24.35,10.31,47.83,20.46,-1.06,4.92,1287,1.0260,42.31,0.0834
03/08/2026,06:48,139.82,21.35,24.38,10.31,47.92,20.50,-1.06,4.90,1287,1.0257,42.31,0.0836
03/08/2026,06:49,139.89,21.40,24.35,10.29,47.87,20.46,-1.07,4.89,1288,1.0257,42.43,0.0832
03/08/2026,06:50,139.93,21.41,24.31,10.31,47.93,20.42,-1.11,4.88,1291,1.0262,42.36,0.0830
03/08/2026,06:51,140.03,21.48,24.26,10.31,48.06,20.42,-1.11,4.87,1290,1.0263,42.46,0.0828
03/08/2026,06:52,139.97,21.55,24.31,10.32,47.99,20.46,-1.11,4.86,1289,1.0263,42.54,0.0827
03/08/2026,06:53,139.98,21.58,24.33,10.37,47.83,20.46,-1.10,4.86,1288,1.0264,42.56,0.0829
03/08/2026,06:54,139.95,21.62,24.32,10.33,47.83,20.46,-1.10,4.85,1288,1.0263,42.73,0.0828
03/08/2026,06:55,139.90,21.65,24.36,10.32,47.77,20.45,-1.11,4.85,1290,1.0264,42.75,0.0825
03/08/2026,06:56,139.89,21.63,24.39,10.33,47.76,20.41,-1.13,4.85,1292,1.0262,42.78,0.0822
03/08/2026,06:57,139.90,21.65,24.46,10.29,47.62,20.46,-1.09,4.86,1289,1.0264,42.79,0.0826
03/08/2026,06:58,139.88,21.63,24.40,10.28,47.59,20.50,-1.11,4.86,1292,1.0260,42.72,0.0824
03/08/2026,06:59,139.87,21.60,24.48,10.26,47.52,20.47,-1.12,4.85,1293,1.0261,42.69,0.0826
03/08/2026,07:00,139.76,21.59,24.54,10.26,47.50,20.46,-1.12,4.84,1295,1.0266,42.74,0.0825
03/08/2026,07:01,139.74,21.60,24.52,10.27,47.40,20.47,-1.11,4.83,1294,1.0264,42.87,0.0829
03/08/2026,07:02,139.71,21.62,24.56,10.29,47.48,20.48,-1.11,4.83,1293,1.0263,42.77,0.0830
03/08/2026,07:03,139.73,21.66,24.52,10.31,47.51,20.46,-1.08,4.82,1291,1.0264,42.71,0.0834
03/08/2026,07:04,139.78,21.71,24.52,10.32,47.50,20.48,-1.07,4.83,1289,1.0265,42.81,0.0835
03/08/2026,07:05,139.80,21.71,24.50,10.34,47.50,20.50,-1.07,4.81,1289,1.0262,42.68,0.0834
03/08/2026,07:06,139.64,21.73,24.48,10.33,47.55,20.50,-1.06,4.82,1287,1.0264,42.70,0.0832
03/08/2026,07:07,139.70,21.69,24.47,10.40,47.57,20.47,-1.07,4.81,1293,1.0263,42.73,0.0835
03/08/2026,07:08,139.75,21.68,24.51,10.45,47.61,20.42,-1.09,4.82,1293,1.0265,42.61,0.0836
03/08/2026,07:09,139.79,21.69,24.53,10.44,47.63,20.41,-1.09,4.82,1291,1.0266,42.49,0.0839
03/08/2026,07:10,139.76,21.68,24.50,10.45,47.62,20.41,-1.10,4.84,1289,1.0266,42.37,0.0839
03/08/2026,07:11,139.69,21.71,24.56,10.45,47.62,20.38,-1.07,4.83,1289,1.0261,42.34,0.0838
03/08/2026,07:12,139.74,21.73,24.57,10.40,47.50,20.37,-1.06,4.83,1291,1.0257,42.25,0.0831
03/08/2026,07:13,139.72,21.74,24.52,10.37,47.42,20.36,-1.02,4.82,1287,1.0259,42.45,0.0836
03/08/2026,07:14,139.77,21.76,24.53,10.37,47.51,20.37,-1.02,4.84,1287,1.0263,42.46,0.0833
03/08/2026,07:15,139.78,21.81,24.52,10.37,47.52,20.37,-1.02,4.85,1284,1.0264,42.44,0.0831
03/08/2026,07:16,139.76,21.81,24.53,10.38,47.50,20.39,-1.02,4.85,1290,1.0264,42.38,0.0831
03/08/2026,07:17,139.71,21.81,24.54,10.35,47.40,20.39,-1.04,4.84,1288,1.0265,42.35,0.0833
03/08/2026,07:18,139.69,21.85,24.52,10.38,47.33,20.45,-1.04,4.84,1290,1.0264,42.37,0.0827
03/08/2026,07:19,139.64,21.95,24.53,10.37,47.26,20.49,-1.09,4.84,1288,1.0263,42.29,0.0833
03/08/2026,07:20,139.74,22.05,24.56,10.38,47.29,20.47,-1.11,4.83,1290,1.0265,42.21,0.0832
03/08/2026,07:21,139.69,22.07,24.56,10.38,47.26,20.49,-1.11,4.84,1295,1.0263,42.18,0.0832
03/08/2026,07:22,139.67,22.05,24.52,10.37,47.19,20.49,-1.12,4.82,1293,1.0258,42.19,0.0837
03/08/2026,07:23,139.68,22.04,24.56,10.39,47.21,20.47,-1.14,4.84,1294,1.0257,42.15,0.0837
03/08/2026,07:24,139.70,22.06,24.53,10.43,47.18,20.45,-1.16,4.85,1290,1.0256,42.15,0.0834
03/08/2026,07:25,139.69,22.07,24.55,10.43,47.16,20.43,-1.16,4.86,1294,1.0257,42.11,0.0835
03/08/2026,07:26,139.60,22.01,24.58,10.39,47.10,20.43,-1.15,4.85,1292,1.0254,42.05,0.0825
03/08/2026,07:27,139.56,22.04,24.56,10.40,47.06,20.43,-1.18,4.86,1289,1.0257,42.04,0.0826
03/08/2026,07:28,139.58,22.08,24.59,10.36,47.14,20.46,-1.18,4.88,1288,1.0258,42.17,0.0828
03/08/2026,07:29,139.56,22.05,24.52,10.36,47.12,20.43,-1.19,4.87,1284,1.0259,42.25,0.0824
03/08/2026,07:30,139.54,22.05,24.46,10.38,47.13,20.41,-1.18,4.87,1277,1.0256,42.26,0.0829
03/08/2026,07:31,139.57,22.07,24.41,10.35,47.17,20.41,-1.15,4.85,1282,1.0251,42.33,0.0825
03/08/2026,07:32,139.55,21.99,24.44,10.31,47.17,20.41,-1.17,4.85,1286,1.0253,42.36,0.0827
03/08/2026,07:33,139.54,22.02,24.42,10.32,47.19,20.40,-1.17,4.86,1287,1.0254,42.40,0.0825
03/08/2026,07:34,139.57,22.08,24.44,10.29,47.06,20.40,-1.18,4.87,1289,1.0251,42.40,0.0826
03/08/2026,07:35,139.57,22.11,24.44,10.30,47.16,20.40,-1.17,4.86,1289,1.0254,42.35,0.0826
03/08/2026,07:36,139.51,22.15,24.36,10.33,47.10,20.40,-1.19,4.87,1285,1.0255,42.29,0.0829
03/08/2026,07:37,139.47,22.17,24.33,10.35,47.10,20.36,-1.21,4.87,1283,1.0257,42.27,0.0835
03/08/2026,07:38,139.39,22.21,24.29,10.33,46.93,20.33,-1.17,4.86,1280,1.0255,42.25,0.0831
03/08/2026,07:39,139.34,22.23,24.29,10.32,46.88,20.36,-1.15,4.86,1280,1.0257,42.32,0.0834
03/08/2026,07:40,139.41,22.23,24.32,10.36,47.01,20.35,-1.15,4.87,1279,1.0254,42.33,0.0836
03/08/2026,07:41,139.45,22.22,24.31,10.38,47.15,20.31,-1.11,4.87,1277,1.0252,42.44,0.0839
03/08/2026,07:42,139.49,22.20,24.33,10.40,47.20,20.32,-1.09,4.88,1277,1.0253,42.40,0.0842
03/08/2026,07:43,139.39,22.23,24.31,10.41,47.19,20.28,-1.11,4.88,1278,1.0253,42.35,0.0846
03/08/2026,07:44,139.44,22.26,24.34,10.38,47.05,20.30,-1.10,4.89,1282,1.0252,42.43,0.0850
03/08/2026,07:45,139.45,22.24,24.30,10.38,47.08,20.30,-1.08,4.89,1281,1.0251,42.51,0.0847
03/08/2026,07:46,139.49,22.24,24.35,10.31,47.01,20.29,-1.08,4.90,1283,1.0252,42.53,0.0851
03/08/2026,07:47,139.49,22.23,24.34,10.29,47.01,20.31,-1.09,4.90,1281,1.0254,42.49,0.0847
03/08/2026,07:48,139.45,22.29,24.37,10.29,47.04,20.31,-1.07,4.89,1281,1.0255,42.55,0.0845
03/08/2026,07:49,139.45,22.29,24.32,10.29,47.05,20.31,-1.06,4.91,1281,1.0257,42.68,0.0842
03/08/2026,07:50,139.46,22.34,24.31,10.31,47.01,20.32,-1.09,4.91,1276,1.0255,42.65,0.0843
03/08/2026,07:51,139.47,22.34,24.29,10.28,47.01,20.31,-1.08,4.90,1272,1.0254,42.66,0.0849
03/08/2026,07:52,139.58,22.37,24.17,10.23,47.02,20.35,-1.08,4.92,1274,1.0255,42.62,0.0848
03/08/2026,07:53,139.61,22.37,24.17,10.26,47.04,20.38,-1.05,4.92,1276,1.0263,42.58,0.0850
03/08/2026,07:54,139.59,22.37,24.16,10.29,47.12,20.38,-1.08,4.91,1277,1.0265,42.58,0.0851
03/08/2026,07:55,139.68,22.41,24.16,10.30,47.20,20.37,-1.09,4.91,1278,1.0266,42.77,0.0853
03/08/2026,07:56,139.73,22.46,24.17,10.30,47.32,20.38,-1.09,4.93,1282,1.0266,42.79,0.0851
03/08/2026,07:57,139.75,22.40,24.18,10.33,47.29,20.38,-1.10,4.93,1281,1.0268,42.67,0.0848
03/08/2026,07:58,139.79,22.36,24.18,10.32,47.31,20.40,-1.10,4.93,1284,1.0268,42.63,0.0851
03/08/2026,07:59,139.70,22.34,24.18,10.29,47.32,20.38,-1.09,4.93,1282,1.0267,42.48,0.0848
03/08/2026,08:00,139.72,22.34,24.22,10.25,47.23,20.42,-1.11,4.93,1289,1.0268,42.38,0.0846
03/08/2026,08:01,139.67,22.40,24.26,10.24,47.28,20.45,-1.10,4.92,1291,1.0269,42.32,0.0851
03/08/2026,08:02,139.71,22.37,24.25,10.27,47.23,20.37,-1.12,4.91,1289,1.0271,42.17,0.0853
03/08/2026,08:03,139.74,22.39,24.27,10.29,47.20,20.33,-1.15,4.90,1290,1.0275,42.25,0.0851
03/08/2026,08:04,139.70,22.47,24.32,10.35,47.16,20.37,-1.13,4.89,1284,1.0273,42.28,0.0847
03/08/2026,08:05,139.71,22.44,24.34,10.34,47.11,20.34,-1.13,4.89,1289,1.0271,42.35,0.0853
03/08/2026,08:06,139.65,22.42,24.35,10.34,47.10,20.33,-1.12,4.87,1287,1.0267,42.45,0.0850
03/08/2026,08:07,139.68,22.51,24.34,10.32,47.14,20.34,-1.09,4.85,1286,1.0267,42.42,0.0849
03/08/2026,08:08,139.63,22.54,24.36,10.28,47.06,20.38,-1.09,4.87,1286,1.0267,42.50,0.0847
03/08/2026,08:09,139.69,22.56,24.29,10.26,47.07,20.41,-1.10,4.87,1287,1.0264,42.50,0.0848
03/08/2026,08:10,139.71,22.65,24.30,10.27,47.09,20.46,-1.14,4.88,1287,1.0262,42.60,0.0848
03/08/2026,08:11,139.68,22.66,24.35,10.25,46.94,20.49,-1.12,4.87,1289,1.0262,42.64,0.0848
03/08/2026,08:12,139.71,22.66,24.36,10.28,46.95,20.47,-1.12,4.86,1287,1.0262,42.54,0.0846
03/08/2026,08:13,139.76,22.63,24.34,10.33,47.01,20.46,-1.12,4.88,1287,1.0263,42.48,0.0840
03/08/2026,08:14,139.73,22.61,24.31,10.29,47.05,20.48,-1.12,4.86,1286,1.0262,42.36,0.0836
03/08/2026,08:15,139.66,22.67,24.30,10.29,47.15,20.45,-1.13,4.86,1291,1.0259,42.35,0.0837
03/08/2026,08:16,139.63,22.71,24.35,10.25,47.14,20.45,-1.15,4.85,1296,1.0263,42.33,0.0833
03/08/2026,08:17,139.73,22.66,24.39,10.22,47.14,20.45,-1.15,4.86,1293,1.0267,42.32,0.0838
03/08/2026,08:18,139.76,22.68,24.44,10.24,47.09,20.47,-1.16,4.86,1291,1.0266,42.38,0.0837
03/08/2026,08:19,139.81,22.72,24.42,10.22,47.12,20.47,-1.16,4.86,1286,1.0263,42.37,0.0830
03/08/2026,08:20,139.79,22.76,24.43,10.21,47.23,20.45,-1.13,4.86,1283,1.0261,42.34,0.0830
03/08/2026,08:21,139.77,22.77,24.45,10.21,47.22,20.46,-1.11,4.86,1286,1.0260,42.22,0.0831
03/08/2026,08:22,139.69,22.78,24.47,10.23,47.26,20.42,-1.12,4.87,1285,1.0260,42.30,0.0824
03/08/2026,08:23,139.67,22.78,24.44,10.30,47.19,20.41,-1.14,4.87,1289,1.0260,42.39,0.0821
03/08/2026,08:24,139.64,22.80,24.42,10.29,47.30,20.38,-1.13,4.86,1286,1.0258,42.36,0.0823
03/08/2026,08:25,139.67,22.83,24.45,10.27,47.40,20.43,-1.10,4.86,1284,1.0258,42.44,0.0823
03/08/2026,08:26,139.68,22.88,24.45,10.28,47.46,20.44,-1.09,4.84,1286,1.0259,42.43,0.0824
03/08/2026,08:27,139.63,22.93,24.47,10.29,47.46,20.47,-1.10,4.84,1290,1.0258,42.46,0.0818
03/08/2026,08:28,139.69,23.00,24.43,10.24,47.55,20.45,-1.09,4.82,1286,1.0260,42.50,0.0823
03/08/2026,08:29,139.68,23.04,24.44,10.26,47.59,20.47,-1.04,4.83,1287,1.0256,42.42,0.0821
03/08/2026,08:30,139.71,23.05,24.37,10.27,47.58,20.45,-1.06,4.83,1288,1.0253,42.47,0.0820
03/08/2026,08:31,139.73,23.11,24.33,10.24,47.57,20.50,-1.04,4.84,1289,1.0253,42.44,0.0820
03/08/2026,08:32,139.79,23.09,24.36,10.22,47.51,20.49,-1.03,4.84,1289,1.0253,42.47,0.0817
03/08/2026,08:33,139.83,23.06,24.31,10.21,47.44,20.51,-1.05,4.84,1289,1.0250,42.54,0.0818
03/08/2026,08:34,139.76,23.14,24.33,10.24,47.41,20.55,-1.05,4.85,1287,1.0248,42.51,0.0818
03/08/2026,08:35,139.70,23.15,24.38,10.25,47.30,20.57,-1.13,4.85,1288,1.0246,42.42,0.0815
03/08/2026,08:36,139.76,23.11,24.42,10.23,47.33,20.55,-1.14,4.86,1292,1.0246,42.34,0.0817
03/08/2026,08:37,139.70,23.20,24.46,10.22,47.29,20.56,-1.16,4.86,1298,1.0249,42.36,0.0825
03/08/2026,08:38,139.72,23.17,24.43,10.22,47.27,20.57,-1.16,4.85,1294,1.0253,42.52,0.0818
03/08/2026,08:39,139.75,23.14,24.42,10.24,47.26,20.54,-1.14,4.85,1297,1.0251,42.42,0.0820
03/08/2026,08:40,139.75,23.19,24.44,10.23,47.31,20.53,-1.14,4.85,1295,1.0247,42.27,0.0814
03/08/2026,08:41,139.78,23.21,24.45,10.21,47.25,20.57,-1.12,4.84,1296,1.0247,42.28,0.0809
03/08/2026,08:42,139.87,23.24,24.49,10.23,47.38,20.60,-1.11,4.84,1298,1.0245,42.45,0.0813
03/08/2026,08:43,139.85,23.26,24.42,10.26,47.48,20.62,-1.10,4.85,1295,1.0245,42.38,0.0809
03/08/2026,08:44,139.81,23.19,24.39,10.27,47.45,20.65,-1.13,4.85,1295,1.0243,42.62,0.0812
03/08/2026,08:45,139.78,23.22,24.41,10.32,47.49,20.61,-1.08,4.85,1294,1.0244,42.59,0.0813
03/08/2026,08:46,139.74,23.24,24.41,10.29,47.46,20.59,-1.11,4.86,1301,1.0240,42.65,0.0817
03/08/2026,08:47,139.70,23.34,24.42,10.27,47.51,20.56,-1.14,4.88,1300,1.0240,42.58,0.0815
03/08/2026,08:48,139.66,23.30,24.46,10.26,47.59,20.54,-1.17,4.88,1299,1.0238,42.52,0.0814
03/08/2026,08:49,139.70,23.34,24.42,10.27,47.54,20.50,-1.18,4.88,1299,1.0241,42.58,0.0815
03/08/2026,08:50,139.66,23.34,24.47,10.25,47.55,20.51,-1.16,4.86,1297,1.0240,42.60,0.0806
03/08/2026,08:51,139.61,23.33,24.39,10.28,47.43,20.51,-1.15,4.82,1294,1.0245,42.61,0.0807
03/08/2026,08:52,139.56,23.38,24.43,10.37,47.39,20.50,-1.17,4.83,1298,1.0246,42.52,0.0805
03/08/2026,08:53,139.48,23.45,24.44,10.38,47.41,20.46,-1.18,4.81,1298,1.0245,42.37,0.0802
03/08/2026,08:54,139.49,23.49,24.49,10.40,47.46,20.43,-1.18,4.81,1296,1.0242,42.31,0.0814
03/08/2026,08:55,139.44,23.49,24.47,10.38,47.40,20.44,-1.21,4.80,1289,1.0246,42.20,0.0817
03/08/2026,08:56,139.49,23.51,24.50,10.37,47.39,20.43,-1.21,4.80,1288,1.0247,42.26,0.0812
03/08/2026,08:57,139.50,23.59,24.49,10.35,47.27,20.38,-1.19,4.79,1287,1.0244,42.28,0.0807
03/08/2026,08:58,139.48,23.59,24.53,10.30,47.32,20.43,-1.19,4.80,1289,1.0243,42.34,0.0807
03/08/2026,08:59,139.44,23.61,24.53,10.26,47.43,20.43,-1.19,4.80,1291,1.0239,42.51,0.0808
03/08/2026,09:00,139.48,23.64,24.51,10.26,47.39,20.44,-1.20,4.82,1290,1.0239,42.52,0.0808
03/08/2026,09:01,139.47,23.64,24.48,10.24,47.47,20.46,-1.18,4.82,1291,1.0244,42.43,0.0815
03/08/2026,09:02,139.46,23.68,24.49,10.25,47.57,20.45,-1.19,4.82,1294,1.0243,42.49,0.0809
03/08/2026,09:03,139.44,23.71,24.55,10.22,47.50,20.44,-1.18,4.82,1297,1.0245,42.32,0.0809
03/08/2026,09:04,139.42,23.75,24.56,10.28,47.62,20.43,-1.19,4.83,1300,1.0249,42.28,0.0812
03/08/2026,09:05,139.42,23.78,24.56,10.28,47.68,20.37,-1.20,4.83,1299,1.0250,42.28,0.0815
03/08/2026,09:06,139.40,23.83,24.59,10.29,47.66,20.37,-1.20,4.84,1298,1.0251,42.37,0.0818
03/08/2026,09:07,139.51,23.85,24.59,10.32,47.69,20.36,-1.20,4.84,1296,1.0251,42.36,0.0816
03/08/2026,09:08,139.49,23.84,24.59,10.31,47.68,20.32,-1.20,4.84,1295,1.0250,42.50,0.0813
03/08/2026,09:09,139.58,23.82,24.57,10.34,47.63,20.35,-1.19,4.84,1296,1.0248,42.59,0.0818
03/08/2026,09:10,139.64,23.79,24.52,10.38,47.74,20.38,-1.17,4.85,1298,1.0252,42.45,0.0813
03/08/2026,09:11,139.64,23.85,24.54,10.36,47.78,20.37,-1.18,4.84,1297,1.0254,42.43,0.0813
03/08/2026,09:12,139.59,23.90,24.51,10.38,47.74,20.35,-1.16,4.83,1298,1.0257,42.56,0.0811
03/08/2026,09:13,139.60,23.92,24.51,10.35,47.75,20.33,-1.16,4.85,1300,1.0252,42.54,0.0815
03/08/2026,09:14,139.62,23.98,24.48,10.39,47.69,20.32,-1.15,4.83,1299,1.0251,42.46,0.0813
03/08/2026,09:15,139.62,23.98,24.53,10.40,47.59,20.32,-1.15,4.83,1302,1.0251,42.41,0.0815
03/08/2026,09:16,139.63,23.96,24.55,10.44,47.54,20.31,-1.15,4.82,1300,1.0249,42.55,0.0818
03/08/2026,09:17,139.66,23.96,24.57,10.43,47.59,20.30,-1.17,4.84,1299,1.0250,42.49,0.0818
03/08/2026,09:18,139.71,23.95,24.55,10.38,47.55,20.29,-1.17,4.85,1296,1.0249,42.51,0.0823
03/08/2026,09:19,139.77,23.92,24.58,10.39,47.56,20.28,-1.15,4.86,1295,1.0248,42.52,0.0823
03/08/2026,09:20,139.73,23.94,24.63,10.39,47.63,20.28,-1.17,4.86,1299,1.0246,42.54,0.0824
03/08/2026,09:21,139.77,23.97,24.63,10.41,47.56,20.24,-1.18,4.85,1299,1.0242,42.64,0.0819
03/08/2026,09:22,139.81,23.97,24.62,10.44,47.41,20.24,-1.19,4.86,1300,1.0245,42.68,0.0824
03/08/2026,09:23,139.80,23.96,24.59,10.40,47.47,20.21,-1.19,4.84,1298,1.0244,42.55,0.0821
03/08/2026,09:24,139.75,24.00,24.55,10.41,47.39,20.19,-1.18,4.83,1295,1.0244,42.45,0.0821
03/08/2026,09:25,139.72,24.08,24.53,10.38,47.46,20.22,-1.15,4.85,1292,1.0246,42.32,0.0821
03/08/2026,09:26,139.73,24.12,24.65,10.36,47.44,20.19,-1.16,4.85,1291,1.0247,42.32,0.0827
03/08/2026,09:27,139.78,24.14,24.63,10.38,47.42,20.14,-1.15,4.87,1286,1.0251,42.39,0.0819
03/08/2026,09:28,139.82,24.16,24.63,10.42,47.46,20.11,-1.16,4.87,1283,1.0250,42.39,0.0818
03/08/2026,09:29,139.86,24.13,24.58,10.42,47.44,20.12,-1.16,4.86,1285,1.0257,42.45,0.0827
03/08/2026,09:30,139.96,24.12,24.66,10.40,47.48,20.16,-1.14,4.88,1287,1.0259,42.45,0.0818
03/08/2026,09:31,139.98,24.23,24.59,10.39,47.53,20.20,-1.13,4.87,1288,1.0256,42.38,0.0819
03/08/2026,09:32,139.93,24.22,24.55,10.38,47.52,20.24,-1.12,4.89,1287,1.0256,42.47,0.0824
03/08/2026,09:33,139.90,24.18,24.45,10.40,47.50,20.20,-1.13,4.88,1283,1.0255,42.43,0.0828
03/08/2026,09:34,139.90,24.16,24.39,10.36,47.46,20.18,-1.13,4.90,1283,1.0257,42.47,0.0830
03/08/2026,09:35,139.89,24.24,24.36,10.40,47.53,20.19,-1.10,4.91,1286,1.0255,42.46,0.0833
03/08/2026,09:36,140.00,24.26,24.30,10.38,47.64,20.17,-1.12,4.91,1281,1.0255,42.49,0.0837
03/08/2026,09:37,139.98,24.19,24.32,10.40,47.51,20.20,-1.09,4.91,1282,1.0252,42.59,0.0841
03/08/2026,09:38,139.92,24.20,24.30,10.41,47.55,20.21,-1.11,4.90,1279,1.0254,42.48,0.0839
03/08/2026,09:39,139.92,24.20,24.22,10.38,47.48,20.24,-1.13,4.89,1280,1.0261,42.36,0.0837
03/08/2026,09:40,139.88,24.26,24.14,10.35,47.37,20.29,-1.08,4.88,1278,1.0258,42.37,0.0840
03/08/2026,09:41,139.83,24.28,24.15,10.36,47.46,20.27,-1.09,4.88,1278,1.0259,42.37,0.0839
03/08/2026,09:42,139.85,24.33,24.19,10.35,47.54,20.25,-1.07,4.90,1279,1.0257,42.37,0.0840
03/08/2026,09:43,139.88,24.35,24.16,10.31,47.48,20.26,-1.07,4.89,1280,1.0256,42.41,0.0845
03/08/2026,09:44,139.93,24.38,24.16,10.27,47.47,20.31,-1.04,4.88,1279,1.0256,42.30,0.0842
03/08/2026,09:45,139.93,24.36,24.19,10.27,47.55,20.31,-1.02,4.89,1283,1.0257,42.38,0.0846
03/08/2026,09:46,139.96,24.40,24.18,10.29,47.62,20.35,-1.00,4.88,1283,1.0256,42.44,0.0842
03/08/2026,09:47,139.99,24.43,24.21,10.32,47.66,20.40,-1.02,4.86,1280,1.0257,42.34,0.0841
03/08/2026,09:48,139.93,24.50,24.16,10.29,47.71,20.42,-1.01,4.85,1278,1.0257,42.45,0.0841
03/08/2026,09:49,139.92,24.50,24.16,10.29,47.83,20.44,-1.03,4.86,1276,1.0256,42.62,0.0848
03/08/2026,09:50,139.89,24.59,24.18,10.31,47.82,20.44,-1.03,4.87,1284,1.0254,42.74,0.0849
03/08/2026,09:51,139.88,24.62,24.21,10.33,47.93,20.42,-1.01,4.86,1286,1.0258,42.65,0.0847
03/08/2026,09:52,139.81,24.72,24.25,10.32,47.96,20.38,-1.02,4.86,1285,1.0258,42.70,0.0849
03/08/2026,09:53,139.75,24.76,24.23,10.30,47.93,20.39,-1.02,4.85,1287,1.0256,42.70,0.0851
03/08/2026,09:54,139.74,24.75,24.30,10.31,47.92,20.42,-1.04,4.84,1289,1.0256,42.78,0.0844
03/08/2026,09:55,139.65,24.77,24.29,10.34,47.89,20.41,-1.06,4.84,1287,1.0254,42.70,0.0849
03/08/2026,09:56,139.67,24.82,24.37,10.37,47.86,20.37,-1.11,4.83,1288,1.0260,42.68,0.0852
03/08/2026,09:57,139.70,24.86,24.43,10.34,47.78,20.39,-1.13,4.83,1290,1.0258,42.73,0.0855
03/08/2026,09:58,139.70,24.85,24.42,10.34,47.70,20.42,-1.11,4.83,1294,1.0254,42.68,0.0854
03/08/2026,09:59,139.74,24.86,24.42,10.31,47.74,20.38,-1.08,4.85,1291,1.0258,42.59,0.0849
03/08/2026,10:00,139.68,24.83,24.39,10.35,47.82,20.32,-1.08,4.86,1290,1.0258,42.68,0.0848
03/08/2026,10:01,139.69,24.82,24.38,10.36,47.78,20.30,-1.09,4.87,1288,1.0257,42.68,0.0848
03/08/2026,10:02,139.71,24.86,24.40,10.38,47.69,20.29,-1.09,4.88,1287,1.0255,42.63,0.0842
03/08/2026,10:03,139.72,24.91,24.38,10.45,47.67,20.27,-1.11,4.87,1284,1.0254,42.68,0.0846
03/08/2026,10:04,139.65,24.93,24.36,10.47,47.62,20.27,-1.09,4.88,1285,1.0253,42.74,0.0850
03/08/2026,10:05,139.59,24.96,24.36,10.42,47.63,20.28,-1.12,4.88,1285,1.0256,42.79,0.0852
03/08/2026,10:06,139.57,24.92,24.45,10.45,47.64,20.31,-1.10,4.89,1284,1.0258,42.81,0.0854
03/08/2026,10:07,139.50,24.97,24.47,10.40,47.66,20.28,-1.11,4.87,1286,1.0259,42.86,0.0849
03/08/2026,10:08,139.57,24.96,24.46,10.40,47.54,20.28,-1.13,4.88,1287,1.0257,43.01,0.0851
03/08/2026,10:09,139.54,24.95,24.47,10.38,47.58,20.26,-1.15,4.90,1285,1.0257,43.01,0.0853
03/08/2026,10:10,139.59,24.98,24.41,10.35,47.75,20.29,-1.13,4.89,1282,1.0256,42.99,0.0854
03/08/2026,10:11,139.54,25.02,24.37,10.33,47.77,20.32,-1.11,4.90,1277,1.0252,42.99,0.0851
03/08/2026,10:12,139.48,25.02,24.34,10.37,47.82,20.35,-1.11,4.90,1281,1.0249,42.94,0.0850
03/08/2026,10:13,139.55,25.05,24.31,10.40,47.88,20.34,-1.13,4.88,1279,1.0254,42.75,0.0843
03/08/2026,10:14,139.51,25.07,24.31,10.41,47.78,20.36,-1.12,4.87,1280,1.0253,42.76,0.0841
03/08/2026,10:15,139.50,25.06,24.33,10.44,47.79,20.37,-1.10,4.89,1281,1.0250,42.78,0.0837
03/08/2026,10:16,139.59,25.12,24.29,10.41,47.81,20.31,-1.10,4.86,1278,1.0250,42.83,0.0837
03/08/2026,10:17,139.57,25.14,24.31,10.44,47.83,20.29,-1.11,4.88,1282,1.0253,42.76,0.0836
03/08/2026,10:18,139.64,25.16,24.27,10.45,47.85,20.28,-1.08,4.88,1281,1.0251,42.79,0.0841
03/08/2026,10:19,139.62,25.17,24.27,10.47,47.84,20.28,-1.07,4.87,1284,1.0252,42.93,0.0845
03/08/2026,10:20,139.65,25.25,24.26,10.42,47.88,20.27,-1.07,4.87,1286,1.0251,42.96,0.0846
03/08/2026,10:21,139.65,25.33,24.30,10.37,47.91,20.29,-1.11,4.85,1291,1.0254,42.85,0.0849
03/08/2026,10:22,139.59,25.30,24.33,10.35,47.90,20.29,-1.10,4.85,1289,1.0250,42.79,0.0846
03/08/2026,10:23,139.58,25.37,24.31,10.40,47.97,20.26,-1.13,4.86,1287,1.0250,42.75,0.0847
03/08/2026,10:24,139.50,25.35,24.27,10.36,47.77,20.29,-1.10,4.86,1284,1.0251,42.76,0.0849
03/08/2026,10:25,139.51,25.39,24.28,10.40,47.70,20.25,-1.11,4.86,1283,1.0251,42.69,0.0847
03/08/2026,10:26,139.46,25.46,24.32,10.40,47.68,20.29,-1.09,4.87,1281,1.0253,42.77,0.0848
03/08/2026,10:27,139.47,25.44,24.24,10.37,47.76,20.31,-1.10,4.88,1277,1.0254,42.77,0.0846
03/08/2026,10:28,139.50,25.37,24.20,10.36,47.81,20.30,-1.10,4.88,1280,1.0255,42.70,0.0847
03/08/2026,10:29,139.56,25.40,24.23,10.34,47.77,20.29,-1.12,4.87,1283,1.0253,42.77,0.0850
03/08/2026,10:30,139.57,25.37,24.22,10.30,47.74,20.29,-1.14,4.88,1284,1.0251,42.75,0.0851
03/08/2026,10:31,139.59,25.40,24.19,10.25,47.62,20.31,-1.12,4.87,1283,1.0256,42.85,0.0851
03/08/2026,10:32,139.63,25.35,24.19,10.23,47.65,20.31,-1.10,4.86,1284,1.0259,42.92,0.0851
03/08/2026,10:33,139.63,25.40,24.17,10.23,47.68,20.32,-1.11,4.85,1279,1.0258,42.94,0.0842
03/08/2026,10:34,139.68,25.42,24.12,10.25,47.61,20.33,-1.10,4.86,1283,1.0258,43.02,0.0842
03/08/2026,10:35,139.66,25.43,24.10,10.26,47.64,20.32,-1.09,4.85,1279,1.0258,43.14,0.0840
03/08/2026,10:36,139.71,25.49,24.17,10.30,47.66,20.34,-1.09,4.83,1274,1.0259,43.23,0.0838
03/08/2026,10:37,139.67,25.49,24.10,10.28,47.60,20.37,-1.10,4.84,1276,1.0254,43.34,0.0839
03/08/2026,10:38,139.74,25.53,24.12,10.30,47.66,20.39,-1.09,4.84,1273,1.0256,43.17,0.0841
03/08/2026,10:39,139.60,25.55,24.08,10.29,47.69,20.35,-1.12,4.84,1274,1.0257,43.04,0.0840
03/08/2026,10:40,139.56,25.60,24.15,10.28,47.84,20.34,-1.12,4.85,1277,1.0260,42.99,0.0836
03/08/2026,10:41,139.53,25.59,24.19,10.27,47.82,20.33,-1.13,4.85,1280,1.0259,43.06,0.0837
03/08/2026,10:42,139.59,25.62,24.18,10.31,47.91,20.32,-1.13,4.84,1281,1.0261,43.10,0.0838
03/08/2026,10:43,139.60,25.64,24.13,10.32,48.02,20.32,-1.13,4.84,1279,1.0260,42.98,0.0842
03/08/2026,10:44,139.56,25.65,24.11,10.34,48.10,20.33,-1.12,4.86,1275,1.0263,42.96,0.0834
03/08/2026,10:45,139.53,25.59,24.10,10.34,48.15,20.31,-1.13,4.88,1273,1.0265,43.05,0.0830
03/08/2026,10:46,139.58,25.64,24.09,10.35,48.06,20.30,-1.14,4.88,1274,1.0264,43.08,0.0820
03/08/2026,10:47,139.62,25.66,24.03,10.33,48.09,20.34,-1.11,4.88,1268,1.0265,42.89,0.0816
03/08/2026,10:48,139.68,25.66,24.05,10.31,48.16,20.33,-1.10,4.87,1267,1.0264,42.82,0.0821
03/08/2026,10:49,139.72,25.70,24.07,10.34,48.26,20.34,-1.09,4.86,1272,1.0263,42.90,0.0824
03/08/2026,10:50,139.67,25.77,24.08,10.34,48.29,20.37,-1.08,4.85,1274,1.0259,42.90,0.0825
03/08/2026,10:51,139.68,25.77,24.04,10.33,48.34,20.36,-1.06,4.86,1276,1.0258,43.04,0.0819
03/08/2026,10:52,139.63,25.82,24.06,10.35,48.28,20.35,-1.06,4.84,1277,1.0257,43.11,0.0819
03/08/2026,10:53,139.60,25.80,24.12,10.35,48.34,20.34,-1.09,4.84,1277,1.0255,43.17,0.0809
03/08/2026,10:54,139.55,25.82,24.05,10.37,48.20,20.34,-1.05,4.85,1273,1.0256,43.12,0.0809
03/08/2026,10:55,139.51,25.84,24.03,10.35,48.20,20.34,-1.06,4.83,1274,1.0259,43.24,0.0808
03/08/2026,10:56,139.59,25.92,24.03,10.36,48.33,20.38,-1.05,4.83,1274,1.0263,43.30,0.0802
03/08/2026,10:57,139.60,25.95,24.05,10.37,48.39,20.41,-1.06,4.83,1273,1.0263,43.29,0.0797
03/08/2026,10:58,139.65,25.97,24.09,10.37,48.36,20.42,-1.03,4.86,1277,1.0264,43.30,0.0803
03/08/2026,10:59,139.65,26.01,24.04,10.33,48.36,20.43,-1.03,4.85,1278,1.0259,43.33,0.0800
03/08/2026,11:00,139.61,26.05,24.04,10.39,48.27,20.47,-1.02,4.86,1275,1.0258,43.38,0.0796
03/08/2026,11:01,139.63,26.02,24.07,10.35,48.26,20.48,-1.00,4.86,1276,1.0261,43.25,0.0793
03/08/2026,11:02,139.60,26.00,24.09,10.32,48.22,20.45,-0.99,4.88,1274,1.0264,43.21,0.0796
03/08/2026,11:03,139.63,26.15,24.07,10.30,48.26,20.47,-1.00,4.88,1276,1.0263,43.26,0.0800
03/08/2026,11:04,139.68,26.21,24.06,10.31,48.15,20.42,-1.02,4.90,1273,1.0264,43.40,0.0796
03/08/2026,11:05,139.71,26.26,24.07,10.33,48.15,20.43,-1.02,4.90,1272,1.0263,43.42,0.0793
03/08/2026,11:06,139.65,26.25,24.02,10.29,48.24,20.44,-1.03,4.93,1276,1.0264,43.43,0.0792
03/08/2026,11:07,139.73,26.24,24.08,10.30,48.18,20.45,-1.06,4.93,1277,1.0264,43.43,0.0795
03/08/2026,11:08,139.77,26.24,24.00,10.27,48.22,20.45,-1.07,4.94,1284,1.0268,43.48,0.0793
03/08/2026,11:09,139.87,26.21,24.02,10.22,48.18,20.44,-1.08,4.96,1290,1.0268,43.50,0.0794
03/08/2026,11:10,139.93,26.25,24.02,10.24,48.15,20.41,-1.08,4.97,1286,1.0271,43.43,0.0798
03/08/2026,11:11,140.01,26.27,24.02,10.21,48.12,20.41,-1.11,4.99,1286,1.0275,43.53,0.0793
03/08/2026,11:12,140.16,26.26,24.10,10.22,48.11,20.40,-1.12,5.02,1287,1.0274,43.49,0.0793
03/08/2026,11:13,140.26,26.24,24.12,10.23,48.16,20.40,-1.11,5.04,1283,1.0276,43.36,0.0793
03/08/2026,11:14,140.38,26.27,24.11,10.22,48.04,20.37,-1.12,5.06,1284,1.0268,43.41,0.0786
03/08/2026,11:15,140.45,26.32,24.18,10.22,47.94,20.35,-1.11,5.07,1283,1.0266,43.48,0.0782
03/08/2026,11:16,140.49,26.37,24.20,10.24,48.02,20.33,-1.11,5.06,1283,1.0266,43.56,0.0783
03/08/2026,11:17,140.63,26.49,24.19,10.31,48.10,20.35,-1.11,5.08,1280,1.0265,43.48,0.0786
03/08/2026,11:18,140.73,26.56,24.18,10.35,48.15,20.35,-1.10,5.09,1283,1.0265,43.46,0.0784
03/08/2026,11:19,140.86,26.59,24.17,10.36,48.16,20.40,-1.14,5.13,1283,1.0264,43.64,0.0783
03/08/2026,11:20,140.96,26.65,24.24,10.35,48.07,20.43,-1.14,5.13,1283,1.0261,43.55,0.0778
03/08/2026,11:21,141.03,26.65,24.26,10.34,48.15,20.45,-1.11,5.14,1283,1.0262,43.50,0.0778
03/08/2026,11:22,141.11,26.60,24.24,10.32,48.09,20.46,-1.09,5.15,1285,1.0261,43.59,0.0777
03/08/2026,11:23,141.22,26.64,24.29,10.32,48.09,20.50,-1.10,5.19,1283,1.0266,43.65,0.0772
03/08/2026,11:24,141.42,26.62,24.32,10.34,48.10,20.49,-1.09,5.20,1284,1.0263,43.70,0.0768
03/08/2026,11:25,141.54,26.71,24.34,10.32,48.07,20.48,-1.09,5.20,1280,1.0264,43.80,0.0761
03/08/2026,11:26,141.64,26.70,24.29,10.30,48.07,20.49,-1.08,5.21,1281,1.0262,43.67,0.0755
03/08/2026,11:27,141.70,26.72,24.25,10.29,48.23,20.49,-1.07,5.22,1282,1.0262,43.75,0.0751
03/08/2026,11:28,141.85,26.76,24.21,10.23,48.15,20.50,-1.08,5.22,1284,1.0261,43.71,0.0750
03/08/2026,11:29,141.91,26.74,24.29,10.25,48.05,20.51,-1.09,5.21,1280,1.0262,43.85,0.0745
03/08/2026,11:30,141.99,26.72,24.31,10.18,48.07,20.50,-1.10,5.23,1281,1.0262,43.79,0.0740
03/08/2026,11:31,142.05,26.80,24.36,10.19,48.00,20.50,-1.08,5.22,1281,1.0258,43.74,0.0743
03/08/2026,11:32,142.02,26.84,24.39,10.22,48.06,20.49,-1.06,5.20,1285,1.0256,43.78,0.0737
03/08/2026,11:33,142.06,26.87,24.40,10.21,48.00,20.52,-1.09,5.20,1286,1.0256,43.91,0.0733
03/08/2026,11:34,142.11,26.91,24.45,10.20,47.99,20.52,-1.07,5.20,1292,1.0258,43.96,0.0732
03/08/2026,11:35,142.11,26.93,24.41,10.24,47.93,20.52,-1.05,5.18,1298,1.0255,43.98,0.0729
03/08/2026,11:36,142.14,26.97,24.43,10.22,48.03,20.49,-1.08,5.15,1295,1.0251,43.97,0.0722
03/08/2026,11:37,142.02,26.96,24.38,10.18,48.08,20.48,-1.07,5.14,1297,1.0249,44.01,0.0724
03/08/2026,11:38,141.99,26.97,24.35,10.17,48.17,20.46,-1.09,5.11,1294,1.0254,43.99,0.0724
03/08/2026,11:39,141.95,26.94,24.37,10.20,48.20,20.43,-1.11,5.10,1295,1.0254,44.07,0.0724
03/08/2026,11:40,141.94,26.95,24.43,10.23,48.05,20.44,-1.11,5.08,1295,1.0251,44.16,0.0717
03/08/2026,11:41,141.94,26.99,24.53,10.16,48.07,20.46,-1.10,5.07,1293,1.0253,44.14,0.0718
03/08/2026,11:42,141.84,27.00,24.52,10.14,48.18,20.46,-1.12,5.06,1291,1.0254,44.21,0.0717
03/08/2026,11:43,141.71,27.08,24.56,10.16,48.20,20.50,-1.13,5.06,1291,1.0256,44.10,0.0716
03/08/2026,11:44,141.78,27.12,24.48,10.15,48.15,20.51,-1.16,5.06,1291,1.0257,44.17,0.0714
03/08/2026,11:45,141.70,27.14,24.52,10.16,48.16,20.52,-1.18,5.05,1286,1.0257,44.15,0.0712
03/08/2026,11:46,141.65,27.14,24.46,10.20,48.24,20.53,-1.19,5.03,1282,1.0251,44.09,0.0710
03/08/2026,11:47,141.56,27.07,24.48,10.22,48.22,20.51,-1.14,5.01,1278,1.0250,44.08,0.0712
03/08/2026,11:48,141.43,27.10,24.39,10.22,48.18,20.54,-1.18,5.02,1279,1.0248,44.04,0.0713
03/08/2026,11:49,141.33,27.15,24.40,10.27,48.18,20.56,-1.18,5.02,1280,1.0252,44.11,0.0709
03/08/2026,11:50,141.32,27.14,24.42,10.26,48.08,20.55,-1.18,5.02,1281,1.0249,44.00,0.0706
03/08/2026,11:51,141.26,27.15,24.34,10.27,48.09,20.56,-1.17,5.00,1284,1.0252,44.03,0.0710
03/08/2026,11:52,141.18,27.17,24.34,10.28,48.07,20.56,-1.15,4.99,1282,1.0251,44.01,0.0715
03/08/2026,11:53,141.15,27.13,24.35,10.24,48.05,20.57,-1.18,4.97,1280,1.0253,43.95,0.0712
03/08/2026,11:54,141.07,27.20,24.33,10.25,48.07,20.58,-1.17,4.96,1282,1.0251,44.08,0.0712
03/08/2026,11:55,141.00,27.23,24.25,10.25,48.00,20.59,-1.15,4.95,1280,1.0253,43.96,0.0713
03/08/2026,11:56,140.99,27.23,24.24,10.27,48.10,20.56,-1.15,4.96,1282,1.0253,44.03,0.0706
03/08/2026,11:57,140.99,27.32,24.27,10.24,48.15,20.57,-1.15,4.96,1285,1.0254,44.05,0.0710
03/08/2026,11:58,140.97,27.31,24.27,10.24,48.15,20.57,-1.15,4.94,1288,1.0251,44.09,0.0718
03/08/2026,11:59,140.97,27.27,24.28,10.26,48.27,20.56,-1.14,4.94,1294,1.0254,44.00,0.0719
03/08/2026,12:00,140.93,27.28,24.34,10.28,48.30,20.55,-1.15,4.94,1297,1.0254,43.91,0.0723
03/08/2026,12:01,140.88,27.30,24.37,10.23,48.25,20.59,-1.14,4.95,1293,1.0253,43.84,0.0727
03/08/2026,12:02,140.83,27.37,24.45,10.24,48.21,20.58,-1.14,4.93,1296,1.0254,43.84,0.0723
03/08/2026,12:03,140.87,27.36,24.39,10.27,48.18,20.57,-1.14,4.92,1288,1.0253,43.79,0.0725
03/08/2026,12:04,140.86,27.32,24.38,10.29,48.34,20.55,-1.14,4.92,1287,1.0255,43.73,0.0720
03/08/2026,12:05,140.79,27.38,24.40,10.26,48.31,20.56,-1.08,4.92,1284,1.0256,43.76,0.0720
03/08/2026,12:06,140.72,27.46,24.35,10.31,48.32,20.54,-1.10,4.91,1282,1.0256,43.81,0.0716
03/08/2026,12:07,140.62,27.48,24.29,10.34,48.31,20.52,-1.12,4.92,1283,1.0259,43.84,0.0723
03/08/2026,12:08,140.55,27.45,24.32,10.37,48.29,20.47,-1.10,4.92,1280,1.0258,43.68,0.0725
03/08/2026,12:09,140.56,27.47,24.31,10.35,48.25,20.45,-1.08,4.93,1280,1.0254,43.90,0.0726
03/08/2026,12:10,140.54,27.48,24.27,10.38,48.18,20.43,-1.07,4.92,1280,1.0254,43.94,0.0719
03/08/2026,12:11,140.56,27.47,24.21,10.34,48.10,20.40,-1.07,4.93,1287,1.0253,43.95,0.0723
03/08/2026,12:12,140.58,27.45,24.28,10.35,48.22,20.46,-1.05,4.93,1287,1.0255,43.96,0.0723
03/08/2026,12:13,140.62,27.49,24.28,10.39,48.20,20.44,-1.05,4.92,1288,1.0257,43.99,0.0724
03/08/2026,12:14,140.54,27.49,24.25,10.38,48.29,20.42,-1.06,4.93,1288,1.0258,44.05,0.0729
03/08/2026,12:15,140.52,27.47,24.25,10.36,48.20,20.41,-1.05,4.92,1288,1.0260,43.94,0.0724
03/08/2026,12:16,140.49,27.53,24.25,10.38,48.30,20.38,-1.05,4.92,1287,1.0259,43.93,0.0726
03/08/2026,12:17,140.48,27.59,24.23,10.36,48.32,20.41,-1.08,4.93,1288,1.0257,43.89,0.0726
03/08/2026,12:18,140.43,27.63,24.23,10.35,48.31,20.39,-1.13,4.92,1289,1.0256,43.87,0.0734
03/08/2026,12:19,140.42,27.65,24.28,10.36,48.40,20.38,-1.13,4.92,1287,1.0252,43.93,0.0739
03/08/2026,12:20,140.37,27.62,24.31,10.33,48.23,20.39,-1.13,4.91,1289,1.0249,44.03,0.0741
03/08/2026,12:21,140.38,27.60,24.31,10.26,48.25,20.38,-1.14,4.90,1290,1.0247,44.04,0.0743
03/08/2026,12:22,140.30,27.69,24.33,10.25,48.34,20.37,-1.12,4.89,1286,1.0250,43.82,0.0748
03/08/2026,12:23,140.30,27.70,24.34,10.26,48.40,20.37,-1.13,4.87,1288,1.0250,43.85,0.0746
03/08/2026,12:24,140.22,27.73,24.30,10.24,48.38,20.38,-1.14,4.86,1287,1.0252,43.71,0.0747
03/08/2026,12:25,140.16,27.71,24.29,10.26,48.45,20.38,-1.14,4.85,1281,1.0251,43.65,0.0743
03/08/2026,12:26,140.04,27.78,24.29,10.25,48.51,20.39,-1.12,4.86,1282,1.0251,43.55,0.0745
03/08/2026,12:27,140.10,27.80,24.26,10.27,48.45,20.41,-1.12,4.86,1282,1.0257,43.57,0.0753
03/08/2026,12:28,140.07,27.86,24.24,10.33,48.49,20.40,-1.12,4.85,1279,1.0257,43.68,0.0756
03/08/2026,12:29,140.10,27.87,24.23,10.38,48.49,20.42,-1.12,4.86,1281,1.0258,43.72,0.0755
03/08/2026,12:30,140.09,27.88,24.24,10.41,48.43,20.42,-1.14,4.84,1281,1.0261,43.88,0.0754
03/08/2026,12:31,140.04,27.95,24.30,10.39,48.39,20.42,-1.15,4.86,1290,1.0258,43.86,0.0755
03/08/2026,12:32,140.01,27.98,24.32,10.40,48.36,20.45,-1.16,4.88,1290,1.0258,43.77,0.0755
03/08/2026,12:33,140.06,27.99,24.30,10.34,48.37,20.45,-1.18,4.85,1295,1.0261,44.01,0.0750
03/08/2026,12:34,140.04,28.01,24.31,10.35,48.37,20.44,-1.19,4.86,1293,1.0259,43.95,0.0752
03/08/2026,12:35,140.03,27.99,24.31,10.33,48.26,20.39,-1.16,4.85,1286,1.0257,43.93,0.0749
03/08/2026,12:36,139.92,28.06,24.33,10.34,48.24,20.40,-1.18,4.85,1283,1.0258,43.95,0.0747
03/08/2026,12:37,139.87,28.07,24.34,10.29,48.19,20.43,-1.19,4.83,1289,1.0261,43.94,0.0747
03/08/2026,12:38,139.83,28.08,24.38,10.32,48.19,20.44,-1.19,4.82,1290,1.0263,44.04,0.0749
03/08/2026,12:39,139.88,28.11,24.40,10.36,48.31,20.45,-1.18,4.84,1290,1.0263,44.06,0.0751
03/08/2026,12:40,139.88,28.09,24.46,10.34,48.32,20.46,-1.18,4.82,1292,1.0262,44.04,0.0756
03/08/2026,12:41,139.85,28.04,24.45,10.34,48.33,20.45,-1.19,4.82,1294,1.0264,44.00,0.0759
03/08/2026,12:42,139.86,28.03,24.41,10.33,48.23,20.44,-1.20,4.82,1295,1.0259,44.05,0.0753
03/08/2026,12:43,139.79,28.09,24.37,10.34,48.23,20.46,-1.17,4.82,1289,1.0257,44.08,0.0756
03/08/2026,12:44,139.76,28.15,24.36,10.35,48.30,20.48,-1.18,4.82,1289,1.0259,44.00,0.0759
03/08/2026,12:45,139.72,28.19,24.35,10.35,48.32,20.46,-1.19,4.81,1292,1.0260,44.13,0.0762
03/08/2026,12:46,139.74,28.22,24.38,10.34,48.40,20.44,-1.18,4.81,1291,1.0262,44.05,0.0764
03/08/2026,12:47,139.73,28.28,24.46,10.35,48.33,20.46,-1.16,4.83,1297,1.0259,44.08,0.0764
03/08/2026,12:48,139.71,28.28,24.45,10.33,48.40,20.44,-1.17,4.82,1296,1.0256,44.04,0.0766
03/08/2026,12:49,139.65,28.30,24.47,10.34,48.49,20.41,-1.16,4.82,1295,1.0256,44.09,0.0770
03/08/2026,12:50,139.66,28.33,24.50,10.34,48.47,20.42,-1.19,4.82,1292,1.0255,44.09,0.0771
03/08/2026,12:51,139.63,28.34,24.47,10.30,48.45,20.41,-1.18,4.84,1291,1.0252,44.18,0.0777
03/08/2026,12:52,139.72,28.36,24.45,10.27,48.58,20.37,-1.17,4.87,1288,1.0251,44.22,0.0778
03/08/2026,12:53,139.70,28.30,24.47,10.27,48.54,20.38,-1.17,4.88,1286,1.0250,44.17,0.0782
03/08/2026,12:54,139.78,28.34,24.46,10.24,48.53,20.39,-1.18,4.87,1287,1.0249,44.03,0.0780
03/08/2026,12:55,139.74,28.37,24.44,10.25,48.56,20.40,-1.19,4.87,1288,1.0246,44.04,0.0774
03/08/2026,12:56,139.73,28.41,24.42,10.26,48.60,20.38,-1.15,4.87,1289,1.0248,43.95,0.0777
03/08/2026,12:57,139.76,28.40,24.38,10.25,48.72,20.39,-1.15,4.87,1287,1.0245,43.96,0.0779
03/08/2026,12:58,139.79,28.45,24.37,10.18,48.80,20.39,-1.14,4.87,1286,1.0246,43.94,0.0777
03/08/2026,12:59,139.83,28.48,24.39,10.23,48.85,20.38,-1.12,4.86,1285,1.0249,43.93,0.0773
03/08/2026,13:00,139.84,28.47,24.36,10.23,48.73,20.40,-1.10,4.86,1285,1.0249,43.91,0.0776
03/08/2026,13:01,139.80,28.41,24.35,10.23,48.68,20.42,-1.10,4.88,1288,1.0252,43.98,0.0775
03/08/2026,13:02,139.79,28.42,24.36,10.27,48.74,20.39,-1.12,4.87,1290,1.0252,44.10,0.0777
03/08/2026,13:03,139.83,28.48,24.36,10.32,48.77,20.35,-1.14,4.87,1289,1.0255,44.13,0.0773
03/08/2026,13:04,139.82,28.48,24.36,10.34,48.74,20.34,-1.14,4.87,1290,1.0255,44.07,0.0783
03/08/2026,13:05,139.84,28.49,24.39,10.35,48.63,20.34,-1.13,4.88,1290,1.0258,44.04,0.0774
03/08/2026,13:06,139.78,28.55,24.38,10.39,48.70,20.28,-1.14,4.86,1287,1.0260,44.02,0.0779
03/08/2026,13:07,139.83,28.50,24.40,10.42,48.72,20.32,-1.18,4.88,1292,1.0259,43.98,0.0780
03/08/2026,13:08,139.79,28.49,24.42,10.42,48.84,20.33,-1.15,4.87,1295,1.0257,44.08,0.0783
03/08/2026,13:09,139.75,28.52,24.39,10.41,48.67,20.35,-1.19,4.85,1300,1.0259,44.02,0.0783
03/08/2026,13:10,139.71,28.47,24.41,10.41,48.65,20.35,-1.20,4.86,1304,1.0259,44.03,0.0780
03/08/2026,13:11,139.64,28.52,24.45,10.42,48.78,20.35,-1.20,4.87,1307,1.0261,44.00,0.0780
03/08/2026,13:12,139.60,28.51,24.50,10.40,48.85,20.32,-1.22,4.86,1305,1.0260,43.92,0.0783
03/08/2026,13:13,139.60,28.58,24.56,10.39,48.79,20.26,-1.22,4.88,1303,1.0260,43.92,0.0771
03/08/2026,13:14,139.56,28.62,24.55,10.39,48.77,20.21,-1.21,4.87,1299,1.0261,43.87,0.0776
03/08/2026,13:15,139.57,28.63,24.59,10.35,48.78,20.22,-1.21,4.86,1297,1.0264,44.05,0.0780
03/08/2026,13:16,139.61,28.68,24.57,10.34,48.81,20.21,-1.20,4.85,1301,1.0264,44.08,0.0779
03/08/2026,13:17,139.70,28.61,24.59,10.28,48.83,20.19,-1.21,4.85,1298,1.0266,43.95,0.0775
03/08/2026,13:18,139.69,28.64,24.53,10.30,48.75,20.14,-1.18,4.85,1301,1.0264,43.82,0.0772
03/08/2026,13:19,139.68,28.68,24.50,10.32,48.62,20.16,-1.21,4.85,1304,1.0261,43.80,0.0770
03/08/2026,13:20,139.60,28.68,24.60,10.33,48.61,20.16,-1.19,4.87,1305,1.0260,43.76,0.0771
03/08/2026,13:21,139.60,28.71,24.61,10.29,48.64,20.20,-1.18,4.87,1302,1.0258,44.00,0.0772
03/08/2026,13:22,139.72,28.76,24.59,10.28,48.58,20.23,-1.20,4.87,1295,1.0259,44.03,0.0775
03/08/2026,13:23,139.73,28.80,24.64,10.30,48.50,20.24,-1.21,4.88,1295,1.0259,44.01,0.0781
03/08/2026,13:24,139.75,28.82,24.65,10.28,48.58,20.24,-1.16,4.87,1299,1.0258,43.95,0.0785
03/08/2026,13:25,139.75,28.90,24.70,10.33,48.53,20.23,-1.14,4.87,1296,1.0260,43.87,0.0788
03/08/2026,13:26,139.75,28.86,24.63,10.34,48.61,20.25,-1.13,4.88,1290,1.0260,43.73,0.0793
03/08/2026,13:27,139.83,28.85,24.52,10.38,48.56,20.27,-1.14,4.87,1289,1.0259,43.77,0.0793
03/08/2026,13:28,139.76,28.87,24.50,10.35,48.62,20.28,-1.14,4.86,1288,1.0260,43.76,0.0789
03/08/2026,13:29,139.74,28.83,24.51,10.35,48.67,20.30,-1.14,4.85,1285,1.0260,43.71,0.0784
03/08/2026,13:30,139.78,28.79,24.43,10.34,48.72,20.29,-1.13,4.84,1285,1.0261,43.77,0.0779
03/08/2026,13:31,139.72,28.79,24.42,10.31,48.67,20.28,-1.13,4.85,1285,1.0259,43.77,0.0774
03/08/2026,13:32,139.60,28.83,24.39,10.31,48.64,20.28,-1.14,4.85,1289,1.0264,43.69,0.0776
03/08/2026,13:33,139.62,28.83,24.43,10.33,48.62,20.26,-1.13,4.85,1288,1.0266,43.80,0.0783
03/08/2026,13:34,139.55,28.81,24.39,10.34,48.56,20.26,-1.12,4.85,1285,1.0266,43.71,0.0785
03/08/2026,13:35,139.65,28.84,24.42,10.30,48.50,20.29,-1.10,4.84,1284,1.0271,43.64,0.0782
03/08/2026,13:36,139.69,28.76,24.40,10.30,48.51,20.31,-1.13,4.85,1280,1.0277,43.57,0.0777
03/08/2026,13:37,139.72,28.80,24.39,10.35,48.56,20.30,-1.10,4.84,1283,1.0277,43.72,0.0770
03/08/2026,13:38,139.65,28.82,24.34,10.36,48.51,20.30,-1.08,4.84,1279,1.0272,43.76,0.0774
03/08/2026,13:39,139.67,28.88,24.34,10.39,48.40,20.25,-1.09,4.85,1278,1.0273,43.73,0.0775
03/08/2026,13:40,139.63,28.84,24.28,10.41,48.34,20.25,-1.11,4.85,1278,1.0271,43.77,0.0773
03/08/2026,13:41,139.58,28.86,24.26,10.37,48.38,20.25,-1.11,4.85,1277,1.0273,43.73,0.0772
03/08/2026,13:42,139.56,28.90,24.29,10.37,48.35,20.25,-1.13,4.86,1280,1.0275,43.63,0.0765
03/08/2026,13:43,139.55,28.91,24.33,10.37,48.29,20.24,-1.12,4.88,1282,1.0275,43.59,0.0769
03/08/2026,13:44,139.57,28.97,24.39,10.37,48.26,20.27,-1.11,4.89,1280,1.0278,43.67,0.0765
03/08/2026,13:45,139.56,28.96,24.39,10.38,48.14,20.25,-1.08,4.89,1286,1.0278,43.70,0.0768
03/08/2026,13:46,139.52,28.95,24.38,10.39,48.22,20.26,-1.08,4.90,1284,1.0276,43.69,0.0764
03/08/2026,13:47,139.61,28.98,24.35,10.39,48.15,20.26,-1.07,4.89,1281,1.0275,43.78,0.0765
03/08/2026,13:48,139.60,28.96,24.30,10.40,48.19,20.26,-1.10,4.87,1282,1.0273,43.76,0.0766
03/08/2026,13:49,139.66,28.98,24.24,10.39,48.22,20.27,-1.09,4.85,1283,1.0272,43.80,0.0765
03/08/2026,13:50,139.69,28.96,24.25,10.42,48.12,20.26,-1.07,4.85,1285,1.0274,43.76,0.0767
03/08/2026,13:51,139.69,28.97,24.31,10.46,48.14,20.26,-1.07,4.86,1287,1.0277,43.81,0.0768
03/08/2026,13:52,139.67,28.94,24.27,10.49,48.21,20.26,-1.10,4.86,1285,1.0274,43.86,0.0770
03/08/2026,13:53,139.62,28.97,24.30,10.46,48.27,20.26,-1.09,4.86,1288,1.0274,43.71,0.0762
03/08/2026,13:54,139.65,28.94,24.32,10.48,48.30,20.28,-1.08,4.86,1290,1.0275,43.64,0.0763
03/08/2026,13:55,139.64,28.98,24.29,10.51,48.36,20.27,-1.05,4.86,1287,1.0274,43.62,0.0765
03/08/2026,13:56,139.58,28.96,24.33,10.52,48.38,20.26,-1.06,4.87,1290,1.0273,43.47,0.0765
03/08/2026,13:57,139.47,28.99,24.37,10.58,48.34,20.27,-1.10,4.88,1293,1.0276,43.52,0.0765
03/08/2026,13:58,139.50,29.00,24.47,10.55,48.40,20.26,-1.10,4.89,1290,1.0276,43.55,0.0765
03/08/2026,13:59,139.50,29.00,24.51,10.52,48.53,20.22,-1.09,4.91,1292,1.0274,43.62,0.0768
03/08/2026,14:00,139.54,28.99,24.49,10.52,48.55,20.17,-1.08,4.91,1290,1.0276,43.66,0.0770
03/08/2026,14:01,139.58,29.01,24.43,10.49,48.53,20.16,-1.06,4.92,1287,1.0275,43.63,0.0765
03/08/2026,14:02,139.62,28.98,24.48,10.43,48.49,20.17,-1.07,4.91,1290,1.0273,43.60,0.0762
03/08/2026,14:03,139.68,29.00,24.45,10.43,48.41,20.16,-1.04,4.92,1292,1.0268,43.51,0.0760
03/08/2026,14:04,139.62,29.00,24.48,10.40,48.38,20.19,-1.05,4.91,1294,1.0269,43.75,0.0761
03/08/2026,14:05,139.61,29.04,24.44,10.35,48.43,20.19,-1.04,4.91,1289,1.0272,43.71,0.0760
03/08/2026,14:06,139.64,29.03,24.45,10.33,48.43,20.22,-1.06,4.91,1290,1.0274,43.67,0.0762
03/08/2026,14:07,139.62,29.08,24.45,10.33,48.40,20.26,-1.07,4.90,1287,1.0274,43.81,0.0766
03/08/2026,14:08,139.65,29.14,24.41,10.29,48.50,20.26,-1.06,4.89,1285,1.0274,43.79,0.0769
03/08/2026,14:09,139.70,29.23,24.45,10.27,48.61,20.27,-1.05,4.89,1282,1.0276,43.88,0.0763
03/08/2026,14:10,139.62,29.25,24.45,10.25,48.58,20.35,-1.11,4.87,1283,1.0274,43.92,0.0765
03/08/2026,14:11,139.53,29.27,24.42,10.24,48.57,20.38,-1.12,4.87,1280,1.0278,43.75,0.0761
03/08/2026,14:12,139.52,29.30,24.38,10.26,48.52,20.34,-1.11,4.86,1273,1.0278,43.75,0.0757
03/08/2026,14:13,139.52,29.29,24.39,10.31,48.48,20.33,-1.10,4.85,1271,1.0282,43.77,0.0754
03/08/2026,14:14,139.55,29.32,24.36,10.29,48.45,20.36,-1.11,4.84,1268,1.0282,43.76,0.0754
03/08/2026,14:15,139.58,29.30,24.32,10.28,48.42,20.39,-1.11,4.85,1269,1.0277,43.77,0.0760
03/08/2026,14:16,139.49,29.32,24.29,10.26,48.41,20.35,-1.10,4.84,1275,1.0274,43.91,0.0754
03/08/2026,14:17,139.42,29.38,24.25,10.21,48.47,20.36,-1.13,4.83,1277,1.0273,43.89,0.0751
03/08/2026,14:18,139.38,29.37,24.29,10.20,48.45,20.39,-1.16,4.82,1281,1.0271,43.85,0.0755
03/08/2026,14:19,139.36,29.36,24.24,10.16,48.40,20.39,-1.15,4.81,1278,1.0273,43.91,0.0757
03/08/2026,14:20,139.46,29.43,24.23,10.14,48.32,20.39,-1.11,4.81,1280,1.0272,43.91,0.0757
03/08/2026,14:21,139.43,29.41,24.24,10.14,48.47,20.40,-1.09,4.81,1285,1.0274,44.00,0.0756
03/08/2026,14:22,139.36,29.47,24.22,10.11,48.45,20.40,-1.10,4.80,1281,1.0277,43.87,0.0758
03/08/2026,14:23,139.35,29.54,24.27,10.10,48.53,20.41,-1.08,4.82,1281,1.0277,43.77,0.0755
03/08/2026,14:24,139.30,29.55,24.26,10.10,48.65,20.43,-1.08,4.80,1283,1.0277,43.84,0.0752
03/08/2026,14:25,139.35,29.58,24.29,10.07,48.61,20.45,-1.12,4.80,1283,1.0274,43.73,0.0752
03/08/2026,14:26,139.35,29.58,24.30,10.05,48.51,20.41,-1.08,4.81,1285,1.0273,43.73,0.0755
03/08/2026,14:27,139.34,29.52,24.26,10.08,48.56,20.42,-1.10,4.83,1289,1.0271,43.67,0.0759
03/08/2026,14:28,139.45,29.47,24.21,10.06,48.41,20.46,-1.09,4.84,1288,1.0271,43.84,0.0762
03/08/2026,14:29,139.45,29.41,24.18,10.07,48.41,20.42,-1.08,4.85,1285,1.0266,43.79,0.0758
03/08/2026,14:30,139.54,29.45,24.29,10.07,48.31,20.43,-1.11,4.86,1287,1.0267,43.75,0.0760
03/08/2026,14:31,139.56,29.55,24.27,10.05,48.26,20.47,-1.13,4.86,1292,1.0266,43.85,0.0757
03/08/2026,14:32,139.65,29.57,24.28,10.08,48.33,20.50,-1.15,4.88,1290,1.0269,43.94,0.0760
03/08/2026,14:33,139.72,29.55,24.27,10.09,48.37,20.47,-1.15,4.87,1286,1.0268,43.99,0.0755
03/08/2026,14:34,139.72,29.54,24.33,10.15,48.44,20.48,-1.16,4.87,1284,1.0265,43.95,0.0751
03/08/2026,14:35,139.79,29.50,24.34,10.14,48.57,20.49,-1.13,4.87,1283,1.0265,44.01,0.0750
03/08/2026,14:36,139.78,29.56,24.38,10.17,48.59,20.52,-1.17,4.88,1280,1.0266,44.06,0.0744
03/08/2026,14:37,139.85,29.63,24.36,10.17,48.63,20.51,-1.13,4.87,1280,1.0265,44.17,0.0742
03/08/2026,14:38,139.87,29.61,24.31,10.17,48.63,20.52,-1.10,4.87,1278,1.0266,44.21,0.0744
03/08/2026,14:39,139.95,29.59,24.30,10.18,48.67,20.52,-1.10,4.86,1280,1.0264,44.26,0.0745
03/08/2026,14:40,139.92,29.57,24.29,10.13,48.73,20.56,-1.10,4.85,1279,1.0264,44.19,0.0744
03/08/2026,14:41,139.90,29.59,24.27,10.12,48.65,20.54,-1.09,4.85,1280,1.0265,44.13,0.0745
03/08/2026,14:42,139.87,29.58,24.32,10.12,48.74,20.57,-1.08,4.86,1278,1.0265,44.09,0.0742
03/08/2026,14:43,139.91,29.62,24.28,10.13,48.62,20.53,-1.09,4.86,1281,1.0266,44.09,0.0738
03/08/2026,14:44,139.93,29.66,24.26,10.13,48.73,20.56,-1.11,4.85,1281,1.0267,44.15,0.0737
03/08/2026,14:45,139.95,29.65,24.23,10.10,48.64,20.55,-1.10,4.83,1282,1.0268,44.16,0.0734
03/08/2026,14:46,139.91,29.62,24.24,10.11,48.72,20.54,-1.12,4.83,1286,1.0271,44.28,0.0732
03/08/2026,14:47,139.94,29.67,24.22,10.11,48.81,20.53,-1.11,4.81,1282,1.0270,44.35,0.0731
03/08/2026,14:48,139.90,29.70,24.29,10.16,48.78,20.52,-1.12,4.82,1281,1.0271,44.13,0.0729
03/08/2026,14:49,139.85,29.73,24.31,10.14,48.76,20.59,-1.11,4.84,1280,1.0270,44.13,0.0721
03/08/2026,14:50,139.86,29.73,24.30,10.15,48.79,20.63,-1.11,4.83,1279,1.0273,44.36,0.0726
03/08/2026,14:51,139.91,29.71,24.33,10.14,48.91,20.65,-1.11,4.84,1284,1.0271,44.57,0.0723
03/08/2026,14:52,139.97,29.78,24.33,10.13,48.83,20.66,-1.09,4.83,1281,1.0270,44.60,0.0723
03/08/2026,14:53,139.92,29.74,24.40,10.14,48.92,20.63,-1.11,4.83,1277,1.0271,44.63,0.0723
03/08/2026,14:54,140.00,29.71,24.41,10.10,48.97,20.62,-1.09,4.82,1283,1.0273,44.72,0.0721
03/08/2026,14:55,139.98,29.69,24.34,10.11,49.08,20.66,-1.07,4.82,1281,1.0273,44.72,0.0720
03/08/2026,14:56,140.06,29.66,24.34,10.12,49.01,20.63,-1.08,4.83,1282,1.0278,44.64,0.0722
03/08/2026,14:57,140.01,29.62,24.29,10.10,48.96,20.62,-1.09,4.84,1284,1.0276,44.67,0.0720
03/08/2026,14:58,139.96,29.71,24.29,10.06,49.05,20.61,-1.10,4.84,1288,1.0274,44.52,0.0713
03/08/2026,14:59,140.01,29.74,24.30,10.04,49.09,20.63,-1.12,4.83,1288,1.0272,44.61,0.0710
03/08/2026,15:00,140.10,29.72,24.31,10.04,49.06,20.64,-1.13,4.84,1285,1.0268,44.59,0.0709
03/08/2026,15:01,140.07,29.74,24.29,10.05,49.16,20.64,-1.09,4.84,1283,1.0268,44.60,0.0702
03/08/2026,15:02,140.11,29.73,24.33,10.07,49.10,20.65,-1.06,4.84,1283,1.0268,44.58,0.0701
03/08/2026,15:03,140.08,29.66,24.34,10.06,49.14,20.65,-1.02,4.83,1283,1.0271,44.53,0.0703
03/08/2026,15:04,140.07,29.67,24.34,10.05,49.14,20.66,-1.03,4.83,1283,1.0271,44.54,0.0699
03/08/2026,15:05,140.08,29.67,24.31,10.05,49.15,20.63,-1.04,4.85,1278,1.0275,44.52,0.0696
03/08/2026,15:06,140.13,29.65,24.27,10.06,49.16,20.65,-1.05,4.86,1276,1.0277,44.73,0.0692
03/08/2026,15:07,140.05,29.66,24.28,10.12,49.05,20.68,-1.04,4.84,1277,1.0273,44.72,0.0695
03/08/2026,15:08,140.06,29.69,24.25,10.13,49.04,20.65,-1.05,4.83,1279,1.0272,44.76,0.0697
03/08/2026,15:09,140.03,29.62,24.25,10.13,48.85,20.64,-1.08,4.83,1277,1.0274,44.74,0.0698
03/08/2026,15:10,140.11,29.63,24.27,10.13,48.93,20.65,-1.05,4.84,1276,1.0275,44.75,0.0694
03/08/2026,15:11,140.13,29.60,24.19,10.13,48.88,20.60,-1.03,4.85,1272,1.0278,44.70,0.0694
03/08/2026,15:12,140.14,29.57,24.18,10.13,48.86,20.58,-1.04,4.84,1272,1.0280,44.73,0.0699
03/08/2026,15:13,140.10,29.58,24.10,10.17,48.77,20.58,-1.04,4.84,1270,1.0281,44.60,0.0700
03/08/2026,15:14,140.05,29.63,24.08,10.17,48.77,20.57,-1.05,4.82,1267,1.0283,44.60,0.0693
03/08/2026,15:15,140.00,29.61,24.04,10.17,48.85,20.58,-1.03,4.81,1267,1.0283,44.45,0.0699
03/08/2026,15:16,139.91,29.59,24.04,10.11,48.74,20.61,-1.02,4.79,1265,1.0280,44.58,0.0701
03/08/2026,15:17,139.88,29.61,24.05,10.16,48.73,20.53,-1.02,4.77,1268,1.0280,44.69,0.0703
03/08/2026,15:18,139.83,29.59,24.05,10.16,48.71,20.53,-1.03,4.76,1269,1.0279,44.73,0.0706
03/08/2026,15:19,139.66,29.58,24.01,10.19,48.68,20.53,-1.04,4.75,1270,1.0279,44.64,0.0709
03/08/2026,15:20,139.64,29.62,24.04,10.19,48.77,20.54,-1.05,4.74,1266,1.0279,44.72,0.0710
03/08/2026,15:21,139.63,29.65,24.00,10.19,48.76,20.56,-1.07,4.73,1271,1.0275,44.81,0.0710
03/08/2026,15:22,139.67,29.67,23.96,10.18,48.81,20.55,-1.01,4.74,1271,1.0282,44.74,0.0712
03/08/2026,15:23,139.71,29.62,23.95,10.14,48.76,20.56,-0.99,4.76,1270,1.0284,44.82,0.0713
03/08/2026,15:24,139.68,29.55,23.92,10.14,48.75,20.58,-1.01,4.76,1275,1.0286,44.81,0.0711
03/08/2026,15:25,139.65,29.55,23.87,10.13,48.80,20.61,-1.00,4.77,1269,1.0288,44.67,0.0713
03/08/2026,15:26,139.68,29.58,23.83,10.10,48.78,20.60,-1.00,4.76,1268,1.0291,44.70,0.0710
03/08/2026,15:27,139.66,29.62,23.84,10.15,48.84,20.57,-1.01,4.76,1272,1.0293,44.67,0.0713
03/08/2026,15:28,139.66,29.61,23.89,10.12,48.76,20.58,-1.02,4.77,1270,1.0287,44.72,0.0712
03/08/2026,15:29,139.67,29.67,23.84,10.13,48.77,20.58,-1.05,4.78,1270,1.0288,44.66,0.0719
03/08/2026,15:30,139.66,29.67,23.84,10.13,48.72,20.60,-1.05,4.78,1270,1.0288,44.56,0.0713
03/08/2026,15:31,139.64,29.64,23.86,10.09,48.77,20.61,-1.04,4.79,1270,1.0285,44.59,0.0718
03/08/2026,15:32,139.66,29.59,23.89,10.07,48.70,20.64,-1.03,4.80,1272,1.0284,44.57,0.0725
03/08/2026,15:33,139.62,29.61,23.94,10.09,48.72,20.66,-1.07,4.81,1273,1.0281,44.59,0.0721
03/08/2026,15:34,139.69,29.65,23.95,10.10,48.73,20.68,-1.06,4.82,1271,1.0276,44.54,0.0722
03/08/2026,15:35,139.65,29.68,23.97,10.05,48.77,20.69,-1.05,4.82,1268,1.0275,44.41,0.0718
03/08/2026,15:36,139.69,29.65,23.93,10.05,48.87,20.71,-1.05,4.80,1265,1.0274,44.32,0.0720
03/08/2026,15:37,139.61,29.68,23.87,10.00,48.87,20.74,-1.03,4.81,1263,1.0276,44.20,0.0716
03/08/2026,15:38,139.65,29.67,23.80,10.03,48.82,20.80,-1.05,4.81,1267,1.0275,44.33,0.0714
03/08/2026,15:39,139.61,29.65,23.80,10.07,48.83,20.83,-1.08,4.80,1265,1.0276,44.36,0.0713
03/08/2026,15:40,139.54,29.71,23.85,10.06,48.77,20.84,-1.08,4.79,1270,1.0279,44.35,0.0714
03/08/2026,15:41,139.55,29.71,23.87,10.07,48.74,20.80,-1.07,4.80,1272,1.0280,44.42,0.0714
03/08/2026,15:42,139.51,29.79,23.91,10.09,48.74,20.79,-1.04,4.78,1279,1.0277,44.41,0.0714
03/08/2026,15:43,139.51,29.82,23.88,10.07,48.60,20.74,-1.08,4.78,1273,1.0275,44.52,0.0715
03/08/2026,15:44,139.54,29.80,23.92,10.02,48.59,20.77,-1.04,4.78,1270,1.0276,44.56,0.0719
03/08/2026,15:45,139.53,29.79,23.90,10.03,48.56,20.80,-1.03,4.77,1269,1.0277,44.59,0.0717
03/08/2026,15:46,139.47,29.85,23.86,10.02,48.49,20.79,-1.03,4.78,1269,1.0278,44.63,0.0711
03/08/2026,15:47,139.44,29.86,23.91,9.99,48.59,20.80,-1.03,4.77,1273,1.0280,44.62,0.0711
03/08/2026,15:48,139.40,29.88,23.92,10.04,48.64,20.80,-0.99,4.77,1273,1.0276,44.51,0.0705
03/08/2026,15:49,139.36,29.88,23.93,10.06,48.61,20.79,-1.03,4.80,1276,1.0275,44.37,0.0704
03/08/2026,15:50,139.39,29.93,24.00,10.04,48.67,20.78,-1.03,4.82,1275,1.0273,44.52,0.0701
03/08/2026,15:51,139.38,29.94,24.06,10.02,48.84,20.78,-1.05,4.81,1275,1.0274,44.50,0.0699
03/08/2026,15:52,139.41,29.99,24.14,10.07,48.69,20.82,-1.03,4.81,1276,1.0276,44.26,0.0700
03/08/2026,15:53,139.47,29.98,24.15,10.09,48.66,20.83,-1.03,4.82,1281,1.0268,44.25,0.0698
03/08/2026,15:54,139.50,29.96,24.18,10.07,48.82,20.81,-1.03,4.83,1280,1.0269,44.15,0.0703
03/08/2026,15:55,139.50,29.96,24.26,10.06,48.92,20.83,-1.05,4.84,1282,1.0267,44.09,0.0702
03/08/2026,15:56,139.50,29.98,24.23,10.02,48.96,20.79,-1.06,4.83,1276,1.0268,44.09,0.0697
03/08/2026,15:57,139.51,30.00,24.22,10.06,49.03,20.81,-1.05,4.83,1275,1.0268,44.07,0.0698
03/08/2026,15:58,139.59,29.95,24.21,10.07,49.02,20.79,-1.03,4.83,1270,1.0267,43.99,0.0698
03/08/2026,15:59,139.55,30.03,24.23,10.08,49.02,20.78,-1.05,4.80,1268,1.0266,44.02,0.0703
03/08/2026,16:00,139.57,30.05,24.21,10.14,49.00,20.77,-1.04,4.80,1270,1.0265,43.99,0.0706
03/08/2026,16:01,139.59,30.06,24.18,10.12,48.93,20.73,-1.03,4.77,1274,1.0267,44.11,0.0707
03/08/2026,16:02,139.57,30.01,24.13,10.13,48.88,20.71,-1.04,4.78,1271,1.0268,44.22,0.0710
03/08/2026,16:03,139.57,30.00,24.11,10.12,48.91,20.70,-1.05,4.78,1271,1.0266,44.12,0.0709
03/08/2026,16:04,139.60,29.97,24.11,10.14,48.74,20.66,-1.04,4.78,1271,1.0266,44.10,0.0709
03/08/2026,16:05,139.59,29.99,24.10,10.14,48.80,20.63,-1.07,4.79,1272,1.0267,44.10,0.0723
03/08/2026,16:06,139.61,30.00,24.12,10.13,48.73,20.63,-1.07,4.79,1272,1.0268,44.10,0.0721
03/08/2026,16:07,139.60,30.01,24.04,10.12,48.75,20.60,-1.07,4.77,1271,1.0268,44.25,0.0720
03/08/2026,16:08,139.59,30.07,24.13,10.11,48.69,20.57,-1.08,4.76,1274,1.0269,44.22,0.0722
03/08/2026,16:09,139.56,30.04,24.16,10.12,48.76,20.59,-1.05,4.77,1276,1.0274,44.24,0.0723
03/08/2026,16:10,139.56,30.04,24.13,10.11,48.80,20.60,-1.03,4.78,1270,1.0274,44.15,0.0726
03/08/2026,16:11,139.58,30.06,24.14,10.11,48.90,20.62,-1.03,4.77,1273,1.0272,44.19,0.0720
03/08/2026,16:12,139.54,30.07,24.13,10.11,48.87,20.62,-1.04,4.76,1272,1.0273,44.24,0.0720
03/08/2026,16:13,139.48,30.05,24.06,10.11,48.86,20.63,-1.03,4.77,1269,1.0271,44.07,0.0725
03/08/2026,16:14,139.51,30.04,24.06,10.08,48.83,20.57,-1.05,4.78,1266,1.0270,44.04,0.0729
03/08/2026,16:15,139.50,30.02,23.98,10.08,48.93,20.57,-1.03,4.78,1265,1.0267,44.02,0.0735
03/08/2026,16:16,139.53,29.98,23.97,10.12,48.93,20.60,-1.04,4.78,1266,1.0268,44.06,0.0727
03/08/2026,16:17,139.53,29.90,23.94,10.06,48.91,20.59,-1.04,4.79,1271,1.0264,43.97,0.0728
03/08/2026,16:18,139.58,29.97,23.92,10.10,49.01,20.56,-1.03,4.80,1272,1.0260,44.04,0.0726
03/08/2026,16:19,139.57,29.94,23.94,10.08,49.11,20.61,-1.06,4.80,1271,1.0260,43.92,0.0725
03/08/2026,16:20,139.61,29.85,23.97,10.06,49.04,20.61,-1.05,4.80,1272,1.0260,43.98,0.0721
03/08/2026,16:21,139.59,29.92,24.02,10.05,48.87,20.60,-1.07,4.81,1276,1.0260,44.04,0.0721
03/08/2026,16:22,139.52,29.92,23.99,10.06,48.96,20.56,-1.08,4.81,1279,1.0265,44.04,0.0713
03/08/2026,16:23,139.51,29.96,24.01,10.07,48.98,20.57,-1.07,4.82,1281,1.0260,44.01,0.0720
03/08/2026,16:24,139.61,29.96,24.04,10.03,48.98,20.53,-1.02,4.82,1281,1.0258,44.01,0.0719
03/08/2026,16:25,139.65,29.96,24.09,10.05,49.06,20.54,-1.05,4.81,1279,1.0257,43.85,0.0713
03/08/2026,16:26,139.64,29.99,24.08,9.99,49.13,20.53,-1.08,4.79,1273,1.0253,43.85,0.0711
03/08/2026,16:27,139.66,30.00,24.07,9.99,49.02,20.54,-1.05,4.79,1272,1.0250,43.79,0.0709
03/08/2026,16:28,139.65,30.05,24.13,10.03,48.93,20.51,-1.07,4.79,1272,1.0253,43.87,0.0713
03/08/2026,16:29,139.64,30.09,24.09,10.02,48.83,20.53,-1.04,4.78,1272,1.0257,43.83,0.0714
03/08/2026,16:30,139.66,30.10,24.09,10.01,48.83,20.57,-1.05,4.80,1274,1.0257,43.94,0.0716
03/08/2026,16:31,139.66,30.08,24.08,10.02,48.88,20.59,-1.02,4.80,1274,1.0258,44.02,0.0717
03/08/2026,16:32,139.61,30.06,24.07,10.02,48.88,20.59,-1.03,4.81,1274,1.0256,44.01,0.0716
03/08/2026,16:33,139.62,29.99,24.02,10.00,48.95,20.54,-1.04,4.81,1273,1.0257,44.18,0.0718
03/08/2026,16:34,139.65,29.98,24.04,10.01,48.84,20.53,-1.03,4.82,1272,1.0259,44.18,0.0715
03/08/2026,16:35,139.66,29.96,23.99,9.98,48.84,20.57,-1.02,4.82,1275,1.0259,44.27,0.0705
03/08/2026,16:36,139.56,29.95,24.02,9.97,48.78,20.57,-1.03,4.82,1272,1.0259,44.31,0.0706
03/08/2026,16:37,139.61,29.93,23.98,9.97,48.81,20.59,-1.02,4.82,1273,1.0258,44.19,0.0703
03/08/2026,16:38,139.60,29.91,23.99,9.95,48.85,20.60,-1.03,4.83,1278,1.0256,44.25,0.0707
03/08/2026,16:39,139.55,29.90,24.02,9.94,48.79,20.60,-1.06,4.84,1281,1.0256,44.19,0.0705
03/08/2026,16:40,139.60,29.88,24.06,9.95,48.86,20.61,-1.04,4.83,1283,1.0259,44.15,0.0701
03/08/2026,16:41,139.53,29.90,24.12,9.99,48.82,20.68,-1.04,4.81,1282,1.0258,44.23,0.0700
03/08/2026,16:42,139.58,29.93,24.11,9.97,48.82,20.71,-1.06,4.82,1284,1.0260,44.27,0.0702
03/08/2026,16:43,139.58,29.93,24.15,9.97,48.71,20.70,-1.05,4.83,1284,1.0261,44.21,0.0701
03/08/2026,16:44,139.64,29.90,24.21,9.95,48.73,20.71,-1.07,4.83,1281,1.0260,44.29,0.0702
03/08/2026,16:45,139.72,29.87,24.26,9.98,48.84,20.70,-1.08,4.81,1281,1.0259,44.28,0.0697
03/08/2026,16:46,139.65,29.87,24.21,9.98,48.84,20.72,-1.09,4.80,1277,1.0260,44.35,0.0697
03/08/2026,16:47,139.62,29.91,24.24,9.97,48.89,20.72,-1.11,4.78,1282,1.0258,44.46,0.0695
03/08/2026,16:48,139.63,29.94,24.30,10.01,48.84,20.69,-1.09,4.79,1283,1.0259,44.33,0.0692
03/08/2026,16:49,139.62,29.91,24.23,10.00,48.87,20.72,-1.08,4.81,1282,1.0263,44.36,0.0691
03/08/2026,16:50,139.60,29.89,24.28,9.99,48.83,20.70,-1.08,4.82,1282,1.0265,44.29,0.0686
03/08/2026,16:51,139.62,29.89,24.32,9.99,48.83,20.69,-1.09,4.80,1288,1.0260,44.41,0.0685
03/08/2026,16:52,139.57,29.86,24.30,9.98,48.87,20.69,-1.07,4.81,1284,1.0260,44.43,0.0689
03/08/2026,16:53,139.70,29.82,24.26,9.95,48.86,20.69,-1.07,4.81,1287,1.0260,44.44,0.0689
03/08/2026,16:54,139.69,29.75,24.26,9.96,48.71,20.68,-1.08,4.82,1285,1.0257,44.35,0.0690
03/08/2026,16:55,139.68,29.77,24.29,9.99,48.57,20.74,-1.08,4.82,1288,1.0259,44.40,0.0690
03/08/2026,16:56,139.67,29.80,24.42,10.01,48.64,20.78,-1.07,4.81,1287,1.0258,44.30,0.0693
03/08/2026,16:57,139.69,29.74,24.41,10.01,48.75,20.71,-1.07,4.83,1283,1.0260,44.27,0.0693
03/08/2026,16:58,139.68,29.75,24.38,10.08,48.63,20.74,-1.08,4.84,1279,1.0261,44.26,0.0688
03/08/2026,16:59,139.78,29.73,24.29,10.09,48.67,20.70,-1.09,4.83,1274,1.0258,44.17,0.0687
03/08/2026,17:00,139.79,29.63,24.28,10.13,48.69,20.65,-1.06,4.84,1277,1.0262,44.16,0.0688
03/08/2026,17:01,139.77,29.65,24.27,10.12,48.69,20.64,-1.03,4.82,1277,1.0255,44.06,0.0693
03/08/2026,17:02,139.83,29.62,24.29,10.16,48.58,20.62,-1.05,4.83,1275,1.0258,44.14,0.0690
03/08/2026,17:03,139.82,29.63,24.29,10.14,48.65,20.64,-1.04,4.82,1277,1.0256,44.19,0.0688
03/08/2026,17:04,139.74,29.64,24.32,10.11,48.63,20.61,-1.05,4.81,1276,1.0254,44.10,0.0690
03/08/2026,17:05,139.74,29.66,24.31,10.13,48.57,20.59,-1.05,4.82,1276,1.0254,44.12,0.0688
03/08/2026,17:06,139.65,29.69,24.21,10.13,48.56,20.60,-1.09,4.83,1267,1.0253,44.26,0.0691
03/08/2026,17:07,139.71,29.67,24.29,10.13,48.58,20.60,-1.11,4.81,1267,1.0254,44.25,0.0687
03/08/2026,17:08,139.66,29.72,24.19,10.13,48.49,20.58,-1.13,4.81,1266,1.0255,44.34,0.0681
03/08/2026,17:09,139.60,29.63,24.22,10.11,48.52,20.57,-1.12,4.82,1273,1.0257,44.32,0.0682
03/08/2026,17:10,139.65,29.65,24.18,10.14,48.56,20.56,-1.13,4.82,1271,1.0257,44.36,0.0689
03/08/2026,17:11,139.72,29.69,24.23,10.11,48.60,20.55,-1.10,4.82,1269,1.0257,44.33,0.0696
03/08/2026,17:12,139.66,29.76,24.17,10.09,48.53,20.59,-1.11,4.82,1268,1.0258,44.17,0.0697
03/08/2026,17:13,139.70,29.75,24.14,10.11,48.55,20.62,-1.11,4.82,1268,1.0257,44.08,0.0698
03/08/2026,17:14,139.64,29.74,24.09,10.11,48.49,20.64,-1.10,4.83,1265,1.0257,44.15,0.0706
03/08/2026,17:15,139.63,29.77,24.14,10.09,48.54,20.64,-1.09,4.84,1267,1.0265,44.10,0.0702
03/08/2026,17:16,139.70,29.77,24.03,10.12,48.54,20.65,-1.09,4.83,1267,1.0261,43.97,0.0697
03/08/2026,17:17,139.70,29.79,24.02,10.11,48.65,20.69,-1.09,4.83,1263,1.0260,44.11,0.0698
03/08/2026,17:18,139.67,29.82,24.03,10.12,48.61,20.68,-1.09,4.83,1266,1.0263,44.15,0.0694
03/08/2026,17:19,139.68,29.82,24.00,10.08,48.63,20.71,-1.05,4.84,1266,1.0264,44.21,0.0697
03/08/2026,17:20,139.72,29.86,23.97,10.10,48.51,20.72,-1.06,4.84,1263,1.0266,44.19,0.0700
03/08/2026,17:21,139.69,29.81,24.01,10.09,48.56,20.67,-1.05,4.85,1265,1.0270,44.40,0.0699
03/08/2026,17:22,139.67,29.85,24.01,10.08,48.54,20.69,-1.02,4.85,1265,1.0271,44.44,0.0703
03/08/2026,17:23,139.61,29.87,23.99,10.08,48.57,20.74,-1.01,4.86,1268,1.0271,44.32,0.0707
03/08/2026,17:24,139.60,29.89,24.00,10.10,48.53,20.73,-1.00,4.86,1269,1.0269,44.40,0.0709
03/08/2026,17:25,139.60,29.88,23.99,10.07,48.59,20.77,-0.97,4.85,1271,1.0266,44.41,0.0712
03/08/2026,17:26,139.57,29.87,24.01,10.06,48.61,20.79,-0.95,4.85,1271,1.0267,44.45,0.0709
03/08/2026,17:27,139.69,29.87,24.01,10.10,48.57,20.78,-0.99,4.84,1273,1.0268,44.46,0.0711
03/08/2026,17:28,139.69,29.84,23.99,10.12,48.58,20.75,-0.99,4.83,1268,1.0269,44.47,0.0711
03/08/2026,17:29,139.74,29.88,24.05,10.16,48.59,20.78,-1.00,4.83,1271,1.0267,44.46,0.0710
