date,time,dryer_air_temperature,cooler_air_temperature,air_flow_rate,wet_product_feed_rate,product_inlet_temperature,residence_time,vacuum,steam_pressure,fan_speed,product_density,final_product_temp,final_moisture_h₂o,timestamp,temperature_drop,air_product_delta,air_per_feed,steam_temp_interaction,heating_index
2026-04-23,01:00:00,139.0,23.2,23.62,10.0,47.7,20.96,-1.18,4.69,1270.0,1.023,41.0,0.075,2026-04-23 01:00:00,98.0,91.3,2.362,651.9100000000001,2913.44
2026-04-23,03:00:00,139.7,21.4,24.32,10.2,46.6,20.29,-0.63,4.78,1236.0,1.028,43.7,0.087,2026-04-23 03:00:00,95.99999999999999,93.1,2.3843137254901965,667.766,2834.5129999999995
2026-04-23,05:00:00,140.1,18.9,23.8,10.25,47.3,20.36,-1.08,4.81,1272.0,1.034,45.7,0.072,2026-04-23 05:00:00,94.39999999999999,92.8,2.3219512195121954,673.881,2852.4359999999997
2026-04-23,07:00:00,139.7,18.5,23.35,10.27,48.1,20.25,-0.65,4.77,1238.0,1.033,45.2,0.094,2026-04-23 07:00:00,94.49999999999999,91.6,2.2736124634858816,666.3689999999999,2828.9249999999997
2026-04-23,09:00:00,139.8,19.0,23.44,10.35,46.5,20.99,-1.1,4.84,1267.0,1.025,42.9,0.084,2026-04-23 09:00:00,96.9,93.30000000000001,2.2647342995169084,676.6320000000001,2934.402
2026-04-23,11:00:00,140.7,18.7,24.08,10.39,45.6,20.76,-1.05,5.11,1270.0,1.033,47.8,0.075,2026-04-23 11:00:00,92.89999999999999,95.1,2.317613089509143,718.977,2920.932
2026-04-23,13:00:00,140.5,19.7,24.0,10.44,47.9,20.74,-1.15,5.0,1282.0,1.032,49.1,0.07,2026-04-23 13:00:00,91.4,92.6,2.298850574712644,702.5,2913.97
2026-04-23,15:00:00,139.6,22.0,24.36,10.43,47.9,21.02,-1.18,4.86,1291.0,1.026,46.3,0.073,2026-04-23 15:00:00,93.3,91.69999999999999,2.335570469798658,678.456,2934.392
2026-04-23,17:00:00,140.2,23.7,24.47,10.32,48.6,21.73,-1.23,4.9,1274.0,1.037,46.1,0.052,2026-04-23 17:00:00,94.1,91.6,2.371124031007752,686.98,3046.546
2026-04-23,19:00:00,140.7,24.8,24.06,10.21,49.6,20.3,-1.0,4.89,1265.0,1.025,44.5,0.065,2026-04-23 19:00:00,96.19999999999999,91.1,2.356513222331048,688.0229999999999,2856.21
2026-04-23,21:00:00,141.0,24.4,25.1,10.36,48.7,20.5,-1.57,4.84,1309.0,1.025,43.3,0.067,2026-04-23 21:00:00,97.7,92.3,2.422779922779923,682.4399999999999,2890.5
2026-04-23,23:00:00,140.7,24.1,23.98,10.38,48.7,20.54,-1.26,4.85,1295.0,1.032,44.4,0.07,2026-04-23 23:00:00,96.29999999999998,91.99999999999999,2.3102119460500963,682.3949999999999,2889.9779999999996
2026-04-24,01:00:00,139.1,22.9,25.45,10.36,48.5,20.5,-1.39,5.06,1305.0,1.027,46.8,0.071,2026-04-24 01:00:00,92.3,90.6,2.4565637065637067,703.8459999999999,2851.5499999999997
2026-04-24,03:00:00,140.7,20.9,23.73,10.41,49.1,20.38,-0.99,4.89,1275.0,1.033,45.1,0.073,2026-04-24 03:00:00,95.6,91.6,2.2795389048991352,688.0229999999999,2867.4659999999994
2026-04-24,05:00:00,139.7,19.8,24.13,10.53,47.6,20.53,-0.88,4.84,1248.0,1.026,44.4,0.082,2026-04-24 05:00:00,95.29999999999998,92.1,2.291547958214625,676.1479999999999,2868.0409999999997
2026-04-24,07:00:00,140.4,19.1,24.79,10.56,46.3,20.17,-1.16,4.97,1286.0,1.028,47.3,0.078,2026-04-24 07:00:00,93.10000000000001,94.10000000000001,2.3475378787878785,697.788,2831.8680000000004
2026-04-24,09:00:00,140.2,18.5,23.9,10.49,46.0,20.79,-0.77,4.96,1253.0,1.031,47.5,0.079,2026-04-24 09:00:00,92.69999999999999,94.19999999999999,2.2783603431839845,695.3919999999999,2914.758
2026-04-24,11:00:00,139.5,19.7,23.89,10.63,47.3,20.53,-1.22,4.74,1274.0,1.025,43.6,0.086,2026-04-24 11:00:00,95.9,92.2,2.247412982126058,661.23,2863.935
2026-04-24,13:00:00,140.0,20.9,24.06,10.78,46.5,20.5,-0.95,4.99,1264.0,1.031,44.2,0.083,2026-04-24 13:00:00,95.8,93.5,2.2319109461966606,698.6,2870.0
2026-04-24,15:00:00,140.1,23.6,24.94,10.79,46.7,20.49,-1.45,5.09,1314.0,1.036,43.0,0.072,2026-04-24 15:00:00,97.1,93.39999999999999,2.311399443929565,713.1089999999999,2870.649
2026-04-24,17:00:00,140.9,25.3,24.28,10.84,48.8,20.44,-1.14,5.05,1276.0,1.034,44.1,0.073,2026-04-24 17:00:00,96.80000000000001,92.10000000000001,2.2398523985239853,711.545,2879.996
2026-04-24,19:00:00,140.6,26.2,24.5,10.92,48.9,19.99,-1.36,5.26,1289.0,1.034,45.0,0.079,2026-04-24 19:00:00,95.6,91.69999999999999,2.2435897435897436,739.5559999999999,2810.5939999999996
2026-04-24,21:00:00,141.1,25.8,23.99,10.96,47.7,20.78,-1.22,5.14,1295.0,1.026,42.6,0.075,2026-04-24 21:00:00,98.5,93.39999999999999,2.188868613138686,725.2539999999999,2932.058
2026-04-24,23:00:00,141.1,25.6,24.53,10.95,48.0,20.1,-1.15,5.15,1269.0,1.031,45.5,0.084,2026-04-24 23:00:00,95.6,93.1,2.240182648401827,726.6650000000001,2836.11
2026-04-25,01:00:00,141.4,23.6,24.42,10.93,47.2,19.34,-1.21,5.3,1283.0,1.031,44.7,0.101,2026-04-25 01:00:00,96.7,94.2,2.2342177493138156,749.42,2734.676
2026-04-25,03:00:00,139.6,21.3,24.5,10.91,46.8,19.62,-1.3,5.03,1293.0,1.033,47.5,0.103,2026-04-25 03:00:00,92.1,92.8,2.2456461961503207,702.188,2738.952
2026-04-25,05:00:00,141.3,19.3,23.2,10.72,46.1,19.53,-0.64,4.91,1237.0,1.032,46.4,0.105,2026-04-25 05:00:00,94.9,95.20000000000002,2.1641791044776117,693.7830000000001,2759.5890000000004
2026-04-25,07:00:00,140.7,18.6,23.84,10.76,43.2,20.05,-0.91,5.0,1252.0,1.025,45.2,0.109,2026-04-25 07:00:00,95.49999999999999,97.49999999999999,2.2156133828996283,703.5,2821.035
2026-04-25,09:00:00,141.3,18.8,21.97,10.57,45.0,20.16,-0.45,4.76,1188.0,1.039,46.7,0.104,2026-04-25 09:00:00,94.60000000000001,96.30000000000001,2.0785241248817408,672.5880000000001,2848.608
2026-04-25,11:00:00,140.5,20.1,22.61,10.47,45.9,20.09,-0.69,4.81,1240.0,1.023,44.4,0.098,2026-04-25 11:00:00,96.1,94.6,2.1595033428844315,675.805,2822.645
2026-04-25,13:00:00,140.1,22.1,23.84,10.63,45.7,20.73,-0.78,4.75,1252.0,1.026,41.4,0.081,2026-04-25 13:00:00,98.69999999999999,94.39999999999999,2.242709313264346,665.475,2904.273
2026-04-25,15:00:00,142.2,25.5,24.16,10.71,47.0,20.08,-0.81,4.88,1264.0,1.033,44.2,0.097,2026-04-25 15:00:00,97.99999999999999,95.19999999999999,2.2558356676003735,693.9359999999999,2855.3759999999997
2026-04-25,17:00:00,140.3,26.9,25.02,10.86,47.9,19.92,-1.63,4.78,1313.0,1.024,42.2,0.085,2026-04-25 17:00:00,98.10000000000001,92.4,2.3038674033149174,670.6340000000001,2794.7760000000003
2026-04-25,19:00:00,141.5,27.5,24.17,10.8,47.6,19.36,-1.23,4.76,1290.0,1.03,40.7,0.102,2026-04-25 19:00:00,100.8,93.9,2.237962962962963,673.54,2739.44
2026-04-25,21:00:00,141.1,26.8,24.5,10.65,48.6,19.46,-1.32,4.85,1287.0,1.022,43.1,0.083,2026-04-25 21:00:00,98.0,92.5,2.300469483568075,684.3349999999999,2745.806
2026-04-25,23:00:00,140.7,26.1,23.85,10.62,48.2,19.8,-1.09,4.78,1282.0,1.021,40.0,0.092,2026-04-25 23:00:00,100.69999999999999,92.49999999999999,2.245762711864407,672.5459999999999,2785.8599999999997
2026-04-26,01:00:00,140.4,25.0,23.38,10.63,47.0,19.79,-0.94,4.56,1254.0,1.016,42.5,0.097,2026-04-26 01:00:00,97.9,93.4,2.199435559736594,640.2239999999999,2778.516
2026-04-26,03:00:00,139.7,22.7,23.64,10.64,46.4,19.03,-1.0,4.62,1261.0,1.032,43.4,0.104,2026-04-26 03:00:00,96.29999999999998,93.29999999999998,2.2218045112781954,645.414,2658.491
2026-04-26,05:00:00,140.2,20.3,24.99,10.75,43.7,19.46,-1.39,4.69,1296.0,1.024,44.4,0.109,2026-04-26 05:00:00,95.79999999999998,96.49999999999999,2.3246511627906976,657.538,2728.292
2026-04-26,07:00:00,139.7,18.7,23.18,10.68,45.4,19.57,-0.67,4.71,1234.0,1.025,44.1,0.113,2026-04-26 07:00:00,95.6,94.29999999999998,2.1704119850187267,657.987,2733.9289999999996
2026-04-26,09:00:00,140.2,19.1,23.8,10.69,44.9,19.45,-0.95,4.87,1263.0,1.033,44.8,0.109,2026-04-26 09:00:00,95.39999999999999,95.29999999999998,2.226379794200187,682.774,2726.89
2026-04-26,11:00:00,140.5,20.6,24.81,10.54,46.8,19.38,-1.06,4.82,1272.0,1.03,43.9,0.096,2026-04-26 11:00:00,96.6,93.7,2.353889943074004,677.21,2722.89
2026-04-26,13:00:00,140.1,22.6,25.37,10.56,47.5,19.44,-1.63,4.94,1323.0,1.034,44.1,0.085,2026-04-26 13:00:00,96.0,92.6,2.402462121212121,692.094,2723.544
2026-04-26,15:00:00,139.0,24.2,25.12,10.52,48.5,19.6,-1.62,4.9,1312.0,1.03,42.8,0.094,2026-04-26 15:00:00,96.2,90.5,2.387832699619772,681.1,2724.4
2026-04-26,17:00:00,140.3,26.1,24.4,10.39,49.8,19.83,-1.23,4.92,1292.0,1.03,41.9,0.078,2026-04-26 17:00:00,98.4,90.50000000000001,2.348411934552454,690.2760000000001,2782.149
2026-04-26,19:00:00,139.6,27.1,25.09,10.32,49.1,20.08,-1.67,4.86,1328.0,1.025,42.6,0.075,2026-04-26 19:00:00,97.0,90.5,2.431201550387597,678.456,2803.1679999999997
2026-04-26,21:00:00,139.3,27.2,23.65,10.25,51.1,20.32,-1.13,4.81,1288.0,1.026,42.6,0.083,2026-04-26 21:00:00,96.70000000000002,88.20000000000002,2.3073170731707315,670.033,2830.5760000000005
2026-04-26,23:00:00,140.0,26.6,25.28,10.17,49.5,19.94,-1.58,4.91,1313.0,1.03,42.6,0.067,2026-04-26 23:00:00,97.4,90.5,2.4857423795476894,687.4,2791.6000000000004
2026-04-27,01:00:00,139.7,24.9,24.13,10.32,47.9,19.73,-1.16,4.94,1267.0,1.034,46.4,0.097,2026-04-27 01:00:00,93.29999999999998,91.79999999999998,2.3381782945736433,690.118,2756.281
2026-04-27,03:00:00,138.9,23.1,24.55,10.23,48.1,20.16,-1.35,4.86,1298.0,1.03,42.9,0.095,2026-04-27 03:00:00,96.0,90.80000000000001,2.39980449657869,675.0540000000001,2800.224
2026-04-27,05:00:00,141.0,21.3,23.62,10.13,47.8,20.36,-0.79,4.96,1256.0,1.026,45.1,0.082,2026-04-27 05:00:00,95.9,93.2,2.3316880552813424,699.36,2870.7599999999998
2026-04-27,07:00:00,139.1,20.3,23.18,9.83,48.3,20.35,-0.56,4.48,1225.0,1.021,43.7,0.088,2026-04-27 07:00:00,95.39999999999999,90.8,2.358087487283825,623.168,2830.685
2026-04-27,09:00:00,139.8,20.6,22.51,9.7,47.2,20.95,-0.64,4.71,1232.0,1.02,43.2,0.074,2026-04-27 09:00:00,96.60000000000001,92.60000000000001,2.320618556701031,658.4580000000001,2928.81
2026-04-27,11:00:00,139.6,20.5,22.92,9.66,47.7,21.1,-0.74,4.71,1236.0,1.027,45.8,0.078,2026-04-27 11:00:00,93.8,91.89999999999999,2.3726708074534164,657.516,2945.56
2026-04-27,13:00:00,141.0,22.0,22.4,9.58,48.2,21.34,-0.45,4.87,1222.0,1.027,44.4,0.064,2026-04-27 13:00:00,96.6,92.8,2.338204592901879,686.67,3008.94
2026-04-27,15:00:00,140.1,23.7,24.11,9.74,48.4,21.38,-0.95,4.97,1251.0,1.022,43.3,0.057,2026-04-27 15:00:00,96.8,91.69999999999999,2.475359342915811,696.2969999999999,2995.3379999999997
2026-04-27,17:00:00,138.9,25.1,23.36,9.7,49.7,20.54,-0.71,4.6,1232.0,1.023,41.7,0.075,2026-04-27 17:00:00,97.2,89.2,2.4082474226804127,638.9399999999999,2853.006
2026-04-27,19:00:00,140.3,26.0,22.93,9.84,49.7,20.75,-0.87,4.98,1260.0,1.028,41.8,0.067,2026-04-27 19:00:00,98.50000000000001,90.60000000000001,2.3302845528455283,698.6940000000001,2911.2250000000004
2026-04-27,21:00:00,140.7,27.0,23.12,9.82,50.3,20.82,-1.05,4.67,1258.0,1.028,40.8,0.068,2026-04-27 21:00:00,99.89999999999999,90.39999999999999,2.354378818737271,657.069,2929.374
2026-04-27,23:00:00,140.4,25.3,23.18,9.81,48.5,20.84,-0.6,4.68,1239.0,1.023,42.8,0.068,2026-04-27 23:00:00,97.60000000000001,91.9,2.36289500509684,657.072,2925.936
2026-04-28,01:00:00,140.1,24.2,22.73,9.79,49.2,20.72,-0.49,4.78,1224.0,1.031,45.0,0.069,2026-04-28 01:00:00,95.1,90.89999999999999,2.321756894790603,669.678,2902.872
2026-04-28,03:00:00,140.9,20.9,22.32,9.79,46.1,20.48,-0.45,4.77,1219.0,1.023,45.3,0.082,2026-04-28 03:00:00,95.60000000000001,94.80000000000001,2.279877425944842,672.093,2885.632
2026-04-28,05:00:00,140.0,19.0,23.63,9.99,45.4,20.87,-0.54,4.66,1224.0,1.029,47.6,0.076,2026-04-28 05:00:00,92.4,94.6,2.3653653653653652,652.4,2921.8
2026-04-28,07:00:00,139.8,18.5,23.3,9.72,45.2,20.91,-0.72,4.87,1238.0,1.03,46.3,0.071,2026-04-28 07:00:00,93.50000000000001,94.60000000000001,2.397119341563786,680.826,2923.2180000000003
2026-04-28,09:00:00,139.7,18.5,22.7,9.53,46.0,21.47,-0.49,4.82,1210.0,1.026,46.1,0.069,2026-04-28 09:00:00,93.6,93.69999999999999,2.3819517313746066,673.3539999999999,2999.3589999999995
2026-04-28,11:00:00,139.9,20.0,22.48,9.54,47.2,21.2,-0.5,4.86,1219.0,1.027,47.8,0.078,2026-04-28 11:00:00,92.10000000000001,92.7,2.356394129979036,679.9140000000001,2965.88
2026-04-28,13:00:00,138.4,22.3,24.15,9.61,46.2,21.06,-1.15,4.69,1271.0,1.026,42.7,0.076,2026-04-28 13:00:00,95.7,92.2,2.5130072840790842,649.0960000000001,2914.7039999999997
2026-04-28,15:00:00,139.0,24.1,23.13,9.75,46.7,21.41,-0.69,4.76,1241.0,1.021,42.7,0.082,2026-04-28 15:00:00,96.3,92.3,2.3723076923076922,661.64,2975.9900000000002
2026-04-28,17:00:00,138.9,25.5,23.45,9.84,47.2,21.32,-0.8,4.77,1253.0,1.025,42.0,0.073,2026-04-28 17:00:00,96.9,91.7,2.383130081300813,662.553,2961.348
2026-04-28,19:00:00,138.0,27.1,24.06,9.83,48.1,21.52,-0.9,4.96,1267.0,1.025,43.2,0.082,2026-04-28 19:00:00,94.8,89.9,2.447609359104781,684.48,2969.7599999999998
2026-04-28,21:00:00,137.7,26.9,22.81,9.97,47.1,21.95,-0.72,4.44,1244.0,1.025,40.5,0.093,2026-04-28 21:00:00,97.19999999999999,90.6,2.2878635907723166,611.388,3022.515
2026-04-28,23:00:00,137.8,25.0,24.18,10.09,46.5,21.17,-0.82,4.67,1254.0,1.026,40.3,0.095,2026-04-28 23:00:00,97.50000000000001,91.30000000000001,2.396432111000991,643.5260000000001,2917.2260000000006
2026-04-29,01:00:00,138.8,22.5,23.5,10.1,45.1,21.26,-0.81,4.78,1245.0,1.027,43.6,0.104,2026-04-29 01:00:00,95.20000000000002,93.70000000000002,2.326732673267327,663.464,2950.8880000000004
2026-04-29,03:00:00,136.7,19.9,24.26,10.18,44.9,20.63,-1.01,4.65,1262.0,1.02,40.8,0.119,2026-04-29 03:00:00,95.89999999999999,91.79999999999998,2.383104125736739,635.655,2820.1209999999996
2026-04-29,05:00:00,137.9,18.6,23.05,10.18,46.0,20.57,-0.72,4.74,1244.0,1.031,44.4,0.114,2026-04-29 05:00:00,93.5,91.9,2.264243614931238,653.6460000000001,2836.603
2026-04-29,07:00:00,137.8,18.5,23.17,10.08,45.1,21.69,-0.83,4.72,1248.0,1.028,44.3,0.106,2026-04-29 07:00:00,93.50000000000001,92.70000000000002,2.298611111111111,650.416,2988.8820000000005
2026-04-29,09:00:00,138.5,18.5,23.58,10.13,44.5,20.75,-1.01,4.65,1270.0,1.023,43.6,0.097,2026-04-29 09:00:00,94.9,94.0,2.3277393879565644,644.0250000000001,2873.875
2026-04-29,11:00:00,138.1,19.1,24.07,10.1,46.3,20.73,-1.14,4.73,1270.0,1.029,44.6,0.089,2026-04-29 11:00:00,93.5,91.8,2.383168316831683,653.2130000000001,2862.813
2026-04-29,13:00:00,139.3,21.0,23.79,10.06,45.5,21.11,-1.02,4.77,1261.0,1.022,41.7,0.087,2026-04-29 13:00:00,97.60000000000001,93.80000000000001,2.364811133200795,664.461,2940.623
2026-04-29,15:00:00,138.6,23.5,23.83,10.19,47.9,20.93,-0.99,4.69,1270.0,1.015,43.0,0.083,2026-04-29 15:00:00,95.6,90.69999999999999,2.338567222767419,650.034,2900.8979999999997
2026-04-29,17:00:00,137.9,25.1,24.17,9.87,48.5,20.98,-1.26,4.59,1297.0,1.019,40.9,0.091,2026-04-29 17:00:00,97.0,89.4,2.4488348530901725,632.961,2893.1420000000003
2026-04-29,19:00:00,138.4,26.5,23.9,9.72,47.9,21.33,-1.33,4.58,1290.0,1.027,45.8,0.074,2026-04-29 19:00:00,92.60000000000001,90.5,2.458847736625514,633.8720000000001,2952.0719999999997
2026-04-29,21:00:00,138.3,26.1,23.21,9.61,46.7,21.95,-0.68,4.57,1241.0,1.021,41.6,0.085,2026-04-29 21:00:00,96.70000000000002,91.60000000000001,2.415192507804371,632.0310000000001,3035.685
2026-04-29,23:00:00,138.6,24.8,23.44,9.62,49.6,21.19,-0.95,4.36,1258.0,1.017,41.6,0.076,2026-04-29 23:00:00,97.0,89.0,2.436590436590437,604.296,2936.934
2026-04-30,01:00:00,138.0,22.8,23.35,9.64,47.7,20.92,-0.9,4.63,1257.0,1.02,40.3,0.088,2026-04-30 01:00:00,97.7,90.3,2.422199170124481,638.9399999999999,2886.96
2026-04-30,03:00:00,137.9,20.0,23.93,9.53,46.5,21.82,-0.72,4.5,1249.0,1.03,45.6,0.082,2026-04-30 03:00:00,92.30000000000001,91.4,2.511017838405037,620.5500000000001,3008.978
2026-04-30,05:00:00,139.2,18.7,23.19,9.51,47.4,21.64,-0.67,4.7,1242.0,1.022,44.7,0.065,2026-04-30 05:00:00,94.49999999999999,91.79999999999998,2.438485804416404,654.24,3012.288
2026-04-30,07:00:00,139.4,18.5,23.34,9.51,47.3,21.2,-0.53,4.63,1227.0,1.028,44.2,0.071,2026-04-30 07:00:00,95.2,92.10000000000001,2.454258675078864,645.422,2955.28
2026-04-30,09:00:00,137.7,18.5,23.19,9.89,47.9,20.4,-0.62,4.78,1245.0,1.018,44.4,0.088,2026-04-30 09:00:00,93.29999999999998,89.79999999999998,2.34479271991911,658.206,2809.0799999999995
2026-04-30,11:00:00,139.1,19.0,23.53,10.15,46.6,20.35,-0.84,4.59,1245.0,1.032,45.6,0.089,2026-04-30 11:00:00,93.5,92.5,2.3182266009852217,638.4689999999999,2830.685
2026-04-30,13:00:00,138.4,21.1,23.26,10.14,48.1,20.55,-0.78,4.67,1238.0,1.025,44.3,0.091,2026-04-30 13:00:00,94.10000000000001,90.30000000000001,2.293885601577909,646.328,2844.1200000000003
2026-04-30,15:00:00,137.1,23.7,23.04,10.15,47.7,20.91,-0.91,4.58,1254.0,1.018,41.3,0.097,2026-04-30 15:00:00,95.8,89.39999999999999,2.269950738916256,627.918,2866.761
2026-04-30,17:00:00,136.3,25.4,24.27,10.09,49.8,20.16,-0.98,4.64,1261.0,1.028,40.5,0.094,2026-04-30 17:00:00,95.80000000000001,86.50000000000001,2.4053518334985133,632.432,2747.8080000000004
2026-04-30,19:00:00,137.6,26.2,23.56,9.96,49.5,20.58,-1.07,4.86,1254.0,1.026,41.3,0.077,2026-04-30 19:00:00,96.3,88.1,2.365461847389558,668.736,2831.8079999999995
2026-04-30,21:00:00,138.5,26.1,23.18,10.05,49.7,20.69,-0.56,4.92,1222.0,1.03,42.2,0.077,2026-04-30 21:00:00,96.3,88.8,2.306467661691542,681.42,2865.565
2026-04-30,23:00:00,137.7,24.0,22.97,10.05,48.8,19.58,-0.73,4.62,1237.0,1.026,42.0,0.104,2026-04-30 23:00:00,95.69999999999999,88.89999999999999,2.2855721393034822,636.174,2696.1659999999997
2026-05-01,01:00:00,138.2,21.4,23.17,10.15,48.0,20.62,-0.61,4.73,1235.0,1.03,44.8,0.087,2026-05-01 01:00:00,93.39999999999999,90.19999999999999,2.282758620689655,653.686,2849.6839999999997
2026-05-01,03:00:00,137.7,18.7,22.4,10.07,46.7,19.89,-0.45,4.78,1212.0,1.024,43.3,0.107,2026-05-01 03:00:00,94.39999999999999,90.99999999999999,2.224428997020854,658.206,2738.853
2026-05-01,05:00:00,137.5,18.5,23.15,10.11,47.9,20.35,-0.49,4.88,1213.0,1.027,42.4,0.094,2026-05-01 05:00:00,95.1,89.6,2.2898120672601383,671.0,2798.125
2026-05-01,07:00:00,137.3,18.5,23.26,10.23,48.3,20.15,-0.59,4.63,1231.0,1.026,43.3,0.099,2026-05-01 07:00:00,94.00000000000001,89.00000000000001,2.2737047898338223,635.6990000000001,2766.5950000000003
2026-05-01,09:00:00,137.8,18.5,22.81,10.36,46.6,20.27,-0.45,4.69,1208.0,1.026,44.7,0.1,2026-05-01 09:00:00,93.10000000000001,91.20000000000002,2.201737451737452,646.2820000000002,2793.206
2026-05-01,11:00:00,138.5,18.5,23.09,10.48,47.3,19.93,-0.45,4.98,1204.0,1.024,41.6,0.098,2026-05-01 11:00:00,96.9,91.2,2.20324427480916,689.73,2760.305
2026-05-01,13:00:00,137.4,19.5,23.55,10.38,47.3,19.0,-0.67,4.68,1229.0,1.017,40.0,0.112,2026-05-01 13:00:00,97.4,90.10000000000001,2.26878612716763,643.032,2610.6
2026-05-01,15:00:00,138.8,21.5,24.27,10.53,47.4,19.38,-1.2,4.9,1267.0,1.029,44.6,0.088,2026-05-01 15:00:00,94.20000000000002,91.4,2.304843304843305,680.1200000000001,2689.944
2026-05-01,17:00:00,138.3,24.0,24.09,10.47,46.7,19.76,-1.38,4.96,1294.0,1.03,44.0,0.096,2026-05-01 17:00:00,94.30000000000001,91.60000000000001,2.3008595988538683,685.9680000000001,2732.8080000000004
2026-05-01,19:00:00,138.4,24.5,24.22,10.56,46.8,19.53,-1.29,5.02,1287.0,1.024,39.7,0.09,2026-05-01 19:00:00,98.7,91.60000000000001,2.293560606060606,694.7679999999999,2702.952
2026-05-01,21:00:00,138.8,24.6,23.29,10.57,47.1,19.77,-0.82,4.96,1250.0,1.029,42.0,0.093,2026-05-01 21:00:00,96.80000000000001,91.70000000000002,2.2034058656575213,688.4480000000001,2744.076
2026-05-01,23:00:00,139.7,23.1,24.14,10.41,45.4,20.05,-1.06,4.9,1263.0,1.025,42.5,0.089,2026-05-01 23:00:00,97.19999999999999,94.29999999999998,2.318924111431316,684.53,2800.9849999999997
2026-05-02,01:00:00,139.5,21.3,24.01,10.39,47.6,20.03,-1.05,5.04,1266.0,1.028,43.7,0.085,2026-05-02 01:00:00,95.8,91.9,2.310875842155919,703.08,2794.185
2026-05-02,03:00:00,139.3,19.9,23.43,10.44,46.2,19.71,-1.07,4.99,1264.0,1.029,44.5,0.099,2026-05-02 03:00:00,94.80000000000001,93.10000000000001,2.2442528735632186,695.1070000000001,2745.6030000000005
2026-05-02,05:00:00,140.0,18.5,24.0,10.5,45.3,19.09,-1.04,4.88,1270.0,1.036,43.1,0.097,2026-05-02 05:00:00,96.9,94.7,2.2857142857142856,683.1999999999999,2672.6
2026-05-02,07:00:00,141.1,18.5,22.99,10.46,43.5,19.65,-0.73,4.96,1245.0,1.022,43.9,0.096,2026-05-02 07:00:00,97.19999999999999,97.6,2.197896749521988,699.856,2772.615
2026-05-02,09:00:00,140.1,18.5,24.12,10.61,43.7,19.82,-1.04,5.02,1272.0,1.038,44.5,0.097,2026-05-02 09:00:00,95.6,96.39999999999999,2.273327049952875,703.3019999999999,2776.782
2026-05-02,11:00:00,141.1,18.5,23.83,10.68,45.1,19.25,-1.18,5.19,1284.0,1.027,45.6,0.096,2026-05-02 11:00:00,95.5,96.0,2.2312734082397,732.309,2716.1749999999997
2026-05-02,13:00:00,140.6,18.8,24.73,10.6,46.7,19.99,-1.41,5.05,1291.0,1.028,44.3,0.079,2026-05-02 13:00:00,96.3,93.89999999999999,2.3330188679245283,710.03,2810.5939999999996
2026-05-02,15:00:00,139.8,21.1,24.34,10.64,45.2,20.09,-1.16,5.1,1275.0,1.031,45.2,0.096,2026-05-02 15:00:00,94.60000000000001,94.60000000000001,2.287593984962406,712.98,2808.5820000000003
2026-05-02,17:00:00,139.5,22.8,25.44,10.8,46.9,19.68,-1.42,4.91,1299.0,1.031,42.8,0.081,2026-05-02 17:00:00,96.7,92.6,2.3555555555555556,684.945,2745.36
2026-05-02,19:00:00,138.9,24.2,24.44,10.95,46.2,18.45,-1.09,4.94,1269.0,1.025,41.1,0.109,2026-05-02 19:00:00,97.80000000000001,92.7,2.231963470319635,686.166,2562.705
2026-05-02,21:00:00,139.4,24.4,24.58,10.72,46.8,19.37,-1.34,4.91,1298.0,1.029,42.8,0.094,2026-05-02 21:00:00,96.60000000000001,92.60000000000001,2.292910447761194,684.4540000000001,2700.1780000000003
2026-05-02,23:00:00,139.0,24.6,24.87,10.57,47.8,20.7,-1.2,4.88,1293.0,1.034,42.5,0.077,2026-05-02 23:00:00,96.5,91.2,2.3528855250709557,678.3199999999999,2877.2999999999997
2026-05-03,01:00:00,138.9,22.7,23.84,10.71,46.1,19.75,-1.08,4.79,1280.0,1.04,43.9,0.101,2026-05-03 01:00:00,95.0,92.80000000000001,2.225957049486461,665.331,2743.275
2026-05-03,03:00:00,139.2,20.1,23.97,10.55,45.3,19.48,-1.23,5.02,1281.0,1.028,42.3,0.093,2026-05-03 03:00:00,96.89999999999999,93.89999999999999,2.2720379146919427,698.7839999999999,2711.616
2026-05-03,05:00:00,139.2,18.5,23.95,10.38,46.6,20.83,-0.9,4.92,1260.0,1.031,43.0,0.078,2026-05-03 05:00:00,96.19999999999999,92.6,2.3073217726396913,684.8639999999999,2899.5359999999996
2026-05-03,07:00:00,139.5,18.5,22.09,10.34,45.7,20.51,-0.45,4.76,1216.0,1.027,44.3,0.104,2026-05-03 07:00:00,95.2,93.8,2.1363636363636362,664.02,2861.1450000000004
2026-05-03,09:00:00,139.1,18.7,23.83,10.4,46.8,20.87,-1.02,4.87,1261.0,1.037,45.0,0.085,2026-05-03 09:00:00,94.1,92.3,2.2913461538461535,677.417,2903.017
2026-05-03,11:00:00,138.2,20.3,23.12,10.4,46.0,20.63,-0.69,4.81,1244.0,1.024,41.3,0.106,2026-05-03 11:00:00,96.89999999999999,92.19999999999999,2.223076923076923,664.7419999999998,2851.066
2026-05-03,13:00:00,138.8,22.3,24.11,10.33,48.4,20.81,-1.09,4.84,1272.0,1.028,41.4,0.077,2026-05-03 13:00:00,97.4,90.4,2.3339787028073573,671.792,2888.428
2026-05-03,15:00:00,138.0,25.3,23.15,10.27,48.5,20.88,-0.91,4.58,1248.0,1.02,41.8,0.098,2026-05-03 15:00:00,96.2,89.5,2.2541382667964944,632.04,2881.44
2026-05-03,17:00:00,139.3,26.2,24.14,10.21,49.0,21.11,-1.01,4.7,1269.0,1.014,41.3,0.067,2026-05-03 17:00:00,98.00000000000001,90.30000000000001,2.364348677766895,654.71,2940.623
2026-05-03,19:00:00,139.6,26.8,23.77,10.13,49.1,21.78,-0.92,4.69,1260.0,1.035,40.5,0.058,2026-05-03 19:00:00,99.1,90.5,2.346495557749259,654.724,3040.488
2026-05-03,21:00:00,139.7,26.2,24.68,10.41,48.6,21.05,-1.16,4.82,1276.0,1.035,44.3,0.058,2026-05-03 21:00:00,95.39999999999999,91.1,2.3707973102785784,673.3539999999999,2940.685
2026-05-03,23:00:00,139.1,24.9,23.95,10.41,48.8,20.17,-1.0,4.67,1265.0,1.03,41.6,0.077,2026-05-03 23:00:00,97.5,90.3,2.3006724303554273,649.597,2805.647
2026-05-04,01:00:00,139.5,22.3,23.29,10.47,47.8,20.84,-0.85,4.46,1247.0,1.026,45.6,0.088,2026-05-04 01:00:00,93.9,91.7,2.224450811843362,622.17,2907.18
2026-05-04,03:00:00,139.7,20.7,22.65,10.36,48.6,21.22,-0.45,4.61,1211.0,1.023,44.9,0.074,2026-05-04 03:00:00,94.79999999999998,91.1,2.186293436293436,644.0169999999999,2964.4339999999997
2026-05-04,05:00:00,139.9,18.9,22.0,10.28,47.2,21.33,-0.45,4.71,1200.0,1.029,45.9,0.083,2026-05-04 05:00:00,94.0,92.7,2.140077821011673,658.929,2984.067
2026-05-04,07:00:00,141.0,18.5,22.77,10.15,46.2,20.91,-0.45,4.7,1208.0,1.03,46.0,0.092,2026-05-04 07:00:00,95.0,94.8,2.2433497536945812,662.7,2948.31
2026-05-04,09:00:00,141.5,18.5,22.68,9.81,46.0,21.83,-0.45,4.83,1205.0,1.029,43.0,0.069,2026-05-04 09:00:00,98.5,95.5,2.311926605504587,683.445,3088.9449999999997
2026-05-04,11:00:00,141.3,18.5,22.94,9.65,46.0,21.91,-0.45,4.67,1188.0,1.028,45.2,0.072,2026-05-04 11:00:00,96.10000000000001,95.30000000000001,2.3772020725388603,659.8710000000001,3095.8830000000003
2026-05-04,13:00:00,140.4,20.4,22.35,9.46,48.4,22.69,-0.49,4.58,1212.0,1.035,45.8,0.048,2026-05-04 13:00:00,94.60000000000001,92.0,2.3625792811839323,643.032,3185.6760000000004
2026-05-04,15:00:00,141.4,23.9,22.25,9.24,47.9,21.75,-0.51,4.52,1204.0,1.03,45.5,0.046,2026-05-04 15:00:00,95.9,93.5,2.408008658008658,639.1279999999999,3075.4500000000003
2026-05-04,17:00:00,140.8,27.6,22.2,9.16,50.0,21.9,-0.45,4.65,1208.0,1.023,40.6,0.057,2026-05-04 17:00:00,100.20000000000002,90.80000000000001,2.423580786026201,654.7200000000001,3083.52
2026-05-04,19:00:00,140.9,28.7,23.16,9.37,50.1,21.71,-0.79,4.51,1237.0,1.031,42.9,0.04,2026-05-04 19:00:00,98.0,90.80000000000001,2.471718249733191,635.459,3058.9390000000003
2026-05-04,21:00:00,140.3,27.9,23.43,9.39,49.6,21.59,-0.78,4.58,1246.0,1.02,41.1,0.052,2026-05-04 21:00:00,99.20000000000002,90.70000000000002,2.4952076677316293,642.5740000000001,3029.077
2026-05-04,23:00:00,140.2,25.4,23.33,9.55,49.1,21.24,-0.77,4.51,1247.0,1.028,43.9,0.062,2026-05-04 23:00:00,96.29999999999998,91.1,2.4429319371727747,632.3019999999999,2977.8479999999995
2026-05-05,01:00:00,139.4,23.8,24.31,9.59,48.3,20.5,-1.04,4.84,1273.0,1.024,43.3,0.061,2026-05-05 01:00:00,96.10000000000001,91.10000000000001,2.534932221063608,674.696,2857.7000000000003
2026-05-05,03:00:00,140.5,21.2,22.61,9.67,45.1,21.18,-0.62,4.74,1222.0,1.025,45.7,0.084,2026-05-05 03:00:00,94.8,95.4,2.3381592554291624,665.97,2975.79
2026-05-05,05:00:00,140.2,19.2,23.15,9.55,46.3,21.54,-0.55,4.6,1222.0,1.037,47.3,0.076,2026-05-05 05:00:00,92.89999999999999,93.89999999999999,2.4240837696335076,644.9199999999998,3019.9079999999994
2026-05-05,07:00:00,140.0,18.5,23.27,9.62,46.5,21.12,-0.53,4.7,1234.0,1.034,46.4,0.077,2026-05-05 07:00:00,93.6,93.5,2.418918918918919,658.0,2956.8
2026-05-05,09:00:00,141.3,18.5,23.06,9.7,47.3,21.83,-0.5,4.8,1232.0,1.035,48.5,0.058,2026-05-05 09:00:00,92.80000000000001,94.00000000000001,2.377319587628866,678.24,3084.579
2026-05-05,11:00:00,139.4,19.7,22.86,9.64,47.5,21.17,-0.52,4.71,1229.0,1.033,44.4,0.075,2026-05-05 11:00:00,95.0,91.9,2.371369294605809,656.5740000000001,2951.0980000000004
2026-05-05,13:00:00,139.5,21.6,23.73,9.72,45.4,21.48,-0.55,4.7,1224.0,1.034,48.2,0.072,2026-05-05 13:00:00,91.3,94.1,2.441358024691358,655.65,2996.46
2026-05-05,15:00:00,139.4,23.6,23.32,9.8,46.6,20.98,-0.97,4.71,1256.0,1.03,41.2,0.078,2026-05-05 15:00:00,98.2,92.80000000000001,2.3795918367346935,656.5740000000001,2924.612
2026-05-05,17:00:00,139.8,24.7,23.57,9.75,45.9,21.18,-0.78,4.83,1250.0,1.021,42.1,0.073,2026-05-05 17:00:00,97.70000000000002,93.9,2.4174358974358974,675.234,2960.9640000000004
2026-05-05,19:00:00,140.6,24.7,22.85,9.66,48.2,21.04,-0.67,4.73,1235.0,1.028,45.2,0.062,2026-05-05 19:00:00,95.39999999999999,92.39999999999999,2.365424430641822,665.038,2958.2239999999997
2026-05-05,21:00:00,140.7,24.6,23.99,9.58,47.7,21.46,-0.78,4.7,1247.0,1.03,45.3,0.06,2026-05-05 21:00:00,95.39999999999999,92.99999999999999,2.5041753653444676,661.29,3019.422
2026-05-05,23:00:00,139.4,23.7,23.56,9.66,46.8,20.87,-0.8,4.62,1241.0,1.022,43.8,0.071,2026-05-05 23:00:00,95.60000000000001,92.60000000000001,2.4389233954451344,644.028,2909.2780000000002
2026-05-06,01:00:00,139.9,23.2,23.69,9.76,46.5,20.87,-1.06,4.81,1271.0,1.025,44.6,0.07,2026-05-06 01:00:00,95.30000000000001,93.4,2.427254098360656,672.919,2919.713
2026-05-06,03:00:00,139.6,21.3,23.84,9.72,46.9,20.82,-0.93,4.77,1259.0,1.018,41.2,0.064,2026-05-06 03:00:00,98.39999999999999,92.69999999999999,2.4526748971193415,665.8919999999999,2906.4719999999998
2026-05-06,05:00:00,141.2,20.2,23.07,9.79,46.4,20.48,-0.57,4.77,1228.0,1.035,48.2,0.082,2026-05-06 05:00:00,92.99999999999999,94.79999999999998,2.356486210418795,673.5239999999999,2891.776
2026-05-06,07:00:00,141.4,18.8,22.99,9.91,46.0,20.56,-0.63,4.85,1235.0,1.028,46.1,0.083,2026-05-06 07:00:00,95.30000000000001,95.4,2.319878910191725,685.79,2907.1839999999997
2026-05-06,09:00:00,141.0,18.5,22.82,10.01,45.4,21.05,-0.45,4.94,1206.0,1.034,48.1,0.079,2026-05-06 09:00:00,92.9,95.6,2.27972027972028,696.5400000000001,2968.05
2026-05-06,11:00:00,140.3,18.5,23.39,10.21,44.9,19.94,-0.79,4.96,1236.0,1.027,42.3,0.103,2026-05-06 11:00:00,98.00000000000001,95.4,2.2908912830558275,695.888,2797.5820000000003
2026-05-06,13:00:00,140.4,20.0,23.9,10.34,46.3,20.02,-0.82,4.97,1260.0,1.029,45.5,0.088,2026-05-06 13:00:00,94.9,94.10000000000001,2.311411992263056,697.788,2810.808
2026-05-06,15:00:00,140.9,23.6,24.09,10.2,47.4,20.45,-0.9,4.83,1275.0,1.028,43.6,0.071,2026-05-06 15:00:00,97.30000000000001,93.5,2.361764705882353,680.547,2881.405
2026-05-06,17:00:00,141.1,24.9,23.9,10.37,47.1,20.21,-0.88,4.82,1257.0,1.03,44.8,0.095,2026-05-06 17:00:00,96.3,94.0,2.304725168756027,680.102,2851.631
2026-05-06,19:00:00,139.4,26.5,24.51,10.27,47.6,19.92,-1.36,4.73,1289.0,1.028,42.4,0.077,2026-05-06 19:00:00,97.0,91.80000000000001,2.3865628042843237,659.3620000000001,2776.8480000000004
2026-05-06,21:00:00,140.6,26.0,23.42,10.36,48.8,18.99,-0.8,4.79,1241.0,1.033,43.5,0.097,2026-05-06 21:00:00,97.1,91.8,2.260617760617761,673.4739999999999,2669.9939999999997
2026-05-06,23:00:00,141.7,25.6,23.14,10.32,49.3,20.06,-0.68,4.84,1240.0,1.022,42.8,0.086,2026-05-06 23:00:00,98.89999999999999,92.39999999999999,2.242248062015504,685.828,2842.5019999999995
2026-05-07,01:00:00,140.1,24.1,24.44,10.24,47.1,19.21,-0.89,4.71,1263.0,1.027,43.1,0.086,2026-05-07 01:00:00,97.0,93.0,2.38671875,659.871,2691.321
2026-05-07,03:00:00,141.2,21.9,23.36,10.01,47.1,20.77,-1.02,4.76,1259.0,1.024,45.1,0.077,2026-05-07 03:00:00,96.1,94.1,2.3336663336663337,672.112,2932.7239999999997
2026-05-07,05:00:00,140.3,20.1,23.19,10.0,47.3,20.35,-0.62,4.61,1229.0,1.036,45.9,0.085,2026-05-07 05:00:00,94.4,93.00000000000001,2.319,646.7830000000001,2855.1050000000005
2026-05-07,07:00:00,139.0,18.6,22.38,9.83,47.1,20.85,-0.45,4.48,1205.0,1.021,46.2,0.093,2026-05-07 07:00:00,92.8,91.9,2.276703967446592,622.72,2898.15
2026-05-07,09:00:00,139.9,19.0,22.46,9.98,46.6,20.06,-0.45,4.8,1174.0,1.029,45.2,0.089,2026-05-07 09:00:00,94.7,93.30000000000001,2.250501002004008,671.52,2806.394
2026-05-07,11:00:00,139.6,19.7,21.91,10.17,48.8,19.66,-0.45,4.67,1190.0,1.024,42.7,0.101,2026-05-07 11:00:00,96.89999999999999,90.8,2.1543756145526056,651.932,2744.536
2026-05-07,13:00:00,138.6,20.7,22.85,10.08,48.1,20.43,-0.74,4.6,1231.0,1.025,43.8,0.086,2026-05-07 13:00:00,94.8,90.5,2.2668650793650795,637.56,2831.598
2026-05-07,15:00:00,138.4,22.1,22.81,10.13,48.6,20.32,-0.58,4.57,1232.0,1.034,46.9,0.084,2026-05-07 15:00:00,91.5,89.80000000000001,2.25172754195459,632.488,2812.288
2026-05-07,17:00:00,139.9,24.1,23.16,10.07,50.3,20.27,-0.51,4.74,1228.0,1.033,46.2,0.08,2026-05-07 17:00:00,93.7,89.60000000000001,2.2999006951340615,663.1260000000001,2835.773
2026-05-07,19:00:00,138.7,26.3,23.28,10.04,49.2,20.55,-0.94,4.84,1260.0,1.015,37.2,0.078,2026-05-07 19:00:00,101.49999999999999,89.49999999999999,2.318725099601594,671.3079999999999,2850.285
2026-05-07,21:00:00,139.2,26.5,23.85,10.18,49.5,21.39,-1.02,4.65,1271.0,1.029,42.6,0.071,2026-05-07 21:00:00,96.6,89.69999999999999,2.3428290766208253,647.28,2977.488
2026-05-07,23:00:00,138.4,25.4,23.61,10.22,48.3,20.72,-1.24,4.68,1286.0,1.028,43.2,0.096,2026-05-07 23:00:00,95.2,90.10000000000001,2.310176125244618,647.712,2867.648
2026-05-08,01:00:00,138.9,23.8,24.32,10.46,48.7,20.58,-1.21,4.89,1278.0,1.024,42.7,0.085,2026-05-08 01:00:00,96.2,90.2,2.3250478011472273,679.221,2858.562
2026-05-08,03:00:00,138.5,22.6,24.42,10.43,47.3,20.59,-1.23,4.53,1295.0,1.019,42.2,0.096,2026-05-08 03:00:00,96.3,91.2,2.341323106423778,627.4050000000001,2851.715
2026-05-08,05:00:00,139.1,20.9,23.67,10.58,48.5,20.7,-1.05,5.02,1275.0,1.032,43.8,0.088,2026-05-08 05:00:00,95.3,90.6,2.2372400756143667,698.2819999999999,2879.37
2026-05-08,07:00:00,139.8,19.6,24.49,10.62,47.7,20.13,-1.04,5.09,1271.0,1.035,46.1,0.078,2026-05-08 07:00:00,93.70000000000002,92.10000000000001,2.306026365348399,711.582,2814.174
2026-05-08,09:00:00,137.2,20.2,24.39,10.73,47.3,19.4,-1.27,4.51,1303.0,1.026,40.6,0.116,2026-05-08 09:00:00,96.6,89.89999999999999,2.2730661696178935,618.7719999999999,2661.6799999999994
2026-05-08,11:00:00,139.3,21.5,24.45,10.7,47.6,20.13,-1.18,4.82,1273.0,1.029,45.7,0.094,2026-05-08 11:00:00,93.60000000000001,91.70000000000002,2.2850467289719627,671.426,2804.109
2026-05-08,13:00:00,137.5,24.2,25.76,10.72,48.9,20.5,-2.02,4.76,1356.0,1.032,41.8,0.095,2026-05-08 13:00:00,95.7,88.6,2.4029850746268657,654.5,2818.75
2026-05-08,15:00:00,138.9,26.2,25.85,10.74,47.8,19.91,-1.64,4.83,1323.0,1.04,40.4,0.085,2026-05-08 15:00:00,98.5,91.10000000000001,2.4068901303538177,670.8870000000001,2765.4990000000003
2026-05-08,17:00:00,139.5,27.0,25.58,10.67,48.9,20.3,-1.7,4.8,1325.0,1.031,44.0,0.056,2026-05-08 17:00:00,95.5,90.6,2.397375820056232,669.6,2831.85
2026-05-08,19:00:00,139.9,27.1,25.15,10.77,49.1,20.03,-1.66,4.99,1333.0,1.028,40.2,0.076,2026-05-08 19:00:00,99.7,90.80000000000001,2.3351903435468895,698.1010000000001,2802.197
2026-05-08,21:00:00,138.6,28.1,25.92,10.86,47.3,20.73,-2.08,4.91,1365.0,1.022,40.0,0.083,2026-05-08 21:00:00,98.6,91.3,2.386740331491713,680.526,2873.178
2026-05-08,23:00:00,138.4,28.1,26.07,10.92,49.1,20.43,-1.97,4.84,1347.0,1.022,40.2,0.077,2026-05-08 23:00:00,98.2,89.30000000000001,2.3873626373626373,669.856,2827.512
2026-05-09,01:00:00,139.1,26.0,24.75,11.07,46.4,20.25,-1.37,4.97,1299.0,1.039,44.9,0.095,2026-05-09 01:00:00,94.19999999999999,92.69999999999999,2.2357723577235773,691.3269999999999,2816.775
2026-05-09,03:00:00,139.6,23.5,25.81,11.18,46.8,20.13,-1.85,5.09,1345.0,1.039,42.4,0.084,2026-05-09 03:00:00,97.19999999999999,92.8,2.308586762075134,710.564,2810.1479999999997
2026-05-09,05:00:00,137.9,22.6,25.34,11.06,45.6,20.04,-1.34,4.87,1302.0,1.022,38.8,0.106,2026-05-09 05:00:00,99.10000000000001,92.30000000000001,2.291139240506329,671.5730000000001,2763.516
2026-05-09,07:00:00,138.9,20.6,24.52,11.03,47.0,20.15,-1.31,4.82,1297.0,1.026,43.0,0.087,2026-05-09 07:00:00,95.9,91.9,2.2230281051677245,669.498,2798.835
2026-05-09,09:00:00,139.9,19.9,23.96,10.89,44.6,19.82,-0.91,5.24,1260.0,1.027,45.0,0.093,2026-05-09 09:00:00,94.9,95.30000000000001,2.200183654729109,733.076,2772.818
2026-05-09,11:00:00,138.6,21.3,24.98,10.83,44.5,19.53,-1.29,4.92,1293.0,1.026,43.9,0.107,2026-05-09 11:00:00,94.69999999999999,94.1,2.306555863342567,681.9119999999999,2706.858
2026-05-09,13:00:00,139.0,22.8,24.38,10.7,46.3,20.48,-1.07,4.96,1269.0,1.032,46.4,0.089,2026-05-09 13:00:00,92.6,92.7,2.2785046728971965,689.4399999999999,2846.7200000000003
2026-05-09,15:00:00,138.6,24.8,24.6,10.82,46.4,20.38,-1.36,4.97,1294.0,1.024,44.0,0.09,2026-05-09 15:00:00,94.6,92.19999999999999,2.2735674676524953,688.842,2824.6679999999997
2026-05-09,17:00:00,138.3,26.4,24.45,10.78,46.0,20.71,-1.23,5.08,1289.0,1.023,41.2,0.093,2026-05-09 17:00:00,97.10000000000001,92.30000000000001,2.26808905380334,702.5640000000001,2864.193
2026-05-09,19:00:00,137.7,27.6,24.74,10.68,48.0,20.93,-1.67,5.21,1327.0,1.027,39.0,0.087,2026-05-09 19:00:00,98.69999999999999,89.69999999999999,2.3164794007490634,717.4169999999999,2882.0609999999997
2026-05-09,21:00:00,138.4,28.5,25.1,10.74,46.3,20.83,-1.57,5.08,1331.0,1.027,42.7,0.088,2026-05-09 21:00:00,95.7,92.10000000000001,2.3370577281191807,703.072,2882.872
2026-05-09,23:00:00,137.1,27.4,24.28,10.42,46.8,20.25,-1.01,4.76,1275.0,1.018,38.9,0.111,2026-05-09 23:00:00,98.19999999999999,90.3,2.3301343570057584,652.5959999999999,2776.275
2026-05-10,01:00:00,137.3,25.9,23.64,10.16,46.9,20.72,-0.85,4.72,1256.0,1.016,39.4,0.111,2026-05-10 01:00:00,97.9,90.4,2.326771653543307,648.056,2844.856
2026-05-10,03:00:00,138.2,22.4,23.25,10.24,47.1,20.87,-0.64,4.86,1234.0,1.029,42.0,0.103,2026-05-10 03:00:00,96.19999999999999,91.1,2.2705078125,671.652,2884.234
2026-05-10,05:00:00,138.7,20.5,23.96,10.23,47.1,21.55,-0.87,4.87,1251.0,1.021,42.2,0.082,2026-05-10 05:00:00,96.49999999999999,91.6,2.3421309872922778,675.4689999999999,2988.9849999999997
2026-05-10,07:00:00,137.8,18.9,22.47,10.25,46.7,21.12,-0.59,4.7,1219.0,1.024,42.9,0.116,2026-05-10 07:00:00,94.9,91.10000000000001,2.1921951219512192,647.6600000000001,2910.3360000000002
2026-05-10,09:00:00,138.8,18.5,22.55,10.09,45.7,21.12,-0.45,4.96,1209.0,1.031,44.0,0.104,2026-05-10 09:00:00,94.80000000000001,93.10000000000001,2.234886025768087,688.4480000000001,2931.4560000000006
2026-05-10,11:00:00,137.2,18.7,23.3,10.1,44.1,20.52,-0.68,4.73,1236.0,1.028,43.7,0.125,2026-05-10 11:00:00,93.49999999999999,93.1,2.306930693069307,648.956,2815.3439999999996
2026-05-10,13:00:00,139.0,20.4,22.86,10.34,47.0,20.04,-0.57,5.08,1228.0,1.028,43.2,0.099,2026-05-10 13:00:00,95.8,92.0,2.2108317214700195,706.12,2785.56
2026-05-10,15:00:00,138.9,23.2,24.21,10.41,48.9,20.49,-0.87,5.13,1255.0,1.026,41.3,0.085,2026-05-10 15:00:00,97.60000000000001,90.0,2.325648414985591,712.557,2846.0609999999997
2026-05-10,17:00:00,139.3,24.2,23.56,10.4,49.1,19.79,-0.6,4.86,1234.0,1.019,40.4,0.096,2026-05-10 17:00:00,98.9,90.20000000000002,2.2653846153846153,676.998,2756.7470000000003
2026-05-10,19:00:00,138.5,25.4,24.35,10.33,49.0,20.12,-1.22,4.92,1280.0,1.023,42.2,0.079,2026-05-10 19:00:00,96.3,89.5,2.357212003872217,681.42,2786.6200000000003
2026-05-10,21:00:00,138.1,25.2,25.35,10.28,47.8,20.17,-1.47,4.69,1302.0,1.023,41.7,0.089,2026-05-10 21:00:00,96.39999999999999,90.3,2.4659533073929962,647.6890000000001,2785.4770000000003
2026-05-10,23:00:00,139.6,24.1,23.41,10.04,48.1,20.99,-0.9,4.85,1269.0,1.013,42.5,0.076,2026-05-10 23:00:00,97.1,91.5,2.3316733067729087,677.06,2930.2039999999997
2026-05-11,01:00:00,138.7,23.1,24.27,10.1,50.0,20.2,-1.13,4.72,1284.0,1.024,42.5,0.076,2026-05-11 01:00:00,96.19999999999999,88.69999999999999,2.402970297029703,654.6639999999999,2801.74
2026-05-11,03:00:00,138.1,21.5,23.53,10.21,46.9,19.3,-0.79,4.66,1243.0,1.025,43.0,0.104,2026-05-11 03:00:00,95.1,91.19999999999999,2.30460333006856,643.546,2665.33
2026-05-11,05:00:00,140.3,20.6,23.3,10.03,47.0,20.49,-0.88,4.7,1254.0,1.031,47.1,0.077,2026-05-11 05:00:00,93.20000000000002,93.30000000000001,2.3230309072781656,659.4100000000001,2874.747
2026-05-11,07:00:00,138.2,19.5,23.15,9.98,48.4,20.09,-0.62,4.66,1229.0,1.025,42.7,0.091,2026-05-11 07:00:00,95.49999999999999,89.79999999999998,2.319639278557114,644.012,2776.4379999999996
2026-05-11,09:00:00,138.8,19.0,22.83,9.87,47.2,20.44,-0.69,4.64,1238.0,1.028,44.5,0.088,2026-05-11 09:00:00,94.30000000000001,91.60000000000001,2.31306990881459,644.032,2837.0720000000006
2026-05-11,11:00:00,139.1,19.9,23.91,9.79,46.8,20.46,-0.9,4.76,1259.0,1.03,45.8,0.082,2026-05-11 11:00:00,93.3,92.3,2.442288049029622,662.116,2845.986
2026-05-11,13:00:00,138.5,21.9,24.06,9.83,49.5,20.34,-0.75,4.55,1260.0,1.032,42.3,0.079,2026-05-11 13:00:00,96.2,89.0,2.447609359104781,630.175,2817.09
2026-05-11,15:00:00,138.8,24.1,23.19,9.62,49.2,20.93,-0.65,4.8,1235.0,1.026,42.8,0.074,2026-05-11 15:00:00,96.00000000000001,89.60000000000001,2.4106029106029108,666.24,2905.0840000000003
2026-05-11,17:00:00,138.0,25.2,22.73,9.72,48.8,19.99,-0.72,4.45,1247.0,1.026,41.2,0.097,2026-05-11 17:00:00,96.8,89.2,2.338477366255144,614.1,2758.62
2026-05-11,19:00:00,138.6,26.4,23.25,9.81,48.4,20.24,-1.01,4.82,1255.0,1.019,39.4,0.081,2026-05-11 19:00:00,99.19999999999999,90.19999999999999,2.3700305810397553,668.052,2805.2639999999997
2026-05-11,21:00:00,137.2,26.6,24.49,9.77,50.9,20.71,-1.28,4.49,1288.0,1.025,41.1,0.079,2026-05-11 21:00:00,96.1,86.29999999999998,2.5066530194472874,616.028,2841.412
2026-05-11,23:00:00,139.0,27.2,24.64,9.48,49.3,20.58,-1.33,4.54,1306.0,1.025,41.9,0.061,2026-05-11 23:00:00,97.1,89.7,2.5991561181434597,631.0600000000001,2860.62
2026-05-12,01:00:00,137.7,26.5,23.21,9.39,50.1,20.35,-1.14,4.46,1285.0,1.022,41.7,0.077,2026-05-12 01:00:00,95.99999999999999,87.6,2.4717784877529287,614.1419999999999,2802.195
2026-05-12,03:00:00,138.2,23.7,23.16,9.56,48.7,20.99,-0.86,4.52,1218.0,1.014,40.6,0.078,2026-05-12 03:00:00,97.6,89.49999999999999,2.422594142259414,624.6639999999999,2900.8179999999998
2026-05-12,05:00:00,137.9,21.6,23.47,9.25,46.8,21.51,-0.81,4.59,1253.0,1.018,42.8,0.083,2026-05-12 05:00:00,95.10000000000001,91.10000000000001,2.537297297297297,632.961,2966.2290000000003
2026-05-12,07:00:00,138.2,19.5,22.68,9.25,46.1,21.13,-0.47,4.68,1232.0,1.028,45.6,0.099,2026-05-12 07:00:00,92.6,92.1,2.4518918918918917,646.776,2920.1659999999997
2026-05-12,09:00:00,138.2,19.1,22.11,9.16,47.3,20.59,-0.45,4.63,1179.0,1.027,46.8,0.099,2026-05-12 09:00:00,91.39999999999999,90.89999999999999,2.4137554585152836,639.866,2845.5379999999996
2026-05-12,11:00:00,137.3,20.4,22.23,9.3,47.5,21.4,-0.45,4.47,1209.0,1.024,44.7,0.109,2026-05-12 11:00:00,92.60000000000001,89.80000000000001,2.390322580645161,613.731,2938.2200000000003
2026-05-12,13:00:00,138.3,23.0,22.91,9.26,45.4,20.66,-0.94,4.54,1241.0,1.017,40.2,0.103,2026-05-12 13:00:00,98.10000000000001,92.9,2.4740820734341256,627.8820000000001,2857.2780000000002
2026-05-12,15:00:00,138.0,24.5,23.24,9.35,47.6,21.3,-0.63,4.46,1238.0,1.024,42.5,0.083,2026-05-12 15:00:00,95.5,90.4,2.485561497326203,615.48,2939.4
2026-05-12,17:00:00,139.1,25.9,23.18,9.45,47.3,20.82,-0.45,4.47,1212.0,1.025,41.2,0.087,2026-05-12 17:00:00,97.89999999999999,91.8,2.452910052910053,621.7769999999999,2896.062
2026-05-12,19:00:00,137.9,25.5,24.04,9.68,46.4,20.51,-1.05,4.51,1251.0,1.031,41.3,0.095,2026-05-12 19:00:00,96.60000000000001,91.5,2.4834710743801653,621.929,2828.329
2026-05-12,21:00:00,138.9,25.5,22.43,9.66,47.3,20.83,-0.45,4.6,1198.0,1.022,40.6,0.092,2026-05-12 21:00:00,98.30000000000001,91.60000000000001,2.3219461697722568,638.9399999999999,2893.287
2026-05-12,23:00:00,139.1,23.9,23.08,9.72,45.5,20.91,-0.48,4.71,1226.0,1.02,39.8,0.101,2026-05-12 23:00:00,99.3,93.6,2.3744855967078187,655.161,2908.5809999999997
2026-05-13,01:00:00,139.9,22.0,23.33,9.58,45.6,20.96,-0.63,4.43,1233.0,1.026,43.5,0.098,2026-05-13 01:00:00,96.4,94.30000000000001,2.435281837160751,619.757,2932.304
2026-05-13,03:00:00,139.6,19.5,22.11,9.76,44.6,21.24,-0.45,4.71,1208.0,1.033,45.5,0.1,2026-05-13 03:00:00,94.1,95.0,2.2653688524590163,657.516,2965.104
2026-05-13,05:00:00,140.9,18.5,22.39,9.71,44.6,20.99,-0.45,4.9,1191.0,1.039,46.3,0.089,2026-05-13 05:00:00,94.60000000000001,96.30000000000001,2.305870236869207,690.4100000000001,2957.491
2026-05-13,07:00:00,141.1,18.5,22.44,9.7,45.0,21.55,-0.6,4.86,1216.0,1.033,47.0,0.07,2026-05-13 07:00:00,94.1,96.1,2.3134020618556703,685.746,3040.705
2026-05-13,09:00:00,140.1,18.5,22.92,9.76,44.3,21.28,-0.46,4.68,1220.0,1.022,45.7,0.08,2026-05-13 09:00:00,94.39999999999999,95.8,2.348360655737705,655.6679999999999,2981.328
2026-05-13,11:00:00,139.3,18.5,22.76,9.66,46.4,21.1,-0.45,4.57,1223.0,1.028,45.6,0.09,2026-05-13 11:00:00,93.70000000000002,92.9,2.3561076604554865,636.6010000000001,2939.2300000000005
2026-05-13,13:00:00,139.8,19.1,23.07,9.77,45.8,20.96,-0.47,4.83,1224.0,1.024,45.9,0.085,2026-05-13 13:00:00,93.9,94.00000000000001,2.361310133060389,675.234,2930.2080000000005
2026-05-13,15:00:00,140.3,20.7,23.43,9.95,47.4,20.53,-0.94,4.55,1245.0,1.024,44.7,0.075,2026-05-13 15:00:00,95.60000000000001,92.9,2.354773869346734,638.365,2880.3590000000004
2026-05-13,17:00:00,140.1,24.0,22.65,10.04,46.9,21.15,-1.02,4.98,1259.0,1.035,43.6,0.076,2026-05-13 17:00:00,96.5,93.19999999999999,2.25597609561753,697.698,2963.115
2026-05-13,19:00:00,140.4,27.1,23.82,9.91,47.6,21.1,-1.03,4.8,1262.0,1.028,45.4,0.069,2026-05-13 19:00:00,95.0,92.80000000000001,2.403632694248234,673.92,2962.4400000000005
2026-05-13,21:00:00,140.7,26.3,23.97,9.96,49.4,20.36,-1.08,5.06,1261.0,1.024,43.7,0.07,2026-05-13 21:00:00,96.99999999999999,91.29999999999998,2.406626506024096,711.9419999999999,2864.6519999999996
2026-05-13,23:00:00,139.9,25.1,23.89,10.1,47.4,20.88,-0.93,4.67,1259.0,1.033,43.1,0.076,2026-05-13 23:00:00,96.80000000000001,92.5,2.3653465346534657,653.333,2921.112
2026-05-14,01:00:00,140.6,23.6,23.04,9.93,47.5,20.95,-0.59,4.95,1231.0,1.028,44.4,0.074,2026-05-14 01:00:00,96.19999999999999,93.1,2.3202416918429,695.97,2945.5699999999997
2026-05-14,03:00:00,139.4,22.8,23.68,9.87,48.1,21.9,-0.78,4.82,1232.0,1.022,43.7,0.069,2026-05-14 03:00:00,95.7,91.30000000000001,2.3991894630192503,671.908,3052.86
2026-05-14,05:00:00,139.3,20.3,23.49,10.04,46.0,20.58,-0.71,4.82,1244.0,1.027,43.5,0.093,2026-05-14 05:00:00,95.80000000000001,93.30000000000001,2.339641434262948,671.426,2866.794
2026-05-14,07:00:00,139.9,19.1,23.78,10.11,47.4,20.6,-0.83,4.71,1254.0,1.024,45.8,0.078,2026-05-14 07:00:00,94.10000000000001,92.5,2.352126607319486,658.929,2881.9400000000005
2026-05-14,09:00:00,139.5,19.6,24.66,10.18,47.6,21.41,-1.25,4.95,1284.0,1.025,44.6,0.069,2026-05-14 09:00:00,94.9,91.9,2.4223968565815324,690.525,2986.695
2026-05-14,11:00:00,138.5,20.9,24.27,10.4,48.7,21.25,-1.12,5.0,1274.0,1.029,43.8,0.087,2026-05-14 11:00:00,94.7,89.8,2.333653846153846,692.5,2943.125
2026-05-14,13:00:00,140.7,22.5,24.47,10.42,48.9,20.47,-1.56,5.13,1303.0,1.018,43.9,0.068,2026-05-14 13:00:00,96.79999999999998,91.79999999999998,2.3483685220729367,721.7909999999999,2880.1289999999995
2026-05-14,15:00:00,139.6,24.4,24.24,10.47,49.9,20.44,-1.55,5.04,1317.0,1.033,43.7,0.06,2026-05-14 15:00:00,95.89999999999999,89.69999999999999,2.315186246418338,703.584,2853.424
2026-05-14,17:00:00,140.1,25.3,24.82,10.73,49.1,20.56,-1.47,4.9,1309.0,1.032,44.4,0.069,2026-05-14 17:00:00,95.69999999999999,91.0,2.31314072693383,686.49,2880.4559999999997
2026-05-14,19:00:00,140.5,26.3,25.57,10.64,48.8,19.61,-1.64,4.81,1325.0,1.032,42.9,0.069,2026-05-14 19:00:00,97.6,91.7,2.4031954887218046,675.805,2755.205
2026-05-14,21:00:00,139.8,26.2,24.66,10.49,51.2,19.9,-1.37,4.73,1303.0,1.024,40.1,0.059,2026-05-14 21:00:00,99.70000000000002,88.60000000000001,2.3508102955195422,661.2540000000001,2782.02
2026-05-14,23:00:00,141.1,25.4,25.6,10.51,48.1,20.4,-1.66,5.06,1327.0,1.033,45.1,0.065,2026-05-14 23:00:00,96.0,93.0,2.4357754519505237,713.9659999999999,2878.4399999999996
2026-05-15,01:00:00,140.3,23.3,24.89,10.53,47.5,20.98,-1.45,4.78,1305.0,1.026,44.6,0.067,2026-05-15 01:00:00,95.70000000000002,92.80000000000001,2.3637226970560308,670.6340000000001,2943.494
2026-05-15,03:00:00,141.9,21.6,24.26,10.44,48.6,20.33,-0.92,5.02,1259.0,1.026,44.8,0.069,2026-05-15 03:00:00,97.10000000000001,93.30000000000001,2.323754789272031,712.338,2884.8269999999998
2026-05-15,05:00:00,140.3,20.5,23.94,10.32,49.1,20.6,-0.98,4.86,1271.0,1.033,46.7,0.059,2026-05-15 05:00:00,93.60000000000001,91.20000000000002,2.3197674418604652,681.8580000000001,2890.1800000000003
2026-05-15,07:00:00,140.9,19.6,24.96,10.6,47.6,20.61,-1.41,4.89,1302.0,1.03,44.2,0.065,2026-05-15 07:00:00,96.7,93.30000000000001,2.354716981132076,689.001,2903.949
2026-05-15,09:00:00,141.3,19.8,24.22,10.62,48.2,20.88,-1.01,4.81,1268.0,1.035,48.2,0.072,2026-05-15 09:00:00,93.10000000000001,93.10000000000001,2.28060263653484,679.653,2950.344
2026-05-15,11:00:00,141.0,20.9,24.75,10.53,45.9,19.98,-1.16,4.89,1277.0,1.036,45.2,0.089,2026-05-15 11:00:00,95.8,95.1,2.3504273504273505,689.49,2817.18
2026-05-15,13:00:00,141.7,22.6,23.9,10.65,47.5,20.0,-1.28,4.83,1288.0,1.025,42.0,0.093,2026-05-15 13:00:00,99.69999999999999,94.19999999999999,2.244131455399061,684.411,2834.0
2026-05-15,15:00:00,140.8,24.2,23.78,10.65,46.6,20.6,-0.93,4.77,1263.0,1.031,44.2,0.094,2026-05-15 15:00:00,96.60000000000001,94.20000000000002,2.232863849765258,671.616,2900.4800000000005
2026-05-15,17:00:00,142.2,26.2,24.97,10.63,49.1,19.39,-1.39,4.89,1296.0,1.031,44.0,0.091,2026-05-15 17:00:00,98.19999999999999,93.1,2.3490122295390403,695.358,2757.258
2026-05-15,19:00:00,142.0,27.2,24.58,10.72,47.4,20.13,-1.01,4.8,1267.0,1.029,43.0,0.094,2026-05-15 19:00:00,99.0,94.6,2.292910447761194,681.6,2858.46
2026-05-15,21:00:00,140.7,28.6,24.36,10.6,47.8,19.51,-1.15,4.69,1278.0,1.027,40.9,0.091,2026-05-15 21:00:00,99.79999999999998,92.89999999999999,2.29811320754717,659.883,2745.057
2026-05-15,23:00:00,141.0,28.4,24.87,10.67,49.0,19.76,-1.5,4.88,1309.0,1.02,42.6,0.077,2026-05-15 23:00:00,98.4,92.0,2.330834114339269,688.08,2786.1600000000003
2026-05-16,01:00:00,141.1,26.7,25.01,10.91,48.8,19.34,-1.38,4.85,1297.0,1.026,42.7,0.089,2026-05-16 01:00:00,98.39999999999999,92.3,2.2923923006416134,684.3349999999999,2728.874
2026-05-16,03:00:00,139.9,24.0,24.54,10.96,46.9,18.99,-1.14,4.93,1273.0,1.03,40.2,0.105,2026-05-16 03:00:00,99.7,93.0,2.239051094890511,689.707,2656.701
2026-05-16,05:00:00,139.5,21.3,24.06,10.91,46.6,19.01,-1.2,4.8,1271.0,1.03,45.5,0.102,2026-05-16 05:00:00,94.0,92.9,2.2053162236480293,669.6,2651.8950000000004
2026-05-16,07:00:00,140.5,21.0,23.99,10.84,46.4,19.49,-0.9,4.7,1258.0,1.032,44.3,0.109,2026-05-16 07:00:00,96.2,94.1,2.21309963099631,660.35,2738.345
2026-05-16,09:00:00,140.5,21.1,24.27,10.79,45.7,19.77,-0.92,5.05,1258.0,1.031,43.6,0.104,2026-05-16 09:00:00,96.9,94.8,2.2493049119555146,709.525,2777.685
2026-05-16,11:00:00,140.0,22.3,24.88,10.76,45.2,19.39,-1.05,5.03,1274.0,1.013,41.9,0.102,2026-05-16 11:00:00,98.1,94.8,2.312267657992565,704.2,2714.6
2026-05-16,13:00:00,140.0,22.8,23.95,10.71,46.7,19.49,-0.9,4.95,1251.0,1.024,44.7,0.101,2026-05-16 13:00:00,95.3,93.3,2.236227824463118,693.0,2728.6
2026-05-16,15:00:00,138.3,25.5,24.42,10.8,47.4,19.55,-1.04,4.82,1282.0,1.021,39.2,0.097,2026-05-16 15:00:00,99.10000000000001,90.9,2.261111111111111,666.6060000000001,2703.7650000000003
2026-05-16,17:00:00,139.4,27.5,24.24,10.57,48.2,19.26,-1.17,4.8,1278.0,1.022,41.6,0.105,2026-05-16 17:00:00,97.80000000000001,91.2,2.2932828760643327,669.12,2684.8440000000005
2026-05-16,19:00:00,139.6,27.7,24.13,10.65,47.8,19.76,-1.05,5.03,1262.0,1.023,40.6,0.093,2026-05-16 19:00:00,99.0,91.8,2.2657276995305162,702.188,2758.496
2026-05-16,21:00:00,140.1,27.3,24.1,10.57,46.6,19.88,-1.16,4.81,1273.0,1.023,41.0,0.092,2026-05-16 21:00:00,99.1,93.5,2.2800378429517503,673.881,2785.1879999999996
2026-05-16,23:00:00,140.0,26.5,25.19,10.58,47.9,20.51,-1.7,4.79,1317.0,1.022,41.1,0.074,2026-05-16 23:00:00,98.9,92.1,2.380907372400756,670.6,2871.4
2026-05-17,01:00:00,140.6,24.7,23.98,10.4,47.0,19.67,-1.07,5.07,1284.0,1.023,42.4,0.091,2026-05-17 01:00:00,98.19999999999999,93.6,2.3057692307692306,712.842,2765.6020000000003
2026-05-17,03:00:00,140.1,22.4,24.11,10.52,46.1,19.54,-0.76,4.88,1251.0,1.019,43.7,0.098,2026-05-17 03:00:00,96.39999999999999,94.0,2.2918250950570345,683.688,2737.5539999999996
2026-05-17,05:00:00,139.8,20.6,23.15,10.59,45.8,19.9,-0.73,5.12,1246.0,1.038,44.5,0.1,2026-05-17 05:00:00,95.30000000000001,94.00000000000001,2.1860245514636447,715.7760000000001,2782.02
2026-05-17,07:00:00,140.2,19.4,23.95,10.62,45.4,19.92,-1.12,4.76,1270.0,1.035,43.8,0.091,2026-05-17 07:00:00,96.39999999999999,94.79999999999998,2.2551789077212807,667.3519999999999,2792.784
2026-05-17,09:00:00,140.6,19.5,24.57,10.36,46.8,19.76,-1.15,4.95,1293.0,1.034,45.5,0.087,2026-05-17 09:00:00,95.1,93.8,2.371621621621622,695.97,2778.2560000000003
2026-05-17,11:00:00,141.4,21.5,24.84,10.4,45.7,19.81,-1.15,5.15,1274.0,1.031,46.7,0.085,2026-05-17 11:00:00,94.7,95.7,2.3884615384615384,728.21,2801.134
2026-05-17,13:00:00,141.5,21.5,24.61,10.38,46.2,20.2,-1.42,4.91,1303.0,1.023,43.1,0.085,2026-05-17 13:00:00,98.4,95.3,2.3709055876685934,694.765,2858.2999999999997
2026-05-17,15:00:00,139.4,23.5,24.1,10.14,47.5,20.03,-1.1,4.83,1286.0,1.038,43.0,0.083,2026-05-17 15:00:00,96.4,91.9,2.3767258382642997,673.302,2792.1820000000002
2026-05-17,17:00:00,139.8,25.5,24.37,10.1,49.8,20.26,-1.28,4.73,1297.0,1.021,41.7,0.072,2026-05-17 17:00:00,98.10000000000001,90.00000000000001,2.4128712871287132,661.2540000000001,2832.3480000000004
2026-05-17,19:00:00,140.1,26.8,24.58,10.12,49.9,20.46,-0.9,5.01,1271.0,1.031,41.4,0.078,2026-05-17 19:00:00,98.69999999999999,90.19999999999999,2.4288537549407114,701.901,2866.446
2026-05-17,21:00:00,140.2,26.6,23.93,10.16,47.8,20.79,-1.45,4.8,1312.0,1.029,43.1,0.073,2026-05-17 21:00:00,97.1,92.39999999999999,2.3553149606299213,672.9599999999999,2914.758
2026-05-17,23:00:00,140.2,24.5,23.83,10.15,49.8,20.29,-1.16,4.88,1279.0,1.023,43.0,0.071,2026-05-17 23:00:00,97.19999999999999,90.39999999999999,2.347783251231527,684.1759999999999,2844.6579999999994
2026-05-18,01:00:00,139.4,23.1,25.44,10.16,49.5,19.9,-1.38,4.74,1293.0,1.022,42.0,0.073,2026-05-18 01:00:00,97.4,89.9,2.5039370078740157,660.7560000000001,2774.06
2026-05-18,03:00:00,140.9,22.2,24.07,10.3,47.3,19.77,-1.13,5.11,1263.0,1.03,46.8,0.078,2026-05-18 03:00:00,94.10000000000001,93.60000000000001,2.336893203883495,719.999,2785.593
2026-05-18,05:00:00,139.5,19.5,23.65,10.4,45.5,19.94,-1.06,5.08,1270.0,1.027,45.8,0.097,2026-05-18 05:00:00,93.7,94.0,2.2740384615384612,708.66,2781.63
2026-05-18,07:00:00,138.9,19.1,23.57,10.04,47.5,20.38,-0.77,4.85,1253.0,1.018,41.7,0.092,2026-05-18 07:00:00,97.2,91.4,2.3476095617529884,673.665,2830.782
2026-05-18,09:00:00,138.5,18.9,23.29,10.01,48.4,20.86,-0.66,4.71,1239.0,1.027,42.3,0.087,2026-05-18 09:00:00,96.2,90.1,2.3266733266733266,652.335,2889.11
2026-05-18,11:00:00,139.3,20.0,23.81,10.0,49.1,20.55,-0.84,5.02,1250.0,1.026,45.8,0.08,2026-05-18 11:00:00,93.50000000000001,90.20000000000002,2.381,699.286,2862.6150000000002
2026-05-18,13:00:00,138.0,21.1,23.72,9.82,47.4,20.96,-0.74,4.74,1232.0,1.029,42.7,0.089,2026-05-18 13:00:00,95.3,90.6,2.415478615071283,654.12,2892.48
2026-05-18,15:00:00,138.4,23.1,23.24,9.87,50.0,20.93,-0.63,4.66,1232.0,1.028,45.3,0.074,2026-05-18 15:00:00,93.10000000000001,88.4,2.354609929078014,644.9440000000001,2896.712
2026-05-18,17:00:00,137.9,25.9,24.19,10.04,47.5,20.9,-1.17,4.6,1289.0,1.026,42.0,0.088,2026-05-18 17:00:00,95.9,90.4,2.409362549800797,634.34,2882.11
2026-05-18,19:00:00,137.7,27.3,24.37,9.92,49.3,21.68,-1.1,4.7,1277.0,1.025,41.4,0.077,2026-05-18 19:00:00,96.29999999999998,88.39999999999999,2.4566532258064515,647.1899999999999,2985.336
2026-05-18,21:00:00,138.4,28.4,23.24,9.96,49.4,21.42,-0.8,4.6,1249.0,1.02,39.4,0.076,2026-05-18 21:00:00,99.0,89.0,2.333333333333333,636.64,2964.5280000000002
2026-05-18,23:00:00,138.0,28.1,23.45,9.86,50.5,21.33,-1.04,4.66,1265.0,1.024,41.6,0.078,2026-05-18 23:00:00,96.4,87.5,2.378296146044625,643.08,2943.54
2026-05-19,01:00:00,139.1,26.4,22.39,9.8,50.0,21.26,-0.51,4.8,1229.0,1.024,40.3,0.069,2026-05-19 01:00:00,98.8,89.1,2.28469387755102,667.68,2957.266
2026-05-19,03:00:00,138.2,25.4,22.34,9.97,49.2,21.09,-0.76,4.69,1222.0,1.037,43.6,0.089,2026-05-19 03:00:00,94.6,88.99999999999999,2.2407221664994985,648.158,2914.638
2026-05-19,05:00:00,138.3,23.6,23.16,9.88,46.7,21.46,-0.78,4.75,1249.0,1.02,42.9,0.09,2026-05-19 05:00:00,95.4,91.60000000000001,2.3441295546558703,656.9250000000001,2967.9180000000006
2026-05-19,07:00:00,138.0,22.9,21.94,9.91,48.1,21.52,-0.45,4.61,1198.0,1.02,41.2,0.096,2026-05-19 07:00:00,96.8,89.9,2.2139253279515643,636.1800000000001,2969.7599999999998
2026-05-19,09:00:00,138.3,22.4,23.19,9.68,47.5,21.26,-0.78,4.64,1233.0,1.025,44.1,0.085,2026-05-19 09:00:00,94.20000000000002,90.80000000000001,2.3956611570247937,641.712,2940.2580000000003
2026-05-19,11:00:00,139.4,23.3,22.53,9.88,45.8,21.36,-0.57,4.9,1225.0,1.024,46.4,0.087,2026-05-19 11:00:00,93.0,93.60000000000001,2.2803643724696356,683.0600000000001,2977.584
2026-05-19,13:00:00,138.4,24.4,22.04,9.9,45.7,20.59,-0.62,4.62,1234.0,1.016,41.0,0.109,2026-05-19 13:00:00,97.4,92.7,2.226262626262626,639.408,2849.656
2026-05-19,15:00:00,139.0,27.0,23.24,9.84,48.7,21.43,-0.92,4.69,1256.0,1.019,42.6,0.069,2026-05-19 15:00:00,96.4,90.3,2.361788617886179,651.9100000000001,2978.77
2026-05-19,17:00:00,137.8,27.8,23.67,9.86,47.8,21.58,-0.92,4.45,1266.0,1.021,39.7,0.086,2026-05-19 17:00:00,98.10000000000001,90.00000000000001,2.400608519269777,613.21,2973.724
2026-05-19,19:00:00,139.5,29.3,23.04,9.66,47.2,21.4,-0.69,4.77,1242.0,1.021,41.1,0.07,2026-05-19 19:00:00,98.4,92.3,2.3850931677018634,665.415,2985.2999999999997
2026-05-19,21:00:00,138.1,29.0,24.57,9.77,47.9,21.98,-1.12,4.55,1276.0,1.021,38.2,0.077,2026-05-19 21:00:00,99.89999999999999,90.19999999999999,2.5148413510747187,628.3549999999999,3035.438
2026-05-19,23:00:00,139.4,28.6,23.55,9.71,48.2,21.07,-0.91,4.72,1264.0,1.018,41.3,0.068,2026-05-19 23:00:00,98.10000000000001,91.2,2.4253347064881563,657.968,2937.1580000000004
2026-05-20,01:00:00,138.7,27.1,23.42,9.67,47.4,21.45,-0.68,4.57,1235.0,1.019,41.3,0.081,2026-05-20 01:00:00,97.39999999999999,91.29999999999998,2.421923474663909,633.859,2975.115
2026-05-20,03:00:00,139.6,26.0,23.44,9.62,45.9,21.38,-0.58,4.65,1251.0,1.032,44.9,0.078,2026-05-20 03:00:00,94.69999999999999,93.69999999999999,2.436590436590437,649.14,2984.6479999999997
2026-05-20,05:00:00,138.0,24.4,23.9,9.57,48.2,21.37,-1.06,4.64,1273.0,1.024,39.3,0.081,2026-05-20 05:00:00,98.7,89.8,2.4973876698014625,640.3199999999999,2949.06
2026-05-20,07:00:00,137.5,22.1,23.7,9.67,46.8,21.19,-1.07,4.54,1275.0,1.016,41.8,0.1,2026-05-20 07:00:00,95.7,90.7,2.4508790072388833,624.25,2913.625
2026-05-20,09:00:00,138.2,21.9,23.69,9.73,45.7,21.16,-1.09,4.74,1262.0,1.031,44.7,0.088,2026-05-20 09:00:00,93.49999999999999,92.49999999999999,2.434737923946557,655.068,2924.312
2026-05-20,11:00:00,137.4,22.0,22.87,9.83,45.9,21.26,-0.7,4.55,1235.0,1.02,41.5,0.12,2026-05-20 11:00:00,95.9,91.5,2.326551373346897,625.17,2921.1240000000003
2026-05-20,13:00:00,137.5,23.3,24.07,9.85,46.9,21.36,-1.0,4.75,1274.0,1.019,41.5,0.093,2026-05-20 13:00:00,96.0,90.6,2.4436548223350254,653.125,2937.0
2026-05-20,15:00:00,138.1,26.3,24.51,9.94,46.7,20.73,-1.47,4.64,1299.0,1.025,39.7,0.088,2026-05-20 15:00:00,98.39999999999999,91.39999999999999,2.46579476861167,640.7839999999999,2862.813
2026-05-20,17:00:00,137.9,28.4,24.42,9.93,48.5,20.98,-1.61,4.73,1307.0,1.025,38.9,0.082,2026-05-20 17:00:00,99.0,89.4,2.459214501510574,652.267,2893.1420000000003
2026-05-20,19:00:00,137.3,28.8,25.51,10.22,47.5,20.07,-1.62,4.71,1322.0,1.007,36.5,0.09,2026-05-20 19:00:00,100.80000000000001,89.80000000000001,2.496086105675147,646.683,2755.6110000000003
2026-05-20,21:00:00,137.4,28.1,24.88,10.07,48.4,20.71,-1.31,4.75,1304.0,1.025,39.1,0.083,2026-05-20 21:00:00,98.30000000000001,89.0,2.4707050645481625,652.65,2845.554
2026-05-20,23:00:00,137.1,27.0,24.49,10.25,47.4,19.93,-1.35,4.67,1299.0,1.018,38.2,0.099,2026-05-20 23:00:00,98.89999999999999,89.69999999999999,2.3892682926829267,640.257,2732.403
2026-05-21,01:00:00,138.7,24.4,24.39,10.43,46.9,20.33,-1.22,4.88,1283.0,1.024,42.4,0.088,2026-05-21 01:00:00,96.29999999999998,91.79999999999998,2.338446788111218,676.8559999999999,2819.7709999999997
2026-05-21,03:00:00,137.5,21.9,23.41,10.34,48.6,20.78,-0.91,4.85,1243.0,1.023,41.4,0.095,2026-05-21 03:00:00,96.1,88.9,2.2640232108317213,666.875,2857.25
2026-05-21,05:00:00,137.1,20.4,24.13,10.62,47.1,19.63,-1.17,4.85,1286.0,1.03,41.6,0.106,2026-05-21 05:00:00,95.5,90.0,2.2721280602636535,664.935,2691.2729999999997
2026-05-21,07:00:00,138.5,20.1,24.42,10.71,47.3,18.76,-1.14,4.94,1283.0,1.033,42.7,0.086,2026-05-21 07:00:00,95.8,91.2,2.280112044817927,684.19,2598.26
2026-05-21,09:00:00,138.2,20.5,24.39,10.8,45.8,19.22,-1.42,5.0,1292.0,1.029,42.7,0.099,2026-05-21 09:00:00,95.49999999999999,92.39999999999999,2.2583333333333333,691.0,2656.2039999999997
2026-05-21,11:00:00,139.5,20.0,23.36,10.76,46.9,19.86,-0.74,4.91,1250.0,1.032,43.6,0.096,2026-05-21 11:00:00,95.9,92.6,2.171003717472119,684.945,2770.47
2026-05-21,13:00:00,138.3,22.0,23.97,10.71,48.5,19.66,-1.18,4.97,1289.0,1.035,41.3,0.093,2026-05-21 13:00:00,97.00000000000001,89.80000000000001,2.2380952380952377,687.351,2718.978
2026-05-21,15:00:00,138.9,24.2,25.05,10.66,49.0,19.6,-1.49,4.86,1319.0,1.028,42.8,0.083,2026-05-21 15:00:00,96.10000000000001,89.9,2.349906191369606,675.0540000000001,2722.4400000000005
2026-05-21,17:00:00,140.1,26.3,24.75,10.68,47.8,19.83,-1.23,5.27,1290.0,1.025,44.2,0.075,2026-05-21 17:00:00,95.89999999999999,92.3,2.317415730337079,738.3269999999999,2778.1829999999995
2026-05-21,19:00:00,139.2,28.4,24.54,10.8,50.3,19.51,-1.31,5.15,1299.0,1.029,41.5,0.073,2026-05-21 19:00:00,97.69999999999999,88.89999999999999,2.272222222222222,716.88,2715.792
2026-05-21,21:00:00,138.9,27.0,25.57,10.77,50.0,19.8,-1.32,5.05,1296.0,1.029,40.9,0.076,2026-05-21 21:00:00,98.0,88.9,2.3741875580315694,701.445,2750.2200000000003
2026-05-21,23:00:00,140.0,25.6,25.32,10.62,50.4,19.87,-1.44,5.13,1312.0,1.028,43.3,0.062,2026-05-21 23:00:00,96.7,89.6,2.384180790960452,718.1999999999999,2781.8
2026-05-22,01:00:00,139.4,24.3,24.14,10.68,48.4,20.03,-1.01,4.77,1251.0,1.024,39.9,0.072,2026-05-22 01:00:00,99.5,91.0,2.260299625468165,664.938,2792.1820000000002
2026-05-22,03:00:00,138.3,21.2,24.18,10.73,46.3,19.58,-1.08,4.71,1260.0,1.036,42.5,0.105,2026-05-22 03:00:00,95.80000000000001,92.00000000000001,2.253494874184529,651.393,2707.9139999999998
2026-05-22,05:00:00,139.1,20.5,24.08,10.75,47.0,19.78,-0.8,4.97,1239.0,1.027,43.3,0.086,2026-05-22 05:00:00,95.8,92.1,2.2399999999999998,691.3269999999999,2751.398
2026-05-22,07:00:00,138.2,19.7,23.21,10.78,46.6,19.35,-0.74,4.85,1241.0,1.021,41.8,0.113,2026-05-22 07:00:00,96.39999999999999,91.6,2.153061224489796,670.2699999999999,2674.17
2026-05-22,09:00:00,140.3,20.3,22.74,10.69,48.1,19.38,-0.76,4.97,1249.0,1.016,43.8,0.106,2026-05-22 09:00:00,96.50000000000001,92.20000000000002,2.1272217025257247,697.291,2719.014
2026-05-22,11:00:00,139.6,20.9,23.95,10.54,45.4,20.39,-1.04,4.98,1271.0,1.031,43.4,0.094,2026-05-22 11:00:00,96.19999999999999,94.19999999999999,2.272296015180266,695.2080000000001,2846.444
2026-05-22,13:00:00,139.7,23.2,24.61,10.42,47.7,20.04,-1.15,5.03,1287.0,1.035,45.0,0.084,2026-05-22 13:00:00,94.69999999999999,91.99999999999999,2.3618042226487526,702.691,2799.5879999999997
2026-05-22,15:00:00,138.2,26.0,24.04,10.24,49.8,20.48,-0.95,4.73,1269.0,1.021,43.3,0.093,2026-05-22 15:00:00,94.89999999999999,88.39999999999999,2.34765625,653.686,2830.336
2026-05-22,17:00:00,138.9,27.8,24.06,10.3,49.0,20.23,-1.1,4.92,1267.0,1.026,39.8,0.074,2026-05-22 17:00:00,99.10000000000001,89.9,2.335922330097087,683.388,2809.947
2026-05-22,19:00:00,138.8,28.9,25.76,10.32,49.8,20.01,-1.67,4.87,1328.0,1.023,40.2,0.07,2026-05-22 19:00:00,98.60000000000001,89.00000000000001,2.496124031007752,675.956,2777.3880000000004
2026-05-22,21:00:00,138.8,29.0,24.33,10.31,47.6,20.28,-1.21,4.89,1278.0,1.023,39.7,0.079,2026-05-22 21:00:00,99.10000000000001,91.20000000000002,2.3598448108632395,678.732,2814.8640000000005
2026-05-22,23:00:00,138.9,27.3,24.0,10.03,47.0,21.14,-0.96,4.71,1259.0,1.023,42.5,0.073,2026-05-22 23:00:00,96.4,91.9,2.3928215353938187,654.219,2936.346
2026-05-23,01:00:00,139.7,25.3,22.75,9.98,48.7,20.94,-0.58,4.92,1230.0,1.026,43.1,0.084,2026-05-23 01:00:00,96.6,90.99999999999999,2.279559118236473,687.324,2925.3179999999998
2026-05-23,03:00:00,140.1,23.1,24.07,10.21,46.9,19.94,-1.53,4.78,1290.0,1.032,43.8,0.08,2026-05-23 03:00:00,96.3,93.19999999999999,2.3574926542605286,669.678,2793.594
2026-05-23,05:00:00,139.2,21.5,24.77,10.21,46.3,20.51,-0.98,4.99,1279.0,1.026,44.6,0.078,2026-05-23 05:00:00,94.6,92.89999999999999,2.426052889324192,694.608,2854.992
2026-05-23,07:00:00,139.2,21.1,24.98,10.33,45.1,21.13,-1.45,4.7,1312.0,1.024,43.0,0.081,2026-05-23 07:00:00,96.19999999999999,94.1,2.4181994191674736,654.24,2941.296
2026-05-23,09:00:00,138.8,20.3,23.1,10.25,45.7,20.58,-0.75,4.85,1239.0,1.025,45.6,0.099,2026-05-23 09:00:00,93.20000000000002,93.10000000000001,2.253658536585366,673.18,2856.504
2026-05-23,11:00:00,138.1,21.2,24.65,10.49,44.9,19.81,-1.29,4.79,1307.0,1.031,42.4,0.102,2026-05-23 11:00:00,95.69999999999999,93.19999999999999,2.3498570066730218,661.499,2735.7609999999995
2026-05-23,13:00:00,138.9,24.0,24.44,10.52,47.5,21.11,-1.37,4.76,1297.0,1.022,41.6,0.078,2026-05-23 13:00:00,97.30000000000001,91.4,2.32319391634981,661.164,2932.179
2026-05-23,15:00:00,138.5,25.5,24.97,10.59,49.1,20.65,-1.59,4.88,1322.0,1.029,41.8,0.079,2026-05-23 15:00:00,96.7,89.4,2.3578847969782815,675.88,2860.0249999999996
2026-05-23,17:00:00,139.5,26.7,24.26,10.87,47.7,20.11,-1.35,4.82,1296.0,1.024,43.8,0.079,2026-05-23 17:00:00,95.7,91.8,2.2318307267709296,672.39,2805.345
2026-05-23,19:00:00,138.5,27.8,25.71,11.01,47.1,19.88,-1.91,4.57,1363.0,1.016,40.0,0.091,2026-05-23 19:00:00,98.5,91.4,2.335149863760218,632.945,2753.3799999999997
2026-05-23,21:00:00,137.9,28.4,25.84,10.93,45.8,20.51,-1.92,4.5,1350.0,1.024,41.3,0.098,2026-05-23 21:00:00,96.60000000000001,92.10000000000001,2.364135407136322,620.5500000000001,2828.329
2026-05-23,23:00:00,141.3,27.3,25.12,10.81,46.3,20.09,-1.62,4.99,1324.0,1.029,42.1,0.079,2026-05-23 23:00:00,99.20000000000002,95.00000000000001,2.3237742830712302,705.0870000000001,2838.717
2026-05-24,01:00:00,140.1,26.3,25.77,10.74,48.7,20.79,-1.59,4.97,1327.0,1.033,42.1,0.061,2026-05-24 01:00:00,98.0,91.39999999999999,2.399441340782123,696.2969999999999,2912.6789999999996
2026-05-24,03:00:00,140.0,24.7,24.74,10.75,46.3,20.57,-1.26,5.05,1293.0,1.033,44.1,0.085,2026-05-24 03:00:00,95.9,93.7,2.301395348837209,707.0,2879.8
2026-05-24,05:00:00,141.0,23.3,24.53,10.69,46.5,20.55,-1.22,4.81,1285.0,1.03,43.3,0.08,2026-05-24 05:00:00,97.7,94.5,2.29466791393826,678.2099999999999,2897.55
2026-05-24,07:00:00,139.9,22.4,23.96,10.58,47.3,20.63,-1.02,4.64,1276.0,1.02,45.4,0.08,2026-05-24 07:00:00,94.5,92.60000000000001,2.264650283553875,649.136,2886.137
2026-05-24,09:00:00,141.3,23.7,23.81,10.69,48.5,20.4,-0.72,4.77,1258.0,1.033,45.4,0.077,2026-05-24 09:00:00,95.9,92.80000000000001,2.227315247895229,674.001,2882.52
2026-05-24,11:00:00,140.3,24.3,24.93,10.59,47.5,20.92,-1.38,4.81,1303.0,1.021,42.6,0.072,2026-05-24 11:00:00,97.70000000000002,92.80000000000001,2.3541076487252126,674.843,2935.0760000000005
2026-05-24,13:00:00,140.1,24.6,25.33,10.77,47.6,20.05,-1.52,4.73,1313.0,1.026,43.4,0.082,2026-05-24 13:00:00,96.69999999999999,92.5,2.351903435468895,662.673,2809.005
2026-05-24,15:00:00,141.4,27.5,24.39,10.66,48.9,19.88,-1.2,5.04,1285.0,1.035,42.5,0.083,2026-05-24 15:00:00,98.9,92.5,2.2879924953095685,712.6560000000001,2811.032
2026-05-24,17:00:00,141.5,28.8,25.36,10.74,48.9,20.55,-1.39,5.14,1309.0,1.034,43.8,0.071,2026-05-24 17:00:00,97.7,92.6,2.361266294227188,727.31,2907.8250000000003
2026-05-24,19:00:00,141.1,29.7,24.66,10.65,49.4,20.63,-1.38,4.92,1295.0,1.027,45.4,0.065,2026-05-24 19:00:00,95.69999999999999,91.69999999999999,2.315492957746479,694.212,2910.8929999999996
2026-05-24,21:00:00,140.4,30.4,25.16,10.63,50.5,20.56,-1.47,4.87,1306.0,1.026,41.4,0.054,2026-05-24 21:00:00,99.0,89.9,2.3668861712135465,683.748,2886.624
2026-05-24,23:00:00,140.4,28.1,23.81,10.43,49.8,20.73,-1.14,4.68,1267.0,1.032,43.5,0.069,2026-05-24 23:00:00,96.9,90.60000000000001,2.2828379674017256,657.072,2910.492
2026-05-25,01:00:00,141.3,25.4,22.71,10.23,50.8,20.65,-0.8,4.99,1240.0,1.029,44.6,0.068,2026-05-25 01:00:00,96.70000000000002,90.50000000000001,2.219941348973607,705.0870000000001,2917.8450000000003
2026-05-25,03:00:00,140.3,22.3,23.84,10.21,48.6,21.01,-0.97,4.82,1258.0,1.029,44.9,0.068,2026-05-25 03:00:00,95.4,91.70000000000002,2.334965719882468,676.2460000000001,2947.7030000000004
2026-05-25,05:00:00,140.1,20.0,23.36,10.25,48.6,20.63,-0.62,4.8,1229.0,1.025,45.2,0.072,2026-05-25 05:00:00,94.89999999999999,91.5,2.2790243902439022,672.4799999999999,2890.263
2026-05-25,07:00:00,139.4,19.3,23.98,10.19,46.7,20.5,-0.81,4.89,1260.0,1.03,43.5,0.08,2026-05-25 07:00:00,95.9,92.7,2.353287536800785,681.6659999999999,2857.7000000000003
2026-05-25,09:00:00,140.3,19.7,22.96,9.98,48.1,20.73,-0.45,4.73,1218.0,1.033,46.1,0.076,2026-05-25 09:00:00,94.20000000000002,92.20000000000002,2.3006012024048097,663.6190000000001,2908.4190000000003
2026-05-25,11:00:00,140.2,21.0,22.25,9.81,47.5,21.69,-0.45,4.79,1200.0,1.024,44.6,0.071,2026-05-25 11:00:00,95.6,92.69999999999999,2.26809378185525,671.558,3040.938
2026-05-25,13:00:00,139.4,21.8,22.89,9.66,48.6,20.49,-0.75,4.58,1238.0,1.016,42.7,0.08,2026-05-25 13:00:00,96.7,90.80000000000001,2.369565217391304,638.452,2856.306
2026-05-25,15:00:00,141.0,22.5,23.05,9.5,49.0,21.4,-0.46,4.86,1225.0,1.039,47.0,0.043,2026-05-25 15:00:00,94.0,92.0,2.4263157894736844,685.26,3017.3999999999996
2026-05-25,17:00:00,139.3,24.5,23.39,9.57,48.9,20.5,-0.66,4.74,1242.0,1.023,43.0,0.064,2026-05-25 17:00:00,96.30000000000001,90.4,2.444096133751306,660.282,2855.65
2026-05-25,19:00:00,141.4,25.4,23.58,9.75,51.0,20.8,-0.98,4.93,1264.0,1.03,44.5,0.06,2026-05-25 19:00:00,96.9,90.4,2.418461538461538,697.102,2941.1200000000003
2026-05-25,21:00:00,140.3,25.9,23.59,9.78,50.2,20.6,-0.75,4.78,1238.0,1.025,45.5,0.065,2026-05-25 21:00:00,94.80000000000001,90.10000000000001,2.412065439672802,670.6340000000001,2890.1800000000003
2026-05-25,23:00:00,140.6,25.5,22.88,9.56,49.8,20.22,-0.62,4.74,1240.0,1.019,40.9,0.074,2026-05-25 23:00:00,99.69999999999999,90.8,2.3933054393305437,666.444,2842.932
2026-05-26,01:00:00,140.1,23.9,22.94,9.61,48.8,20.99,-0.76,4.62,1237.0,1.033,45.8,0.065,2026-05-26 01:00:00,94.3,91.3,2.3870967741935485,647.262,2940.6989999999996
2026-05-26,03:00:00,140.0,22.4,23.25,9.65,49.0,20.64,-0.45,4.87,1215.0,1.025,43.1,0.065,2026-05-26 03:00:00,96.9,91.0,2.4093264248704664,681.8000000000001,2889.6
2026-05-26,05:00:00,140.6,20.8,23.63,9.93,45.8,19.69,-0.57,4.73,1242.0,1.031,45.0,0.091,2026-05-26 05:00:00,95.6,94.8,2.379657603222558,665.038,2768.414
2026-05-26,07:00:00,140.9,20.1,23.66,9.78,47.7,20.85,-0.97,4.74,1264.0,1.033,45.2,0.061,2026-05-26 07:00:00,95.7,93.2,2.4192229038854807,667.8660000000001,2937.7650000000003
2026-05-26,09:00:00,141.3,19.6,23.45,9.77,45.5,21.05,-0.84,4.79,1245.0,1.026,44.8,0.064,2026-05-26 09:00:00,96.50000000000001,95.80000000000001,2.4002047082906857,676.8270000000001,2974.3650000000002
2026-05-26,11:00:00,141.0,20.6,23.17,9.98,46.0,20.81,-0.61,4.85,1232.0,1.033,47.5,0.076,2026-05-26 11:00:00,93.5,95.0,2.3216432865731464,683.8499999999999,2934.21
2026-05-26,13:00:00,139.6,22.6,22.35,10.02,47.2,20.35,-0.74,4.63,1241.0,1.033,46.2,0.093,2026-05-26 13:00:00,93.39999999999999,92.39999999999999,2.230538922155689,646.348,2840.86
2026-05-26,15:00:00,139.9,25.2,24.61,10.06,48.4,20.18,-1.62,4.8,1314.0,1.032,42.8,0.072,2026-05-26 15:00:00,97.10000000000001,91.5,2.446322067594433,671.52,2823.1820000000002
2026-05-26,17:00:00,142.1,26.7,24.36,10.04,46.7,20.65,-1.2,4.91,1289.0,1.027,44.6,0.078,2026-05-26 17:00:00,97.5,95.39999999999999,2.4262948207171315,697.711,2934.365
2026-05-26,19:00:00,140.0,28.1,24.18,10.04,47.5,20.77,-1.12,4.76,1285.0,1.026,42.0,0.072,2026-05-26 19:00:00,98.0,92.5,2.408366533864542,666.4,2907.7999999999997
2026-05-26,21:00:00,141.2,27.9,24.56,10.08,47.8,20.53,-1.32,4.77,1293.0,1.026,45.7,0.07,2026-05-26 21:00:00,95.49999999999999,93.39999999999999,2.4365079365079363,673.5239999999999,2898.836
2026-05-26,23:00:00,139.9,26.8,24.1,9.94,47.2,19.97,-0.98,4.78,1259.0,1.024,38.9,0.086,2026-05-26 23:00:00,101.0,92.7,2.4245472837022137,668.7220000000001,2793.803
2026-05-27,01:00:00,139.9,25.5,24.65,10.0,47.7,20.32,-1.52,4.74,1307.0,1.028,43.5,0.064,2026-05-27 01:00:00,96.4,92.2,2.465,663.1260000000001,2842.768
2026-05-27,03:00:00,140.1,22.1,23.07,9.8,48.7,20.64,-0.81,4.58,1248.0,1.021,43.4,0.066,2026-05-27 03:00:00,96.69999999999999,91.39999999999999,2.354081632653061,641.658,2891.6639999999998
2026-05-27,05:00:00,139.2,19.5,23.96,9.82,45.6,19.85,-1.06,4.69,1267.0,1.021,40.6,0.085,2026-05-27 05:00:00,98.6,93.6,2.439918533604888,652.848,2763.12
2026-05-27,07:00:00,140.7,18.5,23.05,9.82,44.4,20.68,-0.75,4.8,1236.0,1.028,45.2,0.085,2026-05-27 07:00:00,95.49999999999999,96.29999999999998,2.3472505091649696,675.3599999999999,2909.676
2026-05-27,09:00:00,139.1,18.5,23.48,9.73,44.0,21.44,-0.72,4.52,1254.0,1.027,47.3,0.1,2026-05-27 09:00:00,91.8,95.1,2.4131551901336072,628.732,2982.304
2026-05-27,11:00:00,139.4,18.5,22.89,9.73,44.9,20.91,-0.56,4.59,1229.0,1.023,43.7,0.092,2026-05-27 11:00:00,95.7,94.5,2.352517985611511,639.846,2914.8540000000003
2026-05-27,13:00:00,138.4,19.8,24.0,9.67,44.9,21.31,-0.7,4.45,1240.0,1.019,44.8,0.101,2026-05-27 13:00:00,93.60000000000001,93.5,2.4819027921406414,615.88,2949.304
2026-05-27,15:00:00,139.6,22.0,22.4,9.57,46.7,21.01,-0.62,4.7,1239.0,1.028,45.6,0.083,2026-05-27 15:00:00,94.0,92.89999999999999,2.340647857889237,656.12,2932.996
2026-05-27,17:00:00,139.6,24.1,23.16,9.58,47.4,20.95,-0.7,4.57,1244.0,1.023,43.1,0.079,2026-05-27 17:00:00,96.5,92.19999999999999,2.4175365344467643,637.972,2924.62
2026-05-27,19:00:00,138.4,26.1,23.24,9.51,47.4,21.23,-0.78,4.45,1242.0,1.027,41.6,0.086,2026-05-27 19:00:00,96.80000000000001,91.0,2.443743427970557,615.88,2938.232
2026-05-27,21:00:00,139.7,27.1,22.9,9.63,49.8,20.74,-0.67,4.59,1238.0,1.021,39.8,0.072,2026-05-27 21:00:00,99.89999999999999,89.89999999999999,2.377985462097611,641.223,2897.3779999999997
2026-05-27,23:00:00,137.9,26.1,24.13,9.57,47.5,20.8,-1.05,4.42,1268.0,1.025,40.0,0.089,2026-05-27 23:00:00,97.9,90.4,2.521421107628004,609.518,2868.32
2026-05-28,01:00:00,139.0,25.2,23.05,9.75,48.0,21.44,-0.46,4.48,1218.0,1.021,43.8,0.075,2026-05-28 01:00:00,95.2,91.0,2.364102564102564,622.72,2980.1600000000003
2026-05-28,03:00:00,138.8,23.2,22.82,9.7,48.2,21.59,-0.5,4.41,1222.0,1.027,43.2,0.086,2026-05-28 03:00:00,95.60000000000001,90.60000000000001,2.352577319587629,612.1080000000001,2996.692
2026-05-28,05:00:00,138.2,20.8,22.53,9.74,47.9,20.77,-0.45,4.47,1212.0,1.029,43.8,0.099,2026-05-28 05:00:00,94.39999999999999,90.29999999999998,2.3131416837782344,617.7539999999999,2870.4139999999998
2026-05-28,07:00:00,139.6,19.4,22.64,9.77,48.0,21.46,-0.55,4.78,1214.0,1.032,45.5,0.071,2026-05-28 07:00:00,94.1,91.6,2.317297850562948,667.288,2995.816
2026-05-28,09:00:00,139.2,18.5,22.53,10.03,47.2,20.86,-0.45,4.59,1206.0,1.031,48.2,0.095,2026-05-28 09:00:00,90.99999999999999,91.99999999999999,2.2462612163509474,638.9279999999999,2903.7119999999995
2026-05-28,11:00:00,139.1,19.1,23.04,10.15,48.0,20.92,-0.62,4.77,1228.0,1.024,44.2,0.081,2026-05-28 11:00:00,94.89999999999999,91.1,2.269950738916256,663.507,2909.972
2026-05-28,13:00:00,139.5,20.9,23.07,10.2,47.2,20.96,-0.78,4.63,1231.0,1.039,46.8,0.085,2026-05-28 13:00:00,92.7,92.3,2.2617647058823533,645.885,2923.92
2026-05-28,15:00:00,139.8,23.6,23.13,10.32,49.4,21.05,-0.53,4.86,1225.0,1.028,44.2,0.069,2026-05-28 15:00:00,95.60000000000001,90.4,2.2412790697674416,679.4280000000001,2942.7900000000004
2026-05-28,17:00:00,139.1,26.6,24.09,10.15,50.3,20.96,-0.9,4.62,1263.0,1.024,44.9,0.073,2026-05-28 17:00:00,94.19999999999999,88.8,2.373399014778325,642.6419999999999,2915.536
2026-05-28,19:00:00,139.5,26.8,23.13,10.23,50.9,21.36,-0.61,4.77,1250.0,1.024,40.9,0.08,2026-05-28 19:00:00,98.6,88.6,2.26099706744868,665.415,2979.72
2026-05-28,21:00:00,139.5,27.1,23.38,10.52,48.5,20.69,-0.91,4.85,1255.0,1.028,42.2,0.091,2026-05-28 21:00:00,97.3,91.0,2.222433460076046,676.5749999999999,2886.255
2026-05-28,23:00:00,139.8,25.5,23.83,10.57,48.6,20.77,-1.25,5.15,1287.0,1.024,42.5,0.078,2026-05-28 23:00:00,97.30000000000001,91.20000000000002,2.2544938505203405,719.9700000000001,2903.646
2026-05-29,01:00:00,139.4,24.1,24.86,10.59,49.6,20.25,-1.38,4.96,1291.0,1.031,43.7,0.072,2026-05-29 01:00:00,95.7,89.80000000000001,2.347497639282342,691.424,2822.85
2026-05-29,03:00:00,138.6,22.0,24.61,10.67,46.2,21.23,-1.25,4.84,1289.0,1.034,45.1,0.092,2026-05-29 03:00:00,93.5,92.39999999999999,2.3064667291471417,670.824,2942.478
2026-05-29,05:00:00,140.7,19.1,24.61,10.76,47.8,20.54,-1.2,5.03,1284.0,1.033,46.9,0.083,2026-05-29 05:00:00,93.79999999999998,92.89999999999999,2.287174721189591,707.721,2889.9779999999996
2026-05-29,07:00:00,138.8,18.9,22.71,10.52,48.1,20.9,-0.68,5.16,1231.0,1.036,46.6,0.093,2026-05-29 07:00:00,92.20000000000002,90.70000000000002,2.158745247148289,716.2080000000001,2900.92
2026-05-29,09:00:00,137.9,18.6,23.89,10.34,46.6,20.28,-0.71,4.69,1235.0,1.025,42.8,0.108,2026-05-29 09:00:00,95.10000000000001,91.30000000000001,2.3104448742746615,646.7510000000001,2796.612
2026-05-29,11:00:00,138.0,19.4,24.57,10.39,46.8,20.49,-1.57,4.8,1304.0,1.024,42.4,0.089,2026-05-29 11:00:00,95.6,91.2,2.3647738209817133,662.4,2827.62
2026-05-29,13:00:00,139.5,20.6,23.74,10.33,46.4,21.27,-0.81,4.87,1254.0,1.036,44.5,0.082,2026-05-29 13:00:00,95.0,93.1,2.2981606969990316,679.365,2967.165
2026-05-29,15:00:00,137.3,22.5,25.04,10.49,47.2,20.74,-1.46,4.89,1301.0,1.029,42.0,0.096,2026-05-29 15:00:00,95.30000000000001,90.10000000000001,2.387035271687321,671.397,2847.602
2026-05-29,17:00:00,138.3,24.8,24.08,10.45,47.7,19.99,-1.22,4.9,1287.0,1.025,41.4,0.106,2026-05-29 17:00:00,96.9,90.60000000000001,2.3043062200956936,677.6700000000001,2764.617
2026-05-29,19:00:00,137.8,25.9,24.4,10.23,47.7,21.23,-1.44,4.74,1297.0,1.014,39.8,0.096,2026-05-29 19:00:00,98.00000000000001,90.10000000000001,2.3851417399804493,653.1720000000001,2925.494
2026-05-29,21:00:00,138.5,26.2,24.27,10.12,47.6,20.77,-1.21,5.05,1280.0,1.02,43.2,0.089,2026-05-29 21:00:00,95.3,90.9,2.398221343873518,699.425,2876.645
2026-05-29,23:00:00,138.0,25.6,25.3,9.86,47.6,21.71,-1.29,4.65,1287.0,1.016,41.2,0.082,2026-05-29 23:00:00,96.8,90.4,2.565922920892495,641.7,2995.98
2026-05-30,01:00:00,138.5,24.7,24.19,9.91,47.2,21.08,-1.12,4.81,1277.0,1.028,44.2,0.077,2026-05-30 01:00:00,94.3,91.3,2.4409687184661957,666.185,2919.58
2026-05-30,03:00:00,138.0,22.5,24.21,9.97,48.1,21.08,-0.88,4.97,1256.0,1.026,42.8,0.087,2026-05-30 03:00:00,95.2,89.9,2.428284854563691,685.86,2909.04
2026-05-30,05:00:00,138.3,19.8,23.53,9.99,45.4,21.35,-0.53,4.85,1232.0,1.03,44.6,0.093,2026-05-30 05:00:00,93.70000000000002,92.9,2.3553553553553552,670.755,2952.7050000000004
2026-05-30,07:00:00,137.0,19.6,23.89,10.18,45.8,20.36,-0.88,4.77,1259.0,1.031,43.3,0.11,2026-05-30 07:00:00,93.7,91.2,2.3467583497053046,653.4899999999999,2789.3199999999997
2026-05-30,09:00:00,138.3,19.4,22.95,10.36,44.9,20.08,-0.6,4.76,1236.0,1.018,42.0,0.111,2026-05-30 09:00:00,96.30000000000001,93.4,2.215250965250965,658.308,2777.064
2026-05-30,11:00:00,138.0,21.2,24.43,10.36,45.4,20.3,-0.96,4.89,1271.0,1.021,43.1,0.101,2026-05-30 11:00:00,94.9,92.6,2.3581081081081083,674.8199999999999,2801.4
2026-05-30,13:00:00,138.3,23.3,24.29,10.16,45.0,20.84,-1.39,4.77,1308.0,1.025,44.9,0.092,2026-05-30 13:00:00,93.4,93.30000000000001,2.390748031496063,659.691,2882.172
2026-05-30,15:00:00,137.7,25.2,25.14,10.29,45.6,19.89,-1.35,4.9,1296.0,1.026,41.1,0.094,2026-05-30 15:00:00,96.6,92.1,2.4431486880466475,674.73,2738.853
2026-05-30,17:00:00,138.7,27.3,24.65,10.4,46.5,19.6,-1.24,4.73,1295.0,1.027,42.0,0.089,2026-05-30 17:00:00,96.69999999999999,92.19999999999999,2.3701923076923075,656.051,2718.52
2026-05-30,19:00:00,138.3,29.5,23.57,10.47,48.2,20.34,-1.15,4.99,1290.0,1.02,40.8,0.089,2026-05-30 19:00:00,97.50000000000001,90.10000000000001,2.251193887297039,690.1170000000001,2813.0220000000004
2026-05-30,21:00:00,139.2,30.8,23.86,10.6,49.4,19.65,-0.94,4.93,1265.0,1.022,40.6,0.091,2026-05-30 21:00:00,98.6,89.79999999999998,2.250943396226415,686.2559999999999,2735.2799999999997
2026-05-30,23:00:00,138.4,29.6,24.14,10.48,46.8,19.81,-1.1,4.9,1263.0,1.025,39.8,0.087,2026-05-30 23:00:00,98.60000000000001,91.60000000000001,2.3034351145038165,678.1600000000001,2741.7039999999997
2026-05-31,01:00:00,138.9,27.7,24.9,10.72,47.4,18.98,-1.55,5.09,1310.0,1.027,41.5,0.086,2026-05-31 01:00:00,97.4,91.5,2.3227611940298503,707.001,2636.322
2026-05-31,03:00:00,139.5,26.1,24.09,10.6,46.4,19.49,-0.96,4.82,1259.0,1.032,42.9,0.096,2026-05-31 03:00:00,96.6,93.1,2.2726415094339623,672.39,2718.8549999999996
2026-05-31,05:00:00,139.2,23.5,23.39,10.68,46.7,19.6,-0.78,4.79,1251.0,1.021,40.5,0.098,2026-05-31 05:00:00,98.69999999999999,92.49999999999999,2.1900749063670415,666.7679999999999,2728.32
2026-05-31,07:00:00,139.4,22.5,23.1,10.47,47.6,20.12,-0.79,4.76,1247.0,1.028,43.8,0.086,2026-05-31 07:00:00,95.60000000000001,91.80000000000001,2.206303724928367,663.544,2804.728
2026-05-31,09:00:00,139.6,22.3,23.05,10.37,46.5,19.61,-0.49,4.76,1226.0,1.022,43.0,0.106,2026-05-31 09:00:00,96.6,93.1,2.2227579556412733,664.496,2737.5559999999996
2026-05-31,11:00:00,138.2,23.4,23.35,10.55,47.3,20.24,-0.59,4.8,1236.0,1.03,41.5,0.101,2026-05-31 11:00:00,96.69999999999999,90.89999999999999,2.213270142180095,663.3599999999999,2797.1679999999997
2026-05-31,13:00:00,139.1,24.5,23.76,10.49,49.0,19.47,-0.86,4.69,1262.0,1.034,44.5,0.083,2026-05-31 13:00:00,94.6,90.1,2.265014299332698,652.379,2708.2769999999996
2026-05-31,15:00:00,137.0,25.4,24.18,10.55,48.7,19.39,-0.81,4.55,1255.0,1.025,39.2,0.097,2026-05-31 15:00:00,97.8,88.3,2.291943127962085,623.35,2656.4300000000003
2026-05-31,17:00:00,138.5,25.8,23.57,10.52,48.0,20.19,-1.03,4.72,1261.0,1.028,39.4,0.089,2026-05-31 17:00:00,99.1,90.5,2.240494296577947,653.7199999999999,2796.315
2026-05-31,19:00:00,137.9,26.2,23.98,10.44,49.0,19.81,-0.93,4.8,1262.0,1.032,42.1,0.098,2026-05-31 19:00:00,95.80000000000001,88.9,2.296934865900383,661.92,2731.799
2026-05-31,21:00:00,137.5,26.1,24.57,10.53,48.3,19.45,-1.33,4.79,1291.0,1.028,38.3,0.097,2026-05-31 21:00:00,99.2,89.2,2.3333333333333335,658.625,2674.375
2026-05-31,23:00:00,138.7,25.0,23.53,10.41,49.2,19.72,-1.18,4.89,1271.0,1.031,39.1,0.074,2026-05-31 23:00:00,99.6,89.49999999999999,2.260326609029779,678.2429999999999,2735.1639999999998
2026-06-01,01:00:00,139.0,24.7,23.36,10.14,49.3,20.57,-0.98,4.92,1262.0,1.025,44.1,0.068,2026-06-01 01:00:00,94.9,89.7,2.303747534516765,683.88,2859.23
2026-06-01,03:00:00,138.6,23.3,23.92,9.99,47.5,20.78,-0.92,4.75,1268.0,1.023,42.9,0.082,2026-06-01 03:00:00,95.69999999999999,91.1,2.3943943943943946,658.35,2880.108
2026-06-01,05:00:00,138.5,20.9,24.17,10.02,48.1,19.98,-0.8,4.83,1248.0,1.033,44.2,0.088,2026-06-01 05:00:00,94.3,90.4,2.412175648702595,668.955,2767.23
2026-06-01,07:00:00,138.5,20.1,23.61,10.01,47.7,20.29,-0.63,4.76,1245.0,1.024,43.1,0.088,2026-06-01 07:00:00,95.4,90.8,2.358641358641359,659.26,2810.165
2026-06-01,09:00:00,139.1,19.9,22.88,9.78,48.2,20.62,-0.8,4.83,1251.0,1.017,42.4,0.079,2026-06-01 09:00:00,96.69999999999999,90.89999999999999,2.339468302658487,671.853,2868.242
2026-06-01,11:00:00,139.2,20.8,22.5,9.68,48.7,20.39,-0.67,4.83,1256.0,1.023,42.4,0.084,2026-06-01 11:00:00,96.79999999999998,90.49999999999999,2.324380165289256,672.3359999999999,2838.288
2026-06-01,13:00:00,139.1,22.7,23.67,9.6,48.9,20.84,-0.82,4.71,1250.0,1.03,43.3,0.078,2026-06-01 13:00:00,95.8,90.19999999999999,2.465625,655.161,2898.844
2026-06-01,15:00:00,139.1,25.3,23.71,9.57,48.9,20.95,-0.99,4.68,1265.0,1.021,40.7,0.067,2026-06-01 15:00:00,98.39999999999999,90.19999999999999,2.477533960292581,650.9879999999999,2914.145
2026-06-01,17:00:00,139.4,26.8,23.81,9.42,50.3,21.55,-0.96,4.55,1251.0,1.029,43.1,0.06,2026-06-01 17:00:00,96.30000000000001,89.10000000000001,2.5276008492569,634.27,3004.07
2026-06-01,19:00:00,138.3,28.6,23.21,9.39,49.2,21.66,-0.8,4.58,1256.0,1.023,40.1,0.07,2026-06-01 19:00:00,98.20000000000002,89.10000000000001,2.4717784877529287,633.4140000000001,2995.5780000000004
2026-06-01,21:00:00,139.2,27.8,24.17,9.35,48.5,21.21,-1.2,4.55,1280.0,1.018,41.9,0.06,2026-06-01 21:00:00,97.29999999999998,90.69999999999999,2.585026737967915,633.3599999999999,2952.432
2026-06-01,23:00:00,138.9,26.8,24.25,9.49,46.6,21.15,-1.16,4.71,1275.0,1.026,41.7,0.078,2026-06-01 23:00:00,97.2,92.30000000000001,2.5553213909378294,654.219,2937.735
2026-06-02,01:00:00,139.7,26.7,23.91,9.62,48.9,21.37,-1.03,4.59,1279.0,1.027,43.3,0.055,2026-06-02 01:00:00,96.39999999999999,90.79999999999998,2.485446985446986,641.223,2985.3889999999997
2026-06-02,03:00:00,140.8,24.7,23.62,9.63,47.6,20.97,-0.89,4.67,1265.0,1.026,44.8,0.068,2026-06-02 03:00:00,96.00000000000001,93.20000000000002,2.4527518172377984,657.5360000000001,2952.576
2026-06-02,05:00:00,139.2,23.7,23.52,9.62,48.1,21.45,-0.78,4.42,1254.0,1.019,42.8,0.074,2026-06-02 05:00:00,96.39999999999999,91.1,2.444906444906445,615.2639999999999,2985.8399999999997
2026-06-02,07:00:00,140.6,22.5,23.85,9.68,45.7,21.2,-0.97,4.93,1260.0,1.035,44.8,0.069,2026-06-02 07:00:00,95.8,94.89999999999999,2.463842975206612,693.1579999999999,2980.72
2026-06-02,09:00:00,140.5,22.7,23.64,9.63,46.7,20.99,-0.94,4.7,1259.0,1.024,44.7,0.064,2026-06-02 09:00:00,95.8,93.8,2.454828660436137,660.35,2949.095
2026-06-02,11:00:00,139.0,23.6,23.89,9.55,47.6,21.13,-0.91,4.77,1256.0,1.012,39.5,0.073,2026-06-02 11:00:00,99.5,91.4,2.501570680628272,663.03,2937.0699999999997
2026-06-02,13:00:00,140.2,25.1,23.02,9.52,46.7,22.05,-0.65,4.9,1240.0,1.032,44.4,0.057,2026-06-02 13:00:00,95.79999999999998,93.49999999999999,2.418067226890756,686.98,3091.41
2026-06-02,15:00:00,140.3,26.5,23.38,9.52,48.1,21.53,-0.9,4.77,1270.0,1.024,43.3,0.064,2026-06-02 15:00:00,97.00000000000001,92.20000000000002,2.4558823529411766,669.231,3020.6590000000006
2026-06-02,17:00:00,138.6,28.5,24.14,9.47,47.7,22.25,-0.85,4.9,1252.0,1.03,41.9,0.061,2026-06-02 17:00:00,96.69999999999999,90.89999999999999,2.5491024287222808,679.14,3083.85
2026-06-02,19:00:00,139.0,28.8,23.48,9.57,48.1,21.42,-0.8,4.61,1262.0,1.021,39.1,0.065,2026-06-02 19:00:00,99.9,90.9,2.45350052246604,640.7900000000001,2977.38
2026-06-02,21:00:00,141.1,29.2,23.5,9.72,48.6,21.56,-0.87,5.08,1261.0,1.026,42.2,0.054,2026-06-02 21:00:00,98.89999999999999,92.5,2.4176954732510287,716.788,3042.1159999999995
2026-06-02,23:00:00,140.6,28.8,23.42,9.59,48.7,22.46,-0.85,4.9,1251.0,1.027,41.1,0.039,2026-06-02 23:00:00,99.5,91.89999999999999,2.442127215849844,688.94,3157.876
2026-06-03,01:00:00,140.0,27.1,22.94,9.65,47.5,21.21,-0.51,4.8,1226.0,1.027,43.4,0.066,2026-06-03 01:00:00,96.6,92.5,2.3772020725388603,672.0,2969.4
2026-06-03,03:00:00,140.6,24.7,23.1,9.68,46.1,20.9,-0.59,4.96,1241.0,1.024,41.3,0.078,2026-06-03 03:00:00,99.3,94.5,2.3863636363636367,697.376,2938.5399999999995
2026-06-03,05:00:00,139.4,23.1,23.99,9.76,45.9,21.94,-0.93,4.66,1274.0,1.03,42.1,0.069,2026-06-03 05:00:00,97.30000000000001,93.5,2.4579918032786883,649.604,3058.436
2026-06-03,07:00:00,140.1,21.7,22.59,9.78,46.4,21.17,-0.45,4.76,1211.0,1.025,45.1,0.063,2026-06-03 07:00:00,95.0,93.69999999999999,2.3098159509202456,666.876,2965.917
2026-06-03,09:00:00,140.0,22.2,22.74,9.64,45.3,21.61,-0.46,4.94,1215.0,1.028,43.0,0.07,2026-06-03 09:00:00,97.0,94.7,2.3589211618257258,691.6,3025.4
2026-06-03,11:00:00,139.6,21.9,21.52,9.53,46.0,21.52,-0.45,4.51,1201.0,1.026,42.3,0.081,2026-06-03 11:00:00,97.3,93.6,2.2581322140608604,629.5959999999999,3004.192
2026-06-03,13:00:00,139.7,23.5,23.23,9.58,46.3,21.75,-0.45,4.8,1211.0,1.021,44.9,0.072,2026-06-03 13:00:00,94.79999999999998,93.39999999999999,2.4248434237995826,670.56,3038.475
2026-06-03,15:00:00,140.8,24.2,23.62,9.74,46.9,21.13,-0.8,4.82,1260.0,1.034,45.6,0.072,2026-06-03 15:00:00,95.20000000000002,93.9,2.4250513347022586,678.6560000000001,2975.1040000000003
2026-06-03,17:00:00,141.5,25.2,22.88,9.51,46.6,21.63,-0.45,4.93,1217.0,1.032,45.4,0.067,2026-06-03 17:00:00,96.1,94.9,2.405888538380652,697.5949999999999,3060.645
2026-06-03,19:00:00,140.7,27.2,22.65,9.6,46.6,21.72,-0.63,4.52,1236.0,1.034,44.0,0.068,2026-06-03 19:00:00,96.69999999999999,94.1,2.359375,635.9639999999999,3056.0039999999995
2026-06-03,21:00:00,140.7,27.9,22.86,9.77,48.9,20.99,-0.6,4.93,1230.0,1.024,42.4,0.059,2026-06-03 21:00:00,98.29999999999998,91.79999999999998,2.339815762538383,693.651,2953.2929999999997
2026-06-03,23:00:00,140.0,26.4,23.05,9.78,49.0,21.05,-0.76,4.65,1242.0,1.021,42.5,0.064,2026-06-03 23:00:00,97.5,91.0,2.3568507157464214,651.0,2947.0
2026-06-04,01:00:00,141.3,23.7,23.33,9.87,46.2,21.04,-0.53,4.67,1219.0,1.041,43.6,0.072,2026-06-04 01:00:00,97.70000000000002,95.10000000000001,2.363728470111449,659.8710000000001,2972.952
2026-06-04,03:00:00,140.8,19.8,23.17,9.81,47.0,20.68,-0.76,4.56,1245.0,1.025,46.1,0.079,2026-06-04 03:00:00,94.70000000000002,93.80000000000001,2.361875637104995,642.048,2911.744
2026-06-04,05:00:00,140.7,18.5,24.47,9.84,47.4,20.95,-1.06,4.56,1283.0,1.026,45.8,0.071,2026-06-04 05:00:00,94.89999999999999,93.29999999999998,2.486788617886179,641.5919999999999,2947.6649999999995
2026-06-04,07:00:00,140.8,18.8,22.67,9.71,47.3,21.24,-0.57,4.7,1225.0,1.032,45.7,0.062,2026-06-04 07:00:00,95.10000000000001,93.50000000000001,2.33470648815654,661.7600000000001,2990.592
2026-06-04,09:00:00,141.0,19.2,22.12,9.53,46.7,21.2,-0.45,4.47,1199.0,1.028,47.0,0.08,2026-06-04 09:00:00,94.0,94.3,2.321091290661071,630.27,2989.2
2026-06-04,11:00:00,140.5,20.0,23.6,9.75,46.7,20.95,-1.01,4.73,1260.0,1.033,47.3,0.075,2026-06-04 11:00:00,93.2,93.8,2.420512820512821,664.565,2943.475
2026-06-04,13:00:00,141.0,22.2,23.74,9.74,48.2,21.0,-0.71,4.55,1242.0,1.024,45.9,0.066,2026-06-04 13:00:00,95.1,92.8,2.437371663244353,641.55,2961.0
2026-06-04,15:00:00,141.2,23.4,23.65,9.8,48.8,20.66,-1.11,4.49,1288.0,1.024,47.7,0.078,2026-06-04 15:00:00,93.49999999999999,92.39999999999999,2.4132653061224487,633.9879999999999,2917.192
2026-06-04,17:00:00,141.4,25.1,23.37,9.76,49.2,21.12,-0.86,4.55,1267.0,1.025,43.6,0.06,2026-06-04 17:00:00,97.80000000000001,92.2,2.3944672131147544,643.37,2986.3680000000004
2026-06-04,19:00:00,141.0,26.4,23.11,9.74,49.4,21.36,-0.96,4.65,1265.0,1.028,41.1,0.056,2026-06-04 19:00:00,99.9,91.6,2.372689938398357,655.6500000000001,3011.7599999999998
2026-06-04,21:00:00,139.5,26.5,23.74,9.86,48.7,20.51,-1.08,4.6,1279.0,1.027,43.3,0.076,2026-06-04 21:00:00,96.2,90.8,2.4077079107505073,641.6999999999999,2861.1450000000004
2026-06-04,23:00:00,140.2,26.1,24.21,9.91,49.8,20.74,-1.32,4.64,1295.0,1.032,42.2,0.059,2026-06-04 23:00:00,97.99999999999999,90.39999999999999,2.442986881937437,650.5279999999999,2907.7479999999996
2026-06-05,01:00:00,141.4,24.6,23.56,10.09,49.4,20.25,-1.06,4.76,1277.0,1.028,44.3,0.07,2026-06-05 01:00:00,97.10000000000001,92.0,2.334985133795837,673.064,2863.35
2026-06-05,03:00:00,139.8,23.1,23.74,10.25,48.7,20.24,-1.01,4.84,1270.0,1.026,41.2,0.081,2026-06-05 03:00:00,98.60000000000001,91.10000000000001,2.3160975609756096,676.6320000000001,2829.552
2026-06-05,05:00:00,139.8,20.8,23.28,10.37,48.0,20.49,-1.0,4.7,1268.0,1.024,43.3,0.089,2026-06-05 05:00:00,96.50000000000001,91.80000000000001,2.2449373191899715,657.0600000000001,2864.502
2026-06-05,07:00:00,140.4,20.4,23.21,10.47,49.0,19.98,-0.79,4.64,1248.0,1.021,43.1,0.086,2026-06-05 07:00:00,97.30000000000001,91.4,2.2168099331423115,651.456,2805.192
2026-06-05,09:00:00,140.0,21.5,24.95,10.7,47.3,18.9,-1.24,4.83,1289.0,1.023,43.5,0.102,2026-06-05 09:00:00,96.5,92.7,2.3317757009345796,676.2,2646.0
2026-06-05,11:00:00,141.2,21.8,23.65,10.6,48.8,19.77,-0.8,4.86,1244.0,1.027,44.9,0.089,2026-06-05 11:00:00,96.29999999999998,92.39999999999999,2.231132075471698,686.232,2791.524
2026-06-05,13:00:00,138.9,23.0,24.17,10.62,47.4,20.0,-1.08,4.65,1271.0,1.036,43.0,0.105,2026-06-05 13:00:00,95.9,91.5,2.2758945386064036,645.8850000000001,2778.0
2026-06-05,15:00:00,138.9,26.0,24.62,10.76,49.5,19.31,-1.32,4.76,1308.0,1.023,43.7,0.092,2026-06-05 15:00:00,95.2,89.4,2.288104089219331,661.164,2682.159
2026-06-05,17:00:00,140.3,27.6,24.48,10.89,49.9,19.59,-1.25,4.82,1310.0,1.026,43.5,0.088,2026-06-05 17:00:00,96.80000000000001,90.4,2.2479338842975207,676.2460000000001,2748.4770000000003
2026-06-05,19:00:00,139.1,29.5,24.64,10.7,49.0,19.21,-1.59,4.85,1312.0,1.028,38.0,0.092,2026-06-05 19:00:00,101.1,90.1,2.302803738317757,674.6349999999999,2672.111
2026-06-05,21:00:00,139.6,29.2,24.6,10.65,50.3,18.99,-1.41,4.78,1294.0,1.024,42.1,0.079,2026-06-05 21:00:00,97.5,89.3,2.3098591549295775,667.288,2651.0039999999995
2026-06-05,23:00:00,140.0,29.0,25.49,10.78,49.1,19.42,-1.66,5.0,1318.0,1.03,41.9,0.081,2026-06-05 23:00:00,98.1,90.9,2.3645640074211505,700.0,2718.8
2026-06-06,01:00:00,140.2,27.2,25.2,10.8,47.4,18.75,-1.44,4.74,1304.0,1.016,41.9,0.106,2026-06-06 01:00:00,98.29999999999998,92.79999999999998,2.333333333333333,664.548,2628.75
2026-06-06,03:00:00,140.2,25.1,24.64,10.76,47.1,19.34,-1.14,4.75,1283.0,1.024,42.8,0.095,2026-06-06 03:00:00,97.39999999999999,93.1,2.2899628252788107,665.9499999999999,2711.468
2026-06-06,05:00:00,140.6,24.2,24.15,10.69,47.9,19.98,-1.15,4.89,1284.0,1.032,44.2,0.09,2026-06-06 05:00:00,96.39999999999999,92.69999999999999,2.2591206735266605,687.5339999999999,2809.188
2026-06-06,07:00:00,140.2,22.7,24.09,10.6,47.2,18.99,-1.04,4.9,1270.0,1.019,42.7,0.1,2026-06-06 07:00:00,97.49999999999999,92.99999999999999,2.2726415094339623,686.98,2662.3979999999997
2026-06-06,09:00:00,140.9,22.0,23.42,10.59,45.3,19.25,-0.74,4.76,1245.0,1.029,44.0,0.1,2026-06-06 09:00:00,96.9,95.60000000000001,2.2115203021718606,670.684,2712.3250000000003
2026-06-06,11:00:00,142.8,22.6,23.11,10.52,46.1,19.45,-0.67,4.86,1230.0,1.032,47.5,0.116,2026-06-06 11:00:00,95.30000000000001,96.70000000000002,2.196768060836502,694.0080000000002,2777.46
2026-06-06,13:00:00,140.7,24.6,24.79,10.49,46.9,19.87,-1.1,4.89,1270.0,1.025,42.7,0.078,2026-06-06 13:00:00,97.99999999999999,93.79999999999998,2.3632030505243087,688.0229999999999,2795.709
2026-06-06,15:00:00,140.5,25.6,23.63,10.47,46.6,19.83,-1.12,4.89,1278.0,1.024,41.3,0.093,2026-06-06 15:00:00,99.2,93.9,2.2569245463228267,687.045,2786.115
2026-06-06,17:00:00,139.7,27.8,24.54,10.37,49.5,20.6,-1.46,4.94,1296.0,1.03,42.1,0.066,2026-06-06 17:00:00,97.6,90.19999999999999,2.3664416586306656,690.118,2877.82
2026-06-06,19:00:00,139.8,28.4,24.43,10.42,48.0,20.43,-1.14,4.86,1268.0,1.024,39.9,0.079,2026-06-06 19:00:00,99.9,91.80000000000001,2.3445297504798464,679.4280000000001,2856.114
2026-06-06,21:00:00,140.6,29.2,24.0,10.73,48.0,19.98,-1.32,5.19,1288.0,1.028,39.2,0.083,2026-06-06 21:00:00,101.39999999999999,92.6,2.2367194780987885,729.714,2809.188
2026-06-06,23:00:00,139.8,26.5,24.35,10.48,48.3,20.19,-1.24,5.02,1294.0,1.03,42.0,0.08,2026-06-06 23:00:00,97.80000000000001,91.50000000000001,2.323473282442748,701.796,2822.5620000000004
2026-06-07,01:00:00,139.7,24.3,24.06,10.51,46.6,20.3,-1.12,4.87,1278.0,1.037,45.1,0.089,2026-06-07 01:00:00,94.6,93.1,2.2892483349191246,680.3389999999999,2835.91
2026-06-07,03:00:00,140.8,21.2,23.11,10.41,46.9,20.02,-0.58,4.96,1231.0,1.028,44.9,0.091,2026-06-07 03:00:00,95.9,93.9,2.2199807877041304,698.368,2818.8160000000003
2026-06-07,05:00:00,140.3,19.0,23.47,10.48,44.3,20.6,-1.16,4.97,1268.0,1.031,45.4,0.09,2026-06-07 05:00:00,94.9,96.00000000000001,2.239503816793893,697.291,2890.1800000000003
2026-06-07,07:00:00,139.6,18.5,23.37,10.48,45.3,19.96,-0.74,5.1,1229.0,1.02,41.6,0.103,2026-06-07 07:00:00,98.0,94.3,2.229961832061069,711.9599999999999,2786.416
2026-06-07,09:00:00,138.3,18.5,23.91,10.56,46.7,20.6,-0.81,4.89,1252.0,1.032,44.9,0.107,2026-06-07 09:00:00,93.4,91.60000000000001,2.2642045454545454,676.287,2848.9800000000005
2026-06-07,11:00:00,139.7,19.5,25.04,10.67,47.5,20.65,-1.66,5.07,1305.0,1.029,45.6,0.075,2026-06-07 11:00:00,94.1,92.19999999999999,2.3467666354264294,708.279,2884.8049999999994
2026-06-07,13:00:00,138.7,21.4,24.96,10.66,46.4,20.36,-1.52,4.98,1323.0,1.03,42.4,0.092,2026-06-07 13:00:00,96.29999999999998,92.29999999999998,2.341463414634146,690.726,2823.932
2026-06-07,15:00:00,138.1,23.7,24.46,10.75,47.1,20.17,-1.35,5.16,1284.0,1.026,42.2,0.098,2026-06-07 15:00:00,95.89999999999999,91.0,2.2753488372093025,712.596,2785.4770000000003
2026-06-07,17:00:00,139.2,25.0,24.26,10.43,48.8,20.76,-1.23,5.06,1294.0,1.028,43.1,0.066,2026-06-07 17:00:00,96.1,90.39999999999999,2.3259827420901247,704.3519999999999,2889.792
2026-06-07,19:00:00,139.0,26.7,24.96,10.59,48.5,19.47,-1.6,4.95,1315.0,1.026,40.0,0.075,2026-06-07 19:00:00,99.0,90.5,2.3569405099150145,688.0500000000001,2706.33
2026-06-07,21:00:00,136.7,27.3,26.56,10.59,49.1,20.61,-1.84,4.88,1348.0,1.021,40.6,0.097,2026-06-07 21:00:00,96.1,87.6,2.508026440037771,667.0959999999999,2817.3869999999997
2026-06-07,23:00:00,138.1,26.6,24.92,10.65,50.0,20.42,-1.19,4.97,1306.0,1.026,43.2,0.074,2026-06-07 23:00:00,94.89999999999999,88.1,2.3399061032863853,686.357,2820.002
2026-06-08,01:00:00,138.4,25.2,24.07,10.44,48.6,20.69,-1.43,4.83,1290.0,1.023,41.6,0.083,2026-06-08 01:00:00,96.80000000000001,89.80000000000001,2.305555555555556,668.4720000000001,2863.496
2026-06-08,03:00:00,139.2,23.4,24.96,10.3,47.0,21.13,-1.43,5.01,1310.0,1.025,42.1,0.065,2026-06-08 03:00:00,97.1,92.19999999999999,2.4233009708737865,697.3919999999999,2941.296
2026-06-08,05:00:00,138.4,22.9,23.53,10.27,47.5,20.9,-1.17,4.8,1270.0,1.029,42.4,0.086,2026-06-08 05:00:00,96.0,90.9,2.2911392405063293,664.32,2892.56
2026-06-08,07:00:00,138.1,21.7,23.78,10.21,48.3,20.59,-1.1,4.72,1279.0,1.027,44.3,0.086,2026-06-08 07:00:00,93.8,89.8,2.329089128305583,651.832,2843.479
2026-06-08,09:00:00,139.1,21.4,22.84,10.19,46.7,20.96,-0.66,4.69,1234.0,1.022,41.8,0.093,2026-06-08 09:00:00,97.3,92.39999999999999,2.241413150147203,652.379,2915.536
2026-06-08,11:00:00,138.3,21.9,23.6,10.25,48.1,20.96,-0.91,4.6,1258.0,1.032,44.0,0.087,2026-06-08 11:00:00,94.30000000000001,90.20000000000002,2.302439024390244,636.18,2898.7680000000005
2026-06-08,13:00:00,139.3,23.0,23.21,9.97,47.5,21.27,-0.61,4.75,1222.0,1.029,42.4,0.076,2026-06-08 13:00:00,96.9,91.80000000000001,2.3279839518555665,661.6750000000001,2962.911
2026-06-08,15:00:00,138.0,24.3,23.44,10.03,50.2,21.2,-0.64,4.58,1237.0,1.025,42.8,0.088,2026-06-08 15:00:00,95.2,87.8,2.3369890329012963,632.04,2925.6
2026-06-08,17:00:00,138.3,25.7,24.16,9.96,51.0,21.56,-1.18,4.79,1271.0,1.036,41.6,0.083,2026-06-08 17:00:00,96.70000000000002,87.30000000000001,2.42570281124498,662.4570000000001,2981.748
2026-06-08,19:00:00,138.9,26.8,23.19,9.88,48.6,20.88,-0.76,4.48,1254.0,1.019,40.8,0.083,2026-06-08 19:00:00,98.10000000000001,90.30000000000001,2.347165991902834,622.272,2900.232
2026-06-08,21:00:00,138.9,27.1,23.0,9.67,49.6,21.52,-0.73,4.6,1239.0,1.035,44.2,0.063,2026-06-08 21:00:00,94.7,89.30000000000001,2.378490175801448,638.9399999999999,2989.128
2026-06-08,23:00:00,139.5,26.2,23.01,9.7,48.3,21.84,-0.69,4.73,1226.0,1.024,40.4,0.068,2026-06-08 23:00:00,99.1,91.2,2.3721649484536087,659.835,3046.68
2026-06-09,01:00:00,137.7,24.0,22.31,9.41,48.0,21.06,-0.45,4.27,1211.0,1.027,42.3,0.11,2026-06-09 01:00:00,95.39999999999999,89.69999999999999,2.3708820403825714,587.9789999999999,2899.9619999999995
2026-06-09,03:00:00,138.5,22.7,22.58,9.5,49.1,21.58,-0.47,4.79,1217.0,1.027,45.9,0.077,2026-06-09 03:00:00,92.6,89.4,2.3768421052631576,663.415,2988.83
2026-06-09,05:00:00,138.9,21.4,22.78,9.34,46.8,21.44,-0.45,4.46,1216.0,1.031,44.6,0.087,2026-06-09 05:00:00,94.30000000000001,92.10000000000001,2.4389721627408996,619.494,2978.016
2026-06-09,07:00:00,137.6,20.3,21.01,9.39,46.5,21.42,-0.45,4.55,1148.0,1.016,40.6,0.119,2026-06-09 07:00:00,97.0,91.1,2.237486687965921,626.0799999999999,2947.3920000000003
2026-06-09,09:00:00,138.9,19.9,21.92,9.42,45.7,21.15,-0.45,4.61,1180.0,1.026,41.9,0.099,2026-06-09 09:00:00,97.0,93.2,2.3269639065817413,640.3290000000001,2937.735
2026-06-09,11:00:00,138.8,21.4,23.15,9.59,47.6,21.17,-0.45,4.67,1212.0,1.025,42.5,0.089,2026-06-09 11:00:00,96.30000000000001,91.20000000000002,2.413972888425443,648.196,2938.3960000000006
2026-06-09,13:00:00,138.4,23.3,22.66,9.59,44.4,21.81,-0.47,4.63,1218.0,1.027,42.2,0.102,2026-06-09 13:00:00,96.2,94.0,2.3628779979144943,640.792,3018.504
2026-06-09,15:00:00,137.5,24.5,23.44,9.55,46.8,20.72,-0.53,4.72,1232.0,1.02,41.4,0.101,2026-06-09 15:00:00,96.1,90.7,2.4544502617801047,649.0,2849.0
2026-06-09,17:00:00,137.2,26.3,23.4,9.55,47.5,20.71,-0.7,4.67,1240.0,1.02,38.3,0.1,2026-06-09 17:00:00,98.89999999999999,89.69999999999999,2.4502617801047117,640.7239999999999,2841.412
2026-06-09,19:00:00,138.0,27.6,22.89,9.74,47.3,20.39,-0.77,4.87,1247.0,1.016,38.8,0.097,2026-06-09 19:00:00,99.2,90.7,2.3501026694045173,672.0600000000001,2813.82
2026-06-09,21:00:00,137.1,27.1,23.05,9.84,48.2,21.3,-0.81,4.76,1248.0,1.018,38.8,0.107,2026-06-09 21:00:00,98.3,88.89999999999999,2.3424796747967482,652.5959999999999,2920.23
2026-06-09,23:00:00,137.7,26.3,23.24,9.83,48.2,20.5,-0.85,4.94,1252.0,1.021,40.3,0.091,2026-06-09 23:00:00,97.39999999999999,89.49999999999999,2.3641912512716172,680.2379999999999,2822.85
2026-06-10,01:00:00,138.3,23.7,23.61,9.84,45.3,20.59,-0.93,4.83,1270.0,1.025,44.8,0.096,2026-06-10 01:00:00,93.50000000000001,93.00000000000001,2.399390243902439,667.989,2847.597
2026-06-10,03:00:00,137.8,22.6,22.96,9.71,47.8,20.56,-0.6,4.49,1229.0,1.02,40.8,0.101,2026-06-10 03:00:00,97.00000000000001,90.00000000000001,2.364572605561277,618.7220000000001,2833.168
2026-06-10,05:00:00,138.1,21.7,23.58,9.82,44.7,20.22,-0.82,5.06,1245.0,1.017,40.7,0.103,2026-06-10 05:00:00,97.39999999999999,93.39999999999999,2.40122199592668,698.786,2792.3819999999996
2026-06-10,07:00:00,138.4,20.5,23.69,9.68,46.6,20.59,-0.8,4.65,1241.0,1.023,41.7,0.091,2026-06-10 07:00:00,96.7,91.80000000000001,2.447314049586777,643.5600000000001,2849.656
2026-06-10,09:00:00,138.9,20.8,24.17,9.83,45.8,21.33,-1.17,4.95,1277.0,1.035,44.9,0.081,2026-06-10 09:00:00,94.0,93.10000000000001,2.458799593082401,687.5550000000001,2962.737
2026-06-10,11:00:00,139.5,20.3,23.24,9.9,45.2,20.87,-0.89,4.8,1246.0,1.04,44.1,0.085,2026-06-10 11:00:00,95.4,94.3,2.347474747474747,669.6,2911.3650000000002
2026-06-10,13:00:00,139.5,21.4,23.67,10.2,45.7,19.73,-1.28,5.0,1288.0,1.022,42.2,0.089,2026-06-10 13:00:00,97.3,93.8,2.320588235294118,697.5,2752.335
2026-06-10,15:00:00,139.3,23.5,24.62,10.07,46.7,20.38,-1.24,4.77,1299.0,1.023,42.5,0.075,2026-06-10 15:00:00,96.80000000000001,92.60000000000001,2.444885799404171,664.461,2838.934
2026-06-10,17:00:00,139.5,24.8,24.24,10.06,47.4,19.86,-1.19,4.93,1282.0,1.026,41.4,0.079,2026-06-10 17:00:00,98.1,92.1,2.409542743538767,687.735,2770.47
2026-06-10,19:00:00,139.7,26.5,24.64,10.27,47.2,19.31,-1.27,4.88,1296.0,1.028,42.4,0.088,2026-06-10 19:00:00,97.29999999999998,92.49999999999999,2.3992210321324245,681.7359999999999,2697.6069999999995
2026-06-10,21:00:00,139.0,27.9,25.53,10.37,48.3,20.17,-1.64,5.12,1304.0,1.025,45.3,0.072,2026-06-10 21:00:00,93.7,90.7,2.461909353905497,711.6800000000001,2803.63
2026-06-10,23:00:00,139.5,26.2,24.92,10.25,47.5,20.36,-1.25,4.96,1292.0,1.018,43.1,0.065,2026-06-10 23:00:00,96.4,92.0,2.4312195121951223,691.92,2840.22
2026-06-11,01:00:00,139.7,24.0,24.94,10.24,46.7,20.34,-1.39,5.02,1300.0,1.028,43.1,0.08,2026-06-11 01:00:00,96.6,92.99999999999999,2.435546875,701.2939999999999,2841.4979999999996
2026-06-11,03:00:00,138.9,22.2,23.83,10.21,46.7,19.86,-1.16,4.64,1277.0,1.032,42.0,0.089,2026-06-11 03:00:00,96.9,92.2,2.333986287952987,644.496,2758.554
2026-06-11,05:00:00,139.8,21.6,23.88,10.22,46.5,19.99,-1.06,4.89,1272.0,1.032,42.0,0.082,2026-06-11 05:00:00,97.80000000000001,93.30000000000001,2.3365949119373775,683.622,2794.602
2026-06-11,07:00:00,140.0,19.8,23.13,10.12,46.7,20.45,-0.69,4.92,1233.0,1.03,46.1,0.087,2026-06-11 07:00:00,93.9,93.3,2.2855731225296445,688.8,2863.0
2026-06-11,09:00:00,139.8,20.0,22.89,10.1,47.6,20.37,-0.81,4.89,1233.0,1.036,45.9,0.087,2026-06-11 09:00:00,93.9,92.20000000000002,2.2663366336633666,683.622,2847.7260000000006
2026-06-11,11:00:00,139.3,22.3,24.52,9.93,48.2,20.32,-1.18,4.94,1289.0,1.026,43.1,0.067,2026-06-11 11:00:00,96.20000000000002,91.10000000000001,2.4692849949647533,688.1420000000002,2830.5760000000005
2026-06-11,13:00:00,138.7,23.0,23.6,9.98,50.0,19.88,-0.8,4.78,1248.0,1.023,44.9,0.077,2026-06-11 13:00:00,93.79999999999998,88.69999999999999,2.364729458917836,662.986,2757.3559999999998
2026-06-11,15:00:00,139.8,24.3,23.01,10.06,47.1,20.44,-0.78,4.84,1244.0,1.026,43.0,0.077,2026-06-11 15:00:00,96.80000000000001,92.70000000000002,2.28727634194831,676.6320000000001,2857.5120000000006
2026-06-11,17:00:00,139.4,25.9,24.78,10.07,49.7,20.82,-1.33,4.96,1288.0,1.033,44.0,0.064,2026-06-11 17:00:00,95.4,89.7,2.4607745779543198,691.424,2902.308
2026-06-11,19:00:00,137.7,26.7,23.79,9.93,49.7,20.22,-1.08,4.51,1262.0,1.024,41.2,0.091,2026-06-11 19:00:00,96.49999999999999,87.99999999999999,2.395770392749245,621.0269999999999,2784.2939999999994
2026-06-11,21:00:00,138.9,27.4,23.48,10.11,50.5,20.72,-1.06,4.88,1275.0,1.023,41.5,0.066,2026-06-11 21:00:00,97.4,88.4,2.3224530168150346,677.832,2878.008
2026-06-11,23:00:00,137.8,26.6,23.76,10.21,50.2,20.56,-0.81,4.77,1260.0,1.023,39.6,0.093,2026-06-11 23:00:00,98.20000000000002,87.60000000000001,2.327130264446621,657.306,2833.168
2026-06-12,01:00:00,138.7,23.8,23.44,10.18,48.7,20.79,-0.72,4.69,1240.0,1.028,42.5,0.088,2026-06-12 01:00:00,96.19999999999999,89.99999999999999,2.302554027504912,650.503,2883.573
2026-06-12,03:00:00,138.9,22.2,23.6,10.21,48.5,20.84,-0.81,4.83,1236.0,1.03,44.8,0.081,2026-06-12 03:00:00,94.10000000000001,90.4,2.3114593535749264,670.8870000000001,2894.676
2026-06-12,05:00:00,139.1,20.1,22.33,10.12,47.1,20.45,-0.45,4.9,1200.0,1.028,43.3,0.099,2026-06-12 05:00:00,95.8,92.0,2.2065217391304346,681.59,2844.595
2026-06-12,07:00:00,140.2,20.1,23.22,10.1,48.1,20.2,-0.55,4.86,1222.0,1.032,45.9,0.076,2026-06-12 07:00:00,94.29999999999998,92.1,2.299009900990099,681.372,2832.0399999999995
2026-06-12,09:00:00,138.5,19.7,23.17,10.15,45.8,20.57,-0.55,4.72,1230.0,1.03,42.0,0.099,2026-06-12 09:00:00,96.5,92.7,2.282758620689655,653.7199999999999,2848.945
2026-06-12,11:00:00,140.0,20.5,23.62,10.39,48.0,20.85,-1.01,4.89,1272.0,1.032,46.3,0.077,2026-06-12 11:00:00,93.7,92.0,2.273339749759384,684.5999999999999,2919.0
2026-06-12,13:00:00,141.0,22.7,23.15,10.39,47.9,20.39,-1.08,4.88,1252.0,1.03,45.3,0.083,2026-06-12 13:00:00,95.7,93.1,2.228103946102021,688.08,2874.9900000000002
2026-06-12,15:00:00,140.3,25.4,23.55,10.54,48.1,20.22,-0.58,4.78,1228.0,1.027,41.4,0.099,2026-06-12 15:00:00,98.9,92.20000000000002,2.2343453510436433,670.6340000000001,2836.866
2026-06-12,17:00:00,139.6,27.5,24.72,10.53,48.7,19.87,-1.26,4.7,1281.0,1.029,41.5,0.085,2026-06-12 17:00:00,98.1,90.89999999999999,2.347578347578348,656.12,2773.852
2026-06-12,19:00:00,139.1,27.4,25.69,10.61,48.6,21.06,-1.9,4.72,1338.0,1.021,43.3,0.075,2026-06-12 19:00:00,95.8,90.5,2.4213006597549485,656.5519999999999,2929.446
2026-06-12,21:00:00,139.5,27.9,25.5,10.63,49.7,20.74,-1.52,4.9,1310.0,1.031,40.3,0.063,2026-06-12 21:00:00,99.2,89.8,2.398871119473189,683.5500000000001,2893.2299999999996
2026-06-12,23:00:00,140.1,26.2,24.74,10.76,50.6,20.61,-1.15,4.82,1281.0,1.036,41.8,0.068,2026-06-12 23:00:00,98.3,89.5,2.299256505576208,675.282,2887.461
2026-06-13,01:00:00,139.7,24.7,25.02,10.71,48.4,20.76,-1.52,4.69,1301.0,1.03,43.3,0.071,2026-06-13 01:00:00,96.39999999999999,91.29999999999998,2.3361344537815123,655.193,2900.172
2026-06-13,03:00:00,139.8,21.8,23.53,10.54,46.0,20.82,-0.88,4.57,1260.0,1.035,47.2,0.102,2026-06-13 03:00:00,92.60000000000001,93.80000000000001,2.2324478178368126,638.8860000000001,2910.6360000000004
2026-06-13,05:00:00,140.6,20.5,24.0,10.4,46.4,20.69,-0.7,4.85,1241.0,1.026,44.4,0.082,2026-06-13 05:00:00,96.19999999999999,94.19999999999999,2.3076923076923075,681.91,2909.014
2026-06-13,07:00:00,140.4,19.0,23.88,10.38,45.9,20.75,-0.88,4.68,1254.0,1.035,46.5,0.086,2026-06-13 07:00:00,93.9,94.5,2.3005780346820806,657.072,2913.3
2026-06-13,09:00:00,141.0,18.5,23.61,10.26,44.4,20.78,-0.98,4.77,1258.0,1.027,46.5,0.094,2026-06-13 09:00:00,94.5,96.6,2.301169590643275,672.5699999999999,2929.98
2026-06-13,11:00:00,140.3,20.0,23.03,10.34,44.5,21.76,-0.75,4.9,1235.0,1.03,44.2,0.086,2026-06-13 11:00:00,96.10000000000001,95.80000000000001,2.2272727272727275,687.4700000000001,3052.9280000000003
2026-06-13,13:00:00,139.8,22.2,23.85,10.3,46.0,21.06,-0.84,4.59,1258.0,1.032,44.2,0.079,2026-06-13 13:00:00,95.60000000000001,93.80000000000001,2.3155339805825244,641.682,2944.188
2026-06-13,15:00:00,140.4,24.0,24.15,10.57,47.2,20.39,-1.47,4.81,1300.0,1.025,43.1,0.083,2026-06-13 15:00:00,97.30000000000001,93.2,2.2847682119205297,675.324,2862.7560000000003
2026-06-13,17:00:00,140.1,26.8,24.85,10.33,46.0,20.95,-1.26,4.76,1296.0,1.021,41.8,0.08,2026-06-13 17:00:00,98.3,94.1,2.405614714424008,666.876,2935.095
2026-06-13,19:00:00,141.3,27.7,24.69,10.34,47.0,20.39,-1.54,4.84,1315.0,1.023,40.5,0.074,2026-06-13 19:00:00,100.80000000000001,94.30000000000001,2.387814313346228,683.892,2881.1070000000004
2026-06-13,21:00:00,140.5,27.8,24.35,10.2,48.1,21.4,-1.17,4.92,1280.0,1.025,42.8,0.06,2026-06-13 21:00:00,97.7,92.4,2.3872549019607847,691.26,3006.7
2026-06-13,23:00:00,138.7,27.0,24.64,10.14,47.5,20.67,-1.59,4.61,1308.0,1.025,42.7,0.08,2026-06-13 23:00:00,95.99999999999999,91.19999999999999,2.4299802761341223,639.407,2866.929
2026-06-14,01:00:00,140.4,24.8,23.76,10.16,48.1,21.02,-0.99,4.86,1264.0,1.024,43.8,0.061,2026-06-14 01:00:00,96.60000000000001,92.30000000000001,2.3385826771653546,682.344,2951.208
2026-06-14,03:00:00,140.4,23.2,24.2,9.9,45.5,21.45,-1.25,4.87,1294.0,1.035,45.8,0.065,2026-06-14 03:00:00,94.60000000000001,94.9,2.444444444444444,683.748,3011.58
2026-06-14,05:00:00,139.9,21.1,22.89,9.96,48.1,21.1,-0.66,4.75,1224.0,1.029,45.7,0.075,2026-06-14 05:00:00,94.2,91.80000000000001,2.298192771084337,664.525,2951.8900000000003
2026-06-14,07:00:00,139.3,19.8,23.94,10.2,44.8,20.69,-0.68,4.82,1237.0,1.03,44.1,0.089,2026-06-14 07:00:00,95.20000000000002,94.50000000000001,2.347058823529412,671.426,2882.117
2026-06-14,09:00:00,141.0,20.8,24.33,10.15,44.9,20.67,-0.99,4.89,1263.0,1.021,44.4,0.081,2026-06-14 09:00:00,96.6,96.1,2.3970443349753694,689.49,2914.4700000000003
2026-06-14,11:00:00,139.5,21.2,24.46,10.18,46.7,20.55,-1.27,4.9,1285.0,1.025,43.5,0.08,2026-06-14 11:00:00,96.0,92.8,2.4027504911591357,683.5500000000001,2866.725
2026-06-14,13:00:00,140.8,21.5,23.88,10.3,46.1,20.19,-0.92,4.96,1264.0,1.034,42.6,0.084,2026-06-14 13:00:00,98.20000000000002,94.70000000000002,2.3184466019417473,698.368,2842.7520000000004
2026-06-14,15:00:00,140.5,24.8,24.5,10.27,48.1,20.22,-1.33,4.96,1279.0,1.024,43.3,0.07,2026-06-14 15:00:00,97.2,92.4,2.385589094449854,696.88,2840.91
2026-06-14,17:00:00,140.5,28.3,24.58,10.2,49.2,20.92,-1.13,4.77,1278.0,1.029,42.9,0.068,2026-06-14 17:00:00,97.6,91.3,2.4098039215686273,670.185,2939.26
2026-06-14,19:00:00,141.8,29.1,23.2,9.95,49.5,20.58,-0.69,4.96,1249.0,1.04,45.8,0.069,2026-06-14 19:00:00,96.00000000000001,92.30000000000001,2.3316582914572863,703.3280000000001,2918.244
2026-06-14,21:00:00,141.4,27.8,23.62,10.07,48.8,20.16,-0.77,5.01,1255.0,1.028,44.0,0.074,2026-06-14 21:00:00,97.4,92.60000000000001,2.34558093346574,708.414,2850.6240000000003
2026-06-14,23:00:00,140.8,26.6,22.57,10.08,49.6,20.2,-0.62,4.9,1235.0,1.033,41.9,0.071,2026-06-14 23:00:00,98.9,91.20000000000002,2.2390873015873014,689.9200000000001,2844.1600000000003
2026-06-15,01:00:00,141.3,24.7,23.25,10.0,48.6,20.81,-0.55,4.68,1220.0,1.022,42.3,0.066,2026-06-15 01:00:00,99.00000000000001,92.70000000000002,2.325,661.284,2940.453
2026-06-15,03:00:00,140.6,22.6,24.06,10.04,49.3,20.57,-0.82,4.85,1241.0,1.027,44.7,0.066,2026-06-15 03:00:00,95.89999999999999,91.3,2.396414342629482,681.91,2892.142
2026-06-15,05:00:00,141.4,20.2,22.45,10.0,47.6,20.54,-0.45,4.88,1200.0,1.031,47.4,0.081,2026-06-15 05:00:00,94.0,93.80000000000001,2.245,690.032,2904.356
2026-06-15,07:00:00,140.3,19.7,22.15,9.97,46.9,20.26,-0.46,4.7,1222.0,1.026,44.8,0.086,2026-06-15 07:00:00,95.50000000000001,93.4,2.2216649949849545,659.4100000000001,2842.4780000000005
2026-06-15,09:00:00,140.6,20.2,22.62,10.06,46.5,20.43,-0.45,4.81,1199.0,1.032,46.1,0.083,2026-06-15 09:00:00,94.5,94.1,2.2485089463220675,676.286,2872.4579999999996
2026-06-15,11:00:00,140.9,20.3,22.59,9.91,47.7,20.14,-0.47,4.65,1223.0,1.021,45.3,0.084,2026-06-15 11:00:00,95.60000000000001,93.2,2.279515640766902,655.1850000000001,2837.726
2026-06-15,13:00:00,141.5,22.7,22.78,10.04,47.5,20.11,-0.45,4.91,1227.0,1.025,46.1,0.082,2026-06-15 13:00:00,95.4,94.0,2.268924302788845,694.765,2845.565
2026-06-15,15:00:00,139.8,26.2,24.18,9.87,48.4,20.72,-1.07,4.81,1271.0,1.03,40.3,0.062,2026-06-15 15:00:00,99.50000000000001,91.4,2.4498480243161094,672.438,2896.656
2026-06-15,17:00:00,140.4,28.1,23.77,9.79,50.3,20.76,-1.05,4.56,1260.0,1.03,45.2,0.054,2026-06-15 17:00:00,95.2,90.10000000000001,2.4279877425944845,640.2239999999999,2914.704
2026-06-15,19:00:00,140.1,28.9,24.26,10.01,48.6,19.87,-1.38,4.84,1291.0,1.026,39.9,0.062,2026-06-15 19:00:00,100.19999999999999,91.5,2.423576423576424,678.084,2783.787
2026-06-15,21:00:00,141.0,28.8,23.57,10.09,51.0,19.83,-0.89,4.79,1262.0,1.036,44.0,0.069,2026-06-15 21:00:00,97.0,90.0,2.33597621407334,675.39,2796.0299999999997
2026-06-15,23:00:00,140.0,28.1,24.11,10.04,49.7,20.23,-1.11,4.84,1275.0,1.018,41.7,0.063,2026-06-15 23:00:00,98.3,90.3,2.4013944223107573,677.6,2832.2000000000003
2026-06-16,01:00:00,139.2,25.2,23.11,9.87,48.5,20.99,-0.64,4.68,1239.0,1.012,42.4,0.068,2026-06-16 01:00:00,96.79999999999998,90.69999999999999,2.341438703140831,651.4559999999999,2921.8079999999995
2026-06-16,03:00:00,139.5,23.3,22.86,9.77,47.0,19.85,-0.75,4.6,1240.0,1.033,42.6,0.085,2026-06-16 03:00:00,96.9,92.5,2.339815762538383,641.6999999999999,2769.0750000000003
2026-06-16,05:00:00,138.8,21.3,23.04,9.74,47.8,20.67,-0.61,4.58,1236.0,1.021,44.0,0.084,2026-06-16 05:00:00,94.80000000000001,91.00000000000001,2.3655030800821355,635.7040000000001,2868.9960000000005
2026-06-16,07:00:00,139.8,21.5,23.15,9.71,47.0,20.15,-0.64,4.59,1231.0,1.028,44.8,0.073,2026-06-16 07:00:00,95.00000000000001,92.80000000000001,2.3841400617919666,641.682,2816.9700000000003
2026-06-16,09:00:00,139.2,21.4,22.77,9.67,46.3,20.49,-0.59,4.64,1222.0,1.02,45.1,0.091,2026-06-16 09:00:00,94.1,92.89999999999999,2.3547052740434333,645.8879999999999,2852.2079999999996
2026-06-16,11:00:00,139.1,23.5,22.49,9.64,47.4,20.65,-0.62,4.63,1230.0,1.016,44.9,0.089,2026-06-16 11:00:00,94.19999999999999,91.69999999999999,2.3329875518672196,644.033,2872.4149999999995
2026-06-16,13:00:00,139.2,24.4,23.06,9.6,46.0,20.72,-0.59,4.57,1217.0,1.024,42.8,0.09,2026-06-16 13:00:00,96.39999999999999,93.19999999999999,2.402083333333333,636.144,2884.2239999999997
2026-06-16,15:00:00,138.3,26.9,22.34,9.43,46.5,20.91,-0.59,4.5,1246.0,1.026,43.1,0.091,2026-06-16 15:00:00,95.20000000000002,91.80000000000001,2.369034994697773,622.35,2891.853
2026-06-16,17:00:00,137.9,28.8,23.99,9.4,47.3,21.18,-1.2,4.5,1284.0,1.018,40.0,0.076,2026-06-16 17:00:00,97.9,90.60000000000001,2.552127659574468,620.5500000000001,2920.722
2026-06-16,19:00:00,139.8,29.2,23.25,9.54,48.5,20.89,-0.79,4.86,1252.0,1.014,43.0,0.071,2026-06-16 19:00:00,96.80000000000001,91.30000000000001,2.4371069182389937,679.4280000000001,2920.4220000000005
2026-06-16,21:00:00,138.1,29.3,23.47,9.41,48.2,20.75,-0.89,4.44,1251.0,1.023,40.4,0.082,2026-06-16 21:00:00,97.69999999999999,89.89999999999999,2.4941551540913918,613.164,2865.575
2026-06-16,23:00:00,138.0,29.0,24.85,9.45,48.8,21.55,-1.54,4.47,1307.0,1.029,39.6,0.076,2026-06-16 23:00:00,98.4,89.2,2.6296296296296298,616.86,2973.9
2026-06-17,01:00:00,140.3,26.9,23.82,9.42,46.6,21.62,-0.88,4.92,1252.0,1.018,43.0,0.056,2026-06-17 01:00:00,97.30000000000001,93.70000000000002,2.5286624203821657,690.2760000000001,3033.2860000000005
2026-06-17,03:00:00,139.6,23.7,23.29,9.51,46.9,21.61,-0.8,4.6,1256.0,1.03,44.1,0.067,2026-06-17 03:00:00,95.5,92.69999999999999,2.4490010515247107,642.16,3016.756
2026-06-17,05:00:00,138.1,21.9,23.67,9.54,45.8,20.8,-0.9,4.39,1252.0,1.025,42.5,0.095,2026-06-17 05:00:00,95.6,92.3,2.4811320754716983,606.2589999999999,2872.48
2026-06-17,07:00:00,139.2,20.3,23.6,9.78,44.8,21.22,-0.94,4.72,1253.0,1.019,44.7,0.087,2026-06-17 07:00:00,94.49999999999999,94.39999999999999,2.4130879345603273,657.0239999999999,2953.8239999999996
2026-06-17,09:00:00,138.9,20.1,22.11,9.89,45.8,21.28,-0.45,4.54,1214.0,1.033,45.1,0.093,2026-06-17 09:00:00,93.80000000000001,93.10000000000001,2.235591506572295,630.606,2955.7920000000004
2026-06-17,11:00:00,140.6,21.2,23.8,9.79,45.8,20.84,-0.65,4.74,1235.0,1.029,44.9,0.075,2026-06-17 11:00:00,95.69999999999999,94.8,2.4310520939734426,666.444,2930.104
2026-06-17,13:00:00,140.1,22.0,22.25,9.93,45.7,21.09,-0.45,4.64,1216.0,1.021,39.6,0.083,2026-06-17 13:00:00,100.5,94.39999999999999,2.2406847935548844,650.064,2954.709
2026-06-17,15:00:00,139.0,23.1,24.51,9.9,46.7,21.13,-1.23,4.62,1290.0,1.035,45.6,0.082,2026-06-17 15:00:00,93.4,92.3,2.475757575757576,642.1800000000001,2937.0699999999997
2026-06-17,17:00:00,140.2,25.5,23.06,9.9,47.4,21.85,-0.5,4.88,1224.0,1.027,42.8,0.067,2026-06-17 17:00:00,97.39999999999999,92.79999999999998,2.329292929292929,684.1759999999999,3063.37
2026-06-17,19:00:00,138.7,26.4,23.37,10.0,47.7,21.8,-0.66,4.79,1239.0,1.029,40.6,0.076,2026-06-17 19:00:00,98.1,90.99999999999999,2.337,664.3729999999999,3023.66
2026-06-17,21:00:00,139.2,24.9,22.89,10.0,47.3,20.57,-0.7,4.85,1229.0,1.035,40.6,0.091,2026-06-17 21:00:00,98.6,91.89999999999999,2.289,675.1199999999999,2863.3439999999996
2026-06-17,23:00:00,139.3,24.7,23.27,10.15,46.7,21.89,-0.64,4.83,1224.0,1.028,42.3,0.069,2026-06-17 23:00:00,97.00000000000001,92.60000000000001,2.2926108374384233,672.8190000000001,3049.2770000000005
2026-06-18,01:00:00,139.1,23.3,23.32,10.09,47.6,20.77,-1.06,4.72,1265.0,1.028,42.2,0.08,2026-06-18 01:00:00,96.89999999999999,91.5,2.311199207135778,656.5519999999999,2889.107
2026-06-18,03:00:00,138.8,21.0,23.97,10.06,46.4,21.49,-1.17,4.86,1271.0,1.024,42.8,0.08,2026-06-18 03:00:00,96.00000000000001,92.4,2.382703777335984,674.5680000000001,2982.812
2026-06-18,05:00:00,139.2,18.6,22.35,10.03,45.7,21.53,-0.45,4.93,1206.0,1.034,43.8,0.089,2026-06-18 05:00:00,95.39999999999999,93.49999999999999,2.2283150548354937,686.2559999999999,2996.976
2026-06-18,07:00:00,138.8,18.5,21.93,10.01,46.5,20.86,-0.45,4.81,1189.0,1.023,45.2,0.09,2026-06-18 07:00:00,93.60000000000001,92.30000000000001,2.190809190809191,667.628,2895.368
2026-06-18,09:00:00,138.9,18.9,22.19,10.17,47.5,21.2,-0.45,5.06,1181.0,1.03,47.8,0.092,2026-06-18 09:00:00,91.10000000000001,91.4,2.1819075712881024,702.834,2944.68
2026-06-18,11:00:00,138.3,21.6,23.59,10.25,48.0,20.89,-0.88,4.97,1234.0,1.028,44.5,0.088,2026-06-18 11:00:00,93.80000000000001,90.30000000000001,2.301463414634146,687.351,2889.0870000000004
2026-06-18,13:00:00,138.1,23.7,23.52,10.44,48.2,20.91,-0.68,4.95,1251.0,1.027,43.9,0.098,2026-06-18 13:00:00,94.19999999999999,89.89999999999999,2.2528735632183907,683.595,2887.671
2026-06-18,15:00:00,138.4,26.1,24.31,10.66,48.9,20.53,-1.1,5.01,1267.0,1.022,41.0,0.095,2026-06-18 15:00:00,97.4,89.5,2.2804878048780486,693.384,2841.3520000000003
2026-06-18,17:00:00,138.3,27.8,24.42,10.48,50.4,21.04,-1.06,4.97,1285.0,1.03,41.5,0.076,2026-06-18 17:00:00,96.80000000000001,87.9,2.3301526717557253,687.351,2909.8320000000003
2026-06-18,19:00:00,137.9,29.4,24.35,10.45,48.5,20.65,-1.45,4.8,1297.0,1.023,40.4,0.092,2026-06-18 19:00:00,97.5,89.4,2.330143540669857,661.92,2847.6349999999998
2026-06-18,21:00:00,137.4,29.7,24.46,10.3,51.2,20.71,-1.37,4.91,1294.0,1.012,38.8,0.086,2026-06-18 21:00:00,98.60000000000001,86.2,2.374757281553398,674.634,2845.554
2026-06-18,23:00:00,137.6,29.4,24.14,10.21,48.9,21.21,-1.34,4.93,1281.0,1.027,39.1,0.086,2026-06-18 23:00:00,98.5,88.69999999999999,2.364348677766895,678.3679999999999,2918.496
2026-06-19,01:00:00,138.4,27.2,23.48,10.15,48.7,21.05,-0.88,4.84,1258.0,1.034,42.4,0.081,2026-06-19 01:00:00,96.0,89.7,2.3133004926108374,669.856,2913.32
2026-06-19,03:00:00,139.2,24.8,24.31,10.07,48.6,21.15,-1.24,4.91,1279.0,1.027,44.6,0.068,2026-06-19 03:00:00,94.6,90.6,2.414101290963257,683.472,2944.0799999999995
2026-06-19,05:00:00,138.5,22.6,23.77,10.0,50.1,20.69,-1.01,4.86,1258.0,1.033,43.5,0.077,2026-06-19 05:00:00,95.0,88.4,2.377,673.11,2865.565
2026-06-19,07:00:00,138.6,22.0,23.56,10.06,49.5,20.45,-1.21,4.95,1277.0,1.023,41.7,0.07,2026-06-19 07:00:00,96.89999999999999,89.1,2.341948310139165,686.07,2834.37
2026-06-19,09:00:00,139.0,23.0,23.58,9.99,48.8,20.64,-1.06,4.92,1279.0,1.022,42.9,0.08,2026-06-19 09:00:00,96.1,90.2,2.3603603603603602,683.88,2868.96
2026-06-19,11:00:00,138.3,23.6,23.75,10.17,48.6,20.37,-0.8,4.89,1252.0,1.019,40.2,0.089,2026-06-19 11:00:00,98.10000000000001,89.70000000000002,2.335299901671583,676.287,2817.1710000000003
2026-06-19,13:00:00,139.3,25.0,23.46,10.14,47.0,20.84,-0.78,4.69,1259.0,1.034,42.6,0.084,2026-06-19 13:00:00,96.70000000000002,92.30000000000001,2.3136094674556213,653.3170000000001,2903.012
2026-06-19,15:00:00,139.5,27.2,24.82,10.53,49.1,20.42,-1.42,5.15,1299.0,1.035,42.6,0.059,2026-06-19 15:00:00,96.9,90.4,2.3570750237416904,718.4250000000001,2848.59
2026-06-19,17:00:00,138.5,28.7,25.02,10.52,48.8,19.99,-1.38,4.9,1301.0,1.028,40.2,0.083,2026-06-19 17:00:00,98.3,89.7,2.3783269961977185,678.6500000000001,2768.615
2026-06-19,19:00:00,138.8,30.3,25.24,10.57,48.8,20.44,-1.93,4.91,1343.0,1.021,40.7,0.069,2026-06-19 19:00:00,98.10000000000001,90.00000000000001,2.387890255439924,681.508,2837.0720000000006
2026-06-19,21:00:00,138.6,28.8,24.75,10.46,49.0,20.49,-1.64,4.84,1324.0,1.03,41.3,0.08,2026-06-19 21:00:00,97.3,89.6,2.366156787762906,670.824,2839.9139999999998
2026-06-19,23:00:00,139.3,27.2,26.24,10.71,47.9,19.77,-1.87,4.87,1340.0,1.023,42.2,0.085,2026-06-19 23:00:00,97.10000000000001,91.4,2.4500466853408027,678.3910000000001,2753.9610000000002
2026-06-20,01:00:00,139.1,25.0,25.41,10.86,48.2,19.19,-1.58,5.13,1322.0,1.028,40.5,0.094,2026-06-20 01:00:00,98.6,90.89999999999999,2.339779005524862,713.583,2669.329
2026-06-20,03:00:00,139.3,21.5,24.72,10.89,44.8,19.95,-1.32,5.11,1302.0,1.026,43.0,0.098,2026-06-20 03:00:00,96.30000000000001,94.50000000000001,2.2699724517906334,711.8230000000001,2779.0350000000003
2026-06-20,05:00:00,139.1,19.3,24.48,10.74,45.6,19.51,-1.3,4.95,1301.0,1.028,44.8,0.098,2026-06-20 05:00:00,94.3,93.5,2.2793296089385473,688.545,2713.841
2026-06-20,07:00:00,138.1,18.5,24.25,10.78,44.5,19.5,-1.26,4.88,1284.0,1.028,45.8,0.11,2026-06-20 07:00:00,92.3,93.6,2.249536178107607,673.928,2692.95
2026-06-20,09:00:00,138.7,18.5,23.64,10.66,44.8,19.44,-0.94,4.93,1268.0,1.019,43.5,0.097,2026-06-20 09:00:00,95.19999999999999,93.89999999999999,2.217636022514071,683.7909999999999,2696.328
2026-06-20,11:00:00,138.4,20.1,25.21,10.84,45.7,19.03,-1.44,4.89,1305.0,1.022,44.0,0.096,2026-06-20 11:00:00,94.4,92.7,2.3256457564575648,676.776,2633.7520000000004
2026-06-20,13:00:00,137.3,21.9,24.27,10.9,45.1,18.74,-1.26,4.86,1288.0,1.026,42.5,0.114,2026-06-20 13:00:00,94.80000000000001,92.20000000000002,2.226605504587156,667.2780000000001,2573.002
2026-06-20,15:00:00,138.3,23.5,24.8,10.87,46.5,19.49,-1.26,4.91,1282.0,1.022,41.6,0.102,2026-06-20 15:00:00,96.70000000000002,91.80000000000001,2.2815087396504143,679.0530000000001,2695.467
2026-06-20,17:00:00,137.9,25.4,23.83,10.56,46.8,19.33,-1.04,4.74,1265.0,1.03,42.3,0.103,2026-06-20 17:00:00,95.60000000000001,91.10000000000001,2.2566287878787876,653.6460000000001,2665.607
2026-06-20,19:00:00,138.0,27.4,24.2,10.44,47.0,20.81,-1.15,4.79,1293.0,1.032,42.3,0.094,2026-06-20 19:00:00,95.7,91.0,2.318007662835249,661.02,2871.7799999999997
2026-06-20,21:00:00,137.9,26.9,24.59,10.51,47.0,19.28,-1.35,4.8,1301.0,1.019,42.3,0.097,2026-06-20 21:00:00,95.60000000000001,90.9,2.339676498572788,661.92,2658.7120000000004
2026-06-20,23:00:00,138.4,25.4,23.24,10.61,47.0,19.11,-1.04,4.86,1273.0,1.019,41.7,0.107,2026-06-20 23:00:00,96.7,91.4,2.190386427898209,672.624,2644.824
2026-06-21,01:00:00,138.6,24.2,24.56,10.68,46.2,19.67,-1.32,4.73,1293.0,1.03,45.4,0.105,2026-06-21 01:00:00,93.19999999999999,92.39999999999999,2.299625468164794,655.5780000000001,2726.262
2026-06-21,03:00:00,137.9,22.1,22.73,10.43,46.4,20.32,-0.45,4.84,1213.0,1.033,41.1,0.113,2026-06-21 03:00:00,96.80000000000001,91.5,2.1792905081495686,667.436,2802.128
2026-06-21,05:00:00,138.0,20.9,23.68,10.42,46.0,19.85,-0.64,4.64,1240.0,1.026,45.7,0.11,2026-06-21 05:00:00,92.3,92.0,2.272552783109405,640.3199999999999,2739.3
2026-06-21,07:00:00,138.9,20.0,22.7,10.48,45.6,19.99,-0.75,4.7,1238.0,1.031,44.7,0.109,2026-06-21 07:00:00,94.2,93.30000000000001,2.166030534351145,652.83,2776.611
2026-06-21,09:00:00,138.9,20.6,23.27,10.22,47.7,19.46,-0.53,4.66,1218.0,1.022,45.6,0.096,2026-06-21 09:00:00,93.30000000000001,91.2,2.2769080234833656,647.274,2702.994
2026-06-21,11:00:00,138.8,21.0,24.41,10.19,47.0,19.94,-1.14,4.59,1276.0,1.023,43.1,0.087,2026-06-21 11:00:00,95.70000000000002,91.80000000000001,2.395485770363101,637.092,2767.6720000000005
2026-06-21,13:00:00,140.9,22.9,23.8,10.18,47.1,19.85,-0.74,4.85,1241.0,1.032,45.7,0.084,2026-06-21 13:00:00,95.2,93.80000000000001,2.3379174852652262,683.365,2796.8650000000002
2026-06-21,15:00:00,139.4,24.9,23.38,10.12,48.3,19.68,-0.82,4.6,1243.0,1.027,44.6,0.092,2026-06-21 15:00:00,94.80000000000001,91.10000000000001,2.3102766798418974,641.24,2743.3920000000003
2026-06-21,17:00:00,139.8,26.0,23.83,9.89,47.8,20.68,-0.8,4.6,1249.0,1.026,41.0,0.083,2026-06-21 17:00:00,98.80000000000001,92.00000000000001,2.409504550050556,643.08,2891.0640000000003
2026-06-21,19:00:00,140.0,26.2,22.2,9.86,48.5,19.93,-0.45,4.84,1215.0,1.025,42.1,0.084,2026-06-21 19:00:00,97.9,91.5,2.2515212981744424,677.6,2790.2
2026-06-21,21:00:00,139.1,26.9,23.57,9.84,48.9,20.33,-0.87,4.63,1243.0,1.021,38.5,0.079,2026-06-21 21:00:00,100.6,90.19999999999999,2.3953252032520327,644.033,2827.903
2026-06-21,23:00:00,139.6,25.8,23.72,9.85,48.0,20.65,-1.16,4.69,1273.0,1.026,42.3,0.065,2026-06-21 23:00:00,97.3,91.6,2.4081218274111675,654.724,2882.74
2026-06-22,01:00:00,140.2,23.5,22.58,9.81,48.8,20.64,-0.69,4.59,1236.0,1.032,42.8,0.068,2026-06-22 01:00:00,97.39999999999999,91.39999999999999,2.3017329255861365,643.5179999999999,2893.728
2026-06-22,03:00:00,140.6,21.6,22.55,9.79,47.7,21.14,-0.6,4.82,1226.0,1.028,44.7,0.072,2026-06-22 03:00:00,95.89999999999999,92.89999999999999,2.303370786516854,677.692,2972.284
2026-06-22,05:00:00,140.4,20.8,23.82,9.83,47.6,21.12,-0.84,4.85,1266.0,1.039,49.8,0.058,2026-06-22 05:00:00,90.60000000000001,92.80000000000001,2.4231943031536116,680.9399999999999,2965.248
2026-06-22,07:00:00,140.1,18.5,23.49,9.91,46.9,21.29,-0.88,4.86,1263.0,1.032,48.5,0.064,2026-06-22 07:00:00,91.6,93.19999999999999,2.3703329969727545,680.886,2982.729
2026-06-22,09:00:00,139.9,18.5,23.64,9.9,49.7,21.29,-0.77,4.85,1250.0,1.028,44.2,0.069,2026-06-22 09:00:00,95.7,90.2,2.3878787878787877,678.515,2978.471
2026-06-22,11:00:00,140.0,18.5,22.52,9.89,46.8,21.5,-0.67,4.8,1235.0,1.026,46.6,0.073,2026-06-22 11:00:00,93.4,93.2,2.2770475227502525,672.0,3010.0
2026-06-22,13:00:00,140.2,21.5,22.88,9.93,46.5,21.1,-0.89,4.75,1256.0,1.02,45.8,0.073,2026-06-22 13:00:00,94.39999999999999,93.69999999999999,2.3041289023162133,665.9499999999999,2958.22
2026-06-22,15:00:00,139.9,23.9,23.94,9.74,47.5,21.45,-0.96,4.68,1250.0,1.025,43.3,0.059,2026-06-22 15:00:00,96.60000000000001,92.4,2.457905544147844,654.732,3000.855
2026-06-22,17:00:00,139.4,26.4,24.08,9.84,50.0,21.45,-0.92,4.96,1263.0,1.028,43.1,0.056,2026-06-22 17:00:00,96.30000000000001,89.4,2.447154471544715,691.424,2990.13
2026-06-22,19:00:00,140.3,26.8,23.46,9.87,50.5,21.32,-0.95,4.91,1265.0,1.026,43.8,0.048,2026-06-22 19:00:00,96.50000000000001,89.80000000000001,2.3768996960486324,688.873,2991.1960000000004
2026-06-22,21:00:00,139.0,26.3,23.96,9.89,48.6,21.13,-0.96,4.75,1271.0,1.026,40.1,0.068,2026-06-22 21:00:00,98.9,90.4,2.422649140546006,660.25,2937.0699999999997
2026-06-22,23:00:00,139.8,25.8,24.22,10.01,49.9,21.05,-1.03,4.86,1266.0,1.022,41.8,0.062,2026-06-22 23:00:00,98.00000000000001,89.9,2.4195804195804196,679.4280000000001,2942.7900000000004
2026-06-23,01:00:00,139.4,24.2,23.35,9.78,48.9,21.16,-0.72,4.77,1238.0,1.021,43.6,0.067,2026-06-23 01:00:00,95.80000000000001,90.5,2.3875255623721885,664.938,2949.704
2026-06-23,03:00:00,140.1,22.7,23.53,9.57,47.6,21.83,-0.84,4.63,1252.0,1.022,44.7,0.049,2026-06-23 03:00:00,95.39999999999999,92.5,2.458725182863114,648.663,3058.383
2026-06-23,05:00:00,139.5,20.9,23.71,9.64,46.8,21.58,-0.72,4.79,1245.0,1.029,43.5,0.065,2026-06-23 05:00:00,96.0,92.7,2.4595435684647304,668.205,3010.41
2026-06-23,07:00:00,139.8,20.2,23.53,9.65,46.8,21.37,-1.11,4.72,1266.0,1.023,43.8,0.071,2026-06-23 07:00:00,96.00000000000001,93.00000000000001,2.4383419689119172,659.856,2987.5260000000003
2026-06-23,09:00:00,140.1,20.4,22.84,9.68,47.2,21.34,-0.47,4.66,1222.0,1.028,45.0,0.077,2026-06-23 09:00:00,95.1,92.89999999999999,2.359504132231405,652.866,2989.734
2026-06-23,11:00:00,139.2,22.0,23.23,9.62,47.1,21.2,-0.74,4.58,1241.0,1.021,45.0,0.079,2026-06-23 11:00:00,94.19999999999999,92.1,2.414760914760915,637.536,2951.0399999999995
2026-06-23,13:00:00,139.8,24.4,23.39,9.7,46.8,21.87,-0.93,4.57,1252.0,1.022,43.2,0.072,2026-06-23 13:00:00,96.60000000000001,93.00000000000001,2.4113402061855673,638.8860000000001,3057.4260000000004
2026-06-23,15:00:00,140.2,25.4,23.24,9.78,47.3,21.44,-0.95,4.72,1246.0,1.03,45.6,0.062,2026-06-23 15:00:00,94.6,92.89999999999999,2.376278118609407,661.7439999999999,3005.888
2026-06-23,17:00:00,140.2,25.8,23.79,9.8,49.0,21.07,-0.99,4.75,1263.0,1.03,42.3,0.068,2026-06-23 17:00:00,97.89999999999999,91.19999999999999,2.427551020408163,665.9499999999999,2954.0139999999997
2026-06-23,19:00:00,140.1,27.7,23.83,9.74,48.0,21.7,-0.89,4.63,1266.0,1.021,42.8,0.062,2026-06-23 19:00:00,97.3,92.1,2.446611909650924,648.663,3040.1699999999996
2026-06-23,21:00:00,141.5,28.5,23.01,9.48,48.7,21.47,-0.67,4.75,1249.0,1.019,42.7,0.062,2026-06-23 21:00:00,98.8,92.8,2.4272151898734178,672.125,3038.0049999999997
2026-06-23,23:00:00,140.5,26.9,23.32,9.58,47.8,21.03,-0.62,4.67,1233.0,1.027,43.7,0.059,2026-06-23 23:00:00,96.8,92.7,2.4342379958246347,656.135,2954.715
2026-06-24,01:00:00,141.5,24.0,22.48,9.72,46.8,21.68,-0.45,4.76,1221.0,1.027,43.6,0.073,2026-06-24 01:00:00,97.9,94.7,2.3127572016460904,673.54,3067.72
2026-06-24,03:00:00,141.3,22.2,22.21,9.78,46.1,21.03,-0.45,4.67,1196.0,1.029,47.9,0.087,2026-06-24 03:00:00,93.4,95.20000000000002,2.270961145194274,659.8710000000001,2971.539
2026-06-24,05:00:00,140.1,21.2,22.16,9.67,46.4,21.14,-0.45,4.56,1196.0,1.029,42.0,0.096,2026-06-24 05:00:00,98.1,93.69999999999999,2.2916235780765253,638.8559999999999,2961.714
2026-06-24,07:00:00,141.4,21.4,22.58,9.76,46.4,21.15,-0.45,4.68,1204.0,1.024,48.1,0.084,2026-06-24 07:00:00,93.30000000000001,95.0,2.3135245901639343,661.752,2990.61
2026-06-24,09:00:00,140.0,21.8,21.68,9.87,46.2,21.37,-0.45,4.53,1202.0,1.023,44.3,0.09,2026-06-24 09:00:00,95.7,93.8,2.1965552178318135,634.2,2991.8
2026-06-24,11:00:00,141.3,22.5,23.65,10.05,45.7,20.73,-0.81,4.77,1242.0,1.029,45.7,0.083,2026-06-24 11:00:00,95.60000000000001,95.60000000000001,2.3532338308457708,674.001,2929.1490000000003
2026-06-24,13:00:00,140.2,23.7,23.44,9.94,47.0,20.36,-1.07,4.56,1258.0,1.025,45.5,0.09,2026-06-24 13:00:00,94.69999999999999,93.19999999999999,2.3581488933601613,639.3119999999999,2854.4719999999998
2026-06-24,15:00:00,140.8,25.9,23.52,9.94,47.4,20.92,-0.54,4.77,1231.0,1.03,44.7,0.08,2026-06-24 15:00:00,96.10000000000001,93.4,2.3661971830985915,671.616,2945.5360000000005
2026-06-24,17:00:00,139.6,27.5,23.75,10.06,47.8,20.38,-1.07,4.64,1268.0,1.023,40.6,0.082,2026-06-24 17:00:00,99.0,91.8,2.360834990059642,647.7439999999999,2845.048
2026-06-24,19:00:00,140.6,27.9,23.52,10.09,50.4,21.12,-0.9,4.81,1250.0,1.027,44.0,0.059,2026-06-24 19:00:00,96.6,90.19999999999999,2.3310208126858276,676.286,2969.472
2026-06-24,21:00:00,140.1,29.4,24.61,10.0,47.6,20.51,-1.16,4.53,1269.0,1.038,44.3,0.086,2026-06-24 21:00:00,95.8,92.5,2.461,634.653,2873.451
2026-06-24,23:00:00,139.3,29.5,23.89,10.11,49.8,19.57,-1.07,4.6,1270.0,1.017,39.4,0.086,2026-06-24 23:00:00,99.9,89.50000000000001,2.3630069238377844,640.78,2726.101
2026-06-25,01:00:00,139.4,28.3,25.02,10.22,48.2,20.31,-1.21,4.75,1297.0,1.028,44.6,0.081,2026-06-25 01:00:00,94.80000000000001,91.2,2.4481409001956944,662.15,2831.214
2026-06-25,03:00:00,140.3,25.5,23.95,10.27,48.4,20.77,-0.85,4.86,1266.0,1.031,43.9,0.074,2026-06-25 03:00:00,96.4,91.9,2.332035053554041,681.8580000000001,2914.031
2026-06-25,05:00:00,140.2,24.2,24.76,10.33,50.2,20.54,-1.48,4.93,1297.0,1.025,43.7,0.071,2026-06-25 05:00:00,96.49999999999999,89.99999999999999,2.3969022265246855,691.1859999999999,2879.7079999999996
2026-06-25,07:00:00,138.3,23.4,24.14,10.33,47.3,20.59,-1.12,4.74,1274.0,1.025,41.0,0.097,2026-06-25 07:00:00,97.30000000000001,91.00000000000001,2.3368828654404648,655.542,2847.597
2026-06-25,09:00:00,141.2,23.6,24.56,10.53,47.7,19.35,-1.24,5.01,1279.0,1.033,44.2,0.088,2026-06-25 09:00:00,96.99999999999999,93.49999999999999,2.332383665716999,707.4119999999999,2732.22
2026-06-25,11:00:00,139.9,25.3,23.89,10.43,48.9,20.11,-1.0,4.74,1274.0,1.025,40.1,0.083,2026-06-25 11:00:00,99.80000000000001,91.0,2.290508149568552,663.1260000000001,2813.389
2026-06-25,13:00:00,140.3,27.3,24.57,10.38,48.9,19.57,-1.44,4.9,1310.0,1.029,41.9,0.078,2026-06-25 13:00:00,98.4,91.4,2.367052023121387,687.4700000000001,2745.6710000000003
2026-06-25,15:00:00,139.3,29.6,25.23,10.41,51.0,19.86,-1.79,4.67,1334.0,1.023,40.9,0.08,2026-06-25 15:00:00,98.4,88.30000000000001,2.4236311239193085,650.5310000000001,2766.498
2026-06-25,17:00:00,138.9,31.5,25.59,10.52,50.5,19.21,-1.77,4.87,1337.0,1.021,38.2,0.081,2026-06-25 17:00:00,100.7,88.4,2.4325095057034223,676.4430000000001,2668.2690000000002
2026-06-25,19:00:00,139.5,32.5,26.16,10.35,51.8,19.61,-2.17,4.51,1370.0,1.035,41.6,0.066,2026-06-25 19:00:00,97.9,87.7,2.527536231884058,629.145,2735.595
2026-06-25,21:00:00,139.3,31.1,25.88,10.22,49.8,19.74,-1.72,4.64,1344.0,1.026,40.1,0.072,2026-06-25 21:00:00,99.20000000000002,89.50000000000001,2.5322896281800387,646.352,2749.782
2026-06-25,23:00:00,140.5,30.0,25.04,10.03,49.1,20.52,-1.33,4.8,1298.0,1.029,41.0,0.065,2026-06-25 23:00:00,99.5,91.4,2.4965104685942174,674.4,2883.06
2026-06-26,01:00:00,139.9,27.7,24.05,10.09,49.7,20.43,-1.19,4.62,1289.0,1.022,41.8,0.071,2026-06-26 01:00:00,98.10000000000001,90.2,2.383548067393459,646.3380000000001,2858.157
2026-06-26,03:00:00,140.6,24.7,24.02,10.01,47.8,20.35,-1.41,4.82,1284.0,1.027,44.3,0.081,2026-06-26 03:00:00,96.3,92.8,2.3996003996003994,677.692,2861.21
2026-06-26,05:00:00,140.4,24.0,23.14,10.02,50.0,19.79,-0.88,4.9,1256.0,1.033,44.1,0.077,2026-06-26 05:00:00,96.30000000000001,90.4,2.30938123752495,687.96,2778.516
2026-06-26,07:00:00,140.7,24.0,25.23,10.15,47.4,20.05,-1.17,4.77,1294.0,1.027,43.1,0.076,2026-06-26 07:00:00,97.6,93.29999999999998,2.4857142857142858,671.1389999999999,2821.035
2026-06-26,09:00:00,139.6,24.7,24.26,10.11,47.9,19.97,-1.03,4.71,1278.0,1.02,43.0,0.092,2026-06-26 09:00:00,96.6,91.69999999999999,2.3996043521266075,657.516,2787.812
2026-06-26,11:00:00,141.6,25.6,24.38,10.18,49.2,20.5,-1.31,4.8,1280.0,1.025,44.5,0.068,2026-06-26 11:00:00,97.1,92.39999999999999,2.3948919449901767,679.68,2902.7999999999997
2026-06-26,13:00:00,141.4,28.0,24.08,10.18,48.9,20.64,-1.33,4.75,1295.0,1.025,41.6,0.076,2026-06-26 13:00:00,99.80000000000001,92.5,2.3654223968565815,671.65,2918.496
2026-06-26,15:00:00,141.1,29.8,25.18,10.29,48.5,20.52,-1.72,4.89,1323.0,1.033,41.9,0.069,2026-06-26 15:00:00,99.19999999999999,92.6,2.447035957240039,689.9789999999999,2895.372
2026-06-26,17:00:00,140.8,31.5,24.93,10.37,51.6,19.85,-1.27,4.94,1302.0,1.03,42.7,0.06,2026-06-26 17:00:00,98.10000000000001,89.20000000000002,2.404050144648023,695.5520000000001,2794.8800000000006
2026-06-26,19:00:00,139.9,31.6,24.42,10.31,49.0,19.26,-1.27,4.88,1292.0,1.021,41.1,0.082,2026-06-26 19:00:00,98.80000000000001,90.9,2.3685741998060137,682.712,2694.474
2026-06-26,21:00:00,140.7,31.6,25.5,10.33,49.5,19.64,-1.66,5.13,1320.0,1.025,41.0,0.069,2026-06-26 21:00:00,99.69999999999999,91.19999999999999,2.468538238141336,721.7909999999999,2763.348
2026-06-26,23:00:00,139.3,30.5,25.72,10.48,49.0,20.63,-1.49,4.87,1309.0,1.027,41.8,0.069,2026-06-26 23:00:00,97.50000000000001,90.30000000000001,2.4541984732824424,678.3910000000001,2873.759
2026-06-27,01:00:00,139.1,27.7,23.82,10.55,48.8,19.98,-1.29,5.14,1274.0,1.016,39.8,0.084,2026-06-27 01:00:00,99.3,90.3,2.25781990521327,714.9739999999999,2779.218
2026-06-27,03:00:00,139.9,25.5,23.52,10.42,47.8,20.05,-1.04,4.82,1262.0,1.025,41.3,0.086,2026-06-27 03:00:00,98.60000000000001,92.10000000000001,2.257197696737044,674.3180000000001,2804.9950000000003
2026-06-27,05:00:00,139.9,23.5,23.57,10.53,46.1,20.81,-0.94,4.98,1261.0,1.026,43.0,0.085,2026-06-27 05:00:00,96.9,93.80000000000001,2.2383665716999053,696.7020000000001,2911.319
2026-06-27,07:00:00,139.2,23.6,24.41,10.45,46.4,20.83,-0.9,5.09,1261.0,1.029,45.2,0.088,2026-06-27 07:00:00,93.99999999999999,92.79999999999998,2.335885167464115,708.5279999999999,2899.5359999999996
2026-06-27,09:00:00,138.6,24.0,23.81,10.65,46.5,20.22,-0.9,5.12,1240.0,1.022,42.2,0.103,2026-06-27 09:00:00,96.39999999999999,92.1,2.235680751173709,709.632,2802.4919999999997
2026-06-27,11:00:00,138.5,24.9,23.59,10.78,47.4,20.0,-0.84,4.96,1247.0,1.027,41.2,0.096,2026-06-27 11:00:00,97.3,91.1,2.188311688311688,686.96,2770.0
2026-06-27,13:00:00,137.9,26.7,24.15,10.82,46.4,20.07,-0.98,5.07,1270.0,1.025,42.6,0.102,2026-06-27 13:00:00,95.30000000000001,91.5,2.231977818853974,699.153,2767.6530000000002
2026-06-27,15:00:00,139.4,28.6,24.07,10.83,49.4,20.22,-1.27,5.05,1280.0,1.023,41.0,0.079,2026-06-27 15:00:00,98.4,90.0,2.22253000923361,703.97,2818.668
2026-06-27,17:00:00,137.6,30.1,24.96,10.79,47.6,20.78,-1.3,4.92,1293.0,1.036,42.5,0.092,2026-06-27 17:00:00,95.1,90.0,2.313253012048193,676.992,2859.328
2026-06-27,19:00:00,138.9,30.3,25.17,10.86,48.3,20.33,-1.61,5.06,1323.0,1.023,39.5,0.085,2026-06-27 19:00:00,99.4,90.60000000000001,2.31767955801105,702.834,2823.837
2026-06-27,21:00:00,138.7,30.1,24.87,10.79,47.4,20.54,-1.32,5.18,1308.0,1.017,38.5,0.089,2026-06-27 21:00:00,100.19999999999999,91.29999999999998,2.3049119555143656,718.4659999999999,2848.8979999999997
2026-06-27,23:00:00,138.0,28.5,25.24,10.79,46.9,20.72,-1.52,5.0,1311.0,1.03,39.8,0.098,2026-06-27 23:00:00,98.2,91.1,2.33920296570899,690.0,2859.3599999999997
2026-06-28,01:00:00,139.2,25.9,24.28,10.85,46.6,19.85,-1.17,5.01,1279.0,1.032,41.3,0.098,2026-06-28 01:00:00,97.89999999999999,92.6,2.23778801843318,697.3919999999999,2763.12
2026-06-28,03:00:00,138.9,24.2,24.34,10.73,46.2,20.67,-1.13,4.98,1284.0,1.021,41.1,0.097,2026-06-28 03:00:00,97.80000000000001,92.7,2.2684063373718546,691.7220000000001,2871.0630000000006
2026-06-28,05:00:00,139.0,22.7,24.63,10.61,46.4,20.44,-1.42,4.69,1294.0,1.03,47.0,0.097,2026-06-28 05:00:00,92.0,92.6,2.3213949104618283,651.9100000000001,2841.1600000000003
2026-06-28,07:00:00,138.3,20.5,24.55,10.43,45.4,19.87,-1.19,4.87,1280.0,1.026,43.5,0.108,2026-06-28 07:00:00,94.80000000000001,92.9,2.3537871524448706,673.5210000000001,2748.021
2026-06-28,09:00:00,138.3,20.5,24.22,10.28,47.0,20.16,-0.93,4.65,1253.0,1.026,44.0,0.098,2026-06-28 09:00:00,94.30000000000001,91.30000000000001,2.3560311284046693,643.0950000000001,2788.128
2026-06-28,11:00:00,137.4,22.3,24.18,10.06,46.4,20.79,-1.07,4.64,1270.0,1.017,41.3,0.104,2026-06-28 11:00:00,96.10000000000001,91.0,2.4035785288270377,637.536,2856.546
2026-06-28,13:00:00,138.1,24.8,25.44,10.14,47.2,21.23,-1.57,4.97,1324.0,1.02,41.1,0.074,2026-06-28 13:00:00,97.0,90.89999999999999,2.5088757396449703,686.357,2931.863
2026-06-28,15:00:00,139.8,27.5,24.72,10.31,48.6,20.87,-1.38,4.72,1305.0,1.038,43.8,0.065,2026-06-28 15:00:00,96.00000000000001,91.20000000000002,2.3976721629485933,659.856,2917.626
2026-06-28,17:00:00,139.8,29.3,24.58,10.41,50.3,20.77,-1.48,4.67,1305.0,1.021,39.3,0.067,2026-06-28 17:00:00,100.50000000000001,89.50000000000001,2.3611911623439,652.8660000000001,2903.646
2026-06-28,19:00:00,138.9,29.7,25.01,10.15,50.0,21.64,-1.43,4.83,1306.0,1.021,39.5,0.057,2026-06-28 19:00:00,99.4,88.9,2.464039408866995,670.8870000000001,3005.7960000000003
2026-06-28,21:00:00,137.8,29.0,24.9,10.18,49.7,20.45,-1.35,4.59,1308.0,1.026,39.7,0.082,2026-06-28 21:00:00,98.10000000000001,88.10000000000001,2.4459724950884087,632.5020000000001,2818.01
2026-06-28,23:00:00,138.2,28.2,24.26,10.28,48.6,20.74,-1.46,4.66,1304.0,1.024,42.6,0.086,2026-06-28 23:00:00,95.6,89.6,2.3599221789883273,644.012,2866.2679999999996
2026-06-29,01:00:00,139.0,26.7,24.36,10.15,48.5,20.96,-1.27,4.84,1292.0,1.022,41.4,0.076,2026-06-29 01:00:00,97.6,90.5,2.4,672.76,2913.44
2026-06-29,03:00:00,137.9,25.4,23.67,10.1,48.1,20.6,-0.93,4.68,1257.0,1.02,41.9,0.091,2026-06-29 03:00:00,96.0,89.80000000000001,2.343564356435644,645.372,2840.7400000000002
2026-06-29,05:00:00,137.7,24.3,23.23,9.83,50.0,21.12,-0.8,4.43,1247.0,1.027,42.1,0.086,2026-06-29 05:00:00,95.6,87.69999999999999,2.363173957273652,610.011,2908.2239999999997
2026-06-29,07:00:00,137.9,23.0,24.09,9.85,49.0,20.48,-1.02,4.7,1254.0,1.028,44.4,0.089,2026-06-29 07:00:00,93.5,88.9,2.4456852791878174,648.13,2824.192
2026-06-29,09:00:00,137.3,22.1,23.43,9.73,47.7,21.62,-0.63,4.56,1241.0,1.026,39.9,0.105,2026-06-29 09:00:00,97.4,89.60000000000001,2.408016443987667,626.088,2968.4260000000004
2026-06-29,11:00:00,137.7,22.9,23.63,9.76,48.2,20.8,-0.75,4.81,1236.0,1.023,43.3,0.091,2026-06-29 11:00:00,94.39999999999999,89.49999999999999,2.421106557377049,662.3369999999999,2864.16
2026-06-29,13:00:00,137.5,24.9,23.32,9.6,48.5,21.87,-0.66,4.53,1241.0,1.028,41.3,0.097,2026-06-29 13:00:00,96.2,89.0,2.4291666666666667,622.875,3007.125
2026-06-29,15:00:00,137.2,26.8,23.58,9.7,48.9,20.98,-0.93,4.76,1255.0,1.024,41.7,0.092,2026-06-29 15:00:00,95.49999999999999,88.29999999999998,2.430927835051546,653.0719999999999,2878.4559999999997
2026-06-29,17:00:00,138.2,28.2,23.79,9.85,50.3,21.14,-1.18,4.89,1279.0,1.02,39.8,0.061,2026-06-29 17:00:00,98.39999999999999,87.89999999999999,2.415228426395939,675.7979999999999,2921.548
2026-06-29,19:00:00,137.1,29.4,23.7,9.78,49.9,20.79,-0.84,4.57,1260.0,1.023,39.3,0.091,2026-06-29 19:00:00,97.8,87.19999999999999,2.423312883435583,626.547,2850.3089999999997
2026-06-29,21:00:00,137.6,29.1,23.69,9.68,51.6,20.86,-0.87,4.64,1261.0,1.024,40.1,0.071,2026-06-29 21:00:00,97.5,86.0,2.447314049586777,638.4639999999999,2870.336
2026-06-29,23:00:00,138.7,27.7,22.42,9.49,50.4,20.83,-0.55,4.68,1227.0,1.022,39.8,0.084,2026-06-29 23:00:00,98.89999999999999,88.29999999999998,2.362486828240253,649.1159999999999,2889.1209999999996
2026-06-30,01:00:00,137.6,26.1,23.01,9.54,49.9,20.98,-0.66,4.55,1240.0,1.016,39.2,0.089,2026-06-30 01:00:00,98.39999999999999,87.69999999999999,2.4119496855345917,626.0799999999999,2886.848
2026-06-30,03:00:00,138.7,23.9,22.76,9.54,48.6,21.0,-0.58,4.7,1225.0,1.023,41.8,0.08,2026-06-30 03:00:00,96.89999999999999,90.1,2.385744234800839,651.89,2912.7
2026-06-30,05:00:00,137.3,22.3,22.92,9.44,47.1,20.69,-0.53,4.63,1222.0,1.022,41.9,0.095,2026-06-30 05:00:00,95.4,90.20000000000002,2.4279661016949157,635.6990000000001,2840.7370000000005
2026-06-30,07:00:00,138.2,21.5,22.94,9.57,47.5,20.74,-0.57,4.67,1221.0,1.027,41.8,0.084,2026-06-30 07:00:00,96.39999999999999,90.69999999999999,2.3970741901776385,645.3939999999999,2866.2679999999996
2026-06-30,09:00:00,138.8,20.8,22.47,9.58,46.4,20.53,-0.45,4.72,1216.0,1.03,42.9,0.093,2026-06-30 09:00:00,95.9,92.4,2.345511482254697,655.136,2849.5640000000003
2026-06-30,11:00:00,140.0,21.6,22.59,9.52,48.0,21.6,-0.45,4.72,1205.0,1.028,41.9,0.059,2026-06-30 11:00:00,98.1,92.0,2.3728991596638656,660.8,3024.0
2026-06-30,13:00:00,138.0,24.4,22.81,9.51,47.6,20.75,-0.45,4.74,1226.0,1.025,41.1,0.096,2026-06-30 13:00:00,96.9,90.4,2.3985278654048368,654.12,2863.5
2026-06-30,15:00:00,139.1,25.7,22.56,9.69,47.7,21.12,-0.88,4.69,1256.0,1.031,43.6,0.079,2026-06-30 15:00:00,95.5,91.39999999999999,2.328173374613003,652.379,2937.792
2026-06-30,17:00:00,140.0,26.2,22.92,9.77,47.6,20.4,-0.64,4.73,1233.0,1.032,43.5,0.078,2026-06-30 17:00:00,96.5,92.4,2.3459570112589563,662.2,2856.0
2026-06-30,19:00:00,138.9,26.2,23.53,9.76,48.8,20.57,-0.63,4.78,1236.0,1.022,41.7,0.076,2026-06-30 19:00:00,97.2,90.10000000000001,2.410860655737705,663.942,2857.1730000000002
2026-06-30,21:00:00,139.3,26.5,23.06,9.83,46.2,19.95,-0.89,4.81,1258.0,1.019,41.7,0.085,2026-06-30 21:00:00,97.60000000000001,93.10000000000001,2.34587995930824,670.033,2779.0350000000003
2026-06-30,23:00:00,139.4,25.7,23.61,9.69,48.6,20.42,-0.92,4.73,1256.0,1.024,41.2,0.068,2026-06-30 23:00:00,98.2,90.80000000000001,2.4365325077399382,659.3620000000001,2846.5480000000002
2026-07-01,01:00:00,139.5,24.1,23.56,9.69,46.4,20.66,-0.64,4.83,1230.0,1.035,45.3,0.069,2026-07-01 01:00:00,94.2,93.1,2.4313725490196076,673.785,2882.07
2026-07-01,03:00:00,139.7,23.0,23.02,9.71,45.1,21.14,-0.67,4.57,1243.0,1.024,46.4,0.083,2026-07-01 03:00:00,93.29999999999998,94.6,2.3707518022657053,638.429,2953.258
2026-07-01,05:00:00,139.3,19.6,22.96,9.65,44.7,20.75,-0.65,4.69,1228.0,1.022,44.4,0.093,2026-07-01 05:00:00,94.9,94.60000000000001,2.3792746113989636,653.3170000000001,2890.4750000000004
2026-07-01,07:00:00,140.0,19.1,21.74,9.7,43.9,21.13,-0.45,4.75,1193.0,1.032,48.6,0.093,2026-07-01 07:00:00,91.4,96.1,2.241237113402062,665.0,2958.2
2026-07-01,09:00:00,138.5,20.3,23.64,9.62,46.1,20.99,-0.67,4.66,1233.0,1.022,42.6,0.084,2026-07-01 09:00:00,95.9,92.4,2.4573804573804576,645.41,2907.115
2026-07-01,11:00:00,138.9,20.8,23.24,9.69,44.9,21.3,-0.67,4.96,1242.0,1.028,41.7,0.078,2026-07-01 11:00:00,97.2,94.0,2.3983488132094943,688.9440000000001,2958.57
2026-07-01,13:00:00,138.7,22.5,23.58,9.76,46.5,20.67,-0.89,4.78,1255.0,1.024,41.8,0.085,2026-07-01 13:00:00,96.89999999999999,92.19999999999999,2.415983606557377,662.986,2866.929
2026-07-01,15:00:00,137.9,24.2,24.51,9.45,47.9,21.91,-1.02,4.72,1279.0,1.028,41.9,0.064,2026-07-01 15:00:00,96.0,90.0,2.593650793650794,650.888,3021.389
2026-07-01,17:00:00,138.8,25.7,23.61,9.65,47.0,20.74,-0.82,4.67,1247.0,1.029,45.2,0.078,2026-07-01 17:00:00,93.60000000000001,91.80000000000001,2.4466321243523312,648.196,2878.712
2026-07-01,19:00:00,138.4,26.7,23.01,9.36,47.7,21.01,-0.81,4.65,1247.0,1.023,40.6,0.079,2026-07-01 19:00:00,97.80000000000001,90.7,2.4583333333333335,643.5600000000001,2907.7840000000006
2026-07-01,21:00:00,138.0,27.9,22.53,9.39,47.4,20.86,-0.53,4.5,1222.0,1.014,38.8,0.091,2026-07-01 21:00:00,99.2,90.6,2.3993610223642174,621.0,2878.68
2026-07-01,23:00:00,138.8,28.2,24.04,9.61,48.4,21.91,-1.15,4.66,1270.0,1.019,40.0,0.066,2026-07-01 23:00:00,98.80000000000001,90.4,2.50156087408949,646.8080000000001,3041.108
2026-07-02,01:00:00,137.9,26.2,23.51,9.66,50.4,21.38,-1.05,4.57,1263.0,1.017,43.3,0.076,2026-07-02 01:00:00,94.60000000000001,87.5,2.4337474120082816,630.2030000000001,2948.302
2026-07-02,03:00:00,139.3,25.4,22.74,9.6,48.9,21.1,-0.87,4.62,1253.0,1.023,44.1,0.073,2026-07-02 03:00:00,95.20000000000002,90.4,2.36875,643.566,2939.2300000000005
2026-07-02,05:00:00,138.0,23.6,23.87,9.59,47.7,21.71,-0.96,4.33,1271.0,1.021,41.7,0.088,2026-07-02 05:00:00,96.3,90.3,2.489051094890511,597.54,2995.98
2026-07-02,07:00:00,139.5,23.6,23.49,9.83,47.6,21.3,-1.07,4.55,1274.0,1.025,40.7,0.075,2026-07-02 07:00:00,98.8,91.9,2.3896236012207526,634.725,2971.35
2026-07-02,09:00:00,139.4,23.4,24.05,9.72,48.2,21.91,-0.9,4.82,1251.0,1.02,42.1,0.062,2026-07-02 09:00:00,97.30000000000001,91.2,2.4742798353909463,671.908,3054.2540000000004
2026-07-02,11:00:00,140.1,24.4,23.68,9.98,48.8,20.45,-0.79,4.79,1255.0,1.038,46.2,0.076,2026-07-02 11:00:00,93.89999999999999,91.3,2.3727454909819636,671.079,2865.0449999999996
2026-07-02,13:00:00,140.1,26.3,24.07,10.07,49.0,20.84,-1.12,4.86,1289.0,1.034,44.1,0.071,2026-07-02 13:00:00,96.0,91.1,2.390268123138034,680.886,2919.6839999999997
2026-07-02,15:00:00,140.6,30.4,24.01,10.03,51.0,20.86,-1.08,4.85,1283.0,1.022,42.3,0.053,2026-07-02 15:00:00,98.3,89.6,2.3938185443668996,681.91,2932.9159999999997
2026-07-02,17:00:00,140.3,32.4,23.44,10.07,50.4,20.33,-1.16,4.76,1276.0,1.02,43.5,0.057,2026-07-02 17:00:00,96.80000000000001,89.9,2.3277060575968225,667.828,2852.299
2026-07-02,19:00:00,139.2,32.7,23.31,10.05,50.6,21.44,-0.94,4.62,1257.0,1.02,42.9,0.067,2026-07-02 19:00:00,96.29999999999998,88.6,2.3194029850746265,643.1039999999999,2984.448
2026-07-02,21:00:00,140.5,33.1,24.75,10.25,51.8,20.79,-1.11,4.59,1288.0,1.027,41.1,0.05,2026-07-02 21:00:00,99.4,88.7,2.4146341463414633,644.895,2920.995
2026-07-02,23:00:00,140.5,31.5,25.62,10.4,50.1,21.0,-1.45,4.88,1306.0,1.021,41.6,0.06,2026-07-02 23:00:00,98.9,90.4,2.4634615384615386,685.64,2950.5
2026-07-03,01:00:00,140.7,29.2,25.25,10.25,50.9,21.74,-1.56,4.72,1315.0,1.026,42.3,0.047,2026-07-03 01:00:00,98.39999999999999,89.79999999999998,2.4634146341463414,664.1039999999999,3058.8179999999998
2026-07-03,03:00:00,141.5,27.5,23.91,10.27,49.8,20.79,-0.96,5.02,1267.0,1.031,43.4,0.06,2026-07-03 03:00:00,98.1,91.7,2.328140214216164,710.3299999999999,2941.785
2026-07-03,05:00:00,140.0,25.5,23.2,10.23,47.7,20.81,-0.64,4.67,1240.0,1.026,40.7,0.075,2026-07-03 05:00:00,99.3,92.3,2.2678396871945257,653.8,2913.3999999999996
2026-07-03,07:00:00,140.6,24.5,22.97,10.43,48.9,20.79,-0.72,5.0,1236.0,1.03,41.8,0.071,2026-07-03 07:00:00,98.8,91.69999999999999,2.202301054650048,703.0,2923.0739999999996
2026-07-03,09:00:00,140.6,24.3,24.55,10.3,47.3,21.23,-0.96,4.72,1261.0,1.02,41.6,0.067,2026-07-03 09:00:00,99.0,93.3,2.383495145631068,663.632,2984.938
2026-07-03,11:00:00,140.6,25.3,23.21,10.51,49.3,20.45,-0.59,4.95,1234.0,1.033,45.3,0.081,2026-07-03 11:00:00,95.3,91.3,2.20837297811608,695.97,2875.27
2026-07-03,13:00:00,141.0,27.2,25.15,10.51,48.9,20.42,-1.34,5.0,1285.0,1.03,41.1,0.058,2026-07-03 13:00:00,99.9,92.1,2.3929590865842054,705.0,2879.2200000000003
2026-07-03,15:00:00,139.6,27.8,24.95,10.37,50.6,21.14,-1.28,4.65,1289.0,1.035,45.5,0.063,2026-07-03 15:00:00,94.1,89.0,2.4059787849566057,649.14,2951.144
2026-07-03,17:00:00,140.5,30.0,23.9,10.31,50.4,20.95,-1.35,4.72,1292.0,1.03,41.0,0.051,2026-07-03 17:00:00,99.5,90.1,2.318137730358875,663.16,2943.475
2026-07-03,19:00:00,139.9,30.3,24.02,10.23,48.6,20.15,-1.24,4.65,1281.0,1.022,43.5,0.083,2026-07-03 19:00:00,96.4,91.30000000000001,2.3479960899315735,650.5350000000001,2818.985
2026-07-03,21:00:00,139.7,29.3,24.17,10.12,47.4,20.53,-1.29,4.61,1289.0,1.013,40.5,0.077,2026-07-03 21:00:00,99.19999999999999,92.29999999999998,2.388339920948617,644.0169999999999,2868.0409999999997
2026-07-03,23:00:00,139.8,28.3,24.25,10.17,48.0,21.39,-1.15,4.86,1283.0,1.025,39.6,0.067,2026-07-03 23:00:00,100.20000000000002,91.80000000000001,2.3844641101278268,679.4280000000001,2990.322
2026-07-04,01:00:00,139.9,26.6,23.68,10.07,46.9,21.08,-0.94,4.75,1258.0,1.035,44.3,0.076,2026-07-04 01:00:00,95.60000000000001,93.0,2.3515392254220457,664.525,2949.092
2026-07-04,03:00:00,140.3,24.1,25.4,9.88,48.5,20.83,-1.34,4.75,1289.0,1.027,46.3,0.064,2026-07-04 03:00:00,94.00000000000001,91.80000000000001,2.5708502024291495,666.4250000000001,2922.449
2026-07-04,05:00:00,140.1,22.9,23.11,9.92,46.6,20.95,-0.81,4.83,1249.0,1.022,42.6,0.082,2026-07-04 05:00:00,97.5,93.5,2.3296370967741935,676.683,2935.095
2026-07-04,07:00:00,139.8,21.0,23.76,9.8,46.7,21.09,-1.03,4.53,1259.0,1.027,44.1,0.087,2026-07-04 07:00:00,95.70000000000002,93.10000000000001,2.4244897959183676,633.2940000000001,2948.382
2026-07-04,09:00:00,140.6,20.8,22.69,9.82,45.6,21.27,-0.45,4.92,1205.0,1.032,43.7,0.075,2026-07-04 09:00:00,96.89999999999999,95.0,2.3105906313645623,691.752,2990.562
2026-07-04,11:00:00,140.2,21.5,24.08,9.83,45.8,20.49,-1.03,4.74,1277.0,1.031,44.2,0.078,2026-07-04 11:00:00,95.99999999999999,94.39999999999999,2.449643947100712,664.548,2872.6979999999994
2026-07-04,13:00:00,141.4,23.4,24.44,9.84,46.4,20.6,-1.29,4.86,1292.0,1.024,45.0,0.065,2026-07-04 13:00:00,96.4,95.0,2.483739837398374,687.2040000000001,2912.84
2026-07-04,15:00:00,141.4,25.8,24.11,10.17,47.9,20.57,-1.29,4.95,1292.0,1.026,43.6,0.073,2026-07-04 15:00:00,97.80000000000001,93.5,2.370698131760079,699.9300000000001,2908.598
2026-07-04,17:00:00,141.1,27.0,24.94,10.24,47.6,20.31,-1.46,5.06,1311.0,1.022,40.5,0.062,2026-07-04 17:00:00,100.6,93.5,2.435546875,713.9659999999999,2865.7409999999995
2026-07-04,19:00:00,140.9,28.7,25.35,10.33,47.0,20.4,-1.78,4.91,1322.0,1.028,41.5,0.079,2026-07-04 19:00:00,99.4,93.9,2.454017424975799,691.8190000000001,2874.36
2026-07-04,21:00:00,140.0,28.8,24.65,10.18,49.2,19.89,-1.27,4.64,1294.0,1.03,42.9,0.075,2026-07-04 21:00:00,97.1,90.8,2.4214145383104126,649.5999999999999,2784.6
2026-07-04,23:00:00,140.9,26.6,24.96,10.18,47.2,20.4,-1.18,4.9,1305.0,1.023,43.0,0.079,2026-07-04 23:00:00,97.9,93.7,2.451866404715128,690.4100000000001,2874.36
2026-07-05,01:00:00,141.4,23.7,24.51,10.27,46.3,20.51,-1.08,4.94,1270.0,1.025,44.2,0.074,2026-07-05 01:00:00,97.2,95.10000000000001,2.3865628042843237,698.5160000000001,2900.1140000000005
2026-07-05,03:00:00,141.4,21.9,24.12,10.21,44.0,20.33,-0.97,4.78,1261.0,1.028,43.5,0.092,2026-07-05 03:00:00,97.9,97.4,2.3623898139079333,675.892,2874.662
2026-07-05,05:00:00,141.6,20.2,24.47,10.36,46.5,20.0,-1.19,4.95,1288.0,1.029,45.3,0.087,2026-07-05 05:00:00,96.3,95.1,2.361969111969112,700.92,2832.0
2026-07-05,07:00:00,140.5,19.3,23.7,10.26,46.0,20.0,-0.95,4.86,1274.0,1.029,47.5,0.086,2026-07-05 07:00:00,93.0,94.5,2.309941520467836,682.83,2810.0
2026-07-05,09:00:00,141.4,19.5,23.19,10.26,46.2,19.71,-0.66,4.74,1242.0,1.026,44.3,0.098,2026-07-05 09:00:00,97.10000000000001,95.2,2.2602339181286553,670.2360000000001,2786.994
2026-07-05,11:00:00,141.2,20.9,23.33,10.22,46.4,20.0,-0.93,4.96,1243.0,1.033,46.4,0.097,2026-07-05 11:00:00,94.79999999999998,94.79999999999998,2.2827788649706453,700.352,2824.0
2026-07-05,13:00:00,140.1,23.5,23.75,10.26,47.1,20.4,-0.84,4.82,1254.0,1.026,43.8,0.089,2026-07-05 13:00:00,96.3,93.0,2.314814814814815,675.282,2858.0399999999995
2026-07-05,15:00:00,141.2,24.9,24.03,10.19,47.9,19.98,-0.93,4.81,1279.0,1.028,44.4,0.087,2026-07-05 15:00:00,96.79999999999998,93.29999999999998,2.3581943081452406,679.1719999999999,2821.176
2026-07-05,17:00:00,141.2,26.1,23.19,10.16,49.0,19.74,-0.76,4.79,1249.0,1.022,42.5,0.095,2026-07-05 17:00:00,98.69999999999999,92.19999999999999,2.28248031496063,676.348,2787.2879999999996
2026-07-05,19:00:00,140.7,26.7,23.58,10.12,49.5,19.91,-1.14,4.97,1271.0,1.029,42.6,0.067,2026-07-05 19:00:00,98.1,91.19999999999999,2.3300395256916997,699.2789999999999,2801.337
2026-07-05,21:00:00,140.4,27.1,23.45,10.03,49.1,20.26,-1.04,4.78,1273.0,1.024,42.7,0.076,2026-07-05 21:00:00,97.7,91.30000000000001,2.3379860418743768,671.1120000000001,2844.5040000000004
2026-07-05,23:00:00,140.2,27.1,23.6,10.07,50.2,20.03,-1.01,4.79,1257.0,1.027,42.0,0.071,2026-07-05 23:00:00,98.19999999999999,89.99999999999999,2.343594836146971,671.558,2808.206
2026-07-06,01:00:00,140.3,25.2,23.36,10.06,48.9,20.35,-0.89,4.72,1266.0,1.028,43.9,0.084,2026-07-06 01:00:00,96.4,91.4,2.3220675944333995,662.216,2855.1050000000005
2026-07-06,03:00:00,140.1,21.6,22.56,10.01,47.7,20.43,-0.6,4.8,1223.0,1.027,45.1,0.093,2026-07-06 03:00:00,95.0,92.39999999999999,2.253746253746254,672.4799999999999,2862.243
2026-07-06,05:00:00,139.1,19.0,22.43,9.92,47.6,20.69,-0.45,4.87,1208.0,1.027,47.9,0.099,2026-07-06 05:00:00,91.19999999999999,91.5,2.2610887096774195,677.417,2877.9790000000003
2026-07-06,07:00:00,140.7,18.5,21.8,9.97,46.3,20.84,-0.45,4.79,1194.0,1.029,46.4,0.091,2026-07-06 07:00:00,94.29999999999998,94.39999999999999,2.1865596790371113,673.953,2932.1879999999996
2026-07-06,09:00:00,139.9,18.5,23.11,9.9,47.6,20.81,-0.63,4.77,1227.0,1.024,42.9,0.084,2026-07-06 09:00:00,97.0,92.30000000000001,2.334343434343434,667.323,2911.319
2026-07-06,11:00:00,139.1,18.8,22.5,9.82,46.2,20.25,-0.45,4.73,1194.0,1.033,46.1,0.105,2026-07-06 11:00:00,93.0,92.89999999999999,2.291242362525458,657.943,2816.775
2026-07-06,13:00:00,138.3,21.0,22.71,9.8,47.2,20.33,-0.54,4.48,1224.0,1.02,42.7,0.106,2026-07-06 13:00:00,95.60000000000001,91.10000000000001,2.31734693877551,619.5840000000001,2811.639
2026-07-06,15:00:00,139.3,23.2,23.03,9.96,47.0,20.49,-0.71,4.56,1235.0,1.033,46.0,0.087,2026-07-06 15:00:00,93.30000000000001,92.30000000000001,2.3122489959839356,635.208,2854.257
2026-07-06,17:00:00,139.0,26.0,23.08,9.76,49.2,20.62,-0.65,4.59,1224.0,1.033,44.3,0.078,2026-07-06 17:00:00,94.7,89.8,2.3647540983606556,638.01,2866.1800000000003
2026-07-06,19:00:00,139.3,26.8,23.04,9.83,50.7,20.35,-0.88,4.54,1242.0,1.027,41.5,0.077,2026-07-06 19:00:00,97.80000000000001,88.60000000000001,2.3438453713123093,632.422,2834.7550000000006
2026-07-06,21:00:00,139.4,26.5,23.58,9.6,49.1,20.9,-1.13,4.44,1269.0,1.029,43.4,0.078,2026-07-06 21:00:00,96.0,90.30000000000001,2.45625,618.936,2913.46
2026-07-06,23:00:00,138.5,26.0,23.88,9.64,49.5,20.9,-0.85,4.35,1251.0,1.022,41.0,0.082,2026-07-06 23:00:00,97.5,89.0,2.477178423236514,602.4749999999999,2894.6499999999996
2026-07-07,01:00:00,138.5,23.5,23.34,9.83,50.0,20.67,-0.54,4.46,1229.0,1.027,43.0,0.088,2026-07-07 01:00:00,95.5,88.5,2.3743641912512716,617.71,2862.795
2026-07-07,03:00:00,139.6,21.9,23.74,9.88,47.8,20.79,-0.9,4.6,1252.0,1.031,45.2,0.068,2026-07-07 03:00:00,94.39999999999999,91.8,2.4028340080971655,642.16,2902.2839999999997
2026-07-07,05:00:00,139.2,20.4,23.62,9.9,46.3,21.35,-0.62,4.63,1241.0,1.022,46.0,0.082,2026-07-07 05:00:00,93.19999999999999,92.89999999999999,2.385858585858586,644.496,2971.92
2026-07-07,07:00:00,139.4,19.5,23.94,9.83,46.0,21.13,-1.43,4.53,1302.0,1.028,46.1,0.08,2026-07-07 07:00:00,93.30000000000001,93.4,2.4354018311291963,631.4820000000001,2945.522
2026-07-07,09:00:00,138.7,20.8,24.05,9.85,46.6,21.95,-0.92,4.65,1254.0,1.022,44.2,0.079,2026-07-07 09:00:00,94.49999999999999,92.1,2.441624365482234,644.955,3044.4649999999997
2026-07-07,11:00:00,139.2,21.5,23.57,9.84,46.2,21.2,-0.9,4.59,1248.0,1.023,47.5,0.075,2026-07-07 11:00:00,91.69999999999999,92.99999999999999,2.3953252032520327,638.9279999999999,2951.0399999999995
2026-07-07,13:00:00,139.9,24.8,24.8,9.78,47.0,21.15,-1.24,4.77,1294.0,1.026,42.8,0.073,2026-07-07 13:00:00,97.10000000000001,92.9,2.535787321063395,667.323,2958.8849999999998
2026-07-07,15:00:00,139.6,26.7,23.51,9.78,48.6,21.29,-0.62,4.63,1246.0,1.024,40.0,0.072,2026-07-07 15:00:00,99.6,91.0,2.4038854805725975,646.348,2972.084
2026-07-07,17:00:00,138.8,27.7,24.35,9.84,48.8,21.35,-1.39,4.76,1289.0,1.019,39.4,0.068,2026-07-07 17:00:00,99.4,90.00000000000001,2.4745934959349594,660.688,2963.3800000000006
2026-07-07,19:00:00,138.2,28.9,25.05,9.79,46.8,21.51,-1.67,4.7,1326.0,1.027,42.5,0.086,2026-07-07 19:00:00,95.69999999999999,91.39999999999999,2.558733401430031,649.54,2972.682
2026-07-07,21:00:00,138.4,28.3,24.31,9.73,47.2,22.17,-1.09,4.5,1283.0,1.026,40.7,0.073,2026-07-07 21:00:00,97.7,91.2,2.4984583761562176,622.8000000000001,3068.3280000000004
2026-07-07,23:00:00,139.0,26.9,23.15,9.63,47.0,21.29,-0.86,4.65,1242.0,1.024,41.7,0.079,2026-07-07 23:00:00,97.3,92.0,2.403946002076843,646.35,2959.31
2026-07-08,01:00:00,138.3,25.5,24.03,9.72,47.4,21.8,-0.93,4.55,1262.0,1.021,41.1,0.087,2026-07-08 01:00:00,97.20000000000002,90.9,2.4722222222222223,629.265,3014.9400000000005
2026-07-08,03:00:00,138.0,23.9,23.82,9.82,47.4,21.48,-1.15,4.72,1291.0,1.027,41.5,0.09,2026-07-08 03:00:00,96.5,90.6,2.425661914460285,651.36,2964.2400000000002
2026-07-08,05:00:00,138.2,21.8,23.54,9.87,48.1,20.81,-0.94,4.66,1261.0,1.032,41.9,0.086,2026-07-08 05:00:00,96.29999999999998,90.1,2.38500506585613,644.012,2875.9419999999996
2026-07-08,07:00:00,139.1,21.5,24.01,9.98,45.5,21.51,-0.71,4.84,1240.0,1.019,44.4,0.082,2026-07-08 07:00:00,94.69999999999999,93.6,2.405811623246493,673.2439999999999,2992.041
2026-07-08,09:00:00,137.9,22.3,23.14,9.98,45.8,21.69,-0.61,4.64,1243.0,1.028,42.2,0.104,2026-07-08 09:00:00,95.7,92.10000000000001,2.318637274549098,639.856,2991.0510000000004
2026-07-08,11:00:00,137.2,24.3,23.48,10.0,47.2,20.9,-0.7,4.82,1252.0,1.018,41.7,0.113,2026-07-08 11:00:00,95.49999999999999,89.99999999999999,2.348,661.304,2867.4799999999996
2026-07-08,13:00:00,138.3,26.3,23.76,10.02,46.9,21.17,-1.09,4.9,1275.0,1.028,41.7,0.087,2026-07-08 13:00:00,96.60000000000001,91.4,2.37125748502994,677.6700000000001,2927.8110000000006
2026-07-08,15:00:00,139.3,29.2,24.74,9.98,48.2,20.59,-1.42,4.94,1300.0,1.028,40.4,0.073,2026-07-08 15:00:00,98.9,91.10000000000001,2.4789579158316633,688.1420000000002,2868.1870000000004
2026-07-08,17:00:00,137.1,29.6,24.12,9.9,48.3,20.82,-1.33,4.73,1290.0,1.017,36.8,0.089,2026-07-08 17:00:00,100.3,88.8,2.4363636363636365,648.4830000000001,2854.422
2026-07-08,19:00:00,138.2,30.4,24.36,10.14,46.9,21.34,-1.18,4.88,1290.0,1.017,37.2,0.095,2026-07-08 19:00:00,100.99999999999999,91.29999999999998,2.4023668639053253,674.4159999999999,2949.1879999999996
2026-07-08,21:00:00,138.2,29.8,23.79,10.05,49.1,20.87,-0.94,4.89,1248.0,1.028,44.5,0.098,2026-07-08 21:00:00,93.69999999999999,89.1,2.3671641791044773,675.7979999999999,2884.234
2026-07-08,23:00:00,139.0,28.8,23.0,9.96,48.7,20.71,-0.71,5.03,1238.0,1.027,43.0,0.087,2026-07-08 23:00:00,96.0,90.3,2.3092369477911645,699.1700000000001,2878.69
2026-07-09,01:00:00,138.2,26.7,24.05,10.01,49.5,21.09,-0.96,4.68,1262.0,1.026,43.5,0.085,2026-07-09 01:00:00,94.69999999999999,88.69999999999999,2.4025974025974026,646.776,2914.638
2026-07-09,03:00:00,139.2,24.5,23.11,10.04,48.1,20.75,-0.54,4.75,1218.0,1.03,41.6,0.086,2026-07-09 03:00:00,97.6,91.1,2.301792828685259,661.1999999999999,2888.3999999999996
2026-07-09,05:00:00,139.6,24.0,23.39,9.89,47.1,20.88,-0.59,5.16,1229.0,1.019,43.1,0.084,2026-07-09 05:00:00,96.5,92.5,2.365015166835187,720.336,2914.848
2026-07-09,07:00:00,139.6,22.8,23.34,10.05,47.7,21.08,-0.52,4.83,1239.0,1.024,42.6,0.079,2026-07-09 07:00:00,97.0,91.89999999999999,2.3223880597014923,674.268,2942.7679999999996
2026-07-09,09:00:00,138.4,23.0,23.9,10.07,46.5,20.34,-0.51,4.63,1215.0,1.026,40.3,0.099,2026-07-09 09:00:00,98.10000000000001,91.9,2.3733862959285004,640.792,2815.056
2026-07-09,11:00:00,138.7,23.9,23.19,9.98,47.5,20.47,-0.54,4.76,1218.0,1.023,41.5,0.086,2026-07-09 11:00:00,97.19999999999999,91.19999999999999,2.323647294589178,660.2119999999999,2839.1889999999994
2026-07-09,13:00:00,138.0,25.7,23.73,10.18,49.6,20.58,-0.79,4.53,1253.0,1.026,43.5,0.095,2026-07-09 13:00:00,94.5,88.4,2.3310412573673873,625.14,2840.04
2026-07-09,15:00:00,138.1,27.7,23.92,10.29,49.6,20.69,-1.12,4.91,1280.0,1.025,42.1,0.085,2026-07-09 15:00:00,96.0,88.5,2.3245869776482024,678.071,2857.289
2026-07-09,17:00:00,139.3,29.7,24.56,10.19,51.2,20.84,-1.23,4.95,1297.0,1.029,40.0,0.06,2026-07-09 17:00:00,99.30000000000001,88.10000000000001,2.410206084396467,689.5350000000001,2903.012
2026-07-09,19:00:00,139.7,31.5,25.45,10.45,49.4,19.84,-1.49,4.78,1311.0,1.028,40.0,0.072,2026-07-09 19:00:00,99.69999999999999,90.29999999999998,2.4354066985645932,667.766,2771.6479999999997
2026-07-09,21:00:00,138.8,32.4,25.62,10.56,51.1,20.23,-1.56,4.85,1313.0,1.02,41.0,0.065,2026-07-09 21:00:00,97.80000000000001,87.70000000000002,2.4261363636363638,673.18,2807.9240000000004
2026-07-09,23:00:00,139.2,31.4,25.22,10.59,50.6,19.55,-1.52,5.01,1298.0,1.019,39.4,0.073,2026-07-09 23:00:00,99.79999999999998,88.6,2.381491973559962,697.3919999999999,2721.3599999999997
2026-07-10,01:00:00,137.9,29.8,25.0,10.79,51.3,20.19,-1.49,4.72,1297.0,1.024,40.2,0.077,2026-07-10 01:00:00,97.7,86.60000000000001,2.3169601482854496,650.888,2784.2010000000005
2026-07-10,03:00:00,138.0,26.8,24.31,10.81,50.1,19.09,-1.49,4.76,1298.0,1.026,41.5,0.092,2026-07-10 03:00:00,96.5,87.9,2.2488436632747453,656.88,2634.42
2026-07-10,05:00:00,138.7,24.8,25.16,10.81,49.5,19.92,-1.45,4.88,1309.0,1.033,43.1,0.082,2026-07-10 05:00:00,95.6,89.19999999999999,2.3274745605920444,676.8559999999999,2762.904
2026-07-10,07:00:00,139.1,24.2,24.47,10.75,50.0,19.27,-1.53,4.79,1306.0,1.029,43.2,0.079,2026-07-10 07:00:00,95.89999999999999,89.1,2.2762790697674418,666.289,2680.457
2026-07-10,09:00:00,139.0,24.6,23.61,10.82,48.4,20.09,-0.93,4.85,1270.0,1.032,41.4,0.092,2026-07-10 09:00:00,97.6,90.6,2.1820702402957486,674.15,2792.5099999999998
2026-07-10,11:00:00,138.1,25.6,24.94,10.87,49.9,19.51,-1.4,4.74,1302.0,1.034,40.7,0.093,2026-07-10 11:00:00,97.39999999999999,88.19999999999999,2.2943882244710214,654.594,2694.331
2026-07-10,13:00:00,137.8,27.8,26.08,10.86,48.5,18.94,-1.94,4.9,1350.0,1.019,38.4,0.095,2026-07-10 13:00:00,99.4,89.30000000000001,2.401473296500921,675.2200000000001,2609.9320000000002
2026-07-10,15:00:00,137.8,30.0,25.89,10.76,48.9,19.21,-1.85,4.83,1336.0,1.022,36.9,0.096,2026-07-10 15:00:00,100.9,88.9,2.406133828996283,665.5740000000001,2647.1380000000004
2026-07-10,17:00:00,137.5,32.3,25.42,10.76,50.8,19.66,-1.56,4.9,1321.0,1.028,38.4,0.087,2026-07-10 17:00:00,99.1,86.7,2.362453531598513,673.75,2703.25
2026-07-10,19:00:00,136.9,33.3,27.0,10.74,49.1,19.78,-2.3,4.85,1392.0,1.024,38.7,0.097,2026-07-10 19:00:00,98.2,87.80000000000001,2.5139664804469275,663.965,2707.882
2026-07-10,21:00:00,137.3,32.8,25.28,10.57,50.5,19.57,-1.87,4.81,1340.0,1.021,36.0,0.085,2026-07-10 21:00:00,101.30000000000001,86.80000000000001,2.391674550614948,660.413,2686.9610000000002
2026-07-10,23:00:00,137.6,31.8,25.43,10.41,49.6,19.8,-1.65,4.57,1335.0,1.021,39.0,0.076,2026-07-10 23:00:00,98.6,88.0,2.4428434197886646,628.832,2724.48
2026-07-11,01:00:00,138.2,27.9,24.62,10.48,49.1,19.98,-1.53,4.82,1319.0,1.024,41.8,0.083,2026-07-11 01:00:00,96.39999999999999,89.1,2.349236641221374,666.124,2761.236
2026-07-11,03:00:00,137.6,26.0,23.57,10.19,47.6,20.1,-1.18,4.66,1283.0,1.021,37.7,0.096,2026-07-11 03:00:00,99.89999999999999,90.0,2.3130520117762514,641.216,2765.76
2026-07-11,05:00:00,138.5,21.8,23.98,10.24,46.3,19.57,-0.87,4.69,1257.0,1.03,42.3,0.097,2026-07-11 05:00:00,96.2,92.2,2.341796875,649.565,2710.445
2026-07-11,07:00:00,138.8,19.7,24.29,10.21,46.0,19.8,-1.31,4.84,1295.0,1.026,46.3,0.089,2026-07-11 07:00:00,92.50000000000001,92.80000000000001,2.3790401567091086,671.792,2748.2400000000002
2026-07-11,09:00:00,138.1,20.2,24.58,10.37,45.1,20.02,-1.15,4.67,1281.0,1.027,43.8,0.108,2026-07-11 09:00:00,94.3,93.0,2.37029893924783,644.9269999999999,2764.7619999999997
2026-07-11,11:00:00,139.3,21.7,24.6,10.31,45.4,20.47,-1.22,4.91,1278.0,1.033,40.7,0.087,2026-07-11 11:00:00,98.60000000000001,93.9,2.3860329776915616,683.9630000000001,2851.471
2026-07-11,13:00:00,139.6,22.9,24.02,10.38,46.6,20.57,-0.97,4.94,1279.0,1.028,44.5,0.086,2026-07-11 13:00:00,95.1,93.0,2.3140655105973025,689.624,2871.572
2026-07-11,15:00:00,139.4,24.7,23.85,10.33,46.7,20.38,-0.92,4.86,1253.0,1.026,41.4,0.089,2026-07-11 15:00:00,98.0,92.7,2.3088092933204263,677.484,2840.9719999999998
2026-07-11,17:00:00,139.9,27.6,24.54,10.34,47.2,20.24,-1.28,4.66,1304.0,1.031,42.9,0.078,2026-07-11 17:00:00,97.0,92.7,2.3733075435203093,651.9340000000001,2831.576
2026-07-11,19:00:00,138.3,28.4,23.39,10.42,47.7,20.36,-1.04,4.55,1270.0,1.025,39.1,0.1,2026-07-11 19:00:00,99.20000000000002,90.60000000000001,2.244721689059501,629.265,2815.788
2026-07-11,21:00:00,139.0,30.0,24.55,10.36,49.6,19.99,-1.22,4.94,1292.0,1.024,40.4,0.074,2026-07-11 21:00:00,98.6,89.4,2.3696911196911197,686.6600000000001,2778.6099999999997
2026-07-11,23:00:00,140.0,29.0,23.55,10.47,47.7,20.1,-0.82,4.86,1255.0,1.024,40.5,0.079,2026-07-11 23:00:00,99.5,92.3,2.2492836676217762,680.4000000000001,2814.0
2026-07-12,01:00:00,139.9,27.5,23.07,10.35,47.4,20.05,-0.56,4.74,1233.0,1.032,41.7,0.09,2026-07-12 01:00:00,98.2,92.5,2.228985507246377,663.1260000000001,2804.9950000000003
2026-07-12,03:00:00,140.3,26.4,24.77,10.39,46.2,19.9,-1.16,5.0,1272.0,1.022,41.6,0.084,2026-07-12 03:00:00,98.70000000000002,94.10000000000001,2.3840230991337825,701.5,2791.97
2026-07-12,05:00:00,139.5,24.6,23.02,10.5,47.2,20.39,-0.7,4.79,1247.0,1.02,42.3,0.098,2026-07-12 05:00:00,97.2,92.3,2.1923809523809523,668.205,2844.405
2026-07-12,07:00:00,139.4,22.9,23.11,10.57,47.4,20.32,-0.45,4.87,1220.0,1.031,41.5,0.092,2026-07-12 07:00:00,97.9,92.0,2.186376537369915,678.878,2832.608
2026-07-12,09:00:00,140.0,22.7,23.85,10.76,47.7,20.33,-1.1,5.04,1273.0,1.036,44.8,0.092,2026-07-12 09:00:00,95.2,92.3,2.216542750929368,705.6,2846.2
2026-07-12,11:00:00,139.1,23.7,25.11,10.63,47.6,20.47,-1.4,4.82,1302.0,1.024,43.3,0.087,2026-07-12 11:00:00,95.8,91.5,2.362182502351834,670.462,2847.377
2026-07-12,13:00:00,140.4,24.6,24.52,10.45,48.7,20.61,-1.27,4.91,1286.0,1.031,41.5,0.062,2026-07-12 13:00:00,98.9,91.7,2.3464114832535885,689.364,2893.6440000000002
2026-07-12,15:00:00,139.7,26.6,24.0,10.33,49.2,20.88,-1.01,5.04,1263.0,1.031,44.1,0.065,2026-07-12 15:00:00,95.6,90.49999999999999,2.323330106485963,704.088,2916.9359999999997
2026-07-12,17:00:00,139.6,27.9,23.93,10.41,50.1,20.62,-1.01,4.96,1280.0,1.026,41.8,0.075,2026-07-12 17:00:00,97.8,89.5,2.298751200768492,692.4159999999999,2878.552
2026-07-12,19:00:00,141.2,29.7,24.62,10.46,50.6,20.77,-1.53,5.1,1308.0,1.03,43.2,0.048,2026-07-12 19:00:00,97.99999999999999,90.6,2.3537284894837476,720.1199999999999,2932.7239999999997
2026-07-12,21:00:00,139.6,29.7,25.36,10.44,51.3,20.41,-1.62,5.09,1315.0,1.037,42.9,0.059,2026-07-12 21:00:00,96.69999999999999,88.3,2.42911877394636,710.564,2849.236
2026-07-12,23:00:00,139.8,28.5,24.86,10.29,49.7,20.99,-1.05,4.92,1280.0,1.031,42.7,0.066,2026-07-12 23:00:00,97.10000000000001,90.10000000000001,2.415937803692906,687.816,2934.402
2026-07-13,01:00:00,139.4,26.7,24.52,10.35,48.4,21.04,-1.17,4.65,1285.0,1.032,44.1,0.069,2026-07-13 01:00:00,95.30000000000001,91.0,2.3690821256038648,648.21,2932.976
2026-07-13,03:00:00,140.0,24.9,23.84,10.17,49.5,20.78,-0.95,4.76,1277.0,1.03,43.2,0.074,2026-07-13 03:00:00,96.8,90.5,2.344149459193707,666.4,2909.2000000000003
2026-07-13,05:00:00,140.3,23.5,24.43,10.28,49.3,20.93,-1.23,5.0,1283.0,1.029,46.1,0.065,2026-07-13 05:00:00,94.20000000000002,91.00000000000001,2.3764591439688716,701.5,2936.4790000000003
2026-07-13,07:00:00,139.8,21.8,25.09,10.54,49.5,20.41,-1.15,4.78,1277.0,1.03,45.0,0.071,2026-07-13 07:00:00,94.80000000000001,90.30000000000001,2.38045540796964,668.2440000000001,2853.318
2026-07-13,09:00:00,140.3,21.2,24.2,10.47,49.2,20.51,-1.16,4.91,1275.0,1.032,46.1,0.072,2026-07-13 09:00:00,94.20000000000002,91.10000000000001,2.3113658070678125,688.873,2877.5530000000003
2026-07-13,11:00:00,140.1,23.0,25.47,10.43,50.2,20.34,-1.5,4.97,1311.0,1.028,45.3,0.064,2026-07-13 11:00:00,94.8,89.89999999999999,2.441994247363375,696.2969999999999,2849.634
2026-07-13,13:00:00,141.1,24.6,24.64,10.27,49.6,21.34,-1.62,5.06,1310.0,1.036,46.8,0.052,2026-07-13 13:00:00,94.3,91.5,2.3992210321324245,713.9659999999999,3011.074
2026-07-13,15:00:00,141.6,25.8,24.41,9.97,49.5,21.58,-1.22,4.74,1292.0,1.037,46.0,0.043,2026-07-13 15:00:00,95.6,92.1,2.4483450351053158,671.184,3055.7279999999996
2026-07-13,17:00:00,141.1,28.0,25.23,9.85,48.8,21.5,-1.56,4.7,1320.0,1.027,42.8,0.049,2026-07-13 17:00:00,98.3,92.3,2.5614213197969544,663.17,3033.65
2026-07-13,19:00:00,140.9,29.4,24.28,9.69,50.4,22.16,-1.18,4.72,1281.0,1.023,42.2,0.032,2026-07-13 19:00:00,98.7,90.5,2.5056759545923635,665.048,3122.344
2026-07-13,21:00:00,141.3,28.5,24.36,9.5,49.4,21.57,-1.45,4.71,1305.0,1.024,43.4,0.046,2026-07-13 21:00:00,97.9,91.9,2.5642105263157893,665.523,3047.8410000000003
2026-07-13,23:00:00,140.4,27.8,24.04,9.7,49.6,22.45,-1.32,4.68,1290.0,1.034,42.1,0.043,2026-07-13 23:00:00,98.30000000000001,90.80000000000001,2.4783505154639176,657.072,3151.98
2026-07-14,01:00:00,140.8,26.6,25.6,9.7,49.0,21.26,-1.67,4.82,1332.0,1.024,42.3,0.04,2026-07-14 01:00:00,98.50000000000001,91.80000000000001,2.639175257731959,678.6560000000001,2993.4080000000004
2026-07-14,03:00:00,141.2,24.8,23.71,9.72,48.7,21.37,-0.86,4.59,1243.0,1.02,41.5,0.053,2026-07-14 03:00:00,99.69999999999999,92.49999999999999,2.4393004115226335,648.108,3017.444
2026-07-14,05:00:00,141.6,23.5,23.77,9.66,47.7,21.16,-0.71,4.67,1241.0,1.02,43.0,0.064,2026-07-14 05:00:00,98.6,93.89999999999999,2.460662525879917,661.2719999999999,2996.256
2026-07-14,07:00:00,140.3,21.5,24.02,9.63,47.8,21.41,-0.67,4.69,1248.0,1.03,48.1,0.075,2026-07-14 07:00:00,92.20000000000002,92.50000000000001,2.494288681204569,658.0070000000001,3003.8230000000003
2026-07-14,09:00:00,140.2,21.8,23.51,9.74,44.7,21.4,-0.72,4.6,1250.0,1.032,43.3,0.074,2026-07-14 09:00:00,96.89999999999999,95.49999999999999,2.413757700205339,644.9199999999998,3000.2799999999997
2026-07-14,11:00:00,141.8,22.7,23.98,9.73,47.2,21.03,-1.26,4.74,1279.0,1.039,48.5,0.063,2026-07-14 11:00:00,93.30000000000001,94.60000000000001,2.4645426515930113,672.1320000000001,2982.0540000000005
2026-07-14,13:00:00,140.4,24.2,23.67,9.8,48.2,21.57,-0.76,4.66,1238.0,1.032,44.7,0.056,2026-07-14 13:00:00,95.7,92.2,2.4153061224489796,654.264,3028.4280000000003
2026-07-14,15:00:00,141.2,27.0,24.24,9.78,49.4,21.0,-1.06,4.72,1274.0,1.025,43.8,0.054,2026-07-14 15:00:00,97.39999999999999,91.79999999999998,2.478527607361963,666.4639999999999,2965.2
2026-07-14,17:00:00,140.1,29.8,23.93,9.76,49.1,20.98,-1.22,4.64,1287.0,1.026,39.4,0.066,2026-07-14 17:00:00,100.69999999999999,91.0,2.451844262295082,650.064,2939.298
2026-07-14,19:00:00,140.0,31.9,23.73,9.63,50.3,20.66,-1.25,4.63,1280.0,1.023,40.8,0.062,2026-07-14 19:00:00,99.2,89.7,2.4641744548286604,648.1999999999999,2892.4
2026-07-14,21:00:00,139.3,32.6,23.43,9.47,49.2,21.25,-0.73,4.47,1243.0,1.028,42.6,0.069,2026-07-14 21:00:00,96.70000000000002,90.10000000000001,2.4741288278775078,622.671,2960.1250000000005
2026-07-14,23:00:00,139.8,31.3,24.01,9.52,48.7,20.95,-1.15,4.48,1280.0,1.036,43.0,0.067,2026-07-14 23:00:00,96.80000000000001,91.10000000000001,2.522058823529412,626.3040000000001,2928.81
2026-07-15,01:00:00,140.5,29.6,23.88,9.61,48.5,20.64,-0.9,4.72,1271.0,1.024,42.3,0.07,2026-07-15 01:00:00,98.2,92.0,2.4849115504682624,663.16,2899.92
2026-07-15,03:00:00,139.0,27.9,23.74,9.55,47.6,20.61,-0.84,4.63,1248.0,1.015,39.4,0.071,2026-07-15 03:00:00,99.6,91.4,2.4858638743455495,643.5699999999999,2864.79
2026-07-15,05:00:00,139.1,26.0,23.36,9.63,46.4,21.69,-0.58,4.46,1234.0,1.031,40.5,0.084,2026-07-15 05:00:00,98.6,92.69999999999999,2.4257528556593972,620.386,3017.079
2026-07-15,07:00:00,140.1,24.8,23.55,9.72,46.4,20.53,-0.77,4.62,1233.0,1.024,41.7,0.083,2026-07-15 07:00:00,98.39999999999999,93.69999999999999,2.4228395061728394,647.262,2876.253
2026-07-15,09:00:00,139.1,25.2,22.13,9.55,46.0,20.27,-0.59,4.29,1222.0,1.024,43.6,0.103,2026-07-15 09:00:00,95.5,93.1,2.3172774869109944,596.739,2819.557
2026-07-15,11:00:00,139.3,26.0,23.27,9.54,47.7,20.53,-0.66,4.51,1239.0,1.02,44.5,0.086,2026-07-15 11:00:00,94.80000000000001,91.60000000000001,2.4392033542976943,628.243,2859.829
2026-07-15,13:00:00,140.7,27.1,23.48,9.68,47.7,20.58,-0.65,4.73,1241.0,1.029,43.1,0.077,2026-07-15 13:00:00,97.6,92.99999999999999,2.425619834710744,665.511,2895.6059999999993
2026-07-15,15:00:00,140.7,28.7,22.69,9.79,47.9,20.66,-0.77,4.63,1239.0,1.029,41.6,0.083,2026-07-15 15:00:00,99.1,92.79999999999998,2.317671092951992,651.4409999999999,2906.8619999999996
2026-07-15,17:00:00,140.0,30.9,23.09,9.71,48.5,20.74,-0.76,4.66,1244.0,1.028,43.1,0.072,2026-07-15 17:00:00,96.9,91.5,2.3779608650875383,652.4,2903.6
2026-07-15,19:00:00,139.6,31.8,23.38,9.79,49.8,20.69,-1.03,4.31,1260.0,1.026,38.9,0.078,2026-07-15 19:00:00,100.69999999999999,89.8,2.3881511746680286,601.6759999999999,2888.324
2026-07-15,21:00:00,139.6,31.9,24.33,9.94,50.2,20.06,-1.25,4.67,1287.0,1.022,40.4,0.071,2026-07-15 21:00:00,99.19999999999999,89.39999999999999,2.447686116700201,651.932,2800.3759999999997
2026-07-15,23:00:00,140.0,31.1,24.92,10.05,48.6,20.3,-1.19,4.79,1287.0,1.032,41.5,0.07,2026-07-15 23:00:00,98.5,91.4,2.4796019900497512,670.6,2842.0
2026-07-16,01:00:00,140.6,29.0,25.0,10.04,48.1,19.9,-1.27,4.82,1285.0,1.028,40.7,0.08,2026-07-16 01:00:00,99.89999999999999,92.5,2.49003984063745,677.692,2797.9399999999996
2026-07-16,03:00:00,140.8,27.3,23.97,9.99,49.6,20.06,-1.21,4.88,1284.0,1.034,42.2,0.068,2026-07-16 03:00:00,98.60000000000001,91.20000000000002,2.399399399399399,687.104,2824.448
2026-07-16,05:00:00,140.0,25.6,23.83,9.93,47.4,20.05,-1.0,4.74,1257.0,1.018,41.6,0.078,2026-07-16 05:00:00,98.4,92.6,2.3997985901309162,663.6,2807.0
2026-07-16,07:00:00,140.0,23.6,24.63,10.0,48.6,19.9,-1.34,4.77,1292.0,1.025,45.9,0.067,2026-07-16 07:00:00,94.1,91.4,2.463,667.8,2786.0
2026-07-16,09:00:00,139.5,24.4,24.07,10.03,49.8,20.68,-0.9,4.65,1268.0,1.036,46.3,0.066,2026-07-16 09:00:00,93.2,89.7,2.399800598205384,648.6750000000001,2884.86
2026-07-16,11:00:00,140.5,25.0,24.21,10.12,50.1,20.5,-1.09,4.82,1274.0,1.031,44.3,0.064,2026-07-16 11:00:00,96.2,90.4,2.392292490118577,677.21,2880.25
2026-07-16,13:00:00,138.7,25.6,24.67,10.14,49.7,20.62,-1.41,4.71,1296.0,1.023,41.9,0.059,2026-07-16 13:00:00,96.79999999999998,88.99999999999999,2.432938856015779,653.2769999999999,2859.9939999999997
2026-07-16,15:00:00,139.0,27.0,24.52,10.24,50.2,20.22,-1.06,4.67,1266.0,1.026,41.0,0.071,2026-07-16 15:00:00,98.0,88.8,2.39453125,649.13,2810.58
2026-07-16,17:00:00,138.5,28.2,24.88,10.25,51.8,20.51,-1.43,4.77,1292.0,1.031,41.5,0.052,2026-07-16 17:00:00,97.0,86.7,2.4273170731707316,660.645,2840.635
2026-07-16,19:00:00,140.2,29.3,25.06,10.35,48.5,19.56,-1.8,5.11,1333.0,1.031,40.7,0.069,2026-07-16 19:00:00,99.49999999999999,91.69999999999999,2.4212560386473427,716.422,2742.3119999999994
2026-07-16,21:00:00,138.4,29.2,24.73,10.45,50.0,20.42,-1.15,4.92,1288.0,1.027,40.4,0.077,2026-07-16 21:00:00,98.0,88.4,2.366507177033493,680.928,2826.128
2026-07-16,23:00:00,139.2,28.1,25.66,10.37,50.7,20.32,-1.72,4.96,1330.0,1.029,42.6,0.057,2026-07-16 23:00:00,96.6,88.49999999999999,2.474445515911283,690.4319999999999,2828.544
2026-07-17,01:00:00,139.8,26.8,25.26,10.2,49.4,20.72,-1.47,4.84,1322.0,1.03,42.2,0.053,2026-07-17 01:00:00,97.60000000000001,90.4,2.4764705882352946,676.6320000000001,2896.656
2026-07-17,03:00:00,139.4,25.0,24.85,10.43,50.1,20.43,-1.27,4.74,1288.0,1.029,43.0,0.063,2026-07-17 03:00:00,96.4,89.30000000000001,2.38255033557047,660.7560000000001,2847.942
2026-07-17,05:00:00,138.2,23.4,24.65,10.5,48.6,19.93,-1.31,5.07,1294.0,1.036,42.1,0.084,2026-07-17 05:00:00,96.1,89.6,2.3476190476190473,700.674,2754.3259999999996
2026-07-17,07:00:00,138.4,22.7,24.67,10.35,48.4,19.97,-1.28,4.66,1296.0,1.025,42.3,0.088,2026-07-17 07:00:00,96.10000000000001,90.0,2.3835748792270532,644.9440000000001,2763.848
2026-07-17,09:00:00,138.1,23.1,23.98,10.34,48.1,20.3,-1.22,4.85,1266.0,1.026,41.7,0.091,2026-07-17 09:00:00,96.39999999999999,90.0,2.3191489361702127,669.785,2803.43
2026-07-17,11:00:00,138.2,22.7,23.83,10.5,47.6,20.62,-1.24,4.94,1291.0,1.028,43.7,0.09,2026-07-17 11:00:00,94.49999999999999,90.6,2.2695238095238093,682.708,2849.6839999999997
2026-07-17,13:00:00,138.9,24.3,24.01,10.53,47.9,20.68,-1.04,4.97,1269.0,1.032,39.9,0.082,2026-07-17 13:00:00,99.0,91.0,2.2801519468186138,690.333,2872.452
2026-07-17,15:00:00,139.4,25.1,23.88,10.52,48.6,20.0,-0.95,4.84,1272.0,1.028,45.0,0.086,2026-07-17 15:00:00,94.4,90.80000000000001,2.2699619771863118,674.696,2788.0
2026-07-17,17:00:00,138.9,27.1,23.94,10.73,48.1,19.94,-1.08,4.75,1281.0,1.031,41.4,0.085,2026-07-17 17:00:00,97.5,90.80000000000001,2.2311276794035413,659.775,2769.666
2026-07-17,19:00:00,138.3,28.3,25.25,10.64,49.7,20.17,-1.48,4.84,1300.0,1.027,41.7,0.073,2026-07-17 19:00:00,96.60000000000001,88.60000000000001,2.3731203007518795,669.3720000000001,2789.5110000000004
2026-07-17,21:00:00,139.1,29.2,25.21,10.59,49.5,20.38,-1.42,4.82,1313.0,1.026,42.2,0.074,2026-07-17 21:00:00,96.89999999999999,89.6,2.380547686496695,670.462,2834.8579999999997
2026-07-17,23:00:00,137.7,29.0,24.49,10.65,49.6,19.99,-1.27,4.82,1288.0,1.014,38.7,0.09,2026-07-17 23:00:00,98.99999999999999,88.1,2.2995305164319246,663.7139999999999,2752.6229999999996
2026-07-18,01:00:00,139.1,27.4,23.74,10.71,47.2,19.92,-1.03,5.03,1262.0,1.024,39.7,0.092,2026-07-18 01:00:00,99.39999999999999,91.89999999999999,2.2166199813258634,699.673,2770.8720000000003
2026-07-18,03:00:00,138.5,25.0,23.91,10.77,46.0,20.08,-0.89,4.77,1256.0,1.032,39.9,0.1,2026-07-18 03:00:00,98.6,92.5,2.220055710306407,660.645,2781.08
2026-07-18,05:00:00,139.4,23.6,24.68,10.85,46.8,20.31,-1.17,4.95,1278.0,1.026,42.7,0.078,2026-07-18 05:00:00,96.7,92.60000000000001,2.2746543778801844,690.0300000000001,2831.214
2026-07-18,07:00:00,139.2,22.2,24.45,10.84,48.6,19.88,-1.22,4.92,1297.0,1.019,44.7,0.076,2026-07-18 07:00:00,94.49999999999999,90.6,2.2555350553505535,684.8639999999999,2767.296
2026-07-18,09:00:00,139.4,22.2,24.19,10.85,47.2,20.24,-1.05,5.01,1272.0,1.03,42.8,0.087,2026-07-18 09:00:00,96.60000000000001,92.2,2.229493087557604,698.394,2821.4559999999997
2026-07-18,11:00:00,139.0,23.9,24.28,10.76,46.1,20.74,-0.97,4.85,1263.0,1.024,43.5,0.092,2026-07-18 11:00:00,95.5,92.9,2.2565055762081787,674.15,2882.8599999999997
2026-07-18,13:00:00,139.3,25.4,23.87,10.72,47.3,19.95,-1.17,4.94,1290.0,1.016,38.6,0.081,2026-07-18 13:00:00,100.70000000000002,92.00000000000001,2.2266791044776117,688.1420000000002,2779.0350000000003
2026-07-18,15:00:00,139.1,28.0,24.38,10.67,48.2,20.37,-1.11,4.8,1284.0,1.024,40.7,0.078,2026-07-18 15:00:00,98.39999999999999,90.89999999999999,2.2849109653233364,667.68,2833.467
2026-07-18,17:00:00,138.9,30.2,24.43,10.64,47.2,20.81,-1.22,4.86,1292.0,1.021,41.8,0.083,2026-07-18 17:00:00,97.10000000000001,91.7,2.2960526315789473,675.0540000000001,2890.509
2026-07-18,19:00:00,138.0,30.5,24.43,10.66,49.5,20.25,-1.12,4.63,1287.0,1.028,39.2,0.093,2026-07-18 19:00:00,98.8,88.5,2.2917448405253285,638.9399999999999,2794.5
2026-07-18,21:00:00,137.8,31.2,25.36,10.66,48.5,20.17,-1.7,4.49,1335.0,1.023,37.7,0.089,2026-07-18 21:00:00,100.10000000000001,89.30000000000001,2.378986866791745,618.7220000000001,2779.4260000000004
2026-07-18,23:00:00,138.8,30.5,23.96,10.59,48.4,20.81,-0.95,4.83,1262.0,1.027,39.1,0.079,2026-07-18 23:00:00,99.70000000000002,90.4,2.262511803588291,670.4040000000001,2888.428
2026-07-19,01:00:00,137.6,28.7,25.63,10.44,48.1,20.43,-1.42,4.8,1311.0,1.015,35.3,0.094,2026-07-19 01:00:00,102.3,89.5,2.4549808429118776,660.4799999999999,2811.1679999999997
2026-07-19,03:00:00,138.0,26.1,24.11,10.4,48.4,20.92,-1.14,4.8,1278.0,1.023,39.7,0.091,2026-07-19 03:00:00,98.3,89.6,2.3182692307692307,662.4,2886.96
2026-07-19,05:00:00,138.2,23.7,24.14,10.36,46.3,20.68,-1.05,4.68,1270.0,1.026,43.6,0.09,2026-07-19 05:00:00,94.6,91.89999999999999,2.3301158301158305,646.776,2857.9759999999997
2026-07-19,07:00:00,137.2,22.3,25.49,10.35,45.4,20.37,-1.31,4.92,1305.0,1.025,40.8,0.1,2026-07-19 07:00:00,96.39999999999999,91.79999999999998,2.4628019323671495,675.0239999999999,2794.764
2026-07-19,09:00:00,138.5,22.7,23.99,10.56,47.3,20.37,-0.97,4.74,1275.0,1.016,42.1,0.097,2026-07-19 09:00:00,96.4,91.2,2.2717803030303028,656.49,2821.2450000000003
2026-07-19,11:00:00,136.9,23.1,24.8,10.45,45.7,20.39,-1.13,4.83,1275.0,1.02,37.5,0.107,2026-07-19 11:00:00,99.4,91.2,2.3732057416267947,661.2270000000001,2791.391
2026-07-19,13:00:00,137.5,25.2,24.65,10.46,47.8,20.57,-1.38,4.86,1297.0,1.027,38.6,0.094,2026-07-19 13:00:00,98.9,89.7,2.356596558317399,668.25,2828.375
2026-07-19,15:00:00,137.4,26.5,25.74,10.54,49.6,19.88,-1.47,5.02,1317.0,1.035,42.5,0.09,2026-07-19 15:00:00,94.9,87.80000000000001,2.442125237191651,689.7479999999999,2731.512
2026-07-19,17:00:00,138.8,28.3,25.19,10.5,49.7,20.08,-1.42,4.78,1309.0,1.031,42.1,0.079,2026-07-19 17:00:00,96.70000000000002,89.10000000000001,2.3990476190476193,663.464,2787.104
2026-07-19,19:00:00,137.4,29.5,24.97,10.72,50.6,19.75,-1.4,4.8,1304.0,1.022,37.6,0.097,2026-07-19 19:00:00,99.80000000000001,86.80000000000001,2.3292910447761193,659.52,2713.65
2026-07-19,21:00:00,137.3,31.1,25.15,10.61,50.9,20.09,-1.61,4.68,1319.0,1.015,38.0,0.084,2026-07-19 21:00:00,99.30000000000001,86.4,2.3704052780395855,642.564,2758.3570000000004
2026-07-19,23:00:00,138.3,29.2,25.56,10.59,51.9,19.46,-1.85,5.06,1347.0,1.026,40.6,0.075,2026-07-19 23:00:00,97.70000000000002,86.4,2.413597733711048,699.798,2691.318
2026-07-20,01:00:00,138.4,28.4,25.06,10.45,49.4,20.28,-1.53,4.91,1314.0,1.014,39.1,0.083,2026-07-20 01:00:00,99.30000000000001,89.0,2.398086124401914,679.5440000000001,2806.7520000000004
2026-07-20,03:00:00,138.4,26.3,25.17,10.38,49.7,20.13,-1.51,4.91,1307.0,1.018,38.7,0.082,2026-07-20 03:00:00,99.7,88.7,2.4248554913294798,679.5440000000001,2785.992
2026-07-20,05:00:00,139.5,24.7,24.35,10.38,48.7,19.47,-1.2,5.24,1285.0,1.026,42.5,0.087,2026-07-20 05:00:00,97.0,90.8,2.3458574181117533,730.98,2716.065
2026-07-20,07:00:00,137.1,23.7,23.99,10.44,49.6,20.26,-1.05,4.93,1272.0,1.025,42.4,0.096,2026-07-20 07:00:00,94.69999999999999,87.5,2.297892720306513,675.9029999999999,2777.646
2026-07-20,09:00:00,138.7,23.9,24.88,10.42,48.8,20.6,-1.53,4.74,1312.0,1.032,43.8,0.085,2026-07-20 09:00:00,94.89999999999999,89.89999999999999,2.3877159309021114,657.438,2857.22
2026-07-20,11:00:00,139.1,24.8,24.68,10.51,50.5,20.06,-1.12,4.91,1282.0,1.028,44.3,0.078,2026-07-20 11:00:00,94.8,88.6,2.3482397716460515,682.981,2790.3459999999995
2026-07-20,13:00:00,139.5,27.4,24.75,10.42,49.4,20.28,-1.1,4.8,1282.0,1.018,39.8,0.078,2026-07-20 13:00:00,99.7,90.1,2.375239923224568,669.6,2829.06
2026-07-20,15:00:00,139.9,29.1,24.65,10.31,51.4,19.92,-1.39,4.86,1309.0,1.025,42.1,0.063,2026-07-20 15:00:00,97.80000000000001,88.5,2.3908826382153245,679.9140000000001,2786.8080000000004
2026-07-20,17:00:00,139.2,31.5,24.36,10.54,51.3,19.05,-1.32,4.91,1294.0,1.021,39.7,0.08,2026-07-20 17:00:00,99.49999999999999,87.89999999999999,2.311195445920304,683.472,2651.7599999999998
2026-07-20,19:00:00,139.6,31.9,24.68,10.47,50.9,19.06,-1.23,4.88,1292.0,1.029,40.1,0.087,2026-07-20 19:00:00,99.5,88.69999999999999,2.3572110792741165,681.2479999999999,2660.776
2026-07-20,21:00:00,138.2,31.8,25.02,10.28,51.2,20.0,-1.29,4.75,1291.0,1.016,39.1,0.076,2026-07-20 21:00:00,99.1,86.99999999999999,2.4338521400778212,656.4499999999999,2764.0
2026-07-20,23:00:00,140.0,30.0,24.46,10.11,50.3,19.9,-1.2,5.07,1273.0,1.022,40.4,0.069,2026-07-20 23:00:00,99.6,89.7,2.4193867457962415,709.8000000000001,2786.0
2026-07-21,01:00:00,138.9,28.4,23.32,9.93,49.8,20.0,-0.89,4.88,1262.0,1.023,36.4,0.079,2026-07-21 01:00:00,102.5,89.10000000000001,2.3484390735146023,677.832,2778.0
2026-07-21,03:00:00,138.2,27.2,24.3,9.98,48.8,20.26,-1.25,4.82,1290.0,1.023,42.6,0.071,2026-07-21 03:00:00,95.6,89.39999999999999,2.434869739478958,666.124,2799.932
2026-07-21,05:00:00,139.1,25.3,23.03,9.88,47.7,20.64,-0.55,4.92,1244.0,1.027,42.6,0.084,2026-07-21 05:00:00,96.5,91.39999999999999,2.330971659919028,684.372,2871.024
2026-07-21,07:00:00,139.9,24.0,22.01,9.84,47.5,19.99,-0.45,4.87,1187.0,1.023,40.8,0.096,2026-07-21 07:00:00,99.10000000000001,92.4,2.236788617886179,681.313,2796.601
2026-07-21,09:00:00,138.9,23.2,23.6,9.78,46.0,20.44,-0.58,4.83,1230.0,1.024,43.2,0.088,2026-07-21 09:00:00,95.7,92.9,2.4130879345603273,670.8870000000001,2839.1160000000004
2026-07-21,11:00:00,139.8,24.0,22.57,9.82,48.1,21.11,-0.6,4.88,1232.0,1.018,42.7,0.076,2026-07-21 11:00:00,97.10000000000001,91.70000000000002,2.2983706720977595,682.224,2951.1780000000003
2026-07-21,13:00:00,138.3,24.8,22.45,9.68,46.4,20.4,-0.59,4.77,1231.0,1.022,40.7,0.097,2026-07-21 13:00:00,97.60000000000001,91.9,2.3192148760330578,659.691,2821.32
2026-07-21,15:00:00,139.4,26.3,22.85,9.54,47.5,21.28,-0.77,4.8,1238.0,1.021,40.9,0.066,2026-07-21 15:00:00,98.5,91.9,2.3951781970649897,669.12,2966.4320000000002
2026-07-21,17:00:00,138.4,28.4,23.43,9.58,48.7,20.81,-0.93,4.8,1246.0,1.024,41.4,0.082,2026-07-21 17:00:00,97.0,89.7,2.4457202505219207,664.32,2880.104
2026-07-21,19:00:00,138.7,30.4,23.88,9.65,49.2,21.14,-1.02,4.74,1260.0,1.015,39.1,0.065,2026-07-21 19:00:00,99.6,89.49999999999999,2.4746113989637304,657.438,2932.118
2026-07-21,21:00:00,138.7,32.2,24.39,9.7,47.6,21.33,-1.22,4.69,1286.0,1.022,37.6,0.075,2026-07-21 21:00:00,101.1,91.1,2.514432989690722,650.503,2958.4709999999995
2026-07-21,23:00:00,139.5,30.7,24.02,9.62,48.4,21.34,-1.1,4.87,1258.0,1.029,42.4,0.06,2026-07-21 23:00:00,97.1,91.1,2.496881496881497,679.365,2976.93
