date,time,dryer_air_temperature,cooler_air_temperature,air_flow_rate,wet_product_feed_rate,product_inlet_temperature,residence_time,vacuum,steam_pressure,fan_speed,product_density,final_product_temp,final_moisture_h₂o,timestamp,temperature_drop,air_product_delta,air_per_feed,steam_temp_interaction,heating_index
2026-05-01,01:00:00,140.8,18.0,19.95,9.73,61.1,23.08,-0.98,4.2,78.9,1.021,45.6,0.081,2026-05-01 01:00:00,95.20000000000002,79.70000000000002,2.0503597122302155,591.3600000000001,3249.664
2026-05-01,03:00:00,139.6,22.8,19.94,9.82,61.2,21.95,-1.0,4.27,79.7,1.027,43.8,0.115,2026-05-01 03:00:00,95.8,78.39999999999999,2.0305498981670063,596.0919999999999,3064.22
2026-05-01,05:00:00,140.4,23.6,20.98,9.62,63.2,21.79,-1.01,4.13,82.1,1.026,43.1,0.084,2026-05-01 05:00:00,97.30000000000001,77.2,2.180873180873181,579.852,3059.316
2026-05-01,07:00:00,138.7,24.7,20.05,10.31,64.3,20.94,-1.13,4.13,83.1,1.024,44.5,0.105,2026-05-01 07:00:00,94.19999999999999,74.39999999999999,1.944713870029098,572.8309999999999,2904.378
2026-05-01,09:00:00,141.0,26.7,19.72,10.11,63.0,21.89,-0.98,4.66,82.8,1.03,46.5,0.083,2026-05-01 09:00:00,94.5,78.0,1.9505440158259149,657.0600000000001,3086.4900000000002
2026-05-01,11:00:00,141.0,28.1,20.68,9.56,61.1,21.84,-0.98,4.07,80.2,1.02,47.6,0.097,2026-05-01 11:00:00,93.4,79.9,2.1631799163179917,573.87,3079.44
2026-05-01,13:00:00,140.8,29.8,21.01,9.48,64.5,21.31,-1.26,4.31,78.9,1.017,45.9,0.069,2026-05-01 13:00:00,94.9,76.30000000000001,2.2162447257383966,606.848,3000.448
2026-05-01,15:00:00,142.8,27.7,20.35,10.4,63.0,21.8,-1.19,4.48,81.2,1.038,47.4,0.076,2026-05-01 15:00:00,95.4,79.80000000000001,1.9567307692307694,639.7440000000001,3113.0400000000004
2026-05-01,17:00:00,140.5,27.1,20.11,10.2,61.8,21.84,-1.03,4.17,77.9,1.031,46.6,0.082,2026-05-01 17:00:00,93.9,78.7,1.9715686274509805,585.885,3068.52
2026-05-01,19:00:00,139.7,26.1,20.4,9.8,61.4,22.53,-1.01,4.12,77.2,1.029,45.2,0.117,2026-05-01 19:00:00,94.49999999999999,78.29999999999998,2.081632653061224,575.564,3147.441
2026-05-01,21:00:00,140.4,23.1,19.98,9.66,62.6,21.87,-1.05,4.32,79.1,1.026,47.8,0.095,2026-05-01 21:00:00,92.60000000000001,77.80000000000001,2.0683229813664594,606.528,3070.5480000000002
2026-05-01,23:00:00,138.5,19.9,19.87,10.39,64.4,22.15,-1.16,4.27,82.0,1.019,47.0,0.102,2026-05-01 23:00:00,91.5,74.1,1.9124157844080847,591.395,3067.7749999999996
2026-05-02,01:00:00,140.7,21.9,20.5,9.37,59.3,21.76,-1.08,4.64,79.4,1.007,47.7,0.089,2026-05-02 01:00:00,92.99999999999999,81.39999999999999,2.1878335112059766,652.848,3061.632
2026-05-02,03:00:00,138.9,23.1,20.03,9.6,63.4,22.44,-1.11,3.99,80.2,1.011,46.1,0.102,2026-05-02 03:00:00,92.80000000000001,75.5,2.0864583333333337,554.211,3116.916
2026-05-02,05:00:00,139.8,24.5,20.85,9.95,62.5,21.06,-1.08,4.43,81.9,1.015,43.5,0.097,2026-05-02 05:00:00,96.30000000000001,77.30000000000001,2.0954773869346734,619.314,2944.188
2026-05-02,07:00:00,138.4,26.9,20.87,9.55,62.2,22.18,-1.17,4.02,80.0,1.021,45.6,0.101,2026-05-02 07:00:00,92.80000000000001,76.2,2.1853403141361256,556.3679999999999,3069.712
2026-05-02,09:00:00,141.7,27.8,20.45,10.21,60.1,23.02,-1.23,4.49,78.0,1.026,46.4,0.071,2026-05-02 09:00:00,95.29999999999998,81.6,2.0029382957884425,636.233,3261.9339999999997
2026-05-02,11:00:00,141.6,28.6,20.29,9.3,58.0,22.51,-1.09,4.31,79.0,1.016,45.8,0.079,2026-05-02 11:00:00,95.8,83.6,2.181720430107527,610.2959999999999,3187.416
2026-05-02,13:00:00,139.5,29.7,19.76,9.61,62.7,21.46,-1.09,4.52,81.4,1.022,43.2,0.101,2026-05-02 13:00:00,96.3,76.8,2.0561914672216446,630.54,2993.67
2026-05-02,15:00:00,139.6,27.9,19.46,9.42,59.4,23.13,-1.18,4.15,78.8,1.028,48.4,0.084,2026-05-02 15:00:00,91.19999999999999,80.19999999999999,2.0658174097664546,579.34,3228.948
2026-05-02,17:00:00,138.8,26.3,20.08,9.6,60.9,21.24,-1.09,4.23,78.4,1.014,45.5,0.09,2026-05-02 17:00:00,93.30000000000001,77.9,2.091666666666667,587.1240000000001,2948.112
2026-05-02,19:00:00,140.7,25.4,20.72,9.61,62.9,20.91,-1.05,4.81,81.9,1.025,48.0,0.072,2026-05-02 19:00:00,92.69999999999999,77.79999999999998,2.1560874089490114,676.7669999999999,2942.037
2026-05-02,21:00:00,142.0,23.0,20.18,9.51,59.0,23.0,-1.2,4.52,78.2,1.026,47.8,0.072,2026-05-02 21:00:00,94.2,83.0,2.121976866456362,641.8399999999999,3266.0
2026-05-02,23:00:00,139.7,20.9,20.41,10.38,63.1,20.94,-0.98,4.43,84.5,1.036,45.2,0.107,2026-05-02 23:00:00,94.49999999999999,76.6,1.9662813102119459,618.8709999999999,2925.3179999999998
2026-05-03,01:00:00,141.0,20.1,21.15,9.62,65.0,22.36,-1.09,4.46,82.3,1.025,48.6,0.071,2026-05-03 01:00:00,92.4,76.0,2.1985446985446986,628.86,3152.7599999999998
2026-05-03,03:00:00,142.5,21.3,19.93,9.89,63.3,21.9,-1.36,4.6,80.0,1.026,48.4,0.069,2026-05-03 03:00:00,94.1,79.2,2.0151668351870575,655.5,3120.75
2026-05-03,05:00:00,140.6,21.3,21.32,9.7,60.1,22.72,-1.21,4.36,82.0,1.029,46.0,0.068,2026-05-03 05:00:00,94.6,80.5,2.197938144329897,613.0160000000001,3194.432
2026-05-03,07:00:00,136.9,24.2,19.72,10.51,59.9,21.3,-1.21,4.0,81.4,1.033,45.0,0.111,2026-05-03 07:00:00,91.9,77.0,1.8763082778306375,547.6,2915.9700000000003
2026-05-03,09:00:00,140.0,27.1,20.76,9.49,59.7,21.72,-0.94,4.24,82.4,1.029,45.1,0.09,2026-05-03 09:00:00,94.9,80.3,2.1875658587987354,593.6,3040.7999999999997
2026-05-03,11:00:00,140.6,29.5,21.84,10.28,62.3,21.11,-1.36,4.57,84.1,1.026,45.5,0.089,2026-05-03 11:00:00,95.1,78.3,2.124513618677043,642.542,2968.066
2026-05-03,13:00:00,143.9,31.3,20.08,9.52,60.2,21.72,-1.22,4.44,81.7,1.03,46.9,0.078,2026-05-03 13:00:00,97.0,83.7,2.1092436974789917,638.916,3125.508
2026-05-03,15:00:00,139.2,28.4,21.28,9.56,65.3,22.05,-1.23,4.13,84.9,1.022,43.0,0.059,2026-05-03 15:00:00,96.19999999999999,73.89999999999999,2.225941422594142,574.896,3069.3599999999997
2026-05-03,17:00:00,141.3,29.9,20.29,10.43,61.1,19.9,-1.08,4.33,81.2,1.039,44.5,0.097,2026-05-03 17:00:00,96.80000000000001,80.20000000000002,1.9453499520613615,611.8290000000001,2811.87
2026-05-03,21:00:00,139.9,23.6,21.18,9.85,61.1,22.69,-0.96,4.23,81.1,1.024,45.4,0.077,2026-05-03 21:00:00,94.5,78.80000000000001,2.150253807106599,591.777,3174.331
2026-05-03,23:00:00,139.4,22.1,20.01,9.83,62.0,21.51,-1.07,4.58,81.3,1.026,44.8,0.094,2026-05-03 23:00:00,94.60000000000001,77.4,2.0356052899287898,638.452,2998.494
2026-05-04,01:00:00,141.2,20.1,20.18,9.6,63.7,21.98,-1.03,4.26,78.6,1.02,47.4,0.081,2026-05-04 01:00:00,93.79999999999998,77.49999999999999,2.1020833333333333,601.512,3103.576
2026-05-04,03:00:00,142.8,22.7,21.41,10.28,66.2,21.15,-1.19,4.41,82.6,1.032,47.7,0.062,2026-05-04 03:00:00,95.10000000000001,76.60000000000001,2.082684824902724,629.748,3020.2200000000003
2026-05-04,05:00:00,141.8,24.1,20.34,9.53,63.3,22.17,-0.96,4.45,77.8,1.013,49.2,0.063,2026-05-04 05:00:00,92.60000000000001,78.50000000000001,2.1343126967471147,631.0100000000001,3143.7060000000006
2026-05-04,07:00:00,140.3,26.6,19.9,9.06,65.7,22.08,-1.06,4.06,81.1,1.024,49.0,0.051,2026-05-04 07:00:00,91.30000000000001,74.60000000000001,2.196467991169978,569.6179999999999,3097.824
2026-05-04,09:00:00,139.6,28.9,20.0,10.0,61.7,21.13,-1.09,4.1,78.6,1.028,44.5,0.096,2026-05-04 09:00:00,95.1,77.89999999999999,2.0,572.3599999999999,2949.7479999999996
2026-05-04,11:00:00,139.9,29.9,19.53,10.3,64.0,22.34,-1.22,4.49,79.9,1.026,48.4,0.086,2026-05-04 11:00:00,91.5,75.9,1.896116504854369,628.1510000000001,3125.366
2026-05-04,13:00:00,140.4,33.8,19.94,10.13,63.4,23.71,-1.1,4.4,80.1,1.039,43.5,0.092,2026-05-04 13:00:00,96.9,77.0,1.968410661401777,617.7600000000001,3328.8840000000005
2026-05-04,15:00:00,139.9,30.7,19.65,9.62,62.8,23.05,-0.83,4.42,79.1,1.019,44.1,0.088,2026-05-04 15:00:00,95.80000000000001,77.10000000000001,2.042619542619543,618.3580000000001,3224.695
2026-05-04,17:00:00,140.9,29.5,20.18,10.37,62.5,21.16,-1.22,4.59,84.5,1.025,44.0,0.091,2026-05-04 17:00:00,96.9,78.4,1.9459980713596916,646.731,2981.444
2026-05-04,19:00:00,141.5,27.2,20.62,10.05,63.4,21.58,-1.1,4.9,82.7,1.017,42.9,0.073,2026-05-04 19:00:00,98.6,78.1,2.0517412935323383,693.35,3053.5699999999997
2026-05-04,21:00:00,140.8,22.8,21.14,10.37,64.6,21.38,-1.22,4.35,82.9,1.036,46.5,0.1,2026-05-04 21:00:00,94.30000000000001,76.20000000000002,2.0385728061716493,612.48,3010.304
2026-05-04,23:00:00,140.9,21.8,21.72,10.53,67.5,21.3,-1.19,4.71,83.7,1.039,45.6,0.066,2026-05-04 23:00:00,95.30000000000001,73.4,2.0626780626780628,663.639,3001.17
2026-05-05,01:00:00,141.6,24.4,20.95,10.1,66.7,21.98,-1.09,4.54,83.8,1.029,50.7,0.087,2026-05-05 01:00:00,90.89999999999999,74.89999999999999,2.0742574257425743,642.864,3112.368
2026-05-05,03:00:00,138.3,20.0,21.03,10.38,63.3,21.47,-1.25,4.34,81.9,1.032,47.4,0.099,2026-05-05 03:00:00,90.9,75.00000000000001,2.0260115606936417,600.222,2969.301
2026-05-05,05:00:00,141.5,24.0,20.74,10.19,61.7,22.08,-1.05,4.66,81.8,1.016,49.5,0.096,2026-05-05 05:00:00,92.0,79.8,2.0353287536800786,659.39,3124.3199999999997
2026-05-05,07:00:00,141.2,27.5,21.78,10.77,67.0,21.41,-1.33,4.58,84.7,1.035,47.8,0.107,2026-05-05 07:00:00,93.39999999999999,74.19999999999999,2.022284122562674,646.6959999999999,3023.0919999999996
2026-05-05,09:00:00,140.0,28.3,21.53,10.87,62.0,21.73,-1.31,4.46,81.2,1.032,44.7,0.096,2026-05-05 09:00:00,95.3,78.0,1.9806807727690894,624.4,3042.2000000000003
2026-05-05,11:00:00,139.4,30.7,20.9,10.34,63.5,20.88,-1.24,4.42,82.9,1.024,45.6,0.123,2026-05-05 11:00:00,93.80000000000001,75.9,2.0212765957446805,616.148,2910.672
2026-05-05,13:00:00,140.2,33.6,19.46,9.79,62.8,22.11,-1.09,4.05,77.2,1.028,45.0,0.092,2026-05-05 13:00:00,95.19999999999999,77.39999999999999,1.9877425944841678,567.81,3099.8219999999997
2026-05-05,17:00:00,139.8,29.5,19.56,10.23,64.9,22.04,-1.13,4.09,80.2,1.024,44.9,0.082,2026-05-05 17:00:00,94.9,74.9,1.912023460410557,571.782,3081.192
2026-05-05,19:00:00,141.7,26.1,19.13,9.97,61.7,22.04,-1.08,4.4,78.5,1.03,45.1,0.082,2026-05-05 19:00:00,96.6,79.99999999999999,1.918756268806419,623.48,3123.0679999999998
2026-05-05,21:00:00,138.7,22.5,20.14,9.57,59.0,22.42,-0.91,4.03,78.2,1.018,46.3,0.124,2026-05-05 21:00:00,92.39999999999999,79.69999999999999,2.1044932079414838,558.961,3109.654
2026-05-05,23:00:00,138.5,22.3,19.39,9.66,62.1,21.08,-1.2,4.03,78.5,1.026,44.9,0.1,2026-05-05 23:00:00,93.6,76.4,2.0072463768115942,558.1550000000001,2919.58
2026-05-06,01:00:00,139.0,21.9,20.2,9.24,62.7,21.71,-1.11,4.28,78.0,1.025,45.6,0.089,2026-05-06 01:00:00,93.4,76.3,2.186147186147186,594.9200000000001,3017.69
2026-05-06,05:00:00,138.7,23.4,19.37,8.78,63.2,21.42,-1.0,3.92,74.4,1.023,47.9,0.126,2026-05-06 05:00:00,90.79999999999998,75.49999999999999,2.2061503416856496,543.704,2970.954
2026-05-06,07:00:00,139.2,26.2,18.95,8.9,59.9,22.44,-0.68,3.79,74.6,1.013,48.0,0.099,2026-05-06 07:00:00,91.19999999999999,79.29999999999998,2.129213483146067,527.568,3123.648
2026-05-06,09:00:00,139.8,28.9,20.2,9.46,64.8,21.73,-0.99,4.29,78.6,1.013,48.5,0.09,2026-05-06 09:00:00,91.30000000000001,75.00000000000001,2.135306553911205,599.7420000000001,3037.8540000000003
2026-05-06,11:00:00,136.1,29.0,19.61,10.02,61.2,22.47,-1.04,3.72,78.2,1.018,43.9,0.114,2026-05-06 11:00:00,92.19999999999999,74.89999999999999,1.9570858283433135,506.29200000000003,3058.167
2026-05-06,13:00:00,141.5,32.3,20.77,9.94,64.7,20.76,-1.05,4.2,77.2,1.039,42.4,0.087,2026-05-06 13:00:00,99.1,76.8,2.08953722334004,594.3000000000001,2937.5400000000004
2026-05-06,15:00:00,140.0,31.6,20.45,10.11,63.3,22.17,-1.12,4.18,79.1,1.027,46.9,0.085,2026-05-06 15:00:00,93.1,76.7,2.0227497527200793,585.1999999999999,3103.8
2026-05-06,17:00:00,138.6,29.2,21.09,9.92,62.1,21.5,-1.01,4.05,77.9,1.012,45.4,0.098,2026-05-06 17:00:00,93.19999999999999,76.5,2.126008064516129,561.3299999999999,2979.9
2026-05-06,19:00:00,138.9,26.7,21.04,10.33,63.1,20.93,-1.14,4.49,81.9,1.022,45.9,0.1,2026-05-06 19:00:00,93.0,75.80000000000001,2.036786060019361,623.6610000000001,2907.177
2026-05-06,21:00:00,141.4,25.4,19.86,10.07,64.3,20.66,-1.18,4.46,83.7,1.03,46.5,0.083,2026-05-06 21:00:00,94.9,77.10000000000001,1.9721946375372392,630.644,2921.324
2026-05-06,23:00:00,142.1,21.6,20.13,9.79,66.2,20.7,-0.95,4.34,76.9,1.016,48.6,0.095,2026-05-06 23:00:00,93.5,75.89999999999999,2.056179775280899,616.7139999999999,2941.47
2026-05-07,01:00:00,137.7,21.8,20.49,9.82,63.4,21.78,-1.18,4.31,78.5,1.023,44.7,0.094,2026-05-07 01:00:00,92.99999999999999,74.29999999999998,2.0865580448065173,593.4869999999999,2999.1059999999998
2026-05-07,03:00:00,140.2,23.6,19.57,9.77,64.6,21.77,-0.98,4.36,81.1,1.017,46.1,0.087,2026-05-07 03:00:00,94.1,75.6,2.0030706243602867,611.272,3052.1539999999995
2026-05-07,05:00:00,136.8,24.2,20.53,10.44,64.0,21.65,-1.01,4.66,80.0,1.034,46.3,0.097,2026-05-07 05:00:00,90.50000000000001,72.80000000000001,1.9664750957854409,637.488,2961.7200000000003
2026-05-07,07:00:00,139.5,25.3,21.46,9.69,62.2,22.22,-1.14,4.27,81.0,1.022,44.7,0.104,2026-05-07 07:00:00,94.8,77.3,2.2146542827657383,595.665,3099.69
2026-05-07,09:00:00,137.7,28.4,19.81,10.34,65.8,19.97,-1.12,4.25,80.3,1.036,47.2,0.126,2026-05-07 09:00:00,90.49999999999999,71.89999999999999,1.915860735009671,585.2249999999999,2749.8689999999997
2026-05-07,11:00:00,142.6,30.9,20.62,10.69,62.8,21.5,-1.11,4.81,84.0,1.029,46.7,0.073,2026-05-07 11:00:00,95.89999999999999,79.8,1.928905519176801,685.906,3065.9
2026-05-07,13:00:00,142.0,32.2,22.45,11.08,65.0,20.42,-1.26,4.71,85.5,1.031,45.7,0.09,2026-05-07 13:00:00,96.3,77.0,2.026173285198556,668.82,2899.6400000000003
2026-05-07,15:00:00,140.6,28.9,20.25,10.11,62.4,21.22,-1.06,4.24,78.5,1.028,46.9,0.102,2026-05-07 15:00:00,93.69999999999999,78.19999999999999,2.0029673590504453,596.144,2983.5319999999997
2026-05-07,17:00:00,136.5,30.0,21.45,9.8,61.9,22.96,-1.27,4.23,81.6,1.031,44.0,0.153,2026-05-07 17:00:00,92.5,74.6,2.1887755102040813,577.3950000000001,3134.04
2026-05-07,19:00:00,135.6,25.6,21.59,10.07,63.5,22.21,-1.2,4.33,83.9,1.019,44.2,0.108,2026-05-07 19:00:00,91.39999999999999,72.1,2.143992055610725,587.148,3011.676
2026-05-07,21:00:00,139.5,23.6,19.8,9.99,62.2,22.76,-1.12,4.16,80.6,1.024,47.3,0.105,2026-05-07 21:00:00,92.2,77.3,1.981981981981982,580.32,3175.0200000000004
2026-05-07,23:00:00,141.5,22.4,21.26,9.77,64.8,21.71,-1.17,4.5,80.6,1.031,47.9,0.075,2026-05-07 23:00:00,93.6,76.7,2.1760491299897646,636.75,3071.965
2026-05-08,01:00:00,139.7,20.5,20.23,10.2,61.0,20.55,-1.16,4.6,83.0,1.02,46.8,0.123,2026-05-08 01:00:00,92.89999999999999,78.69999999999999,1.9833333333333336,642.6199999999999,2870.835
2026-05-08,03:00:00,138.7,21.4,21.0,10.38,64.6,22.81,-1.13,4.41,82.5,1.034,44.8,0.098,2026-05-08 03:00:00,93.89999999999999,74.1,2.0231213872832368,611.6669999999999,3163.7469999999994
2026-05-08,05:00:00,138.6,22.5,20.49,9.47,60.6,21.51,-1.12,4.0,81.9,1.026,46.0,0.107,2026-05-08 05:00:00,92.6,78.0,2.1636747624076027,554.4,2981.286
2026-05-08,07:00:00,137.7,27.9,20.18,10.9,64.0,20.27,-1.14,4.66,79.9,1.029,47.4,0.141,2026-05-08 07:00:00,90.29999999999998,73.69999999999999,1.8513761467889907,641.682,2791.1789999999996
2026-05-08,09:00:00,137.0,30.4,21.07,10.93,62.5,20.75,-1.28,4.36,84.0,1.027,43.6,0.13,2026-05-08 09:00:00,93.4,74.5,1.9277218664226898,597.32,2842.75
2026-05-08,11:00:00,139.1,31.3,20.85,10.01,60.1,20.96,-1.03,4.36,81.1,1.02,44.8,0.09,2026-05-08 11:00:00,94.3,79.0,2.082917082917083,606.476,2915.536
2026-05-08,13:00:00,140.9,32.4,19.96,9.23,64.7,23.5,-0.98,4.14,78.3,1.029,48.1,0.061,2026-05-08 13:00:00,92.80000000000001,76.2,2.162513542795233,583.326,3311.15
2026-05-08,15:00:00,139.1,30.4,20.55,9.98,64.0,22.88,-0.94,4.32,79.8,1.023,44.7,0.075,2026-05-08 15:00:00,94.39999999999999,75.1,2.059118236472946,600.912,3182.6079999999997
2026-05-08,17:00:00,141.7,27.5,20.06,9.39,63.6,20.45,-1.07,4.43,78.9,1.035,47.5,0.085,2026-05-08 17:00:00,94.19999999999999,78.1,2.136315228966986,627.7309999999999,2897.765
2026-05-08,19:00:00,138.7,26.0,20.93,10.34,62.7,20.63,-1.23,4.52,81.9,1.035,46.5,0.103,2026-05-08 19:00:00,92.19999999999999,75.99999999999999,2.0241779497098644,626.9239999999999,2861.3809999999994
2026-05-08,21:00:00,138.3,25.1,20.13,9.86,63.4,21.72,-1.03,4.21,77.7,1.013,45.6,0.09,2026-05-08 21:00:00,92.70000000000002,74.9,2.0415821501014197,582.243,3003.876
2026-05-08,23:00:00,137.9,24.5,20.85,9.82,61.8,21.92,-1.25,4.23,82.2,1.017,45.4,0.092,2026-05-08 23:00:00,92.5,76.10000000000001,2.1232179226069245,583.3170000000001,3022.7680000000005
2026-05-09,01:00:00,140.9,23.1,20.06,9.5,63.4,21.29,-1.19,4.74,81.5,1.027,46.2,0.084,2026-05-09 01:00:00,94.7,77.5,2.1115789473684208,667.8660000000001,2999.761
2026-05-09,03:00:00,141.3,23.7,20.44,9.6,60.9,20.95,-1.32,4.62,83.5,1.015,48.9,0.091,2026-05-09 03:00:00,92.4,80.4,2.129166666666667,652.806,2960.235
2026-05-09,05:00:00,140.7,24.4,20.62,10.28,64.0,22.09,-1.19,4.37,82.8,1.032,44.7,0.091,2026-05-09 05:00:00,95.99999999999999,76.69999999999999,2.005836575875487,614.8589999999999,3108.0629999999996
2026-05-09,07:00:00,141.3,25.9,20.23,9.84,63.5,21.52,-1.07,4.82,82.1,1.025,47.6,0.075,2026-05-09 07:00:00,93.70000000000002,77.80000000000001,2.0558943089430897,681.0660000000001,3040.7760000000003
2026-05-09,09:00:00,141.4,28.5,21.76,9.41,61.9,21.6,-1.12,4.89,85.8,1.028,45.4,0.073,2026-05-09 09:00:00,96.0,79.5,2.312433581296493,691.446,3054.2400000000002
2026-05-09,11:00:00,142.2,30.9,21.65,9.95,62.6,21.22,-1.02,4.61,83.1,1.025,45.4,0.089,2026-05-09 11:00:00,96.79999999999998,79.6,2.1758793969849246,655.542,3017.4839999999995
2026-05-09,13:00:00,141.7,31.1,22.19,9.68,63.3,21.35,-1.19,4.61,85.1,1.024,43.0,0.063,2026-05-09 13:00:00,98.69999999999999,78.39999999999999,2.2923553719008267,653.237,3025.295
2026-05-09,15:00:00,140.2,31.8,19.72,10.34,62.4,22.19,-1.24,4.43,79.6,1.025,46.4,0.094,2026-05-09 15:00:00,93.79999999999998,77.79999999999998,1.9071566731141198,621.0859999999999,3111.038
2026-05-09,17:00:00,139.6,29.0,21.94,9.59,59.9,21.66,-1.28,4.48,85.1,1.033,44.4,0.084,2026-05-09 17:00:00,95.19999999999999,79.69999999999999,2.2877997914494266,625.408,3023.736
2026-05-09,19:00:00,139.7,28.0,20.46,10.54,63.7,20.99,-1.18,4.36,82.6,1.034,46.0,0.089,2026-05-09 19:00:00,93.69999999999999,75.99999999999999,1.9411764705882355,609.092,2932.3029999999994
2026-05-09,21:00:00,140.5,23.1,21.11,9.79,64.6,21.3,-1.29,4.54,83.5,1.026,48.3,0.081,2026-05-09 21:00:00,92.2,75.9,2.1562819203268644,637.87,2992.65
2026-05-09,23:00:00,139.6,22.4,20.54,10.57,63.9,21.3,-1.32,4.34,84.9,1.022,49.4,0.092,2026-05-09 23:00:00,90.19999999999999,75.69999999999999,1.943235572374645,605.8639999999999,2973.48
2026-05-10,01:00:00,140.1,23.3,20.63,10.4,63.6,20.85,-1.2,4.52,83.4,1.019,45.4,0.098,2026-05-10 01:00:00,94.69999999999999,76.5,1.983653846153846,633.252,2921.085
2026-05-10,03:00:00,143.6,20.1,21.41,10.96,64.3,19.53,-1.01,4.81,82.3,1.031,49.9,0.101,2026-05-10 03:00:00,93.69999999999999,79.3,1.9534671532846715,690.7159999999999,2804.5080000000003
2026-05-10,05:00:00,140.1,24.7,20.69,10.09,62.2,21.72,-1.23,4.39,83.1,1.033,46.3,0.092,2026-05-10 05:00:00,93.8,77.89999999999999,2.0505450941526266,615.0389999999999,3042.9719999999998
2026-05-10,07:00:00,140.3,27.9,19.3,9.85,62.5,21.29,-1.07,4.18,79.7,1.026,45.4,0.093,2026-05-10 07:00:00,94.9,77.80000000000001,1.9593908629441625,586.454,2986.987
2026-05-10,09:00:00,139.6,28.1,20.35,10.45,62.1,21.3,-1.33,4.14,80.3,1.029,47.7,0.101,2026-05-10 09:00:00,91.89999999999999,77.5,1.9473684210526319,577.944,2973.48
2026-05-10,11:00:00,139.7,29.4,21.8,9.95,65.1,21.44,-1.23,4.4,83.8,1.041,42.9,0.089,2026-05-10 11:00:00,96.79999999999998,74.6,2.190954773869347,614.68,2995.168
2026-05-10,13:00:00,141.4,30.9,21.09,10.03,62.9,21.45,-1.23,4.7,82.7,1.028,44.4,0.083,2026-05-10 13:00:00,97.0,78.5,2.1026919242273183,664.58,3033.03
2026-05-10,15:00:00,138.9,33.1,19.33,9.32,66.7,23.02,-1.06,4.11,82.2,1.033,42.8,0.073,2026-05-10 15:00:00,96.10000000000001,72.2,2.0740343347639483,570.879,3197.478
2026-05-10,19:00:00,140.1,26.8,20.17,10.11,59.8,22.99,-1.09,4.59,79.9,1.03,48.0,0.076,2026-05-10 19:00:00,92.1,80.3,1.9950544015825917,643.059,3220.8989999999994
2026-05-10,21:00:00,140.1,22.3,20.34,10.01,60.7,21.42,-1.2,4.5,82.5,1.033,47.6,0.1,2026-05-10 21:00:00,92.5,79.39999999999999,2.031968031968032,630.4499999999999,3000.942
2026-05-10,23:00:00,138.0,20.7,20.34,10.34,64.6,20.81,-1.27,4.38,82.2,1.027,46.7,0.106,2026-05-10 23:00:00,91.3,73.4,1.9671179883945842,604.4399999999999,2871.7799999999997
2026-05-11,01:00:00,140.3,20.7,20.73,10.04,61.7,21.02,-1.31,4.51,84.1,1.024,46.8,0.095,2026-05-11 01:00:00,93.50000000000001,78.60000000000001,2.064741035856574,632.753,2949.106
2026-05-11,03:00:00,142.5,19.9,19.89,10.27,64.6,21.31,-1.44,4.55,82.4,1.02,54.1,0.074,2026-05-11 03:00:00,88.4,77.9,1.9367088607594938,648.375,3036.6749999999997
2026-05-11,05:00:00,138.9,22.8,20.57,9.88,64.0,22.07,-1.21,4.33,79.4,1.037,46.6,0.081,2026-05-11 05:00:00,92.30000000000001,74.9,2.081983805668016,601.437,3065.523
2026-05-11,07:00:00,142.4,25.5,21.32,9.72,61.5,22.48,-1.11,4.36,80.4,1.019,52.2,0.066,2026-05-11 07:00:00,90.2,80.9,2.193415637860082,620.864,3201.152
2026-05-11,09:00:00,140.8,30.2,19.55,8.88,61.5,22.08,-0.91,3.92,79.2,1.024,44.3,0.076,2026-05-11 09:00:00,96.50000000000001,79.30000000000001,2.2015765765765765,551.936,3108.864
2026-05-11,11:00:00,140.6,29.9,18.53,8.98,63.1,21.36,-0.9,4.19,75.8,1.022,46.0,0.071,2026-05-11 11:00:00,94.6,77.5,2.06347438752784,589.114,3003.216
2026-05-11,13:00:00,135.8,30.8,18.61,9.22,57.0,22.67,-1.15,3.81,76.9,1.025,42.3,0.122,2026-05-11 13:00:00,93.50000000000001,78.80000000000001,2.0184381778741862,517.398,3078.5860000000007
2026-05-11,15:00:00,137.6,29.7,19.39,9.32,59.8,23.39,-0.99,3.83,75.8,1.019,45.6,0.084,2026-05-11 15:00:00,92.0,77.8,2.0804721030042916,527.008,3218.464
2026-05-11,17:00:00,137.0,28.2,19.67,9.35,61.4,21.95,-1.06,3.69,75.9,1.028,46.7,0.085,2026-05-11 17:00:00,90.3,75.6,2.1037433155080216,505.53,3007.15
2026-05-11,19:00:00,138.2,26.5,18.78,9.13,58.9,22.25,-1.08,4.09,76.3,1.023,44.4,0.104,2026-05-11 19:00:00,93.79999999999998,79.29999999999998,2.0569550930996714,565.2379999999999,3074.95
2026-05-11,21:00:00,139.4,22.2,20.05,9.35,62.1,23.26,-1.13,3.73,79.4,1.028,47.2,0.078,2026-05-11 21:00:00,92.2,77.30000000000001,2.144385026737968,519.962,3242.4440000000004
2026-05-11,23:00:00,139.5,22.1,19.66,9.22,63.6,21.62,-1.06,4.1,78.8,1.018,45.1,0.082,2026-05-11 23:00:00,94.4,75.9,2.1323210412147504,571.9499999999999,3015.9900000000002
2026-05-12,01:00:00,140.2,20.5,20.82,9.86,63.1,22.26,-1.22,3.89,80.8,1.022,46.1,0.094,2026-05-12 01:00:00,94.1,77.1,2.111561866125761,545.3779999999999,3120.852
2026-05-12,03:00:00,140.3,21.3,19.41,9.54,61.7,21.37,-1.02,4.21,79.7,1.011,49.2,0.092,2026-05-12 03:00:00,91.10000000000001,78.60000000000001,2.0345911949685536,590.663,2998.2110000000002
2026-05-12,05:00:00,137.0,24.0,20.38,9.86,60.3,22.22,-1.1,3.89,79.8,1.027,45.4,0.094,2026-05-12 05:00:00,91.6,76.7,2.0669371196754565,532.9300000000001,3044.14
2026-05-12,07:00:00,142.2,27.6,20.68,9.64,63.3,22.51,-1.15,4.17,79.7,1.021,46.3,0.086,2026-05-12 07:00:00,95.89999999999999,78.89999999999999,2.145228215767635,592.9739999999999,3200.922
2026-05-12,09:00:00,139.6,27.9,20.52,10.04,66.8,22.29,-1.11,4.32,77.1,1.026,44.5,0.083,2026-05-12 09:00:00,95.1,72.8,2.043824701195219,603.072,3111.6839999999997
2026-05-12,11:00:00,139.7,28.9,21.04,9.3,63.4,22.08,-1.17,4.35,79.3,1.029,48.2,0.063,2026-05-12 11:00:00,91.49999999999999,76.29999999999998,2.2623655913978493,607.6949999999999,3084.5759999999996
2026-05-12,13:00:00,140.5,31.7,20.49,9.51,62.1,23.47,-0.92,4.15,76.7,1.038,46.0,0.072,2026-05-12 13:00:00,94.5,78.4,2.1545741324921135,583.075,3297.535
2026-05-12,15:00:00,139.0,28.4,20.03,9.03,60.3,23.26,-1.12,3.51,79.9,1.01,45.6,0.092,2026-05-12 15:00:00,93.4,78.7,2.2181616832779625,487.89,3233.1400000000003
2026-05-12,17:00:00,134.3,27.1,19.39,9.51,60.1,21.07,-0.92,3.77,74.8,1.018,43.1,0.118,2026-05-12 17:00:00,91.20000000000002,74.20000000000002,2.0389064143007363,506.31100000000004,2829.7010000000005
2026-05-12,19:00:00,140.6,27.0,18.79,9.92,62.5,22.92,-0.99,4.21,73.8,1.034,47.6,0.094,2026-05-12 19:00:00,93.0,78.1,1.8941532258064515,591.9259999999999,3222.552
2026-05-12,21:00:00,141.6,24.0,19.03,9.55,62.5,22.41,-1.08,3.91,78.6,1.039,49.5,0.082,2026-05-12 21:00:00,92.1,79.1,1.9926701570680627,553.656,3173.256
2026-05-12,23:00:00,140.6,23.7,18.42,9.22,63.8,22.65,-0.93,4.04,74.4,1.024,42.9,0.085,2026-05-12 23:00:00,97.69999999999999,76.8,1.997830802603037,568.024,3184.5899999999997
2026-05-13,01:00:00,138.7,20.6,19.69,8.99,62.7,21.19,-0.99,3.93,76.0,1.026,45.4,0.092,2026-05-13 01:00:00,93.29999999999998,75.99999999999999,2.1902113459399333,545.091,2939.053
2026-05-13,03:00:00,136.4,22.4,20.08,9.11,59.2,20.38,-0.9,3.4,76.5,1.021,46.4,0.124,2026-05-13 03:00:00,90.0,77.2,2.20417124039517,463.76,2779.832
2026-05-13,05:00:00,137.8,25.6,19.1,8.86,64.1,22.43,-0.94,3.62,73.4,1.024,48.9,0.096,2026-05-13 05:00:00,88.9,73.70000000000002,2.1557562076749437,498.83600000000007,3090.8540000000003
2026-05-13,07:00:00,141.1,25.0,20.52,9.17,61.6,20.16,-1.11,4.13,75.8,1.039,44.1,0.092,2026-05-13 07:00:00,97.0,79.5,2.23773173391494,582.7429999999999,2844.576
2026-05-13,09:00:00,137.0,28.3,18.57,8.17,60.5,21.97,-0.86,3.6,71.3,1.019,44.0,0.106,2026-05-13 09:00:00,93.0,76.5,2.2729498164014688,493.2,3009.89
2026-05-13,11:00:00,142.9,28.6,19.34,9.2,59.3,21.73,-1.07,4.15,79.2,1.025,47.4,0.068,2026-05-13 11:00:00,95.5,83.60000000000001,2.1021739130434782,593.0350000000001,3105.217
2026-05-13,13:00:00,138.3,31.1,19.53,9.79,60.6,20.82,-1.21,3.87,79.5,1.039,44.7,0.085,2026-05-13 13:00:00,93.60000000000001,77.70000000000002,1.9948927477017369,535.221,2879.4060000000004
2026-05-13,15:00:00,141.7,29.3,19.59,9.2,62.0,21.63,-1.01,3.99,75.6,1.026,46.7,0.079,2026-05-13 15:00:00,94.99999999999999,79.69999999999999,2.1293478260869567,565.383,3064.9709999999995
2026-05-13,17:00:00,141.2,27.8,19.42,9.23,66.6,21.59,-1.18,4.38,76.9,1.026,47.3,0.066,2026-05-13 17:00:00,93.89999999999999,74.6,2.1040086673889493,618.4559999999999,3048.508
2026-05-13,19:00:00,140.3,27.1,21.07,9.69,63.2,22.82,-1.0,4.04,78.1,1.026,46.8,0.066,2026-05-13 19:00:00,93.50000000000001,77.10000000000001,2.174406604747162,566.812,3201.646
2026-05-13,23:00:00,141.5,19.2,21.09,9.22,64.1,22.66,-1.14,3.92,79.4,1.028,50.3,0.047,2026-05-13 23:00:00,91.2,77.4,2.2874186550976137,554.68,3206.39
2026-05-14,01:00:00,143.4,21.1,19.68,9.42,65.2,23.55,-0.77,4.13,75.5,1.026,51.5,0.065,2026-05-14 01:00:00,91.9,78.2,2.089171974522293,592.242,3377.07
2026-05-14,05:00:00,139.4,23.6,19.12,9.14,61.9,21.95,-0.98,3.9,75.7,1.025,42.6,0.076,2026-05-14 05:00:00,96.80000000000001,77.5,2.0919037199124726,543.66,3059.83
2026-05-14,07:00:00,137.3,24.4,18.38,9.27,63.1,22.9,-1.01,3.93,78.0,1.026,49.1,0.103,2026-05-14 07:00:00,88.20000000000002,74.20000000000002,1.982740021574973,539.589,3144.17
2026-05-14,09:00:00,135.9,27.7,21.25,10.52,62.2,21.41,-1.03,4.22,80.2,1.023,47.6,0.118,2026-05-14 09:00:00,88.30000000000001,73.7,2.0199619771863118,573.4979999999999,2909.619
2026-05-14,11:00:00,139.5,30.0,20.08,9.67,61.5,22.55,-1.25,4.16,82.6,1.035,44.8,0.079,2026-05-14 11:00:00,94.7,78.0,2.0765253360910028,580.32,3145.725
2026-05-14,13:00:00,140.4,28.0,19.95,8.64,59.1,21.94,-1.07,3.7,75.1,1.021,47.2,0.068,2026-05-14 13:00:00,93.2,81.30000000000001,2.3090277777777777,519.48,3080.376
2026-05-14,15:00:00,139.2,29.6,19.21,8.8,60.7,22.67,-0.96,3.88,74.9,1.023,47.1,0.097,2026-05-14 15:00:00,92.1,78.49999999999999,2.1829545454545456,540.0959999999999,3155.6639999999998
2026-05-14,17:00:00,138.8,27.7,18.64,9.05,59.2,22.5,-0.87,4.01,74.6,1.014,46.1,0.096,2026-05-14 17:00:00,92.70000000000002,79.60000000000001,2.0596685082872925,556.588,3123.0000000000005
2026-05-14,19:00:00,139.6,25.1,19.01,8.53,60.1,22.92,-0.93,3.81,77.8,1.019,44.1,0.078,2026-05-14 19:00:00,95.5,79.5,2.228604923798359,531.876,3199.632
2026-05-14,21:00:00,140.4,24.4,20.0,9.03,60.5,21.64,-1.18,3.92,78.6,1.006,46.5,0.091,2026-05-14 21:00:00,93.9,79.9,2.2148394241417497,550.368,3038.2560000000003
2026-05-14,23:00:00,140.8,21.8,19.56,9.55,59.6,21.07,-1.14,4.38,78.0,1.019,46.9,0.092,2026-05-14 23:00:00,93.9,81.20000000000002,2.0481675392670153,616.7040000000001,2966.6560000000004
2026-05-15,01:00:00,139.7,20.2,20.04,9.93,61.0,22.66,-1.02,4.44,79.1,1.035,46.5,0.14,2026-05-15 01:00:00,93.19999999999999,78.69999999999999,2.0181268882175227,620.268,3165.602
2026-05-15,03:00:00,138.3,20.9,20.64,9.61,58.4,21.81,-1.15,4.08,83.5,1.019,46.9,0.095,2026-05-15 03:00:00,91.4,79.9,2.1477627471383975,564.264,3016.323
2026-05-15,05:00:00,138.4,21.5,19.81,9.78,61.4,22.19,-0.97,4.25,79.9,1.028,47.9,0.102,2026-05-15 05:00:00,90.5,77.0,2.0255623721881393,588.2,3071.0960000000005
2026-05-15,07:00:00,139.7,26.7,19.78,9.59,61.3,23.32,-1.11,3.98,76.5,1.019,43.6,0.084,2026-05-15 07:00:00,96.1,78.39999999999999,2.0625651720542235,556.006,3257.8039999999996
2026-05-15,09:00:00,142.1,27.3,20.09,8.89,60.4,22.67,-1.1,4.07,78.5,1.021,48.0,0.079,2026-05-15 09:00:00,94.1,81.69999999999999,2.2598425196850394,578.347,3221.407
2026-05-15,11:00:00,136.9,28.9,18.71,9.56,60.5,21.15,-0.89,3.78,75.4,1.025,45.0,0.118,2026-05-15 11:00:00,91.9,76.4,1.957112970711297,517.482,2895.435
2026-05-15,13:00:00,138.2,29.5,18.89,9.01,61.5,21.91,-1.14,4.1,77.4,1.024,45.6,0.114,2026-05-15 13:00:00,92.6,76.69999999999999,2.0965593784683687,566.6199999999999,3027.962
2026-05-15,15:00:00,141.5,27.7,20.96,9.62,62.7,22.78,-1.08,4.45,80.4,1.025,47.1,0.076,2026-05-15 15:00:00,94.4,78.8,2.178794178794179,629.6750000000001,3223.3700000000003
2026-05-15,17:00:00,140.5,27.2,20.34,10.11,63.2,22.51,-1.24,4.55,83.0,1.032,44.2,0.076,2026-05-15 17:00:00,96.3,77.3,2.0118694362017804,639.275,3162.655
2026-05-15,21:00:00,140.5,23.8,19.96,10.17,64.1,21.24,-0.99,4.24,79.9,1.031,44.5,0.071,2026-05-15 21:00:00,96.0,76.4,1.9626352015732547,595.72,2984.22
2026-05-15,23:00:00,142.1,21.0,19.14,9.79,63.1,22.55,-1.07,4.13,81.2,1.017,49.2,0.072,2026-05-15 23:00:00,92.89999999999999,79.0,1.9550561797752812,586.8729999999999,3204.355
2026-05-16,01:00:00,138.0,18.9,20.75,9.94,56.8,20.96,-1.17,4.12,84.9,1.033,45.4,0.121,2026-05-16 01:00:00,92.6,81.2,2.087525150905433,568.5600000000001,2892.48
2026-05-16,03:00:00,142.2,20.1,20.38,10.56,64.5,21.34,-1.31,4.44,82.9,1.033,49.4,0.09,2026-05-16 03:00:00,92.79999999999998,77.69999999999999,1.9299242424242422,631.368,3034.548
2026-05-16,05:00:00,142.0,21.9,20.47,9.9,59.2,21.98,-1.09,4.53,78.6,1.026,46.0,0.095,2026-05-16 05:00:00,96.0,82.8,2.0676767676767676,643.26,3121.16
2026-05-16,07:00:00,138.8,25.8,21.48,10.0,60.5,21.84,-1.28,4.07,81.6,1.029,40.0,0.105,2026-05-16 07:00:00,98.80000000000001,78.30000000000001,2.148,564.916,3031.3920000000003
2026-05-16,09:00:00,140.0,28.1,20.13,9.92,61.0,21.4,-0.94,4.23,78.3,1.017,44.4,0.103,2026-05-16 09:00:00,95.6,79.0,2.029233870967742,592.2,2996.0
2026-05-16,11:00:00,140.9,28.8,20.38,9.16,63.2,23.01,-1.41,4.52,84.3,1.01,44.1,0.061,2026-05-16 11:00:00,96.80000000000001,77.7,2.224890829694323,636.8679999999999,3242.1090000000004
2026-05-16,13:00:00,141.5,29.5,19.75,9.66,60.7,22.48,-1.06,4.58,79.7,1.024,45.9,0.089,2026-05-16 13:00:00,95.6,80.8,2.0445134575569357,648.07,3180.92
2026-05-16,15:00:00,140.8,28.6,18.96,9.6,55.8,21.78,-1.01,4.36,76.3,1.022,44.2,0.109,2026-05-16 15:00:00,96.60000000000001,85.00000000000001,1.975,613.8880000000001,3066.6240000000003
2026-05-16,17:00:00,139.2,28.5,20.99,9.3,60.7,20.76,-1.27,4.27,81.1,1.015,43.6,0.108,2026-05-16 17:00:00,95.6,78.49999999999999,2.256989247311828,594.3839999999999,2889.792
2026-05-16,19:00:00,138.4,23.6,19.2,9.77,59.1,22.04,-1.12,4.29,80.5,1.026,45.0,0.112,2026-05-16 19:00:00,93.4,79.30000000000001,1.9651995905834185,593.736,3050.336
2026-05-16,21:00:00,140.5,20.3,20.07,9.22,60.9,22.07,-1.21,4.09,76.7,1.006,45.4,0.071,2026-05-16 21:00:00,95.1,79.6,2.1767895878524945,574.645,3100.835
2026-05-16,23:00:00,140.3,21.0,20.73,8.37,56.4,22.39,-1.02,4.27,76.1,1.016,46.4,0.071,2026-05-16 23:00:00,93.9,83.9,2.4767025089605736,599.081,3141.3170000000005
2026-05-17,01:00:00,139.2,19.1,19.2,9.24,58.6,22.32,-0.95,3.55,75.6,1.022,46.0,0.084,2026-05-17 01:00:00,93.19999999999999,80.6,2.0779220779220777,494.1599999999999,3106.944
2026-05-17,03:00:00,145.2,21.2,19.91,9.35,59.6,21.62,-1.1,4.41,79.5,1.029,47.9,0.058,2026-05-17 03:00:00,97.29999999999998,85.6,2.1294117647058823,640.332,3139.2239999999997
2026-05-17,05:00:00,137.5,21.1,19.69,9.57,61.4,22.08,-1.09,4.17,79.0,1.028,44.9,0.077,2026-05-17 05:00:00,92.6,76.1,2.057471264367816,573.375,3035.9999999999995
2026-05-17,07:00:00,140.1,22.2,20.45,9.54,60.0,21.99,-0.98,3.94,79.1,1.033,46.2,0.078,2026-05-17 07:00:00,93.89999999999999,80.1,2.1436058700209646,551.9939999999999,3080.7989999999995
2026-05-17,09:00:00,141.0,26.7,19.68,9.23,61.4,22.0,-0.94,3.8,78.8,1.021,47.9,0.088,2026-05-17 09:00:00,93.1,79.6,2.132177681473456,535.8,3102.0
2026-05-17,11:00:00,141.7,25.1,18.95,8.87,57.2,21.33,-0.97,3.85,74.2,1.02,44.9,0.109,2026-05-17 11:00:00,96.79999999999998,84.49999999999999,2.13641488162345,545.545,3022.4609999999993
2026-05-17,13:00:00,143.2,28.7,18.88,8.73,57.5,22.5,-0.8,4.21,76.7,1.02,44.4,0.083,2026-05-17 13:00:00,98.79999999999998,85.69999999999999,2.1626575028636883,602.872,3221.9999999999995
2026-05-17,15:00:00,139.8,26.7,19.53,8.87,55.9,22.66,-0.89,3.95,75.9,1.024,41.1,0.087,2026-05-17 15:00:00,98.70000000000002,83.9,2.2018038331454344,552.21,3167.8680000000004
2026-05-17,17:00:00,140.9,28.0,18.84,9.09,60.4,21.34,-0.84,4.12,75.0,1.022,44.4,0.094,2026-05-17 17:00:00,96.5,80.5,2.072607260726073,580.508,3006.806
2026-05-17,19:00:00,138.4,23.4,19.16,9.14,61.4,22.77,-1.02,3.44,72.7,1.014,43.3,0.082,2026-05-17 19:00:00,95.10000000000001,77.0,2.096280087527352,476.096,3151.368
2026-05-17,21:00:00,141.4,22.7,19.11,9.18,59.1,22.06,-0.88,3.94,79.0,1.016,48.3,0.091,2026-05-17 21:00:00,93.10000000000001,82.30000000000001,2.081699346405229,557.116,3119.284
2026-05-17,23:00:00,139.0,21.5,19.16,8.86,55.5,22.26,-1.05,3.73,72.8,1.028,41.6,0.094,2026-05-17 23:00:00,97.4,83.5,2.162528216704289,518.47,3094.1400000000003
2026-05-18,01:00:00,139.8,18.1,18.39,8.19,58.0,22.12,-0.99,3.99,74.5,1.015,46.8,0.1,2026-05-18 01:00:00,93.00000000000001,81.80000000000001,2.2454212454212454,557.802,3092.376
2026-05-18,03:00:00,139.4,20.3,19.24,8.81,60.4,21.45,-1.07,3.84,75.8,1.024,46.6,0.089,2026-05-18 03:00:00,92.80000000000001,79.0,2.183881952326901,535.296,2990.13
2026-05-18,05:00:00,136.5,21.8,18.65,8.95,59.9,21.66,-0.89,3.64,75.1,1.017,43.4,0.113,2026-05-18 05:00:00,93.1,76.6,2.083798882681564,496.86,2956.59
2026-05-18,07:00:00,141.2,24.5,19.79,9.0,63.2,22.56,-1.08,4.16,76.7,1.029,48.3,0.085,2026-05-18 07:00:00,92.89999999999999,77.99999999999999,2.198888888888889,587.3919999999999,3185.4719999999998
2026-05-18,09:00:00,142.4,24.9,20.25,9.4,60.3,22.14,-1.21,4.38,78.2,1.028,47.5,0.095,2026-05-18 09:00:00,94.9,82.10000000000001,2.154255319148936,623.712,3152.7360000000003
2026-05-18,11:00:00,140.3,31.4,19.95,9.57,62.2,21.91,-1.15,3.82,77.4,1.028,44.6,0.079,2026-05-18 11:00:00,95.70000000000002,78.10000000000001,2.0846394984326015,535.946,3073.9730000000004
2026-05-18,13:00:00,140.9,28.1,19.6,9.79,60.3,21.1,-0.95,4.29,79.1,1.035,46.7,0.087,2026-05-18 13:00:00,94.2,80.60000000000001,2.0020429009193057,604.461,2972.9900000000002
2026-05-18,15:00:00,141.8,26.2,20.41,8.97,58.5,22.4,-1.01,3.94,78.0,1.014,47.8,0.079,2026-05-18 15:00:00,94.00000000000001,83.30000000000001,2.2753623188405796,558.692,3176.32
2026-05-18,17:00:00,142.9,25.8,19.85,9.87,58.9,22.62,-1.08,4.14,76.8,1.021,47.6,0.08,2026-05-18 17:00:00,95.30000000000001,84.0,2.011144883485309,591.606,3232.398
2026-05-18,19:00:00,142.9,23.5,21.15,9.19,62.7,20.91,-1.12,4.2,80.5,1.024,44.3,0.07,2026-05-18 19:00:00,98.60000000000001,80.2,2.3014145810663766,600.1800000000001,2988.039
2026-05-18,21:00:00,141.7,22.3,20.11,8.91,59.7,22.33,-1.11,4.14,81.0,1.026,46.2,0.071,2026-05-18 21:00:00,95.49999999999999,81.99999999999999,2.2570145903479237,586.6379999999999,3164.1609999999996
2026-05-18,23:00:00,140.3,20.5,19.6,10.04,62.5,21.51,-0.91,4.24,77.5,1.021,49.6,0.1,2026-05-18 23:00:00,90.70000000000002,77.80000000000001,1.9521912350597612,594.8720000000001,3017.8530000000005
2026-05-19,01:00:00,139.8,19.6,19.59,10.29,64.9,22.13,-1.11,4.35,81.1,1.013,48.6,0.1,2026-05-19 01:00:00,91.20000000000002,74.9,1.903790087463557,608.13,3093.774
2026-05-19,03:00:00,140.6,20.8,19.14,9.49,63.0,22.3,-0.89,3.94,71.9,1.031,47.3,0.08,2026-05-19 03:00:00,93.3,77.6,2.0168598524762906,553.9639999999999,3135.38
2026-05-19,05:00:00,139.1,22.8,18.47,8.77,58.8,22.46,-0.94,3.64,74.9,1.035,43.6,0.107,2026-05-19 05:00:00,95.5,80.3,2.106043329532497,506.324,3124.186
2026-05-19,07:00:00,139.7,24.3,19.55,8.56,61.1,23.02,-0.86,4.15,74.9,1.021,44.8,0.086,2026-05-19 07:00:00,94.89999999999999,78.6,2.2838785046728973,579.755,3215.894
2026-05-19,09:00:00,139.9,24.7,20.1,9.06,58.0,23.11,-1.02,4.06,74.7,1.025,47.0,0.109,2026-05-19 09:00:00,92.9,81.9,2.218543046357616,567.9939999999999,3233.089
2026-05-19,13:00:00,138.5,28.2,20.16,9.57,59.3,21.01,-1.12,3.8,77.4,1.034,47.3,0.102,2026-05-19 13:00:00,91.2,79.2,2.1065830721003134,526.3,2909.885
2026-05-19,15:00:00,139.5,27.0,19.39,9.91,62.1,21.58,-0.91,3.87,76.0,1.023,43.9,0.111,2026-05-19 15:00:00,95.6,77.4,1.956609485368315,539.865,3010.41
2026-05-19,17:00:00,138.7,26.6,19.11,9.06,60.8,21.17,-0.83,3.67,77.0,1.021,44.5,0.113,2026-05-19 17:00:00,94.19999999999999,77.89999999999999,2.109271523178808,509.02899999999994,2936.279
2026-05-19,19:00:00,141.0,27.0,19.34,9.18,60.9,22.76,-0.88,4.1,77.1,1.018,47.8,0.071,2026-05-19 19:00:00,93.2,80.1,2.106753812636166,578.0999999999999,3209.1600000000003
2026-05-19,21:00:00,143.7,20.1,19.14,9.04,59.2,23.61,-1.12,4.16,78.4,1.015,49.2,0.05,2026-05-19 21:00:00,94.49999999999999,84.49999999999999,2.117256637168142,597.7919999999999,3392.7569999999996
2026-05-19,23:00:00,139.5,20.1,19.03,9.06,64.1,22.49,-0.91,3.91,76.5,1.011,47.0,0.094,2026-05-19 23:00:00,92.5,75.4,2.1004415011037527,545.445,3137.3549999999996
2026-05-20,01:00:00,137.3,19.1,19.94,9.32,59.1,22.09,-1.15,3.87,76.7,1.003,44.1,0.114,2026-05-20 01:00:00,93.20000000000002,78.20000000000002,2.139484978540773,531.3510000000001,3032.9570000000003
2026-05-20,03:00:00,139.9,21.1,19.53,9.12,60.0,23.34,-0.98,3.63,76.6,1.023,47.0,0.101,2026-05-20 03:00:00,92.9,79.9,2.141447368421053,507.837,3265.266
2026-05-20,05:00:00,138.3,21.6,19.39,8.96,60.4,21.72,-0.99,3.93,75.3,1.034,43.6,0.093,2026-05-20 05:00:00,94.70000000000002,77.9,2.1640625,543.5190000000001,3003.876
2026-05-20,07:00:00,141.8,22.5,18.93,9.76,61.6,22.23,-0.98,4.13,79.3,1.032,43.8,0.078,2026-05-20 07:00:00,98.00000000000001,80.20000000000002,1.9395491803278688,585.634,3152.2140000000004
2026-05-20,09:00:00,141.1,24.5,21.18,9.57,60.8,21.93,-1.2,4.3,81.5,1.019,43.9,0.089,2026-05-20 09:00:00,97.19999999999999,80.3,2.2131661442006267,606.7299999999999,3094.323
2026-05-20,11:00:00,140.9,26.8,20.73,9.97,62.4,23.13,-1.06,4.48,80.3,1.028,44.9,0.077,2026-05-20 11:00:00,96.0,78.5,2.079237713139418,631.2320000000001,3259.017
2026-05-20,13:00:00,139.0,28.1,21.04,10.31,63.5,21.3,-1.16,3.98,83.3,1.023,42.4,0.115,2026-05-20 13:00:00,96.6,75.5,2.0407371483996117,553.22,2960.7000000000003
2026-05-20,15:00:00,139.3,27.3,20.98,10.32,61.7,21.5,-1.23,4.32,82.4,1.033,46.7,0.105,2026-05-20 15:00:00,92.60000000000001,77.60000000000001,2.0329457364341086,601.7760000000001,2994.9500000000003
2026-05-20,17:00:00,138.9,25.2,20.63,10.16,63.4,22.44,-1.3,4.49,79.6,1.024,46.9,0.091,2026-05-20 17:00:00,92.0,75.5,2.0305118110236218,623.6610000000001,3116.916
2026-05-20,19:00:00,140.2,25.6,20.41,10.58,60.6,21.12,-0.97,4.56,80.9,1.026,46.4,0.109,2026-05-20 19:00:00,93.79999999999998,79.6,1.9291115311909264,639.3119999999999,2961.024
2026-05-20,21:00:00,140.6,19.2,19.32,10.13,60.4,21.6,-0.93,4.3,80.3,1.026,48.5,0.091,2026-05-20 21:00:00,92.1,80.19999999999999,1.9072063178677194,604.5799999999999,3036.96
2026-05-20,23:00:00,140.1,21.5,21.48,10.24,62.3,21.55,-1.15,4.26,79.6,1.023,47.8,0.082,2026-05-20 23:00:00,92.3,77.8,2.09765625,596.8259999999999,3019.155
2026-05-21,01:00:00,141.3,18.0,20.48,10.3,60.7,21.7,-1.29,4.59,83.1,1.022,49.7,0.097,2026-05-21 01:00:00,91.60000000000001,80.60000000000001,1.9883495145631067,648.567,3066.21
2026-05-21,03:00:00,139.5,19.1,20.65,10.6,60.4,20.85,-1.12,4.5,82.1,1.012,49.7,0.112,2026-05-21 03:00:00,89.8,79.1,1.9481132075471697,627.75,2908.5750000000003
2026-05-21,05:00:00,139.7,20.9,20.64,10.15,64.1,22.04,-1.14,4.35,82.1,1.015,44.4,0.106,2026-05-21 05:00:00,95.29999999999998,75.6,2.033497536945813,607.6949999999999,3078.988
2026-05-21,07:00:00,138.4,24.4,20.51,9.75,64.0,22.38,-1.03,4.0,79.7,1.024,45.2,0.099,2026-05-21 07:00:00,93.2,74.4,2.103589743589744,553.6,3097.392
2026-05-21,09:00:00,137.1,26.0,20.46,9.72,60.0,20.97,-1.17,4.02,78.9,1.034,41.8,0.087,2026-05-21 09:00:00,95.3,77.1,2.1049382716049383,551.1419999999999,2874.9869999999996
2026-05-21,11:00:00,139.4,28.3,19.48,10.33,60.3,21.53,-1.15,4.18,82.8,1.022,48.8,0.105,2026-05-21 11:00:00,90.60000000000001,79.10000000000001,1.8857696030977735,582.692,3001.282
2026-05-21,13:00:00,141.0,27.3,20.51,9.64,58.8,21.27,-1.14,3.91,78.2,1.017,47.7,0.088,2026-05-21 13:00:00,93.3,82.2,2.1275933609958506,551.3100000000001,2999.07
2026-05-21,15:00:00,140.9,29.5,20.37,9.68,61.3,20.25,-1.13,4.28,80.7,1.021,47.6,0.095,2026-05-21 15:00:00,93.30000000000001,79.60000000000001,2.104338842975207,603.052,2853.225
2026-05-21,17:00:00,141.1,26.8,19.31,9.45,63.0,22.53,-1.12,4.09,78.6,1.025,46.2,0.065,2026-05-21 17:00:00,94.89999999999999,78.1,2.0433862433862435,577.0989999999999,3178.983
2026-05-21,19:00:00,138.1,26.4,19.65,9.81,60.7,21.83,-1.0,4.26,78.0,1.031,43.8,0.109,2026-05-21 19:00:00,94.3,77.39999999999999,2.003058103975535,588.3059999999999,3014.7229999999995
2026-05-21,21:00:00,142.3,21.6,18.45,9.57,61.4,21.49,-1.11,4.23,79.6,1.01,44.8,0.092,2026-05-21 21:00:00,97.50000000000001,80.9,1.9278996865203761,601.9290000000001,3058.027
2026-05-21,23:00:00,138.5,18.9,19.9,9.74,61.6,21.21,-0.93,3.94,78.8,1.024,47.6,0.098,2026-05-21 23:00:00,90.9,76.9,2.0431211498973303,545.6899999999999,2937.585
2026-05-22,03:00:00,139.0,19.1,19.79,10.32,61.0,21.42,-1.02,4.25,79.8,1.038,46.4,0.091,2026-05-22 03:00:00,92.6,78.0,1.9176356589147285,590.75,2977.38
2026-05-22,07:00:00,138.6,25.5,20.25,10.29,61.7,21.23,-0.99,4.36,79.3,1.03,46.5,0.077,2026-05-22 07:00:00,92.1,76.89999999999999,1.9679300291545192,604.296,2942.478
2026-05-22,09:00:00,139.4,25.1,20.09,9.99,61.0,22.02,-0.99,4.16,78.0,1.017,44.4,0.094,2026-05-22 09:00:00,95.0,78.4,2.011011011011011,579.904,3069.588
2026-05-22,11:00:00,144.8,27.3,20.88,9.85,62.8,22.83,-1.16,4.48,80.1,1.031,49.8,0.072,2026-05-22 11:00:00,95.00000000000001,82.00000000000001,2.1197969543147206,648.7040000000001,3305.784
2026-05-22,13:00:00,139.2,29.7,20.3,10.65,60.6,22.91,-1.08,4.62,81.0,1.028,43.7,0.099,2026-05-22 13:00:00,95.49999999999999,78.6,1.9061032863849765,643.1039999999999,3189.0719999999997
2026-05-22,15:00:00,143.2,27.1,21.24,10.4,60.8,21.27,-1.2,4.58,84.4,1.039,48.6,0.065,2026-05-22 15:00:00,94.6,82.39999999999999,2.042307692307692,655.856,3045.8639999999996
2026-05-22,17:00:00,141.8,25.8,21.88,10.52,63.4,21.73,-1.12,4.35,81.3,1.035,47.8,0.09,2026-05-22 17:00:00,94.00000000000001,78.4,2.079847908745247,616.83,3081.3140000000003
2026-05-22,19:00:00,142.0,24.8,21.15,10.28,60.1,20.84,-1.35,4.33,84.8,1.04,44.0,0.082,2026-05-22 19:00:00,98.0,81.9,2.057392996108949,614.86,2959.28
2026-05-22,21:00:00,140.9,22.8,20.15,10.39,64.0,20.45,-1.23,4.48,80.7,1.022,46.1,0.099,2026-05-22 21:00:00,94.80000000000001,76.9,1.9393647738209814,631.2320000000001,2881.405
2026-05-22,23:00:00,142.8,21.2,20.87,10.26,63.3,21.18,-1.19,4.37,83.3,1.025,46.9,0.083,2026-05-22 23:00:00,95.9,79.50000000000001,2.03411306042885,624.0360000000001,3024.5040000000004
2026-05-23,01:00:00,140.7,18.7,20.63,10.73,64.2,20.48,-1.39,4.7,85.3,1.026,49.1,0.102,2026-05-23 01:00:00,91.6,76.49999999999999,1.92264678471575,661.29,2881.5359999999996
2026-05-23,03:00:00,143.8,19.5,21.13,10.8,65.8,20.95,-1.28,5.02,88.4,1.041,49.2,0.074,2026-05-23 03:00:00,94.60000000000001,78.00000000000001,1.9564814814814813,721.876,3012.61
2026-05-23,05:00:00,140.6,21.5,21.45,11.21,66.8,20.89,-1.36,5.17,88.5,1.038,48.0,0.119,2026-05-23 05:00:00,92.6,73.8,1.9134701159678855,726.9019999999999,2937.134
2026-05-23,07:00:00,140.6,23.1,22.44,10.85,66.0,20.36,-1.23,4.61,88.5,1.039,46.5,0.085,2026-05-23 07:00:00,94.1,74.6,2.0682027649769585,648.166,2862.616
2026-05-23,09:00:00,140.4,25.4,23.27,11.02,64.4,20.83,-1.4,4.69,92.9,1.023,47.6,0.081,2026-05-23 09:00:00,92.80000000000001,76.0,2.1116152450090744,658.4760000000001,2924.5319999999997
2026-05-23,11:00:00,140.2,27.7,22.27,11.2,64.4,21.26,-1.35,4.94,89.3,1.029,42.7,0.098,2026-05-23 11:00:00,97.49999999999999,75.79999999999998,1.9883928571428573,692.588,2980.652
2026-05-23,13:00:00,139.9,26.9,22.84,11.06,63.8,21.16,-1.45,4.98,88.8,1.029,43.7,0.146,2026-05-23 13:00:00,96.2,76.10000000000001,2.0650994575045205,696.7020000000001,2960.284
2026-05-23,15:00:00,143.2,28.7,22.26,11.41,61.3,20.03,-1.31,5.04,89.7,1.032,44.8,0.112,2026-05-23 15:00:00,98.39999999999999,81.89999999999999,1.950920245398773,721.728,2868.296
2026-05-23,17:00:00,140.1,26.2,22.27,11.47,64.9,21.33,-1.46,5.48,88.5,1.026,47.6,0.113,2026-05-23 17:00:00,92.5,75.19999999999999,1.9415867480383608,767.748,2988.3329999999996
2026-05-23,21:00:00,137.5,19.5,21.51,10.9,64.7,20.26,-1.35,4.64,87.9,1.024,46.0,0.121,2026-05-23 21:00:00,91.5,72.8,1.9733944954128442,638.0,2785.75
2026-05-23,23:00:00,137.1,19.4,22.22,11.51,64.7,20.55,-1.39,4.98,89.3,1.026,49.4,0.139,2026-05-23 23:00:00,87.69999999999999,72.39999999999999,1.9304952215464812,682.758,2817.405
2026-05-24,01:00:00,139.8,20.7,22.78,11.55,65.6,20.53,-1.31,4.97,90.8,1.026,46.0,0.107,2026-05-24 01:00:00,93.80000000000001,74.20000000000002,1.9722943722943722,694.806,2870.0940000000005
2026-05-24,03:00:00,143.1,20.4,21.13,11.19,63.9,20.22,-1.34,5.15,86.8,1.04,45.3,0.088,2026-05-24 03:00:00,97.8,79.19999999999999,1.8882931188561216,736.965,2893.4819999999995
2026-05-24,05:00:00,140.1,20.6,22.43,11.08,63.1,20.49,-1.52,4.75,87.4,1.022,44.0,0.115,2026-05-24 05:00:00,96.1,77.0,2.0243682310469313,665.475,2870.649
2026-05-24,07:00:00,140.2,23.9,21.53,10.62,62.1,21.54,-1.52,4.5,85.9,1.032,46.9,0.118,2026-05-24 07:00:00,93.29999999999998,78.1,2.0273069679849343,630.9,3019.9079999999994
2026-05-24,09:00:00,140.3,26.9,20.8,10.39,63.2,21.62,-1.14,5.0,83.3,1.024,43.5,0.087,2026-05-24 09:00:00,96.80000000000001,77.10000000000001,2.0019249278152067,701.5,3033.2860000000005
2026-05-24,11:00:00,140.3,28.7,20.89,11.01,60.0,20.23,-1.14,4.77,82.4,1.013,46.5,0.103,2026-05-24 11:00:00,93.80000000000001,80.30000000000001,1.8973660308810174,669.231,2838.2690000000002
2026-05-24,13:00:00,141.0,26.8,22.02,9.84,63.3,20.95,-1.27,4.63,83.5,1.022,46.2,0.099,2026-05-24 13:00:00,94.8,77.7,2.2378048780487805,652.83,2953.95
2026-05-24,15:00:00,142.3,29.2,20.55,10.59,64.5,20.08,-1.23,4.63,85.9,1.019,44.0,0.154,2026-05-24 15:00:00,98.30000000000001,77.80000000000001,1.9405099150141645,658.849,2857.384
2026-05-24,17:00:00,141.0,26.2,20.26,10.03,58.7,20.98,-1.03,4.5,81.6,1.015,44.3,0.113,2026-05-24 17:00:00,96.7,82.3,2.0199401794616154,634.5,2958.18
2026-05-24,19:00:00,138.7,25.5,20.78,9.98,62.0,21.15,-1.09,4.34,83.3,1.027,44.7,0.09,2026-05-24 19:00:00,93.99999999999999,76.69999999999999,2.082164328657315,601.958,2933.5049999999997
2026-05-24,21:00:00,139.4,22.1,21.11,9.63,64.8,22.67,-1.01,4.4,81.6,1.023,46.9,0.084,2026-05-24 21:00:00,92.5,74.60000000000001,2.1921079958463134,613.3600000000001,3160.1980000000003
2026-05-24,23:00:00,142.0,21.9,21.63,10.33,62.2,22.54,-1.06,4.8,80.6,1.03,46.6,0.09,2026-05-24 23:00:00,95.4,79.8,2.093901258470474,681.6,3200.68
2026-05-25,01:00:00,140.0,20.5,19.8,10.33,61.2,20.36,-1.06,4.77,82.0,1.027,47.2,0.099,2026-05-25 01:00:00,92.8,78.8,1.9167473378509197,667.8,2850.4
2026-05-25,03:00:00,139.4,20.3,21.41,10.61,62.5,20.24,-1.12,4.62,83.5,1.022,49.3,0.115,2026-05-25 03:00:00,90.10000000000001,76.9,2.0179076343072575,644.028,2821.4559999999997
2026-05-25,05:00:00,139.7,21.6,20.58,10.56,64.1,20.64,-1.18,4.52,83.7,1.042,46.7,0.078,2026-05-25 05:00:00,92.99999999999999,75.6,1.948863636363636,631.4439999999998,2883.408
2026-05-25,07:00:00,141.4,22.6,21.18,10.1,59.9,20.68,-1.27,4.62,82.5,1.034,48.0,0.111,2026-05-25 07:00:00,93.4,81.5,2.097029702970297,653.268,2924.152
2026-05-25,09:00:00,139.5,27.2,20.84,10.25,63.0,21.37,-1.09,4.36,80.7,1.016,45.8,0.104,2026-05-25 09:00:00,93.7,76.5,2.033170731707317,608.22,2981.1150000000002
2026-05-25,11:00:00,140.4,26.9,20.09,10.35,63.4,21.1,-1.06,4.15,82.8,1.029,47.5,0.107,2026-05-25 11:00:00,92.9,77.0,1.9410628019323672,582.6600000000001,2962.4400000000005
2026-05-25,13:00:00,140.2,27.5,21.22,10.43,61.6,22.46,-1.36,4.49,83.4,1.029,45.9,0.092,2026-05-25 13:00:00,94.29999999999998,78.6,2.034515819750719,629.4979999999999,3148.892
2026-05-25,15:00:00,140.5,27.2,20.94,10.03,64.2,21.3,-1.19,4.53,81.1,1.012,45.5,0.074,2026-05-25 15:00:00,95.0,76.3,2.0877367896311068,636.465,2992.65
2026-05-25,17:00:00,140.3,26.0,20.54,10.12,62.2,21.57,-1.2,4.32,84.0,1.029,46.9,0.072,2026-05-25 17:00:00,93.4,78.10000000000001,2.0296442687747036,606.0960000000001,3026.271
2026-05-25,19:00:00,141.3,23.2,21.43,10.29,62.8,21.16,-1.21,4.42,84.1,1.049,45.0,0.084,2026-05-25 19:00:00,96.30000000000001,78.50000000000001,2.0826044703595725,624.546,2989.9080000000004
2026-05-25,21:00:00,137.1,21.1,21.19,10.85,62.7,19.9,-1.13,4.3,84.4,1.032,43.6,0.119,2026-05-25 21:00:00,93.5,74.39999999999999,1.9529953917050693,589.53,2728.2899999999995
2026-05-25,23:00:00,139.0,18.1,22.61,10.98,66.2,19.77,-1.3,4.18,86.3,1.017,48.5,0.092,2026-05-25 23:00:00,90.5,72.8,2.0591985428051,581.02,2748.0299999999997
2026-05-26,01:00:00,138.3,19.3,20.75,10.66,61.9,21.34,-1.24,4.23,84.7,1.029,43.9,0.107,2026-05-26 01:00:00,94.4,76.4,1.946529080675422,585.0090000000001,2951.322
2026-05-26,03:00:00,142.2,19.8,19.87,9.9,61.7,20.12,-1.17,4.59,82.7,1.024,44.5,0.128,2026-05-26 03:00:00,97.69999999999999,80.49999999999999,2.007070707070707,652.698,2861.064
2026-05-26,05:00:00,139.2,22.4,19.49,9.68,63.8,20.32,-1.02,4.13,77.9,1.037,45.5,0.091,2026-05-26 05:00:00,93.69999999999999,75.39999999999999,2.0134297520661155,574.896,2828.544
2026-05-26,07:00:00,138.7,26.0,20.6,9.48,61.5,21.85,-1.01,3.95,79.3,1.02,44.3,0.088,2026-05-26 07:00:00,94.39999999999999,77.19999999999999,2.172995780590717,547.865,3030.595
2026-05-26,09:00:00,138.5,27.3,20.49,9.95,62.8,21.95,-1.08,4.45,81.2,1.013,48.1,0.105,2026-05-26 09:00:00,90.4,75.7,2.0592964824120603,616.325,3040.075
2026-05-26,11:00:00,138.8,28.7,21.9,10.17,62.3,22.12,-1.15,4.42,83.5,1.018,43.4,0.094,2026-05-26 11:00:00,95.4,76.50000000000001,2.1533923303834808,613.4960000000001,3070.2560000000003
2026-05-26,13:00:00,137.6,26.4,19.7,9.85,62.1,22.04,-1.03,4.17,77.5,1.029,47.5,0.09,2026-05-26 13:00:00,90.1,75.5,2.0,573.7919999999999,3032.7039999999997
2026-05-26,15:00:00,137.1,26.7,19.22,9.55,63.7,21.62,-0.94,3.95,76.1,1.005,45.8,0.117,2026-05-26 15:00:00,91.3,73.39999999999999,2.0125654450261776,541.545,2964.102
2026-05-26,17:00:00,139.3,26.7,19.11,9.62,62.8,21.02,-0.77,3.9,75.4,1.022,44.9,0.086,2026-05-26 17:00:00,94.4,76.50000000000001,1.9864864864864866,543.27,2928.0860000000002
2026-05-26,19:00:00,140.7,24.1,19.86,9.54,63.3,22.16,-1.2,4.53,78.2,1.017,45.8,0.091,2026-05-26 19:00:00,94.89999999999999,77.39999999999999,2.0817610062893084,637.371,3117.912
2026-05-26,21:00:00,138.4,22.3,20.06,10.4,59.7,20.31,-1.19,4.45,82.2,1.032,46.2,0.104,2026-05-26 21:00:00,92.2,78.7,1.9288461538461537,615.88,2810.904
2026-05-26,23:00:00,137.7,20.9,20.39,10.58,60.3,21.62,-1.25,4.47,82.3,1.033,45.5,0.109,2026-05-26 23:00:00,92.19999999999999,77.39999999999999,1.9272211720226844,615.5189999999999,2977.074
2026-05-27,01:00:00,138.6,20.0,21.04,10.34,65.0,21.51,-1.28,4.49,81.9,1.037,47.1,0.1,2026-05-27 01:00:00,91.5,73.6,2.034816247582205,622.314,2981.286
2026-05-27,03:00:00,138.8,22.2,21.26,10.98,61.8,20.96,-1.28,4.3,86.4,1.021,48.3,0.123,2026-05-27 03:00:00,90.50000000000001,77.00000000000001,1.9362477231329691,596.84,2909.2480000000005
2026-05-27,05:00:00,139.1,22.3,20.68,10.61,63.9,21.12,-0.95,4.43,80.2,1.026,46.7,0.104,2026-05-27 05:00:00,92.39999999999999,75.19999999999999,1.9491046182846372,616.213,2937.792
2026-05-27,07:00:00,139.4,24.4,22.37,11.31,64.2,21.68,-1.46,4.67,87.3,1.033,46.9,0.114,2026-05-27 07:00:00,92.5,75.2,1.97789566755084,650.998,3022.192
2026-05-27,09:00:00,137.9,26.4,20.4,11.24,63.6,21.92,-1.19,4.46,81.3,1.03,46.7,0.117,2026-05-27 09:00:00,91.2,74.30000000000001,1.8149466192170818,615.034,3022.7680000000005
2026-05-27,11:00:00,139.6,27.8,21.74,10.63,65.9,20.75,-1.3,4.26,84.6,1.031,51.8,0.086,2026-05-27 11:00:00,87.8,73.69999999999999,2.045155221072436,594.6959999999999,2896.7
2026-05-27,13:00:00,142.1,30.2,20.71,10.63,66.6,21.4,-1.4,4.79,82.6,1.033,49.1,0.073,2026-05-27 13:00:00,93.0,75.5,1.9482596425211665,680.659,3040.9399999999996
2026-05-27,15:00:00,137.9,28.7,19.99,10.52,62.9,19.99,-1.26,4.09,80.4,1.032,46.6,0.109,2026-05-27 15:00:00,91.30000000000001,75.0,1.900190114068441,564.011,2756.621
2026-05-27,17:00:00,138.0,26.6,20.28,11.01,61.6,21.52,-1.19,4.25,83.6,1.028,44.4,0.12,2026-05-27 17:00:00,93.6,76.4,1.8419618528610355,586.5,2969.7599999999998
2026-05-27,19:00:00,140.4,24.2,21.05,10.02,63.2,20.55,-1.22,4.24,80.8,1.033,49.8,0.086,2026-05-27 19:00:00,90.60000000000001,77.2,2.100798403193613,595.296,2885.2200000000003
2026-05-27,21:00:00,137.6,22.8,19.7,9.64,60.8,22.08,-0.89,4.04,77.1,1.023,45.4,0.106,2026-05-27 21:00:00,92.19999999999999,76.8,2.0435684647302903,555.904,3038.2079999999996
2026-05-27,23:00:00,140.3,18.8,19.72,9.61,61.6,20.82,-1.17,4.02,80.3,1.034,44.9,0.089,2026-05-27 23:00:00,95.4,78.70000000000002,2.052029136316337,564.006,2921.0460000000003
2026-05-28,01:00:00,137.4,20.3,18.61,9.57,60.2,23.33,-0.82,3.57,73.5,1.021,47.9,0.094,2026-05-28 01:00:00,89.5,77.2,1.9446185997910135,490.518,3205.542
2026-05-28,03:00:00,141.0,20.3,20.62,9.35,60.1,23.32,-1.07,4.23,78.5,1.037,50.5,0.091,2026-05-28 03:00:00,90.5,80.9,2.205347593582888,596.4300000000001,3288.12
2026-05-28,05:00:00,138.3,23.7,20.09,10.55,60.0,20.12,-1.1,4.16,82.7,1.017,43.4,0.102,2026-05-28 05:00:00,94.9,78.30000000000001,1.9042654028436017,575.3280000000001,2782.5960000000005
2026-05-28,07:00:00,139.4,22.1,20.31,9.86,62.6,21.92,-1.09,4.02,80.6,1.027,44.6,0.077,2026-05-28 07:00:00,94.80000000000001,76.80000000000001,2.059837728194726,560.3879999999999,3055.648
2026-05-28,09:00:00,141.0,24.9,21.95,10.59,63.2,19.65,-1.37,4.43,85.2,1.029,49.1,0.12,2026-05-28 09:00:00,91.9,77.8,2.072710103871577,624.63,2770.6499999999996
2026-05-28,11:00:00,141.9,29.7,21.85,10.91,67.5,21.82,-1.42,4.44,84.8,1.039,50.1,0.087,2026-05-28 11:00:00,91.80000000000001,74.4,2.002749770852429,630.0360000000001,3096.2580000000003
2026-05-28,13:00:00,143.8,28.8,20.72,9.82,62.2,20.98,-1.08,4.75,82.4,1.01,45.7,0.075,2026-05-28 13:00:00,98.10000000000001,81.60000000000001,2.1099796334012217,683.0500000000001,3016.9240000000004
2026-05-28,15:00:00,140.0,27.3,19.8,10.19,64.2,21.5,-1.04,4.11,78.8,1.026,45.5,0.1,2026-05-28 15:00:00,94.5,75.8,1.943081452404318,575.4000000000001,3010.0
2026-05-28,17:00:00,140.4,27.0,21.1,9.76,62.9,22.3,-1.32,4.47,81.1,1.021,43.5,0.083,2026-05-28 17:00:00,96.9,77.5,2.1618852459016393,627.588,3130.92
2026-05-28,19:00:00,143.0,24.9,20.68,10.37,64.3,21.22,-1.03,4.79,80.2,1.034,49.5,0.089,2026-05-28 19:00:00,93.5,78.7,1.9942140790742529,684.97,3034.46
2026-05-28,21:00:00,137.1,23.7,21.7,10.39,61.3,22.09,-1.28,4.36,82.2,1.03,43.9,0.099,2026-05-28 21:00:00,93.19999999999999,75.8,2.0885466794995184,597.756,3028.5389999999998
2026-05-28,23:00:00,139.4,21.4,21.79,10.61,61.5,20.97,-1.08,4.49,83.7,1.02,51.0,0.125,2026-05-28 23:00:00,88.4,77.9,2.053722902921772,625.9060000000001,2923.218
2026-05-29,01:00:00,137.6,20.9,21.4,10.46,61.6,22.23,-1.24,4.19,85.3,1.028,44.5,0.121,2026-05-29 01:00:00,93.1,76.0,2.0458891013384317,576.544,3058.848
2026-05-29,03:00:00,139.0,19.4,21.28,10.7,63.5,22.28,-1.12,4.45,81.7,1.023,47.4,0.098,2026-05-29 03:00:00,91.6,75.5,1.9887850467289723,618.5500000000001,3096.92
2026-05-29,05:00:00,140.9,24.0,22.52,10.43,66.5,21.73,-1.34,4.78,88.8,1.032,47.6,0.071,2026-05-29 05:00:00,93.30000000000001,74.4,2.1591562799616493,673.5020000000001,3061.757
2026-05-29,07:00:00,137.6,25.5,21.03,10.61,59.4,21.8,-1.28,4.61,84.4,1.024,46.5,0.107,2026-05-29 07:00:00,91.1,78.19999999999999,1.982092365692743,634.336,2999.68
2026-05-29,09:00:00,139.5,26.2,22.19,10.47,63.7,19.53,-1.23,4.23,86.9,1.018,47.0,0.092,2026-05-29 09:00:00,92.5,75.8,2.119388729703916,590.085,2724.435
2026-05-29,11:00:00,140.3,28.5,22.8,10.61,65.0,22.11,-1.38,4.58,86.1,1.026,45.4,0.084,2026-05-29 11:00:00,94.9,75.30000000000001,2.148916116870877,642.5740000000001,3102.0330000000004
2026-05-29,13:00:00,142.6,30.0,21.95,11.16,64.2,21.35,-1.15,4.87,85.1,1.035,47.9,0.087,2026-05-29 13:00:00,94.69999999999999,78.39999999999999,1.9668458781362006,694.462,3044.51
2026-05-29,15:00:00,141.7,27.8,22.05,10.46,64.8,20.62,-1.4,4.94,85.5,1.026,46.3,0.087,2026-05-29 15:00:00,95.39999999999999,76.89999999999999,2.1080305927342256,699.998,2921.854
2026-05-29,17:00:00,141.3,25.7,21.93,10.6,64.8,21.49,-1.3,4.66,87.8,1.032,47.1,0.09,2026-05-29 17:00:00,94.20000000000002,76.50000000000001,2.068867924528302,658.4580000000001,3036.537
2026-05-29,19:00:00,142.5,25.6,21.93,10.91,64.7,19.94,-1.26,4.89,87.3,1.037,46.1,0.08,2026-05-29 19:00:00,96.4,77.8,2.010082493125573,696.8249999999999,2841.4500000000003
2026-05-29,21:00:00,141.3,21.9,20.71,10.7,63.5,20.56,-1.24,4.55,84.3,1.024,46.3,0.084,2026-05-29 21:00:00,95.00000000000001,77.80000000000001,1.935514018691589,642.9150000000001,2905.128
2026-05-29,23:00:00,142.8,21.7,21.72,9.68,59.7,21.34,-1.32,4.65,83.7,1.019,48.6,0.054,2026-05-29 23:00:00,94.20000000000002,83.10000000000001,2.2438016528925617,664.0200000000001,3047.3520000000003
2026-05-30,01:00:00,140.2,20.5,20.95,10.32,62.3,21.14,-1.18,4.46,82.5,1.037,48.7,0.083,2026-05-30 01:00:00,91.49999999999999,77.89999999999999,2.0300387596899223,625.2919999999999,2963.828
2026-05-30,03:00:00,143.9,20.7,19.42,9.7,66.0,21.92,-1.01,4.28,80.9,1.029,48.6,0.066,2026-05-30 03:00:00,95.30000000000001,77.9,2.0020618556701035,615.892,3154.2880000000005
2026-05-30,05:00:00,139.3,21.9,19.51,9.67,62.2,22.22,-1.0,4.18,77.8,1.023,46.8,0.085,2026-05-30 05:00:00,92.50000000000001,77.10000000000001,2.017580144777663,582.274,3095.246
2026-05-30,07:00:00,141.3,24.7,20.91,10.4,62.7,21.11,-1.03,4.38,81.5,1.018,49.6,0.087,2026-05-30 07:00:00,91.70000000000002,78.60000000000001,2.010576923076923,618.894,2982.8430000000003
2026-05-30,09:00:00,140.4,25.1,20.87,9.3,66.1,22.61,-1.22,4.45,80.7,1.023,49.0,0.053,2026-05-30 09:00:00,91.4,74.30000000000001,2.2440860215053764,624.7800000000001,3174.444
2026-05-30,11:00:00,142.0,29.3,19.66,9.9,63.4,21.27,-1.01,4.25,80.7,1.028,46.4,0.089,2026-05-30 11:00:00,95.6,78.6,1.9858585858585858,603.5,3020.34
2026-05-30,13:00:00,140.9,31.8,20.43,10.01,61.2,21.72,-1.1,4.22,81.6,1.026,44.0,0.088,2026-05-30 13:00:00,96.9,79.7,2.040959040959041,594.598,3060.348
2026-05-30,15:00:00,142.1,30.5,20.81,9.53,60.0,21.9,-1.28,4.18,82.2,1.021,47.8,0.087,2026-05-30 15:00:00,94.3,82.1,2.1836306400839454,593.978,3111.99
2026-05-30,17:00:00,142.0,28.7,21.02,10.03,65.4,21.78,-1.22,4.46,81.6,1.021,45.0,0.08,2026-05-30 17:00:00,97.0,76.6,2.0957128614157527,633.32,3092.76
2026-05-30,19:00:00,141.8,25.9,20.34,10.83,63.7,20.3,-1.1,4.79,83.6,1.038,44.2,0.086,2026-05-30 19:00:00,97.60000000000001,78.10000000000001,1.8781163434903048,679.2220000000001,2878.5400000000004
2026-05-30,21:00:00,138.3,22.4,21.46,10.97,65.6,20.58,-1.37,4.58,86.1,1.03,43.3,0.092,2026-05-30 21:00:00,95.00000000000001,72.70000000000002,1.9562443026435734,633.4140000000001,2846.214
2026-05-30,23:00:00,140.8,21.7,21.87,11.06,64.3,21.99,-1.25,5.15,91.0,1.039,48.2,0.071,2026-05-30 23:00:00,92.60000000000001,76.50000000000001,1.9773960216998192,725.1200000000001,3096.192
2026-05-31,01:00:00,139.2,18.3,21.24,11.1,65.1,20.37,-1.48,4.92,87.5,1.03,47.6,0.1,2026-05-31 01:00:00,91.6,74.1,1.9135135135135135,684.8639999999999,2835.504
2026-05-31,03:00:00,141.8,22.8,21.2,10.28,65.4,22.0,-1.13,4.82,87.8,1.028,45.7,0.071,2026-05-31 03:00:00,96.10000000000001,76.4,2.0622568093385216,683.4760000000001,3119.6000000000004
2026-05-31,05:00:00,140.9,25.1,21.43,10.89,65.5,22.15,-1.16,4.84,84.9,1.033,48.7,0.076,2026-05-31 05:00:00,92.2,75.4,1.9678604224058769,681.956,3120.935
2026-05-31,07:00:00,140.5,25.8,21.04,10.71,62.7,21.57,-1.29,4.65,83.0,1.026,44.4,0.102,2026-05-31 07:00:00,96.1,77.8,1.964519140989729,653.325,3030.585
2026-05-31,09:00:00,138.5,28.2,21.1,10.04,62.7,21.52,-1.26,4.67,85.7,1.036,45.9,0.129,2026-05-31 09:00:00,92.6,75.8,2.1015936254980083,646.795,2980.52
2026-05-31,11:00:00,143.0,29.2,22.27,10.74,65.4,21.39,-1.24,4.85,87.2,1.037,47.8,0.07,2026-05-31 11:00:00,95.2,77.6,2.0735567970204842,693.55,3058.77
2026-05-31,13:00:00,138.8,30.3,21.24,11.18,64.6,20.84,-1.33,4.77,85.2,1.025,46.4,0.117,2026-05-31 13:00:00,92.4,74.20000000000002,1.8998211091234347,662.076,2892.592
2026-05-31,15:00:00,139.0,31.1,21.85,10.53,62.1,21.7,-1.23,4.46,87.5,1.03,45.0,0.091,2026-05-31 15:00:00,94.0,76.9,2.0750237416904085,619.9399999999999,3016.2999999999997
2026-05-31,17:00:00,142.4,28.7,20.89,9.8,63.8,22.03,-1.21,4.62,82.5,1.019,45.4,0.08,2026-05-31 17:00:00,97.0,78.60000000000001,2.1316326530612244,657.888,3137.072
2026-05-31,19:00:00,141.2,26.9,20.29,9.85,61.5,21.49,-1.22,4.4,81.0,1.03,44.5,0.087,2026-05-31 19:00:00,96.69999999999999,79.69999999999999,2.0598984771573603,621.28,3034.3879999999995
2026-05-31,21:00:00,140.9,24.8,19.98,10.08,65.2,21.59,-1.06,4.25,77.9,1.025,49.2,0.093,2026-05-31 21:00:00,91.7,75.7,1.9821428571428572,598.825,3042.031
2026-05-31,23:00:00,139.2,24.1,20.23,10.1,62.7,22.16,-1.16,4.6,79.8,1.033,47.3,0.097,2026-05-31 23:00:00,91.89999999999999,76.49999999999999,2.002970297029703,640.3199999999999,3084.6719999999996
2026-06-01,01:00:00,142.5,21.9,23.26,11.17,64.7,19.64,-1.54,5.1,91.5,1.035,45.2,0.077,2026-06-01 01:00:00,97.3,77.8,2.0823634735899734,726.75,2798.7000000000003
2026-06-01,03:00:00,139.7,20.5,20.99,11.37,68.1,19.19,-1.31,4.67,83.8,1.029,47.7,0.141,2026-06-01 03:00:00,91.99999999999999,71.6,1.8460861917326297,652.3989999999999,2680.843
2026-06-01,05:00:00,137.5,24.5,22.01,10.45,66.7,21.48,-1.47,4.47,86.0,1.022,47.1,0.095,2026-06-01 05:00:00,90.4,70.8,2.10622009569378,614.625,2953.5
2026-06-01,07:00:00,142.7,24.7,21.7,10.34,63.2,22.37,-1.09,4.65,83.6,1.033,49.7,0.08,2026-06-01 07:00:00,92.99999999999999,79.49999999999999,2.0986460348162477,663.555,3192.199
2026-06-01,09:00:00,141.4,28.2,19.59,9.62,64.3,21.76,-1.02,4.33,81.7,1.032,46.2,0.061,2026-06-01 09:00:00,95.2,77.10000000000001,2.0363825363825367,612.2620000000001,3076.8640000000005
2026-06-01,11:00:00,142.4,29.4,22.14,10.48,64.0,22.4,-1.39,4.58,86.8,1.024,45.9,0.084,2026-06-01 11:00:00,96.5,78.4,2.1125954198473282,652.192,3189.7599999999998
2026-06-01,13:00:00,140.2,32.0,21.64,10.94,65.6,21.58,-1.26,4.72,85.9,1.037,45.1,0.092,2026-06-01 13:00:00,95.1,74.6,1.9780621572212067,661.7439999999999,3025.5159999999996
2026-06-01,15:00:00,142.9,30.5,21.44,11.28,63.5,22.34,-1.27,4.56,86.7,1.033,45.2,0.092,2026-06-01 15:00:00,97.7,79.4,1.9007092198581563,651.624,3192.386
2026-06-01,17:00:00,141.6,27.8,22.34,11.18,67.0,21.12,-1.22,4.72,85.8,1.025,47.2,0.085,2026-06-01 17:00:00,94.39999999999999,74.6,1.9982110912343471,668.352,2990.592
2026-06-01,19:00:00,144.4,26.4,21.21,10.9,64.1,21.63,-1.3,4.62,86.5,1.034,46.7,0.065,2026-06-01 19:00:00,97.7,80.30000000000001,1.9458715596330276,667.128,3123.372
2026-06-01,21:00:00,141.1,24.9,20.95,10.28,63.8,21.14,-1.29,4.37,83.6,1.041,46.0,0.075,2026-06-01 21:00:00,95.1,77.3,2.0379377431906613,616.607,2982.854
2026-06-01,23:00:00,139.6,22.3,20.22,10.24,63.4,20.94,-1.0,4.62,80.5,1.014,47.9,0.095,2026-06-01 23:00:00,91.69999999999999,76.19999999999999,1.9746093749999998,644.952,2923.224
2026-06-02,01:00:00,141.3,21.1,19.66,9.26,60.8,22.98,-1.24,3.9,77.0,1.026,47.4,0.075,2026-06-02 01:00:00,93.9,80.50000000000001,2.123110151187905,551.07,3247.0740000000005
2026-06-02,03:00:00,139.8,23.3,19.49,8.62,63.1,23.23,-1.03,3.83,77.5,1.009,46.9,0.075,2026-06-02 03:00:00,92.9,76.70000000000002,2.2610208816705337,535.4340000000001,3247.5540000000005
2026-06-02,05:00:00,139.6,23.5,20.29,9.41,62.2,22.27,-1.06,4.02,78.3,1.023,46.7,0.085,2026-06-02 05:00:00,92.89999999999999,77.39999999999999,2.1562167906482466,561.1919999999999,3108.892
2026-06-02,07:00:00,143.8,26.3,21.25,10.35,65.6,20.74,-1.31,4.82,80.0,1.035,47.1,0.088,2026-06-02 07:00:00,96.70000000000002,78.20000000000002,2.0531400966183577,693.1160000000001,2982.412
2026-06-02,09:00:00,139.4,31.3,19.99,10.35,64.3,21.83,-1.2,4.35,81.8,1.025,43.3,0.097,2026-06-02 09:00:00,96.10000000000001,75.10000000000001,1.9314009661835747,606.39,3043.102
2026-06-02,11:00:00,138.8,28.2,20.92,10.34,63.9,20.97,-1.15,4.25,81.5,1.019,45.9,0.096,2026-06-02 11:00:00,92.9,74.9,2.02321083172147,589.9000000000001,2910.636
2026-06-02,13:00:00,137.2,29.2,20.49,10.36,63.6,21.33,-1.31,4.15,80.1,1.021,45.4,0.083,2026-06-02 13:00:00,91.79999999999998,73.6,1.9777992277992278,569.38,2926.4759999999997
2026-06-02,15:00:00,140.1,30.6,20.33,9.75,65.6,22.24,-1.23,4.33,81.7,1.022,45.8,0.089,2026-06-02 15:00:00,94.3,74.5,2.0851282051282047,606.633,3115.8239999999996
2026-06-02,17:00:00,140.7,31.7,21.09,9.51,62.9,22.35,-1.3,4.38,78.7,1.019,46.0,0.079,2026-06-02 17:00:00,94.69999999999999,77.79999999999998,2.217665615141956,616.266,3144.645
2026-06-02,19:00:00,137.8,25.3,20.23,10.51,62.8,21.12,-1.1,4.18,77.0,1.039,46.6,0.122,2026-06-02 19:00:00,91.20000000000002,75.00000000000001,1.9248334919124643,576.004,2910.3360000000002
2026-06-02,21:00:00,141.6,25.4,20.93,10.25,63.4,20.86,-1.33,4.41,82.3,1.026,48.1,0.071,2026-06-02 21:00:00,93.5,78.19999999999999,2.041951219512195,624.456,2953.776
2026-06-02,23:00:00,140.0,24.1,20.34,10.55,63.7,20.6,-1.16,4.5,81.1,1.034,48.2,0.12,2026-06-02 23:00:00,91.8,76.3,1.9279620853080568,630.0,2884.0
2026-06-03,01:00:00,141.2,22.5,21.55,10.16,65.5,21.67,-1.13,4.28,82.5,1.025,46.4,0.084,2026-06-03 01:00:00,94.79999999999998,75.69999999999999,2.1210629921259843,604.336,3059.804
2026-06-03,03:00:00,141.5,21.2,21.85,11.1,66.3,20.97,-1.24,4.8,83.2,1.029,46.9,0.1,2026-06-03 03:00:00,94.6,75.2,1.9684684684684686,679.1999999999999,2967.2549999999997
2026-06-03,05:00:00,141.0,25.9,20.42,10.05,62.4,22.29,-1.01,4.51,81.7,1.028,44.5,0.089,2026-06-03 05:00:00,96.5,78.6,2.0318407960199005,635.91,3142.89
2026-06-03,07:00:00,138.9,25.8,20.23,9.8,62.9,21.82,-1.07,3.99,79.9,1.022,47.7,0.091,2026-06-03 07:00:00,91.2,76.0,2.064285714285714,554.211,3030.7980000000002
2026-06-03,09:00:00,140.3,30.4,20.78,9.79,61.4,21.62,-1.07,3.8,81.0,1.033,44.5,0.09,2026-06-03 09:00:00,95.80000000000001,78.9,2.122574055158325,533.14,3033.2860000000005
2026-06-03,11:00:00,143.7,30.1,19.62,9.49,63.7,22.17,-1.02,4.54,77.5,1.019,50.6,0.062,2026-06-03 11:00:00,93.1,79.99999999999999,2.0674394099051634,652.3979999999999,3185.829
2026-06-03,13:00:00,139.2,30.0,21.72,10.92,63.8,20.93,-1.24,4.49,85.3,1.027,46.1,0.111,2026-06-03 13:00:00,93.1,75.39999999999999,1.9890109890109888,625.0079999999999,2913.4559999999997
2026-06-03,15:00:00,141.4,30.3,21.83,10.08,67.8,22.07,-1.14,4.68,81.5,1.025,45.7,0.051,2026-06-03 15:00:00,95.7,73.60000000000001,2.165674603174603,661.752,3120.6980000000003
2026-06-03,17:00:00,141.6,28.9,21.33,10.93,65.1,20.21,-1.37,4.77,86.2,1.032,50.1,0.096,2026-06-03 17:00:00,91.5,76.5,1.951509606587374,675.4319999999999,2861.736
2026-06-03,19:00:00,139.5,27.3,21.41,10.92,63.7,19.35,-1.26,4.32,85.4,1.024,48.0,0.109,2026-06-03 19:00:00,91.5,75.8,1.9606227106227105,602.64,2699.3250000000003
2026-06-03,21:00:00,142.7,22.4,21.97,11.03,65.3,19.44,-1.27,4.83,84.0,1.033,50.1,0.086,2026-06-03 21:00:00,92.6,77.39999999999999,1.9918404351767907,689.241,2774.0879999999997
2026-06-03,23:00:00,139.6,23.1,21.71,10.24,66.3,21.14,-1.39,4.42,82.8,1.017,45.6,0.08,2026-06-03 23:00:00,94.0,73.3,2.1201171875,617.0319999999999,2951.144
2026-06-04,01:00:00,142.6,20.7,22.86,10.77,68.5,20.32,-1.26,4.74,87.7,1.031,52.4,0.08,2026-06-04 01:00:00,90.19999999999999,74.1,2.1225626740947074,675.924,2897.632
2026-06-04,03:00:00,140.4,22.6,20.41,10.66,63.8,20.68,-1.28,4.81,83.6,1.019,48.4,0.144,2026-06-04 03:00:00,92.0,76.60000000000001,1.9146341463414633,675.324,2903.472
2026-06-04,05:00:00,138.1,24.3,21.31,10.92,66.4,22.0,-1.43,4.42,83.9,1.032,44.9,0.103,2026-06-04 05:00:00,93.19999999999999,71.69999999999999,1.9514652014652014,610.4019999999999,3038.2
2026-06-04,07:00:00,138.5,28.9,22.26,10.85,64.8,21.99,-1.31,4.5,85.0,1.022,47.1,0.104,2026-06-04 07:00:00,91.4,73.7,2.0516129032258066,623.25,3045.615
2026-06-04,09:00:00,141.1,26.4,21.22,10.76,66.8,21.49,-1.35,4.8,84.8,1.035,46.3,0.092,2026-06-04 09:00:00,94.8,74.3,1.9721189591078065,677.28,3032.2389999999996
2026-06-04,11:00:00,140.1,28.6,21.66,10.95,67.1,20.35,-1.44,4.64,84.4,1.025,47.8,0.093,2026-06-04 11:00:00,92.3,73.0,1.978082191780822,650.064,2851.0350000000003
2026-06-04,13:00:00,141.3,31.3,21.44,11.0,65.1,21.3,-1.12,4.67,83.7,1.027,45.9,0.098,2026-06-04 13:00:00,95.4,76.20000000000002,1.9490909090909092,659.8710000000001,3009.6900000000005
2026-06-04,15:00:00,141.8,29.4,21.07,10.24,65.1,22.23,-1.19,4.91,85.1,1.041,46.6,0.093,2026-06-04 15:00:00,95.20000000000002,76.70000000000002,2.0576171875,696.238,3152.2140000000004
2026-06-04,17:00:00,139.6,27.1,20.66,10.35,61.3,21.71,-1.12,4.57,80.1,1.024,44.5,0.087,2026-06-04 17:00:00,95.1,78.3,1.9961352657004832,637.972,3030.716
2026-06-05,01:00:00,137.8,22.5,20.57,10.42,62.1,22.57,-1.03,4.46,81.0,1.023,44.2,0.103,2026-06-05 01:00:00,93.60000000000001,75.70000000000002,1.9740882917466411,614.5880000000001,3110.146
2026-06-05,03:00:00,138.8,21.2,19.82,10.12,64.2,22.48,-1.15,4.3,82.9,1.04,50.1,0.102,2026-06-05 03:00:00,88.70000000000002,74.60000000000001,1.9584980237154153,596.84,3120.224
2026-06-05,05:00:00,140.7,22.3,19.23,9.66,64.1,22.59,-1.15,4.42,80.5,1.028,46.6,0.082,2026-06-05 05:00:00,94.1,76.6,1.9906832298136645,621.8939999999999,3178.4129999999996
2026-06-05,07:00:00,139.4,27.5,21.61,9.84,64.4,21.75,-1.11,4.3,81.5,1.027,46.8,0.091,2026-06-05 07:00:00,92.60000000000001,75.0,2.196138211382114,599.42,3031.9500000000003
2026-06-05,09:00:00,141.2,28.9,21.23,9.89,63.6,21.34,-1.02,4.61,84.9,1.035,47.9,0.078,2026-06-05 09:00:00,93.29999999999998,77.6,2.146612740141557,650.932,3013.2079999999996
2026-06-05,11:00:00,141.0,30.5,21.18,9.82,64.4,21.32,-1.34,4.41,82.9,1.018,45.1,0.059,2026-06-05 11:00:00,95.9,76.6,2.156822810590631,621.8100000000001,3006.12
2026-06-05,13:00:00,137.8,32.2,21.67,10.29,66.8,21.67,-1.21,4.57,84.1,1.018,47.2,0.154,2026-06-05 13:00:00,90.60000000000001,71.00000000000001,2.1059280855199227,629.7460000000001,2986.1260000000007
2026-06-05,15:00:00,138.7,30.7,21.05,11.1,58.0,19.73,-1.48,4.6,85.1,1.029,45.5,0.115,2026-06-05 15:00:00,93.19999999999999,80.69999999999999,1.8963963963963966,638.0199999999999,2736.551
2026-06-05,17:00:00,139.8,28.5,21.27,10.67,67.3,20.14,-1.33,4.45,82.3,1.026,50.4,0.091,2026-06-05 17:00:00,89.4,72.50000000000001,1.993439550140581,622.1100000000001,2815.572
2026-06-05,19:00:00,139.1,27.0,20.7,10.58,62.8,21.7,-1.23,4.42,84.0,1.016,44.9,0.105,2026-06-05 19:00:00,94.19999999999999,76.3,1.9565217391304348,614.822,3018.47
2026-06-05,21:00:00,141.1,27.1,21.06,9.58,60.0,21.46,-1.12,4.59,82.1,1.022,46.3,0.082,2026-06-05 21:00:00,94.8,81.1,2.1983298538622127,647.649,3028.006
2026-06-05,23:00:00,138.9,24.6,20.57,10.21,64.2,21.44,-1.2,4.32,83.9,1.024,49.9,0.092,2026-06-05 23:00:00,89.0,74.7,2.0146914789422135,600.0480000000001,2978.016
2026-06-06,01:00:00,137.4,20.4,20.37,10.53,61.2,21.01,-1.32,4.24,80.4,1.015,45.3,0.122,2026-06-06 01:00:00,92.10000000000001,76.2,1.9344729344729348,582.576,2886.7740000000003
2026-06-06,03:00:00,139.2,23.1,21.4,10.77,64.1,20.93,-1.24,4.31,84.0,1.036,44.3,0.099,2026-06-06 03:00:00,94.89999999999999,75.1,1.9870009285051067,599.9519999999999,2913.4559999999997
2026-06-06,05:00:00,139.7,23.3,20.59,10.71,62.8,21.13,-1.18,4.44,82.6,1.026,46.3,0.101,2026-06-06 05:00:00,93.39999999999999,76.89999999999999,1.92250233426704,620.268,2951.8609999999994
2026-06-06,07:00:00,138.4,26.7,20.68,10.51,63.4,20.49,-1.13,4.37,84.0,1.031,44.6,0.116,2026-06-06 07:00:00,93.80000000000001,75.0,1.9676498572787822,604.808,2835.816
2026-06-06,09:00:00,139.1,29.5,20.59,10.37,66.6,21.53,-1.22,4.15,82.2,1.025,47.5,0.1,2026-06-06 09:00:00,91.6,72.5,1.9855351976856317,577.265,2994.823
2026-06-06,11:00:00,140.5,28.8,20.71,9.81,63.9,20.45,-1.0,4.11,81.0,1.041,45.5,0.087,2026-06-06 11:00:00,95.0,76.6,2.111111111111111,577.455,2873.225
2026-06-06,13:00:00,141.5,30.7,19.98,10.04,64.8,21.1,-0.94,4.36,81.8,1.02,48.1,0.075,2026-06-06 13:00:00,93.4,76.7,1.9900398406374504,616.94,2985.65
2026-06-06,15:00:00,140.8,31.7,21.44,9.72,61.1,21.54,-1.31,4.74,83.2,1.037,44.4,0.081,2026-06-06 15:00:00,96.4,79.70000000000002,2.205761316872428,667.392,3032.8320000000003
2026-06-06,17:00:00,140.9,28.0,22.21,9.79,63.0,22.43,-1.21,4.53,86.0,1.023,47.0,0.066,2026-06-06 17:00:00,93.9,77.9,2.268641470888662,638.277,3160.387
2026-06-06,19:00:00,140.4,28.4,20.73,10.42,60.9,21.46,-1.12,4.63,81.2,1.041,46.9,0.105,2026-06-06 19:00:00,93.5,79.5,1.989443378119002,650.052,3012.9840000000004
2026-06-06,21:00:00,143.0,23.1,21.68,9.68,63.1,22.51,-1.3,4.5,83.5,1.035,48.4,0.072,2026-06-06 21:00:00,94.6,79.9,2.239669421487603,643.5,3218.9300000000003
2026-06-06,23:00:00,140.0,23.7,20.67,9.99,63.3,22.25,-0.98,4.27,81.0,1.021,48.0,0.114,2026-06-06 23:00:00,92.0,76.7,2.0690690690690694,597.8,3115.0
2026-06-07,01:00:00,136.9,22.9,20.67,10.15,61.6,21.7,-1.15,4.37,84.2,1.036,46.3,0.121,2026-06-07 01:00:00,90.60000000000001,75.30000000000001,2.0364532019704433,598.253,2970.73
2026-06-07,03:00:00,140.1,21.9,20.13,9.51,59.2,21.3,-1.09,4.5,81.7,1.016,43.6,0.105,2026-06-07 03:00:00,96.5,80.89999999999999,2.1167192429022084,630.4499999999999,2984.13
2026-06-07,05:00:00,138.3,24.1,20.16,9.99,61.7,22.05,-1.01,4.11,79.1,1.03,46.0,0.086,2026-06-07 05:00:00,92.30000000000001,76.60000000000001,2.018018018018018,568.4130000000001,3049.5150000000003
2026-06-07,07:00:00,140.1,26.5,20.44,9.6,62.5,21.48,-1.13,4.49,80.9,1.022,45.5,0.094,2026-06-07 07:00:00,94.6,77.6,2.129166666666667,629.049,3009.348
2026-06-07,09:00:00,140.8,28.7,21.46,9.65,62.6,21.35,-1.0,4.43,79.3,1.02,45.8,0.066,2026-06-07 09:00:00,95.00000000000001,78.20000000000002,2.223834196891192,623.744,3006.0800000000004
2026-06-07,11:00:00,139.4,31.4,20.35,9.57,64.4,22.72,-1.17,4.38,80.3,1.022,42.6,0.062,2026-06-07 11:00:00,96.80000000000001,75.0,2.1264367816091956,610.572,3167.168
2026-06-07,13:00:00,137.6,27.8,19.68,9.58,62.0,20.88,-1.12,3.97,79.7,1.02,45.5,0.098,2026-06-07 13:00:00,92.1,75.6,2.0542797494780793,546.272,2873.0879999999997
2026-06-07,15:00:00,138.5,28.0,19.08,9.25,62.7,21.38,-1.04,4.08,79.1,1.017,45.5,0.088,2026-06-07 15:00:00,93.0,75.8,2.0627027027027025,565.08,2961.1299999999997
2026-06-07,17:00:00,140.0,27.8,20.34,9.34,60.8,22.44,-1.04,3.94,77.6,1.009,47.4,0.094,2026-06-07 17:00:00,92.6,79.2,2.177730192719486,551.6,3141.6000000000004
2026-06-07,19:00:00,140.4,27.2,19.69,9.48,64.3,21.47,-1.05,4.16,78.0,1.027,47.0,0.065,2026-06-07 19:00:00,93.4,76.10000000000001,2.077004219409283,584.0640000000001,3014.388
2026-06-07,21:00:00,139.2,23.3,20.62,9.52,58.2,22.53,-1.04,4.23,79.9,1.018,46.0,0.095,2026-06-07 21:00:00,93.19999999999999,80.99999999999999,2.165966386554622,588.816,3136.176
2026-06-07,23:00:00,140.6,22.2,18.9,9.5,64.5,23.32,-1.15,4.26,75.4,1.024,44.2,0.059,2026-06-07 23:00:00,96.39999999999999,76.1,1.989473684210526,598.9559999999999,3278.792
2026-06-08,01:00:00,138.0,21.3,20.37,9.99,64.0,21.08,-1.3,4.18,83.4,1.033,45.7,0.112,2026-06-08 01:00:00,92.3,74.0,2.039039039039039,576.8399999999999,2909.04
2026-06-08,03:00:00,139.2,22.2,20.4,10.13,63.2,21.73,-1.29,4.25,81.1,1.031,47.0,0.115,2026-06-08 03:00:00,92.19999999999999,75.99999999999999,2.0138203356367224,591.5999999999999,3024.816
2026-06-08,05:00:00,140.8,23.2,20.32,9.62,62.4,20.73,-0.91,4.45,79.0,1.037,44.9,0.069,2026-06-08 05:00:00,95.9,78.4,2.1122661122661124,626.5600000000001,2918.784
2026-06-08,07:00:00,138.6,24.9,18.94,9.17,62.7,22.03,-0.95,3.89,76.9,1.021,49.0,0.1,2026-06-08 07:00:00,89.6,75.89999999999999,2.0654307524536533,539.154,3053.358
2026-06-08,09:00:00,141.8,29.4,21.39,9.89,61.1,20.99,-1.15,4.48,83.5,1.029,44.4,0.081,2026-06-08 09:00:00,97.4,80.70000000000002,2.1627906976744184,635.2640000000001,2976.382
2026-06-08,11:00:00,141.6,28.7,20.27,9.99,64.2,22.36,-1.05,4.43,80.2,1.024,47.5,0.079,2026-06-08 11:00:00,94.1,77.39999999999999,2.029029029029029,627.2879999999999,3166.176
2026-06-08,13:00:00,139.7,30.7,19.75,9.49,65.1,22.61,-1.11,3.93,79.2,1.022,45.0,0.068,2026-06-08 13:00:00,94.69999999999999,74.6,2.0811380400421498,549.021,3158.6169999999997
2026-06-08,15:00:00,139.4,30.0,19.55,10.53,61.9,21.37,-1.04,4.05,80.1,1.034,44.6,0.101,2026-06-08 15:00:00,94.80000000000001,77.5,1.8566001899335234,564.57,2978.978
2026-06-08,17:00:00,136.8,29.7,20.33,9.8,66.2,21.44,-1.13,3.9,83.4,1.01,43.9,0.088,2026-06-08 17:00:00,92.9,70.60000000000001,2.074489795918367,533.52,2932.9920000000006
2026-06-08,19:00:00,141.4,25.7,20.83,9.48,60.8,22.01,-1.2,4.36,82.0,1.017,49.1,0.081,2026-06-08 19:00:00,92.30000000000001,80.60000000000001,2.1972573839662446,616.504,3112.2140000000004
2026-06-08,21:00:00,139.5,24.5,19.82,9.45,62.8,20.6,-1.11,4.13,82.9,1.023,46.3,0.084,2026-06-08 21:00:00,93.2,76.7,2.0973544973544977,576.135,2873.7000000000003
2026-06-08,23:00:00,139.2,21.1,19.72,9.53,64.3,21.28,-0.84,4.25,77.7,1.023,46.9,0.088,2026-06-08 23:00:00,92.29999999999998,74.89999999999999,2.069254984260231,591.5999999999999,2962.176
2026-06-09,01:00:00,138.3,19.2,19.0,8.92,61.5,23.36,-1.05,3.95,78.2,1.028,48.4,0.098,2026-06-09 01:00:00,89.9,76.80000000000001,2.1300448430493275,546.2850000000001,3230.688
2026-06-09,03:00:00,142.6,21.6,19.15,9.64,64.0,21.23,-0.91,4.18,78.2,1.027,46.4,0.064,2026-06-09 03:00:00,96.19999999999999,78.6,1.9865145228215766,596.068,3027.398
2026-06-09,05:00:00,139.7,23.4,18.52,8.74,63.0,23.68,-0.96,3.89,73.9,1.016,43.6,0.07,2026-06-09 05:00:00,96.1,76.69999999999999,2.1189931350114417,543.433,3308.0959999999995
2026-06-09,07:00:00,137.4,25.8,19.17,9.34,63.8,21.84,-1.02,3.79,76.6,1.033,45.7,0.105,2026-06-09 07:00:00,91.7,73.60000000000001,2.0524625267665955,520.746,3000.8160000000003
2026-06-09,09:00:00,139.7,28.2,20.04,9.91,56.9,22.67,-0.97,4.18,77.1,1.032,44.6,0.107,2026-06-09 09:00:00,95.1,82.79999999999998,2.0221997981836526,583.9459999999999,3166.999
2026-06-09,11:00:00,138.0,30.8,20.07,9.7,62.5,22.15,-1.17,3.85,80.0,1.022,44.0,0.096,2026-06-09 11:00:00,94.0,75.5,2.069072164948454,531.3000000000001,3056.7
2026-06-09,13:00:00,140.6,30.2,19.52,9.63,59.9,23.01,-1.09,4.1,77.2,1.033,47.1,0.075,2026-06-09 13:00:00,93.5,80.69999999999999,2.0269989615784008,576.4599999999999,3235.206
2026-06-09,15:00:00,139.5,28.5,19.69,9.13,61.0,21.51,-1.03,4.16,79.4,1.021,44.0,0.057,2026-06-09 15:00:00,95.5,78.5,2.1566265060240966,580.32,3000.6450000000004
2026-06-09,17:00:00,138.7,29.4,20.82,10.03,63.6,22.31,-1.05,3.95,81.3,1.032,43.8,0.09,2026-06-09 17:00:00,94.89999999999999,75.1,2.0757726819541378,547.865,3094.3969999999995
2026-06-09,19:00:00,142.9,25.2,21.86,10.4,67.1,22.86,-1.12,4.71,83.4,1.033,49.3,0.08,2026-06-09 19:00:00,93.60000000000001,75.80000000000001,2.101923076923077,673.059,3266.694
2026-06-09,21:00:00,143.0,23.6,20.02,10.62,67.9,21.72,-0.97,4.66,81.5,1.035,48.1,0.072,2026-06-09 21:00:00,94.9,75.1,1.8851224105461395,666.38,3105.96
2026-06-09,23:00:00,139.3,19.6,21.73,10.76,62.7,21.34,-1.32,4.4,85.1,1.046,45.5,0.111,2026-06-09 23:00:00,93.80000000000001,76.60000000000001,2.0195167286245352,612.9200000000001,2972.6620000000003
2026-06-10,01:00:00,140.1,19.0,21.5,10.52,63.8,21.45,-1.11,4.23,83.0,1.037,48.6,0.113,2026-06-10 01:00:00,91.5,76.3,2.043726235741445,592.623,3005.145
2026-06-10,03:00:00,140.7,21.7,21.81,10.38,65.0,20.3,-1.23,4.35,85.5,1.031,48.9,0.094,2026-06-10 03:00:00,91.79999999999998,75.69999999999999,2.1011560693641615,612.0449999999998,2856.21
2026-06-10,05:00:00,139.7,22.9,20.97,10.08,64.8,20.72,-1.28,4.16,83.2,1.024,44.4,0.077,2026-06-10 05:00:00,95.29999999999998,74.89999999999999,2.080357142857143,581.1519999999999,2894.584
2026-06-10,07:00:00,138.3,24.8,20.48,10.35,67.3,22.22,-0.94,4.45,80.3,1.026,47.5,0.098,2026-06-10 07:00:00,90.80000000000001,71.00000000000001,1.9787439613526572,615.4350000000001,3073.0260000000003
2026-06-10,09:00:00,141.5,29.9,21.19,10.14,66.8,21.32,-1.19,4.23,81.0,1.026,47.5,0.083,2026-06-10 09:00:00,94.0,74.7,2.08974358974359,598.5450000000001,3016.78
2026-06-10,11:00:00,138.5,28.9,21.09,10.94,63.6,20.72,-1.19,4.38,83.4,1.04,45.8,0.109,2026-06-10 11:00:00,92.7,74.9,1.9277879341864717,606.63,2869.72
2026-06-10,13:00:00,143.5,30.0,22.02,10.93,65.9,20.57,-1.09,4.66,81.6,1.03,46.5,0.082,2026-06-10 13:00:00,97.0,77.6,2.0146386093321134,668.71,2951.795
2026-06-10,15:00:00,143.2,29.6,20.82,10.14,61.0,21.51,-0.98,4.61,80.0,1.021,44.6,0.09,2026-06-10 15:00:00,98.6,82.19999999999999,2.0532544378698225,660.152,3080.232
2026-06-10,17:00:00,140.4,29.0,22.2,9.88,61.6,22.36,-1.24,4.16,84.2,1.028,45.5,0.078,2026-06-10 17:00:00,94.9,78.80000000000001,2.246963562753036,584.0640000000001,3139.344
2026-06-10,19:00:00,141.7,27.7,19.92,9.18,62.8,21.47,-0.98,4.01,77.6,1.028,45.5,0.074,2026-06-10 19:00:00,96.19999999999999,78.89999999999999,2.169934640522876,568.2169999999999,3042.2989999999995
2026-06-10,21:00:00,139.9,21.6,18.73,9.25,63.9,23.06,-0.95,3.8,76.3,1.034,47.7,0.093,2026-06-10 21:00:00,92.2,76.0,2.024864864864865,531.62,3226.094
2026-06-10,23:00:00,141.1,21.2,19.26,9.36,58.0,21.88,-1.11,4.22,77.9,1.028,45.2,0.094,2026-06-10 23:00:00,95.89999999999999,83.1,2.057692307692308,595.4419999999999,3087.2679999999996
2026-06-11,01:00:00,139.2,22.2,20.04,9.58,60.5,22.07,-1.07,4.08,78.4,1.022,46.5,0.106,2026-06-11 01:00:00,92.69999999999999,78.69999999999999,2.091858037578288,567.9359999999999,3072.144
2026-06-11,03:00:00,144.5,20.6,20.89,9.3,63.3,22.5,-1.27,4.19,79.9,1.026,51.9,0.05,2026-06-11 03:00:00,92.6,81.2,2.246236559139785,605.455,3251.25
2026-06-11,05:00:00,138.6,23.6,20.11,9.36,63.8,23.45,-0.97,3.86,78.5,1.014,44.9,0.106,2026-06-11 05:00:00,93.69999999999999,74.8,2.1485042735042734,534.996,3250.1699999999996
2026-06-11,07:00:00,141.3,24.3,20.57,9.81,60.3,21.86,-1.09,3.78,79.7,1.028,50.0,0.087,2026-06-11 07:00:00,91.30000000000001,81.00000000000001,2.09683995922528,534.114,3088.818
2026-06-11,09:00:00,143.3,26.6,19.54,9.96,66.7,21.38,-1.09,4.55,79.8,1.022,47.2,0.084,2026-06-11 09:00:00,96.10000000000001,76.60000000000001,1.9618473895582327,652.015,3063.754
2026-06-11,11:00:00,142.5,29.5,20.61,10.02,64.3,22.53,-1.3,4.34,81.7,1.023,45.7,0.081,2026-06-11 11:00:00,96.8,78.2,2.05688622754491,618.4499999999999,3210.525
2026-06-11,13:00:00,141.0,30.0,20.8,10.58,61.4,21.19,-1.15,4.35,80.6,1.027,43.9,0.101,2026-06-11 13:00:00,97.1,79.6,1.9659735349716447,613.3499999999999,2987.79
2026-06-11,15:00:00,141.1,29.3,19.79,9.55,63.0,22.69,-1.16,3.93,79.0,1.029,44.6,0.087,2026-06-11 15:00:00,96.5,78.1,2.0722513089005234,554.523,3201.559
2026-06-11,17:00:00,138.5,26.3,18.46,9.45,61.1,22.6,-1.06,4.29,77.4,1.026,45.8,0.088,2026-06-11 17:00:00,92.7,77.4,1.9534391534391538,594.165,3130.1000000000004
2026-06-11,19:00:00,143.3,26.1,19.73,9.54,59.0,21.67,-0.99,4.45,80.2,1.013,51.1,0.091,2026-06-11 19:00:00,92.20000000000002,84.30000000000001,2.068134171907757,637.6850000000001,3105.3110000000006
2026-06-11,21:00:00,137.9,22.7,19.71,9.26,62.1,22.8,-1.07,3.94,81.2,1.025,45.3,0.095,2026-06-11 21:00:00,92.60000000000001,75.80000000000001,2.1285097192224622,543.326,3144.1200000000003
2026-06-11,23:00:00,141.1,22.5,20.37,9.3,62.7,21.16,-1.08,4.12,80.3,1.018,45.5,0.089,2026-06-11 23:00:00,95.6,78.39999999999999,2.1903225806451614,581.332,2985.676
2026-06-12,01:00:00,139.9,22.0,19.2,9.03,58.0,22.63,-0.96,4.04,77.1,1.026,42.8,0.113,2026-06-12 01:00:00,97.10000000000001,81.9,2.12624584717608,565.196,3165.937
2026-06-12,03:00:00,138.6,21.2,19.49,9.77,61.3,21.48,-1.08,4.35,75.8,1.021,45.4,0.105,2026-06-12 03:00:00,93.19999999999999,77.3,1.9948822927328556,602.91,2977.128
2026-06-12,05:00:00,140.1,22.8,20.32,9.67,60.0,23.23,-1.24,3.93,82.7,1.031,45.4,0.07,2026-06-12 05:00:00,94.69999999999999,80.1,2.1013443640124096,550.593,3254.523
2026-06-12,07:00:00,137.4,23.2,19.11,9.55,62.6,21.54,-1.05,4.29,79.5,1.018,44.9,0.093,2026-06-12 07:00:00,92.5,74.80000000000001,2.001047120418848,589.446,2959.596
2026-06-12,09:00:00,140.2,24.8,19.86,9.48,63.1,23.01,-1.16,4.58,77.9,1.017,47.9,0.084,2026-06-12 09:00:00,92.29999999999998,77.1,2.0949367088607596,642.116,3226.002
2026-06-12,11:00:00,140.1,27.7,19.5,10.28,61.5,21.61,-0.97,4.55,77.0,1.032,45.5,0.101,2026-06-12 11:00:00,94.6,78.6,1.896887159533074,637.4549999999999,3027.5609999999997
2026-06-12,13:00:00,141.2,29.6,20.37,10.32,60.2,20.8,-1.18,4.49,81.2,1.023,45.5,0.103,2026-06-12 13:00:00,95.69999999999999,80.99999999999999,1.9738372093023255,633.9879999999999,2936.96
2026-06-12,15:00:00,140.1,28.1,19.59,10.14,63.3,21.79,-1.04,4.69,81.6,1.029,47.4,0.098,2026-06-12 15:00:00,92.69999999999999,76.8,1.9319526627218935,657.0690000000001,3052.7789999999995
2026-06-12,17:00:00,139.6,26.8,19.5,9.87,60.4,21.47,-1.22,3.93,79.4,1.021,43.1,0.097,2026-06-12 17:00:00,96.5,79.19999999999999,1.9756838905775078,548.628,2997.2119999999995
2026-06-12,19:00:00,141.4,24.7,20.26,10.15,60.9,20.3,-0.93,4.32,80.5,1.03,46.5,0.08,2026-06-12 19:00:00,94.9,80.5,1.9960591133004928,610.8480000000001,2870.42
2026-06-12,21:00:00,137.6,22.6,20.5,10.34,62.3,21.26,-1.24,4.52,80.3,1.022,47.1,0.107,2026-06-12 21:00:00,90.5,75.3,1.9825918762088974,621.9519999999999,2925.376
2026-06-12,23:00:00,140.7,20.7,21.52,10.76,63.7,22.33,-1.26,4.85,81.4,1.033,45.8,0.093,2026-06-12 23:00:00,94.89999999999999,76.99999999999999,2.0,682.3949999999999,3141.8309999999997
2026-06-13,01:00:00,140.6,21.2,20.64,10.7,61.7,22.01,-1.22,4.65,83.6,1.022,46.2,0.093,2026-06-13 01:00:00,94.39999999999999,78.89999999999999,1.9289719626168227,653.7900000000001,3094.606
2026-06-13,03:00:00,141.4,19.0,20.49,10.38,62.2,20.82,-1.1,4.46,80.9,1.029,47.1,0.095,2026-06-13 03:00:00,94.30000000000001,79.2,1.973988439306358,630.644,2943.9480000000003
2026-06-13,05:00:00,140.9,22.6,22.52,10.84,62.2,21.61,-1.09,4.75,84.1,1.023,46.3,0.096,2026-06-13 05:00:00,94.60000000000001,78.7,2.077490774907749,669.275,3044.849
2026-06-13,07:00:00,137.9,23.8,20.84,10.73,61.1,21.26,-1.25,4.65,85.8,1.031,47.1,0.118,2026-06-13 07:00:00,90.80000000000001,76.80000000000001,1.9422180801491145,641.2350000000001,2931.7540000000004
2026-06-13,09:00:00,140.3,28.0,22.84,11.07,61.4,19.65,-1.33,4.7,84.8,1.029,45.5,0.107,2026-06-13 09:00:00,94.80000000000001,78.9,2.06323396567299,659.4100000000001,2756.895
2026-06-13,11:00:00,142.3,28.9,21.38,10.35,63.0,22.67,-1.38,4.76,87.3,1.024,45.8,0.091,2026-06-13 11:00:00,96.50000000000001,79.30000000000001,2.0657004830917876,677.3480000000001,3225.9410000000007
2026-06-13,13:00:00,139.0,27.9,22.03,10.78,65.4,21.53,-1.24,4.65,83.9,1.027,46.9,0.105,2026-06-13 13:00:00,92.1,73.6,2.0435992578849724,646.35,2992.67
2026-06-13,15:00:00,139.2,30.8,22.38,10.93,65.2,21.44,-1.44,4.36,86.0,1.027,46.0,0.128,2026-06-13 15:00:00,93.19999999999999,73.99999999999999,2.047575480329369,606.912,2984.448
2026-06-13,17:00:00,140.8,27.2,21.64,10.48,63.5,21.37,-1.29,4.49,83.5,1.032,43.4,0.08,2026-06-13 17:00:00,97.4,77.30000000000001,2.064885496183206,632.1920000000001,3008.896
2026-06-13,19:00:00,141.1,26.7,21.06,10.23,60.4,21.67,-1.27,4.84,82.8,1.017,44.8,0.094,2026-06-13 19:00:00,96.3,80.69999999999999,2.058651026392962,682.924,3057.637
2026-06-13,21:00:00,138.9,21.9,20.84,11.32,63.4,20.6,-1.25,4.46,82.5,1.039,44.9,0.108,2026-06-13 21:00:00,94.0,75.5,1.8409893992932862,619.494,2861.34
2026-06-13,23:00:00,141.1,20.2,20.86,10.57,62.3,21.49,-1.1,4.6,83.9,1.027,47.1,0.088,2026-06-13 23:00:00,94.0,78.8,1.9735099337748343,649.06,3032.2389999999996
2026-06-14,01:00:00,138.3,19.8,20.78,10.35,63.5,22.61,-1.11,4.67,83.2,1.032,47.4,0.102,2026-06-14 01:00:00,90.9,74.80000000000001,2.007729468599034,645.861,3126.963
2026-06-14,03:00:00,141.4,19.4,21.47,11.11,63.6,21.06,-1.33,4.82,88.5,1.025,50.3,0.088,2026-06-14 03:00:00,91.10000000000001,77.80000000000001,1.9324932493249325,681.5480000000001,2977.884
2026-06-14,05:00:00,143.3,22.8,22.15,10.49,60.2,20.66,-1.29,4.71,85.3,1.032,48.0,0.062,2026-06-14 05:00:00,95.30000000000001,83.10000000000001,2.111534795042898,674.9430000000001,2960.5780000000004
2026-06-14,07:00:00,139.7,25.1,20.95,10.78,63.1,21.27,-1.32,4.61,84.4,1.021,44.3,0.099,2026-06-14 07:00:00,95.39999999999999,76.6,1.943413729128015,644.0169999999999,2971.419
2026-06-14,09:00:00,138.3,26.0,21.79,10.6,63.0,21.38,-1.23,4.24,84.1,1.023,48.2,0.111,2026-06-14 09:00:00,90.10000000000001,75.30000000000001,2.0556603773584907,586.392,2956.8540000000003
2026-06-14,11:00:00,139.2,26.9,20.81,10.37,61.0,20.64,-1.01,4.39,80.1,1.026,43.2,0.114,2026-06-14 11:00:00,95.99999999999999,78.19999999999999,2.0067502410800384,611.0879999999999,2873.0879999999997
2026-06-14,13:00:00,140.7,29.5,20.26,9.7,60.7,20.36,-1.09,4.28,85.0,1.02,49.3,0.091,2026-06-14 13:00:00,91.39999999999999,79.99999999999999,2.088659793814433,602.196,2864.6519999999996
2026-06-14,15:00:00,142.1,28.1,19.77,9.99,60.3,23.05,-1.19,4.54,81.8,1.029,46.0,0.066,2026-06-14 15:00:00,96.1,81.8,1.978978978978979,645.134,3275.4049999999997
2026-06-14,17:00:00,140.0,26.4,19.8,10.63,64.5,22.26,-1.13,4.25,80.4,1.037,47.9,0.083,2026-06-14 17:00:00,92.1,75.5,1.8626528692380055,595.0,3116.4
2026-06-14,19:00:00,138.6,24.6,20.58,10.29,63.2,21.75,-1.3,4.5,85.4,1.037,48.9,0.095,2026-06-14 19:00:00,89.69999999999999,75.39999999999999,2.0,623.6999999999999,3014.5499999999997
2026-06-14,21:00:00,142.8,20.1,20.65,10.24,60.0,22.12,-1.18,4.51,81.5,1.029,46.2,0.075,2026-06-14 21:00:00,96.60000000000001,82.80000000000001,2.0166015625,644.028,3158.7360000000003
2026-06-14,23:00:00,140.2,18.8,20.68,9.14,63.8,22.92,-1.09,4.08,81.5,1.02,49.9,0.071,2026-06-14 23:00:00,90.29999999999998,76.39999999999999,2.262582056892779,572.016,3213.384
2026-06-15,01:00:00,139.0,18.9,20.8,9.95,62.8,21.38,-1.25,3.93,79.0,1.036,48.7,0.098,2026-06-15 01:00:00,90.3,76.2,2.090452261306533,546.27,2971.8199999999997
2026-06-15,03:00:00,141.7,19.4,21.05,10.42,61.0,21.74,-1.07,4.39,82.2,1.029,48.7,0.088,2026-06-15 03:00:00,92.99999999999999,80.69999999999999,2.0201535508637236,622.0629999999999,3080.5579999999995
2026-06-15,05:00:00,140.0,20.0,19.15,9.31,59.7,22.73,-0.99,4.04,78.8,1.027,44.0,0.081,2026-06-15 05:00:00,96.0,80.3,2.056928034371643,565.6,3182.2000000000003
2026-06-15,07:00:00,140.7,25.8,19.45,9.46,57.3,22.57,-1.0,4.49,79.1,1.027,46.6,0.105,2026-06-15 07:00:00,94.1,83.39999999999999,2.056025369978858,631.7429999999999,3175.5989999999997
2026-06-15,09:00:00,139.0,27.1,19.76,9.52,57.8,21.35,-0.8,3.92,75.6,1.019,49.1,0.102,2026-06-15 09:00:00,89.9,81.2,2.0756302521008405,544.88,2967.65
2026-06-15,11:00:00,140.3,27.0,18.97,9.15,60.2,22.44,-1.09,3.74,75.2,1.031,44.0,0.073,2026-06-15 11:00:00,96.30000000000001,80.10000000000001,2.0732240437158467,524.7220000000001,3148.3320000000003
2026-06-15,13:00:00,138.5,29.6,18.82,8.81,57.0,22.81,-0.9,3.96,72.4,1.023,44.6,0.081,2026-06-15 13:00:00,93.9,81.5,2.136208853575482,548.46,3159.185
2026-06-15,15:00:00,141.8,27.6,20.29,9.49,62.2,23.01,-0.76,4.1,76.9,1.017,50.0,0.105,2026-06-15 15:00:00,91.80000000000001,79.60000000000001,2.138040042149631,581.38,3262.8180000000007
2026-06-15,17:00:00,141.9,25.9,20.02,9.27,61.3,21.98,-1.1,4.4,79.6,1.03,46.9,0.071,2026-06-15 17:00:00,95.0,80.60000000000001,2.1596548004314995,624.3600000000001,3118.962
2026-06-15,19:00:00,140.0,25.5,19.26,9.1,58.4,21.69,-1.09,3.87,76.6,1.031,46.1,0.075,2026-06-15 19:00:00,93.9,81.6,2.116483516483517,541.8000000000001,3036.6000000000004
2026-06-15,21:00:00,140.5,22.1,19.02,9.18,61.8,21.94,-0.95,4.06,75.9,1.019,45.7,0.075,2026-06-15 21:00:00,94.8,78.7,2.0718954248366015,570.43,3082.57
2026-06-15,23:00:00,140.2,18.0,19.59,8.88,60.0,22.37,-1.1,4.15,75.7,1.016,48.2,0.087,2026-06-15 23:00:00,91.99999999999999,80.19999999999999,2.2060810810810807,581.83,3136.274
2026-06-16,01:00:00,141.8,19.3,20.38,9.16,59.5,21.1,-1.12,3.98,74.8,1.026,46.9,0.084,2026-06-16 01:00:00,94.9,82.30000000000001,2.224890829694323,564.364,2991.9800000000005
2026-06-16,03:00:00,138.1,22.8,19.66,9.52,63.4,21.06,-1.02,3.83,78.2,1.02,43.0,0.086,2026-06-16 03:00:00,95.1,74.69999999999999,2.0651260504201683,528.923,2908.3859999999995
2026-06-16,05:00:00,139.9,20.7,20.12,9.38,60.5,23.13,-1.19,4.19,77.0,1.017,48.2,0.102,2026-06-16 05:00:00,91.7,79.4,2.14498933901919,586.181,3235.887
2026-06-16,07:00:00,141.7,22.9,19.68,8.86,61.4,22.79,-0.92,3.89,74.6,1.014,45.7,0.078,2026-06-16 07:00:00,95.99999999999999,80.29999999999998,2.2212189616252824,551.213,3229.343
2026-06-16,09:00:00,138.0,27.9,20.17,9.63,60.9,21.86,-1.19,3.97,78.0,1.013,43.2,0.097,2026-06-16 09:00:00,94.8,77.1,2.094496365524403,547.86,3016.68
2026-06-16,11:00:00,140.7,28.9,20.71,9.05,63.8,23.19,-1.04,4.15,78.4,1.034,47.2,0.127,2026-06-16 11:00:00,93.49999999999999,76.89999999999999,2.2883977900552486,583.905,3262.833
2026-06-16,13:00:00,141.1,27.1,19.96,9.35,61.5,22.36,-0.95,4.07,79.0,1.018,45.2,0.084,2026-06-16 13:00:00,95.89999999999999,79.6,2.13475935828877,574.277,3154.9959999999996
2026-06-16,15:00:00,137.4,29.0,19.43,9.17,61.9,21.45,-0.88,3.9,78.4,1.017,41.3,0.094,2026-06-16 15:00:00,96.10000000000001,75.5,2.11886586695747,535.86,2947.23
2026-06-16,17:00:00,140.1,25.2,19.9,10.06,59.0,22.0,-1.02,4.27,78.1,1.03,47.0,0.103,2026-06-16 17:00:00,93.1,81.1,1.9781312127236579,598.2269999999999,3082.2
2026-06-16,19:00:00,139.1,23.9,19.5,10.07,56.3,22.24,-1.05,3.95,74.3,1.015,44.9,0.119,2026-06-16 19:00:00,94.19999999999999,82.8,1.936444885799404,549.445,3093.584
2026-06-16,21:00:00,137.6,21.3,18.75,8.98,57.1,23.12,-0.98,3.64,76.7,1.027,45.4,0.105,2026-06-16 21:00:00,92.19999999999999,80.5,2.0879732739420933,500.864,3181.312
2026-06-16,23:00:00,139.6,20.1,19.91,9.32,59.6,21.5,-1.05,3.62,75.7,1.037,44.8,0.088,2026-06-16 23:00:00,94.8,80.0,2.1362660944206007,505.352,3001.4
2026-06-17,01:00:00,140.6,19.5,20.01,9.06,59.3,22.61,-1.19,3.72,77.8,1.023,46.0,0.075,2026-06-17 01:00:00,94.6,81.3,2.2086092715231787,523.032,3178.966
2026-06-17,03:00:00,138.0,19.3,19.68,9.33,64.3,21.36,-0.95,3.74,75.9,1.024,44.9,0.083,2026-06-17 03:00:00,93.1,73.7,2.1093247588424435,516.12,2947.68
2026-06-17,05:00:00,139.5,20.5,20.18,8.9,59.1,22.57,-0.98,3.95,74.8,1.004,46.0,0.151,2026-06-17 05:00:00,93.5,80.4,2.2674157303370785,551.025,3148.515
2026-06-17,07:00:00,140.2,25.9,19.15,9.19,60.4,22.29,-1.05,3.77,76.4,1.017,43.4,0.075,2026-06-17 07:00:00,96.79999999999998,79.79999999999998,2.0837867247007615,528.554,3125.0579999999995
2026-06-17,09:00:00,141.5,25.8,20.0,8.87,60.3,22.9,-1.16,3.84,77.6,1.015,46.1,0.1,2026-06-17 09:00:00,95.4,81.2,2.2547914317925595,543.36,3240.35
2026-06-17,11:00:00,138.6,28.7,20.16,9.21,58.3,22.04,-1.22,3.3,74.7,1.023,49.3,0.083,2026-06-17 11:00:00,89.3,80.3,2.1889250814332244,457.37999999999994,3054.7439999999997
2026-06-17,13:00:00,138.7,29.6,19.3,9.4,61.3,22.8,-1.01,3.73,75.4,1.028,45.2,0.079,2026-06-17 13:00:00,93.49999999999999,77.39999999999999,2.0531914893617023,517.351,3162.3599999999997
2026-06-17,15:00:00,139.9,28.7,19.07,9.04,61.8,23.3,-0.97,4.2,73.3,1.02,47.2,0.075,2026-06-17 15:00:00,92.7,78.10000000000001,2.109513274336283,587.58,3259.67
2026-06-17,17:00:00,140.4,24.1,19.4,9.42,62.2,22.15,-1.12,3.8,76.6,1.024,46.2,0.097,2026-06-17 17:00:00,94.2,78.2,2.059447983014862,533.52,3109.86
2026-06-17,19:00:00,138.6,23.9,19.44,10.44,64.0,21.39,-0.93,4.4,75.8,1.039,45.7,0.099,2026-06-17 19:00:00,92.89999999999999,74.6,1.8620689655172415,609.84,2964.654
2026-06-17,21:00:00,142.3,22.2,20.62,9.87,60.9,22.07,-1.34,4.28,80.4,1.026,50.3,0.08,2026-06-17 21:00:00,92.00000000000001,81.4,2.0891590678824725,609.0440000000001,3140.561
2026-06-17,23:00:00,136.3,18.9,19.62,10.2,61.8,21.59,-1.05,3.84,74.4,1.046,42.9,0.108,2026-06-17 23:00:00,93.4,74.50000000000001,1.9235294117647062,523.392,2942.717
2026-06-18,01:00:00,137.5,20.1,19.63,10.51,61.7,22.09,-1.19,4.31,81.3,1.03,46.2,0.115,2026-06-18 01:00:00,91.3,75.8,1.8677450047573738,592.625,3037.375
2026-06-18,03:00:00,139.0,20.5,21.26,10.31,64.9,21.59,-1.19,4.29,82.6,1.042,46.1,0.095,2026-06-18 03:00:00,92.9,74.1,2.062075654704171,596.3100000000001,3001.0099999999998
2026-06-18,05:00:00,139.2,21.3,21.39,10.29,61.6,21.63,-1.14,4.33,83.9,1.018,45.2,0.117,2026-06-18 05:00:00,93.99999999999999,77.6,2.078717201166181,602.736,3010.8959999999997
2026-06-18,07:00:00,140.6,25.3,22.3,10.96,62.5,20.82,-1.4,4.59,83.9,1.03,46.9,0.093,2026-06-18 07:00:00,93.69999999999999,78.1,2.034671532846715,645.3539999999999,2927.292
2026-06-18,09:00:00,142.5,26.1,21.98,10.8,66.5,19.89,-1.33,4.95,86.7,1.029,47.3,0.086,2026-06-18 09:00:00,95.2,76.0,2.035185185185185,705.375,2834.3250000000003
2026-06-18,11:00:00,139.8,28.5,21.62,10.96,61.6,20.82,-1.31,4.64,83.8,1.035,47.8,0.099,2026-06-18 11:00:00,92.00000000000001,78.20000000000002,1.9726277372262773,648.672,2910.6360000000004
2026-06-18,13:00:00,141.8,26.1,21.48,10.89,59.2,21.53,-1.12,4.88,82.6,1.037,48.1,0.092,2026-06-18 13:00:00,93.70000000000002,82.60000000000001,1.9724517906336088,691.984,3052.9540000000006
2026-06-18,15:00:00,137.1,26.8,20.33,10.48,59.3,22.12,-1.16,4.35,84.8,1.026,44.4,0.11,2026-06-18 15:00:00,92.69999999999999,77.8,1.939885496183206,596.3849999999999,3032.652
2026-06-18,17:00:00,141.3,25.7,21.47,10.41,62.2,22.02,-1.3,4.65,82.4,1.032,47.6,0.096,2026-06-18 17:00:00,93.70000000000002,79.10000000000001,2.062439961575408,657.0450000000001,3111.4260000000004
2026-06-18,19:00:00,142.5,22.1,21.74,10.73,65.3,20.45,-1.38,4.75,84.7,1.039,46.3,0.068,2026-06-18 19:00:00,96.2,77.2,2.026095060577819,676.875,2914.125
2026-06-18,21:00:00,139.1,22.5,20.54,11.16,62.8,19.92,-1.21,4.73,85.1,1.031,47.4,0.136,2026-06-18 21:00:00,91.69999999999999,76.3,1.8405017921146953,657.943,2770.8720000000003
2026-06-18,23:00:00,140.1,22.0,21.62,11.03,64.2,21.31,-1.27,4.51,84.7,1.028,44.7,0.095,2026-06-18 23:00:00,95.39999999999999,75.89999999999999,1.960108794197643,631.851,2985.5309999999995
2026-06-19,01:00:00,138.7,18.0,20.91,10.86,66.1,21.33,-1.33,4.67,87.5,1.023,45.6,0.089,2026-06-19 01:00:00,93.1,72.6,1.9254143646408841,647.7289999999999,2958.4709999999995
2026-06-19,03:00:00,139.9,19.3,21.07,10.55,64.6,21.56,-1.39,4.36,84.5,1.026,50.7,0.094,2026-06-19 03:00:00,89.2,75.30000000000001,1.9971563981042653,609.964,3016.244
2026-06-19,05:00:00,138.0,22.2,23.31,11.29,64.3,21.95,-1.28,4.52,85.0,1.04,46.5,0.103,2026-06-19 05:00:00,91.5,73.7,2.0646589902568646,623.76,3029.1
2026-06-19,07:00:00,142.5,23.6,20.99,10.83,63.8,22.06,-1.26,4.71,84.2,1.043,48.1,0.084,2026-06-19 07:00:00,94.4,78.7,1.938134810710988,671.175,3143.5499999999997
2026-06-19,09:00:00,140.1,27.5,21.24,10.37,64.3,21.4,-1.1,4.65,86.1,1.027,46.3,0.118,2026-06-19 09:00:00,93.8,75.8,2.048216007714561,651.465,2998.14
2026-06-19,11:00:00,139.6,27.9,21.32,11.38,62.9,20.61,-1.29,4.71,85.4,1.042,46.5,0.121,2026-06-19 11:00:00,93.1,76.69999999999999,1.8734622144112476,657.516,2877.156
2026-06-19,13:00:00,138.7,28.5,23.28,11.46,62.5,19.73,-1.52,4.73,89.6,1.043,49.1,0.142,2026-06-19 13:00:00,89.6,76.19999999999999,2.031413612565445,656.051,2736.551
2026-06-19,15:00:00,139.9,28.9,22.25,11.31,64.8,21.24,-1.42,4.88,87.2,1.036,45.0,0.102,2026-06-19 15:00:00,94.9,75.10000000000001,1.967285587975243,682.712,2971.476
2026-06-19,17:00:00,142.9,28.0,21.86,10.66,61.1,22.06,-1.28,4.59,88.4,1.035,46.9,0.085,2026-06-19 17:00:00,96.0,81.80000000000001,2.050656660412758,655.9110000000001,3152.374
2026-06-19,19:00:00,141.1,21.9,20.61,10.5,62.6,20.72,-1.18,4.37,83.2,1.017,44.2,0.104,2026-06-19 19:00:00,96.89999999999999,78.5,1.9628571428571429,616.607,2923.5919999999996
2026-06-19,21:00:00,139.6,21.0,20.99,10.18,61.3,21.41,-1.11,4.23,84.0,1.018,43.1,0.102,2026-06-19 21:00:00,96.5,78.3,2.06188605108055,590.508,2988.836
2026-06-19,23:00:00,143.6,19.4,19.4,9.53,59.2,21.28,-1.1,4.25,80.0,1.026,45.9,0.067,2026-06-19 23:00:00,97.69999999999999,84.39999999999999,2.0356768100734524,610.3,3055.808
2026-06-20,01:00:00,141.5,18.0,21.81,10.08,61.0,20.83,-1.32,4.68,83.7,1.035,46.7,0.083,2026-06-20 01:00:00,94.8,80.5,2.163690476190476,662.2199999999999,2947.4449999999997
2026-06-20,03:00:00,139.9,18.5,21.08,10.05,57.8,21.25,-1.14,4.44,82.6,1.023,46.0,0.093,2026-06-20 03:00:00,93.9,82.10000000000001,2.097512437810945,621.1560000000001,2972.875
2026-06-20,05:00:00,141.9,18.3,21.23,10.6,62.2,19.72,-1.26,4.73,83.3,1.022,48.5,0.094,2026-06-20 05:00:00,93.4,79.7,2.0028301886792454,671.1870000000001,2798.268
2026-06-20,07:00:00,142.8,24.1,21.9,10.0,63.6,21.51,-1.04,4.38,85.0,1.026,48.3,0.08,2026-06-20 07:00:00,94.50000000000001,79.20000000000002,2.19,625.464,3071.6280000000006
2026-06-20,09:00:00,139.1,26.5,21.36,10.26,63.0,20.62,-1.15,4.37,83.3,1.02,43.9,0.089,2026-06-20 09:00:00,95.19999999999999,76.1,2.08187134502924,607.867,2868.242
2026-06-20,11:00:00,142.4,27.8,20.7,10.53,61.3,21.19,-1.2,5.0,87.2,1.031,47.3,0.076,2026-06-20 11:00:00,95.10000000000001,81.10000000000001,1.965811965811966,712.0,3017.456
2026-06-20,13:00:00,140.1,27.7,20.22,10.53,63.4,21.11,-1.24,4.76,81.8,1.032,47.3,0.096,2026-06-20 13:00:00,92.8,76.69999999999999,1.9202279202279202,666.876,2957.511
2026-06-20,15:00:00,139.6,27.0,20.27,9.48,62.2,20.05,-1.17,4.39,80.3,1.016,43.5,0.074,2026-06-20 15:00:00,96.1,77.39999999999999,2.1381856540084385,612.8439999999999,2798.98
2026-06-20,17:00:00,140.0,26.4,20.56,10.01,59.1,20.39,-1.33,4.17,82.4,1.031,43.4,0.119,2026-06-20 17:00:00,96.6,80.9,2.0539460539460537,583.8,2854.6
2026-06-20,19:00:00,141.3,23.3,21.01,10.18,60.9,21.41,-1.09,4.57,80.5,1.026,46.8,0.079,2026-06-20 19:00:00,94.50000000000001,80.4,2.06385068762279,645.7410000000001,3025.233
2026-06-20,21:00:00,139.8,21.5,20.12,10.16,60.7,21.63,-1.19,4.56,83.2,1.036,42.7,0.102,2026-06-20 21:00:00,97.10000000000001,79.10000000000001,1.9803149606299213,637.4879999999999,3023.8740000000003
2026-06-20,23:00:00,142.4,20.1,20.44,9.72,61.6,20.68,-1.1,4.55,79.3,1.034,43.6,0.082,2026-06-20 23:00:00,98.80000000000001,80.80000000000001,2.102880658436214,647.92,2944.832
2026-06-21,01:00:00,137.6,18.5,19.87,10.16,63.2,22.4,-1.11,4.44,79.5,1.029,44.5,0.092,2026-06-21 01:00:00,93.1,74.39999999999999,1.955708661417323,610.9440000000001,3082.24
2026-06-21,03:00:00,138.9,19.6,20.5,10.24,61.4,21.54,-0.98,4.43,81.6,1.035,47.3,0.115,2026-06-21 03:00:00,91.60000000000001,77.5,2.001953125,615.327,2991.906
2026-06-21,05:00:00,140.8,19.7,20.63,10.12,62.0,21.29,-1.26,4.54,82.6,1.021,47.9,0.086,2026-06-21 05:00:00,92.9,78.80000000000001,2.0385375494071147,639.2320000000001,2997.632
2026-06-21,07:00:00,138.6,22.6,19.97,9.87,62.1,21.82,-1.21,4.52,80.5,1.014,46.1,0.108,2026-06-21 07:00:00,92.5,76.5,2.0233029381965553,626.4719999999999,3024.252
2026-06-21,09:00:00,140.7,28.0,21.17,9.38,62.1,22.42,-1.1,4.4,82.6,1.024,45.5,0.058,2026-06-21 09:00:00,95.19999999999999,78.6,2.2569296375266523,619.08,3154.494
2026-06-21,11:00:00,139.1,27.2,19.8,10.25,60.7,22.64,-1.18,4.46,81.7,1.026,44.5,0.095,2026-06-21 11:00:00,94.6,78.39999999999999,1.931707317073171,620.386,3149.224
2026-06-21,13:00:00,137.1,29.2,19.88,10.71,62.5,21.47,-1.27,4.58,81.6,1.026,45.7,0.107,2026-06-21 13:00:00,91.39999999999999,74.6,1.8562091503267972,627.918,2943.537
2026-06-21,15:00:00,140.9,26.5,22.26,10.46,64.5,21.35,-1.28,4.28,83.0,1.015,49.5,0.086,2026-06-21 15:00:00,91.4,76.4,2.12810707456979,603.052,3008.215
2026-06-21,17:00:00,141.4,26.7,21.53,10.49,64.1,22.84,-1.17,4.59,85.7,1.03,45.7,0.06,2026-06-21 17:00:00,95.7,77.30000000000001,2.052430886558627,649.026,3229.576
2026-06-21,19:00:00,140.9,23.8,21.04,10.69,61.3,20.37,-1.15,4.86,86.1,1.034,49.5,0.11,2026-06-21 19:00:00,91.4,79.60000000000001,1.9681945743685687,684.7740000000001,2870.1330000000003
2026-06-21,21:00:00,139.8,21.7,19.92,10.72,61.2,21.03,-1.07,4.45,85.2,1.032,46.7,0.105,2026-06-21 21:00:00,93.10000000000001,78.60000000000001,1.8582089552238807,622.1100000000001,2939.9940000000006
2026-06-21,23:00:00,141.1,21.4,21.55,11.06,67.6,19.95,-1.25,4.83,86.8,1.026,49.7,0.115,2026-06-21 23:00:00,91.39999999999999,73.5,1.9484629294755877,681.513,2814.9449999999997
2026-06-22,01:00:00,141.3,19.2,21.65,10.68,62.8,21.66,-1.37,4.59,89.0,1.024,48.5,0.069,2026-06-22 01:00:00,92.80000000000001,78.50000000000001,2.0271535580524342,648.567,3060.5580000000004
2026-06-22,03:00:00,138.8,22.8,21.92,10.51,61.5,21.16,-1.2,4.36,83.4,1.016,41.8,0.108,2026-06-22 03:00:00,97.00000000000001,77.30000000000001,2.0856327307326357,605.1680000000001,2937.0080000000003
2026-06-22,05:00:00,140.0,23.7,21.66,10.36,64.1,20.25,-1.54,4.51,86.6,1.024,44.9,0.095,2026-06-22 05:00:00,95.1,75.9,2.0907335907335907,631.4,2835.0
2026-06-22,07:00:00,139.9,23.4,20.89,10.44,59.3,21.42,-1.2,4.2,83.4,1.029,46.4,0.107,2026-06-22 07:00:00,93.5,80.60000000000001,2.0009578544061304,587.58,2996.6580000000004
2026-06-22,09:00:00,140.6,26.1,20.58,9.58,57.5,21.85,-1.15,4.44,83.4,1.025,43.8,0.095,2026-06-22 09:00:00,96.8,83.1,2.148225469728601,624.264,3072.11
2026-06-22,11:00:00,139.7,27.3,21.13,9.82,63.9,20.39,-1.18,4.32,80.6,1.023,45.5,0.093,2026-06-22 11:00:00,94.19999999999999,75.79999999999998,2.15173116089613,603.504,2848.4829999999997
2026-06-22,13:00:00,138.8,26.9,20.25,9.92,64.9,21.51,-0.96,4.3,80.9,1.033,46.1,0.102,2026-06-22 13:00:00,92.70000000000002,73.9,2.0413306451612905,596.84,2985.5880000000006
2026-06-22,15:00:00,142.1,29.8,20.49,9.84,61.3,21.94,-1.15,4.56,79.8,1.023,46.8,0.125,2026-06-22 15:00:00,95.3,80.8,2.0823170731707314,647.9759999999999,3117.674
2026-06-22,17:00:00,141.5,28.6,22.61,9.66,63.9,21.08,-1.26,4.22,82.2,1.031,45.5,0.068,2026-06-22 17:00:00,96.0,77.6,2.3405797101449273,597.13,2982.8199999999997
2026-06-22,19:00:00,140.6,25.4,19.4,9.84,62.5,21.47,-0.98,4.01,78.8,1.024,50.0,0.089,2026-06-22 19:00:00,90.6,78.1,1.9715447154471544,563.8059999999999,3018.682
2026-06-22,21:00:00,139.4,23.5,20.63,9.92,59.2,22.34,-1.01,4.3,79.2,1.025,46.4,0.112,2026-06-22 21:00:00,93.0,80.2,2.0796370967741935,599.42,3114.196
2026-06-22,23:00:00,138.5,19.0,19.83,9.88,57.9,22.27,-0.96,4.44,80.1,1.029,44.7,0.109,2026-06-22 23:00:00,93.8,80.6,2.0070850202429145,614.94,3084.395
2026-06-23,01:00:00,137.7,18.9,20.26,9.16,59.8,23.22,-1.01,4.36,81.1,1.012,46.8,0.103,2026-06-23 01:00:00,90.89999999999999,77.89999999999999,2.2117903930131004,600.372,3197.394
2026-06-23,03:00:00,136.5,22.4,20.01,9.69,62.2,22.27,-1.08,4.27,79.6,1.022,45.0,0.102,2026-06-23 03:00:00,91.5,74.3,2.0650154798761613,582.8549999999999,3039.855
2026-06-23,05:00:00,138.6,21.8,20.13,10.06,63.9,22.11,-0.99,4.27,80.5,1.028,48.6,0.101,2026-06-23 05:00:00,90.0,74.69999999999999,2.000994035785288,591.8219999999999,3064.446
2026-06-23,07:00:00,139.1,23.9,19.79,9.24,62.4,21.54,-0.96,3.67,75.3,1.014,46.8,0.093,2026-06-23 07:00:00,92.3,76.69999999999999,2.1417748917748916,510.49699999999996,2996.214
2026-06-23,09:00:00,138.0,25.8,19.16,9.78,61.0,21.06,-1.0,4.01,77.0,1.039,44.1,0.092,2026-06-23 09:00:00,93.9,77.0,1.9591002044989776,553.38,2906.2799999999997
2026-06-23,11:00:00,137.6,26.3,20.42,9.11,60.3,23.26,-0.9,3.82,75.8,1.022,42.3,0.075,2026-06-23 11:00:00,95.3,77.3,2.241492864983535,525.632,3200.576
2026-06-23,13:00:00,138.2,30.6,18.7,8.74,63.5,23.32,-0.97,3.63,77.3,1.01,43.9,0.085,2026-06-23 13:00:00,94.29999999999998,74.69999999999999,2.1395881006864985,501.66599999999994,3222.8239999999996
2026-06-23,15:00:00,139.7,30.1,18.81,9.1,60.3,22.56,-0.8,3.9,71.4,1.007,47.4,0.088,2026-06-23 15:00:00,92.29999999999998,79.39999999999999,2.067032967032967,544.8299999999999,3151.6319999999996
2026-06-23,17:00:00,142.2,26.2,20.52,9.8,62.2,22.55,-0.91,4.16,75.6,1.022,44.0,0.077,2026-06-23 17:00:00,98.19999999999999,79.99999999999999,2.093877551020408,591.552,3206.6099999999997
2026-06-23,19:00:00,137.5,24.4,19.92,8.74,60.2,22.44,-1.01,3.73,74.7,1.013,45.3,0.1,2026-06-23 19:00:00,92.2,77.3,2.279176201372998,512.875,3085.5
2026-06-23,21:00:00,141.0,21.7,19.34,9.05,58.2,21.84,-1.03,3.69,76.3,1.01,43.8,0.088,2026-06-23 21:00:00,97.2,82.8,2.137016574585635,520.29,3079.44
2026-06-23,23:00:00,139.2,20.4,19.15,8.83,59.9,22.43,-1.12,3.74,77.7,1.022,46.0,0.072,2026-06-23 23:00:00,93.19999999999999,79.29999999999998,2.1687429218573047,520.608,3122.256
2026-06-24,01:00:00,140.3,22.2,18.91,9.39,60.9,20.83,-0.96,4.05,73.0,1.031,42.3,0.093,2026-06-24 01:00:00,98.00000000000001,79.4,2.0138445154419595,568.215,2922.449
2026-06-24,03:00:00,138.6,19.4,18.9,8.89,61.7,21.01,-0.94,3.94,79.8,1.019,44.0,0.087,2026-06-24 03:00:00,94.6,76.89999999999999,2.1259842519685037,546.084,2911.986
2026-06-24,05:00:00,138.8,21.4,20.54,10.11,64.7,21.52,-1.33,4.2,81.1,1.04,49.4,0.081,2026-06-24 05:00:00,89.4,74.10000000000001,2.0316518298714143,582.96,2986.976
2026-06-24,07:00:00,136.5,22.5,19.57,9.54,61.0,20.92,-1.03,3.6,79.3,1.027,44.0,0.158,2026-06-24 07:00:00,92.5,75.5,2.0513626834381555,491.40000000000003,2855.5800000000004
2026-06-24,09:00:00,138.5,24.6,19.34,9.59,62.3,21.9,-1.03,4.17,76.2,1.019,47.7,0.09,2026-06-24 09:00:00,90.8,76.2,2.016684045881126,577.545,3033.1499999999996
2026-06-24,11:00:00,137.9,28.1,19.5,9.96,59.6,21.11,-1.05,3.87,76.7,1.024,43.4,0.09,2026-06-24 11:00:00,94.5,78.30000000000001,1.9578313253012047,533.673,2911.069
2026-06-24,13:00:00,138.3,30.5,19.31,10.06,64.0,22.95,-1.06,4.16,77.8,1.03,43.5,0.114,2026-06-24 13:00:00,94.80000000000001,74.30000000000001,1.9194831013916498,575.3280000000001,3173.985
2026-06-24,15:00:00,140.0,28.4,20.01,9.16,60.3,22.07,-1.08,4.09,78.7,1.016,45.9,0.083,2026-06-24 15:00:00,94.1,79.7,2.1844978165938866,572.6,3089.8
2026-06-24,17:00:00,139.8,28.0,17.98,9.57,60.3,22.72,-0.77,4.14,74.0,1.019,44.5,0.11,2026-06-24 17:00:00,95.30000000000001,79.50000000000001,1.8787878787878787,578.772,3176.2560000000003
2026-06-24,19:00:00,138.7,25.0,19.31,9.48,61.5,21.83,-1.04,3.94,77.4,1.024,44.4,0.108,2026-06-24 19:00:00,94.29999999999998,77.19999999999999,2.0369198312236283,546.478,3027.8209999999995
2026-06-24,21:00:00,136.3,22.0,20.04,9.28,57.9,22.02,-1.0,3.64,74.6,1.01,43.5,0.106,2026-06-24 21:00:00,92.80000000000001,78.4,2.1594827586206895,496.13200000000006,3001.326
2026-06-24,23:00:00,140.5,21.3,20.47,9.64,61.7,22.38,-1.01,4.03,77.9,1.014,46.7,0.088,2026-06-24 23:00:00,93.8,78.8,2.123443983402489,566.215,3144.39
2026-06-25,01:00:00,139.0,19.2,19.19,9.25,58.5,21.87,-0.99,4.08,80.0,1.023,44.4,0.085,2026-06-25 01:00:00,94.6,80.5,2.0745945945945947,567.12,3039.9300000000003
2026-06-25,03:00:00,139.8,19.0,20.29,10.2,61.4,21.81,-1.07,4.13,79.4,1.017,47.4,0.089,2026-06-25 03:00:00,92.4,78.4,1.9892156862745098,577.374,3049.038
2026-06-25,05:00:00,138.9,24.6,19.87,9.49,62.8,22.07,-1.1,4.13,76.9,1.019,44.1,0.085,2026-06-25 05:00:00,94.80000000000001,76.10000000000001,2.0937829293993677,573.657,3065.523
2026-06-25,07:00:00,139.6,24.6,20.22,9.19,64.9,22.13,-1.09,4.09,76.3,1.02,45.2,0.087,2026-06-25 07:00:00,94.39999999999999,74.69999999999999,2.2002176278563654,570.9639999999999,3089.348
2026-06-25,09:00:00,137.1,26.4,19.37,9.29,57.6,23.48,-0.98,3.92,75.9,1.029,44.5,0.127,2026-06-25 09:00:00,92.6,79.5,2.0850376749192683,537.432,3219.1079999999997
2026-06-25,11:00:00,140.6,26.9,19.55,9.14,60.9,21.92,-0.87,4.23,76.7,1.027,44.0,0.097,2026-06-25 11:00:00,96.6,79.69999999999999,2.138949671772429,594.738,3081.952
2026-06-25,13:00:00,137.6,30.1,20.05,10.69,63.4,20.24,-1.2,4.33,78.9,1.02,41.6,0.114,2026-06-25 13:00:00,96.0,74.19999999999999,1.8755846585594014,595.808,2785.024
2026-06-25,15:00:00,138.5,26.7,20.12,9.55,62.2,20.81,-0.98,4.08,80.4,1.025,48.3,0.093,2026-06-25 15:00:00,90.2,76.3,2.106806282722513,565.08,2882.185
2026-06-25,17:00:00,142.1,27.8,19.81,9.99,61.6,22.8,-1.04,4.05,78.1,1.025,44.9,0.065,2026-06-25 17:00:00,97.19999999999999,80.5,1.9829829829829828,575.505,3239.88
2026-06-25,19:00:00,141.6,26.2,21.41,9.5,64.0,21.77,-1.13,4.08,80.3,1.026,46.3,0.064,2026-06-25 19:00:00,95.3,77.6,2.2536842105263157,577.728,3082.6319999999996
2026-06-25,21:00:00,142.5,21.8,22.06,10.07,61.4,21.34,-1.29,4.12,83.2,1.029,46.7,0.081,2026-06-25 21:00:00,95.8,81.1,2.1906653426017875,587.1,3040.95
2026-06-25,23:00:00,140.7,19.6,21.0,10.64,63.2,20.85,-1.27,4.28,85.9,1.038,48.0,0.098,2026-06-25 23:00:00,92.69999999999999,77.49999999999999,1.9736842105263157,602.196,2933.595
2026-06-26,01:00:00,140.9,21.0,21.53,11.12,63.2,21.28,-1.15,4.41,84.5,1.016,50.1,0.101,2026-06-26 01:00:00,90.80000000000001,77.7,1.936151079136691,621.369,2998.3520000000003
2026-06-26,03:00:00,138.0,21.9,21.77,10.73,62.6,21.74,-1.31,4.4,85.4,1.039,42.9,0.128,2026-06-26 03:00:00,95.1,75.4,2.0288909599254428,607.2,3000.12
2026-06-26,05:00:00,142.3,22.0,21.69,10.28,62.9,22.43,-1.19,4.6,83.8,1.028,47.9,0.076,2026-06-26 05:00:00,94.4,79.4,2.109922178988327,654.58,3191.789
2026-06-26,07:00:00,142.2,25.1,21.19,11.05,65.0,20.53,-1.4,4.59,82.7,1.027,46.6,0.085,2026-06-26 07:00:00,95.6,77.19999999999999,1.9176470588235295,652.698,2919.366
2026-06-26,09:00:00,140.3,26.2,21.2,10.48,62.5,21.48,-1.19,4.54,84.4,1.026,48.2,0.102,2026-06-26 09:00:00,92.10000000000001,77.80000000000001,2.0229007633587783,636.9620000000001,3013.6440000000002
2026-06-26,11:00:00,140.6,27.8,21.08,11.34,64.5,20.85,-1.19,4.56,82.9,1.033,45.2,0.136,2026-06-26 11:00:00,95.39999999999999,76.1,1.858906525573192,641.136,2931.51
2026-06-26,13:00:00,143.6,28.2,21.8,10.82,65.4,20.82,-1.29,4.64,80.9,1.05,48.5,0.077,2026-06-26 13:00:00,95.1,78.19999999999999,2.014787430683919,666.304,2989.752
2026-06-26,15:00:00,142.4,28.8,20.34,10.42,62.2,20.19,-1.21,4.78,86.6,1.043,45.7,0.1,2026-06-26 15:00:00,96.7,80.2,1.9520153550863724,680.672,2875.0560000000005
2026-06-26,17:00:00,139.0,25.9,21.31,11.37,67.4,20.44,-1.23,4.89,86.6,1.037,46.6,0.117,2026-06-26 17:00:00,92.4,71.6,1.8742304309586633,679.7099999999999,2841.1600000000003
2026-06-26,19:00:00,143.0,24.2,21.73,10.28,66.2,20.77,-1.25,5.11,89.4,1.034,47.5,0.078,2026-06-26 19:00:00,95.5,76.8,2.1138132295719845,730.73,2970.11
2026-06-26,21:00:00,140.1,23.5,21.95,10.84,63.2,20.77,-1.43,4.51,86.8,1.033,48.9,0.092,2026-06-26 21:00:00,91.19999999999999,76.89999999999999,2.024907749077491,631.851,2909.877
2026-06-26,23:00:00,140.1,20.5,21.29,10.8,62.0,20.14,-1.28,4.54,87.3,1.028,48.0,0.11,2026-06-26 23:00:00,92.1,78.1,1.971296296296296,636.054,2821.614
2026-06-27,01:00:00,140.3,20.3,21.49,10.28,61.9,20.5,-1.28,4.27,83.4,1.03,45.1,0.091,2026-06-27 01:00:00,95.20000000000002,78.4,2.090466926070039,599.081,2876.15
2026-06-27,03:00:00,138.7,20.9,20.73,10.75,64.5,20.94,-1.27,4.15,81.1,1.02,49.1,0.11,2026-06-27 03:00:00,89.6,74.19999999999999,1.928372093023256,575.605,2904.378
2026-06-27,05:00:00,140.3,23.4,21.32,9.77,59.7,20.93,-1.01,4.46,81.9,1.025,44.1,0.111,2026-06-27 05:00:00,96.20000000000002,80.60000000000001,2.182190378710338,625.738,2936.4790000000003
2026-06-27,07:00:00,143.6,27.7,21.09,10.07,62.4,20.5,-1.13,4.74,80.8,1.031,45.6,0.068,2026-06-27 07:00:00,98.0,81.19999999999999,2.094339622641509,680.664,2943.7999999999997
2026-06-27,09:00:00,139.7,29.2,19.84,10.47,64.9,21.35,-1.04,4.44,81.1,1.033,45.8,0.089,2026-06-27 09:00:00,93.89999999999999,74.79999999999998,1.8949379178605539,620.268,2982.595
2026-06-27,11:00:00,140.9,30.1,20.89,10.24,63.4,21.85,-1.08,4.65,82.0,1.025,45.6,0.083,2026-06-27 11:00:00,95.30000000000001,77.5,2.0400390625,655.1850000000001,3078.6650000000004
2026-06-27,13:00:00,140.1,29.0,20.65,10.63,62.0,20.3,-1.09,4.16,81.7,1.046,43.4,0.107,2026-06-27 13:00:00,96.69999999999999,78.1,1.9426152398871117,582.816,2844.03
2026-06-27,17:00:00,140.6,28.0,20.72,10.37,61.5,22.79,-1.28,4.67,85.4,1.022,44.0,0.098,2026-06-27 17:00:00,96.6,79.1,1.9980713596914177,656.602,3204.274
2026-06-27,19:00:00,145.0,25.5,21.18,10.41,63.1,20.94,-1.44,5.05,88.6,1.036,46.7,0.091,2026-06-27 19:00:00,98.3,81.9,2.0345821325648417,732.25,3036.3
2026-06-27,21:00:00,143.7,24.2,22.6,11.08,61.9,21.21,-1.47,5.02,90.3,1.037,51.8,0.096,2026-06-27 21:00:00,91.89999999999999,81.79999999999998,2.03971119133574,721.3739999999999,3047.877
2026-06-27,23:00:00,139.0,21.4,22.34,11.2,62.2,20.56,-1.32,4.53,89.8,1.03,42.9,0.101,2026-06-27 23:00:00,96.1,76.8,1.9946428571428572,629.6700000000001,2857.8399999999997
2026-06-28,01:00:00,138.7,21.4,20.52,10.45,62.9,22.05,-1.09,4.3,82.8,1.023,46.2,0.11,2026-06-28 01:00:00,92.49999999999999,75.79999999999998,1.9636363636363636,596.41,3058.335
2026-06-28,03:00:00,141.2,20.6,22.09,10.66,65.9,21.07,-1.34,4.94,86.0,1.034,47.6,0.086,2026-06-28 03:00:00,93.6,75.29999999999998,2.072232645403377,697.528,2975.084
2026-06-28,05:00:00,142.6,23.6,22.16,11.09,65.4,21.64,-1.47,5.1,90.8,1.034,46.2,0.072,2026-06-28 05:00:00,96.39999999999999,77.19999999999999,1.9981965734896303,727.2599999999999,3085.864
2026-06-28,07:00:00,139.0,24.7,21.54,10.36,62.3,19.87,-1.13,4.44,85.2,1.025,46.4,0.106,2026-06-28 07:00:00,92.6,76.7,2.0791505791505793,617.1600000000001,2761.9300000000003
2026-06-28,09:00:00,139.9,27.6,22.03,10.66,65.4,20.3,-1.19,4.72,84.9,1.033,46.9,0.103,2026-06-28 09:00:00,93.0,74.5,2.0666041275797373,660.328,2839.9700000000003
2026-06-28,11:00:00,143.2,30.0,22.17,9.96,64.0,21.52,-1.38,4.85,86.1,1.03,48.6,0.082,2026-06-28 11:00:00,94.6,79.19999999999999,2.2259036144578315,694.5199999999999,3081.6639999999998
2026-06-28,13:00:00,142.9,29.7,18.53,9.18,64.2,23.71,-1.07,4.63,78.4,1.025,48.7,0.071,2026-06-28 13:00:00,94.2,78.7,2.0185185185185186,661.6270000000001,3388.159
2026-06-28,15:00:00,142.3,29.9,20.44,9.66,60.9,22.21,-0.91,4.4,80.3,1.038,47.5,0.067,2026-06-28 15:00:00,94.80000000000001,81.4,2.1159420289855073,626.1200000000001,3160.483
2026-06-28,17:00:00,138.5,26.4,20.38,10.35,64.3,22.27,-1.09,4.42,83.8,1.035,49.6,0.092,2026-06-28 17:00:00,88.9,74.2,1.9690821256038646,612.17,3084.395
2026-06-28,19:00:00,141.6,25.5,21.28,10.96,65.5,21.21,-1.23,4.67,84.5,1.033,50.7,0.095,2026-06-28 19:00:00,90.89999999999999,76.1,1.9416058394160582,661.2719999999999,3003.336
2026-06-28,21:00:00,139.8,22.6,21.1,10.7,66.5,20.66,-1.15,4.55,85.1,1.032,45.0,0.082,2026-06-28 21:00:00,94.80000000000001,73.30000000000001,1.9719626168224302,636.09,2888.268
2026-06-28,23:00:00,141.7,20.1,20.9,10.62,61.4,21.19,-1.35,4.79,87.5,1.03,45.3,0.098,2026-06-28 23:00:00,96.39999999999999,80.29999999999998,1.9679849340866291,678.7429999999999,3002.623
2026-06-29,03:00:00,139.4,21.6,20.94,10.75,64.2,21.83,-1.07,4.43,81.5,1.025,48.6,0.103,2026-06-29 03:00:00,90.80000000000001,75.2,1.9479069767441861,617.542,3043.102
2026-06-29,05:00:00,139.9,23.1,21.33,10.31,62.2,21.03,-1.09,4.57,83.8,1.037,48.6,0.118,2026-06-29 05:00:00,91.30000000000001,77.7,2.0688651794374393,639.3430000000001,2942.097
2026-06-29,07:00:00,139.4,26.1,20.56,9.31,61.7,22.76,-1.03,4.21,79.8,1.027,43.3,0.081,2026-06-29 07:00:00,96.10000000000001,77.7,2.208378088077336,586.874,3172.744
2026-06-29,09:00:00,140.8,29.5,19.93,10.62,63.0,21.57,-1.09,4.71,77.9,1.033,46.2,0.095,2026-06-29 09:00:00,94.60000000000001,77.80000000000001,1.876647834274953,663.168,3037.0560000000005
2026-06-29,11:00:00,141.6,27.8,20.83,9.65,60.2,22.39,-1.08,4.23,83.1,1.027,44.4,0.087,2026-06-29 11:00:00,97.19999999999999,81.39999999999999,2.158549222797927,598.9680000000001,3170.424
2026-06-29,13:00:00,138.5,32.5,20.66,9.94,63.9,21.88,-0.93,4.28,79.9,1.04,45.1,0.076,2026-06-29 13:00:00,93.4,74.6,2.078470824949698,592.7800000000001,3030.3799999999997
2026-06-29,15:00:00,142.3,29.0,19.84,10.33,60.6,21.25,-1.12,4.04,79.8,1.039,46.7,0.098,2026-06-29 15:00:00,95.60000000000001,81.70000000000002,1.9206195546950628,574.892,3023.8750000000005
2026-06-29,17:00:00,141.7,26.8,20.89,9.72,66.1,21.97,-1.15,4.62,83.3,1.021,45.6,0.074,2026-06-29 17:00:00,96.1,75.6,2.14917695473251,654.654,3113.1489999999994
2026-06-29,19:00:00,137.7,26.0,19.26,10.21,63.4,21.23,-1.1,4.24,80.4,1.025,47.4,0.098,2026-06-29 19:00:00,90.29999999999998,74.29999999999998,1.8863858961802156,583.848,2923.3709999999996
2026-06-29,21:00:00,139.4,24.6,20.34,10.36,63.1,20.72,-1.15,4.39,80.0,1.027,47.0,0.104,2026-06-29 21:00:00,92.4,76.30000000000001,1.9633204633204635,611.966,2888.368
2026-06-29,23:00:00,140.8,21.2,20.62,9.89,68.1,22.84,-1.13,4.52,81.6,1.029,49.2,0.072,2026-06-29 23:00:00,91.60000000000001,72.70000000000002,2.0849342770475228,636.4159999999999,3215.8720000000003
2026-06-30,01:00:00,140.6,22.7,21.63,11.19,66.6,20.7,-1.26,4.69,86.7,1.033,47.5,0.086,2026-06-30 01:00:00,93.1,74.0,1.9329758713136729,659.414,2910.4199999999996
2026-06-30,03:00:00,141.1,20.8,21.19,10.14,63.8,20.62,-1.07,4.84,85.4,1.021,49.0,0.09,2026-06-30 03:00:00,92.1,77.3,2.08974358974359,682.924,2909.482
2026-06-30,05:00:00,139.3,24.4,21.03,10.28,66.9,20.98,-1.13,4.41,80.9,1.021,47.8,0.079,2026-06-30 05:00:00,91.50000000000001,72.4,2.045719844357977,614.3130000000001,2922.514
2026-06-30,07:00:00,142.2,26.1,21.44,10.29,66.2,21.5,-1.12,4.71,83.3,1.031,49.5,0.06,2026-06-30 07:00:00,92.69999999999999,75.99999999999999,2.0835762876579205,669.762,3057.2999999999997
2026-06-30,09:00:00,140.7,27.8,20.8,10.76,64.4,22.34,-1.18,4.47,85.8,1.04,46.4,0.102,2026-06-30 09:00:00,94.29999999999998,76.29999999999998,1.933085501858736,628.9289999999999,3143.238
2026-06-30,11:00:00,139.1,32.6,21.72,10.51,65.3,22.08,-1.47,4.93,87.2,1.029,45.2,0.096,2026-06-30 11:00:00,93.89999999999999,73.8,2.0666032350142722,685.7629999999999,3071.3279999999995
2026-06-30,13:00:00,139.2,30.2,20.72,10.49,66.6,22.27,-1.16,4.44,80.3,1.038,46.2,0.084,2026-06-30 13:00:00,92.99999999999999,72.6,1.975214489990467,618.048,3099.9839999999995
2026-06-30,15:00:00,138.9,32.1,20.08,10.16,63.4,22.9,-1.06,4.33,82.3,1.018,47.3,0.093,2026-06-30 15:00:00,91.60000000000001,75.5,1.9763779527559053,601.437,3180.81
2026-06-30,17:00:00,138.6,27.8,21.22,10.18,64.0,21.83,-1.02,4.09,81.6,1.027,44.3,0.116,2026-06-30 17:00:00,94.3,74.6,2.0844793713163066,566.8739999999999,3025.6379999999995
2026-06-30,19:00:00,137.3,24.3,19.33,10.03,62.0,21.89,-0.98,4.04,77.4,1.029,48.2,0.109,2026-06-30 19:00:00,89.10000000000001,75.30000000000001,1.9272183449651046,554.692,3005.4970000000003
2026-06-30,21:00:00,139.9,23.5,20.63,9.69,61.2,21.84,-1.18,4.33,80.5,1.019,45.0,0.087,2026-06-30 21:00:00,94.9,78.7,2.128998968008256,605.767,3055.416
2026-06-30,23:00:00,139.9,22.8,20.46,10.49,61.5,21.38,-1.1,4.28,82.1,1.032,43.1,0.091,2026-06-30 23:00:00,96.80000000000001,78.4,1.9504289799809342,598.772,2991.062
2026-07-01,01:00:00,139.1,21.5,20.34,9.94,64.9,21.56,-1.3,4.32,82.7,1.021,47.2,0.092,2026-07-01 01:00:00,91.89999999999999,74.19999999999999,2.046277665995976,600.912,2998.9959999999996
2026-07-01,03:00:00,140.0,21.8,20.87,9.97,63.6,20.73,-1.06,4.17,81.6,1.043,47.7,0.079,2026-07-01 03:00:00,92.3,76.4,2.0932798395185555,583.8,2902.2000000000003
2026-07-01,05:00:00,138.7,23.4,20.28,9.57,62.4,22.81,-0.95,3.94,78.4,1.023,44.5,0.092,2026-07-01 05:00:00,94.19999999999999,76.29999999999998,2.1191222570532915,546.478,3163.7469999999994
2026-07-01,07:00:00,139.3,27.5,20.35,10.24,61.6,21.69,-1.12,4.53,79.3,1.04,43.4,0.085,2026-07-01 07:00:00,95.9,77.70000000000002,1.9873046875,631.0290000000001,3021.4170000000004
2026-07-01,09:00:00,140.2,28.0,21.51,10.32,62.0,21.54,-1.23,4.38,82.1,1.03,46.0,0.089,2026-07-01 09:00:00,94.19999999999999,78.19999999999999,2.0843023255813953,614.0759999999999,3019.9079999999994
2026-07-01,11:00:00,140.3,31.5,19.95,9.55,65.1,21.87,-1.02,4.2,81.1,1.022,45.5,0.069,2026-07-01 11:00:00,94.80000000000001,75.20000000000002,2.089005235602094,589.2600000000001,3068.3610000000003
2026-07-01,13:00:00,138.3,32.1,19.59,10.26,66.3,22.49,-1.19,4.02,79.9,1.022,44.7,0.081,2026-07-01 13:00:00,93.60000000000001,72.00000000000001,1.909356725146199,555.966,3110.367
2026-07-01,15:00:00,140.4,31.4,20.15,9.74,63.6,20.95,-1.19,4.23,80.8,1.013,44.8,0.093,2026-07-01 15:00:00,95.60000000000001,76.80000000000001,2.068788501026694,593.892,2941.38
2026-07-01,17:00:00,139.6,28.6,20.87,9.99,61.9,22.13,-1.35,4.28,83.0,1.03,43.7,0.094,2026-07-01 17:00:00,95.89999999999999,77.69999999999999,2.089089089089089,597.488,3089.348
2026-07-01,19:00:00,140.3,28.2,20.67,10.03,65.2,21.7,-1.09,4.28,82.7,1.026,48.0,0.092,2026-07-01 19:00:00,92.30000000000001,75.10000000000001,2.0608175473579267,600.484,3044.51
2026-07-01,21:00:00,138.3,23.6,20.36,9.53,64.2,22.62,-0.82,4.08,80.5,1.017,47.4,0.062,2026-07-01 21:00:00,90.9,74.10000000000001,2.136411332633788,564.264,3128.3460000000005
2026-07-01,23:00:00,138.2,22.0,20.98,9.78,62.2,20.87,-1.18,4.38,78.4,1.028,45.4,0.113,2026-07-01 23:00:00,92.79999999999998,75.99999999999999,2.14519427402863,605.3159999999999,2884.234
2026-07-02,01:00:00,139.7,22.1,20.33,9.64,63.7,22.0,-1.04,4.11,80.1,1.028,47.9,0.07,2026-07-02 01:00:00,91.79999999999998,75.99999999999999,2.1089211618257258,574.167,3073.3999999999996
2026-07-02,03:00:00,140.5,22.7,20.31,9.8,65.2,22.74,-1.1,3.92,77.8,1.016,48.9,0.076,2026-07-02 03:00:00,91.6,75.3,2.0724489795918366,550.76,3194.97
2026-07-02,05:00:00,138.7,23.4,19.44,10.05,64.4,20.98,-1.12,4.08,80.5,1.028,45.8,0.099,2026-07-02 05:00:00,92.89999999999999,74.29999999999998,1.9343283582089552,565.896,2909.926
2026-07-02,07:00:00,137.2,27.7,19.76,10.09,60.5,21.32,-1.07,4.32,75.7,1.012,44.3,0.164,2026-07-02 07:00:00,92.89999999999999,76.69999999999999,1.9583746283448962,592.704,2925.104
2026-07-02,09:00:00,137.6,29.7,20.28,10.16,67.4,22.37,-1.12,4.23,81.5,1.03,43.5,0.08,2026-07-02 09:00:00,94.1,70.19999999999999,1.9960629921259843,582.048,3078.112
2026-07-02,11:00:00,138.2,31.4,18.87,9.29,63.0,21.78,-1.19,4.19,78.8,1.018,44.1,0.097,2026-07-02 11:00:00,94.1,75.19999999999999,2.0312163616792254,579.058,3009.996
2026-07-02,13:00:00,138.0,30.4,21.28,9.97,62.5,22.12,-1.09,4.23,79.3,1.014,43.9,0.161,2026-07-02 13:00:00,94.1,75.5,2.1344032096288865,583.74,3052.56
2026-07-02,15:00:00,138.1,29.2,18.63,9.16,60.6,21.66,-0.9,3.75,77.4,1.02,45.8,0.102,2026-07-02 15:00:00,92.3,77.5,2.033842794759825,517.875,2991.246
2026-07-02,17:00:00,141.2,30.2,18.21,9.11,62.7,23.47,-0.94,3.93,74.3,1.029,48.4,0.077,2026-07-02 17:00:00,92.79999999999998,78.49999999999999,1.998902305159166,554.9159999999999,3313.9639999999995
2026-07-02,19:00:00,139.1,26.0,20.1,9.88,61.5,22.48,-1.14,4.34,79.1,1.029,45.3,0.085,2026-07-02 19:00:00,93.8,77.6,2.034412955465587,603.694,3126.968
2026-07-02,21:00:00,143.0,24.2,20.32,9.37,61.8,22.41,-1.1,4.13,78.4,1.029,46.7,0.077,2026-07-02 21:00:00,96.3,81.2,2.1686232657417293,590.59,3204.63
2026-07-02,23:00:00,139.3,23.3,19.35,10.15,65.1,20.34,-1.11,4.16,80.7,1.02,43.6,0.076,2026-07-02 23:00:00,95.70000000000002,74.20000000000002,1.9064039408866995,579.488,2833.362
2026-07-03,01:00:00,139.8,19.2,19.36,9.73,61.7,21.65,-1.2,3.91,81.2,1.022,46.8,0.101,2026-07-03 01:00:00,93.00000000000001,78.10000000000001,1.989722507708119,546.618,3026.67
2026-07-03,03:00:00,142.0,21.1,21.38,9.76,60.6,21.55,-1.06,4.34,82.4,1.017,48.5,0.096,2026-07-03 03:00:00,93.5,81.4,2.1905737704918034,616.28,3060.1
2026-07-03,05:00:00,137.7,24.8,19.7,9.55,60.7,21.03,-1.1,3.77,78.1,1.021,45.1,0.102,2026-07-03 05:00:00,92.6,76.99999999999999,2.06282722513089,519.1289999999999,2895.831
2026-07-03,07:00:00,140.3,27.2,19.61,9.49,60.5,20.98,-0.92,4.17,76.5,1.022,41.6,0.115,2026-07-03 07:00:00,98.70000000000002,79.80000000000001,2.066385669125395,585.051,2943.494
2026-07-03,09:00:00,139.9,29.7,19.94,8.53,60.6,22.27,-1.15,4.19,76.5,1.018,44.1,0.08,2026-07-03 09:00:00,95.80000000000001,79.30000000000001,2.337631887456038,586.181,3115.573
2026-07-03,11:00:00,138.7,30.8,19.28,8.77,61.7,22.98,-1.11,3.91,76.3,1.015,47.1,0.089,2026-07-03 11:00:00,91.6,76.99999999999999,2.1984036488027368,542.317,3187.326
2026-07-03,13:00:00,140.0,31.2,18.87,9.06,61.6,21.39,-0.78,3.88,77.2,1.023,43.0,0.09,2026-07-03 13:00:00,97.0,78.4,2.0827814569536423,543.1999999999999,2994.6
2026-07-03,15:00:00,141.0,30.9,20.68,9.01,61.2,22.88,-1.14,4.35,79.6,1.03,46.2,0.069,2026-07-03 15:00:00,94.8,79.8,2.295227524972253,613.3499999999999,3226.08
2026-07-03,17:00:00,139.9,29.0,20.34,9.18,59.5,20.55,-1.12,4.28,76.4,1.031,43.6,0.098,2026-07-03 17:00:00,96.30000000000001,80.4,2.215686274509804,598.772,2874.945
2026-07-03,19:00:00,138.7,27.1,19.78,9.93,66.4,20.82,-1.08,4.21,79.5,1.022,46.2,0.117,2026-07-03 19:00:00,92.49999999999999,72.29999999999998,1.9919436052366568,583.9269999999999,2887.734
2026-07-03,21:00:00,140.5,23.4,18.55,9.68,62.8,22.2,-0.98,4.39,76.7,1.029,46.0,0.084,2026-07-03 21:00:00,94.5,77.7,1.9163223140495869,616.795,3119.1
2026-07-03,23:00:00,139.2,22.3,19.99,9.45,63.9,21.95,-1.01,4.03,80.5,1.028,45.2,0.089,2026-07-03 23:00:00,93.99999999999999,75.29999999999998,2.1153439153439155,560.976,3055.4399999999996
2026-07-04,01:00:00,140.5,23.3,19.96,9.97,62.1,21.46,-1.12,4.06,81.8,1.026,48.4,0.09,2026-07-04 01:00:00,92.1,78.4,2.0020060180541623,570.43,3015.13
2026-07-04,03:00:00,140.7,22.0,20.64,9.4,62.3,22.04,-0.95,4.24,76.9,1.02,45.9,0.078,2026-07-04 03:00:00,94.79999999999998,78.39999999999999,2.195744680851064,596.568,3101.028
2026-07-04,05:00:00,140.4,23.8,19.74,9.51,63.1,22.82,-1.25,4.28,82.2,1.026,47.5,0.101,2026-07-04 05:00:00,92.9,77.30000000000001,2.0757097791798107,600.912,3203.9280000000003
2026-07-04,13:00:00,143.8,30.1,20.94,9.14,61.9,22.01,-1.1,4.56,81.3,1.027,44.9,0.058,2026-07-04 13:00:00,98.9,81.9,2.2910284463894968,655.728,3165.0380000000005
2026-07-04,15:00:00,141.6,29.6,19.97,9.45,63.9,21.61,-0.99,4.33,76.1,1.018,44.6,0.092,2026-07-04 15:00:00,97.0,77.69999999999999,2.113227513227513,613.1279999999999,3059.9759999999997
2026-07-04,17:00:00,140.2,26.9,19.75,9.55,60.3,22.04,-1.06,4.23,78.6,1.022,44.2,0.105,2026-07-04 17:00:00,95.99999999999999,79.89999999999999,2.068062827225131,593.046,3090.008
2026-07-04,19:00:00,141.7,26.0,20.11,10.45,62.4,22.05,-1.11,4.6,78.7,1.027,44.3,0.106,2026-07-04 19:00:00,97.39999999999999,79.29999999999998,1.9244019138755981,651.8199999999999,3124.4849999999997
2026-07-04,21:00:00,137.8,25.2,21.4,10.68,63.1,19.99,-1.29,4.23,85.3,1.031,44.5,0.097,2026-07-04 21:00:00,93.30000000000001,74.70000000000002,2.0037453183520597,582.8940000000001,2754.622
2026-07-04,23:00:00,137.1,21.3,20.72,10.81,64.4,21.59,-1.15,4.4,84.7,1.028,45.4,0.087,2026-07-04 23:00:00,91.69999999999999,72.69999999999999,1.9167437557816833,603.24,2959.989
2026-07-05,01:00:00,141.0,22.2,21.99,10.56,62.0,21.19,-1.3,4.48,85.9,1.032,49.3,0.096,2026-07-05 01:00:00,91.7,79.0,2.0823863636363633,631.6800000000001,2987.79
2026-07-05,03:00:00,140.0,20.9,20.77,9.49,61.3,21.56,-1.12,4.32,81.0,1.02,46.5,0.098,2026-07-05 03:00:00,93.5,78.7,2.1886195995785034,604.8000000000001,3018.3999999999996
2026-07-05,05:00:00,139.9,23.9,19.57,9.27,63.4,22.86,-1.13,4.21,79.7,1.02,51.8,0.078,2026-07-05 05:00:00,88.10000000000001,76.5,2.111111111111111,588.979,3198.114
2026-07-05,07:00:00,139.7,25.6,20.76,9.89,58.5,21.46,-0.96,4.0,77.8,1.019,44.1,0.105,2026-07-05 07:00:00,95.6,81.19999999999999,2.0990899898887765,558.8,2997.962
2026-07-05,09:00:00,141.4,28.5,20.79,9.59,62.9,22.24,-1.35,4.28,83.4,1.016,45.1,0.073,2026-07-05 09:00:00,96.30000000000001,78.5,2.167883211678832,605.192,3144.736
2026-07-05,11:00:00,140.2,30.7,20.41,10.19,64.0,22.6,-1.04,4.54,80.3,1.017,45.0,0.081,2026-07-05 11:00:00,95.19999999999999,76.19999999999999,2.0029440628066735,636.5079999999999,3168.52
2026-07-05,13:00:00,140.3,30.7,20.89,9.8,65.7,21.85,-1.27,4.5,82.7,1.028,45.8,0.071,2026-07-05 13:00:00,94.50000000000001,74.60000000000001,2.1316326530612244,631.35,3065.5550000000003
2026-07-05,15:00:00,138.8,30.9,20.67,10.55,65.5,21.51,-1.21,4.38,81.5,1.043,50.0,0.084,2026-07-05 15:00:00,88.80000000000001,73.30000000000001,1.9592417061611376,607.9440000000001,2985.5880000000006
2026-07-05,17:00:00,138.7,29.7,20.23,9.32,62.3,22.66,-1.12,4.3,77.5,1.025,40.9,0.1,2026-07-05 17:00:00,97.79999999999998,76.39999999999999,2.1706008583690988,596.41,3142.9419999999996
2026-07-05,19:00:00,140.6,27.0,21.43,9.72,62.3,21.92,-1.2,4.22,81.7,1.033,45.4,0.075,2026-07-05 19:00:00,95.19999999999999,78.3,2.2047325102880655,593.332,3081.952
2026-07-05,21:00:00,140.4,23.9,19.95,9.7,61.0,21.85,-1.18,4.27,78.5,1.035,44.4,0.082,2026-07-05 21:00:00,96.0,79.4,2.0567010309278353,599.5079999999999,3067.7400000000002
2026-07-05,23:00:00,140.9,22.0,20.99,9.7,61.3,21.93,-1.24,4.51,82.5,1.018,42.1,0.073,2026-07-05 23:00:00,98.80000000000001,79.60000000000001,2.1639175257731957,635.459,3089.937
2026-07-06,01:00:00,140.0,22.2,21.62,10.45,63.1,22.53,-1.15,4.35,82.0,1.033,47.0,0.09,2026-07-06 01:00:00,93.0,76.9,2.0688995215311006,609.0,3154.2000000000003
2026-07-06,03:00:00,142.7,21.8,20.2,9.61,62.9,22.84,-1.14,4.4,82.0,1.025,46.8,0.054,2026-07-06 03:00:00,95.89999999999999,79.79999999999998,2.101977107180021,627.88,3259.2679999999996
2026-07-06,05:00:00,140.5,25.3,19.16,9.89,62.6,22.92,-0.88,4.35,80.6,1.017,45.5,0.079,2026-07-06 05:00:00,95.0,77.9,1.9373104145601616,611.175,3220.26
2026-07-06,07:00:00,140.3,25.2,20.93,9.75,62.1,21.92,-1.29,4.19,81.6,1.023,50.6,0.093,2026-07-06 07:00:00,89.70000000000002,78.20000000000002,2.1466666666666665,587.8570000000001,3075.3760000000007
2026-07-06,09:00:00,142.2,28.9,21.05,10.42,62.1,21.45,-1.24,4.44,83.2,1.022,46.2,0.071,2026-07-06 09:00:00,95.99999999999999,80.1,2.0201535508637236,631.368,3050.1899999999996
2026-07-06,11:00:00,138.8,29.9,20.49,9.86,64.0,22.02,-1.15,4.04,81.6,1.026,47.8,0.086,2026-07-06 11:00:00,91.00000000000001,74.80000000000001,2.0780933062880322,560.7520000000001,3056.376
2026-07-06,13:00:00,141.0,31.4,20.97,10.22,62.9,22.6,-1.25,4.73,82.9,1.032,45.4,0.078,2026-07-06 13:00:00,95.6,78.1,2.051859099804305,666.9300000000001,3186.6000000000004
2026-07-06,15:00:00,139.1,32.1,20.85,9.68,63.8,22.59,-1.26,4.38,83.5,1.028,45.7,0.067,2026-07-06 15:00:00,93.39999999999999,75.3,2.1539256198347108,609.2579999999999,3142.269
2026-07-06,17:00:00,139.5,29.6,19.57,9.7,62.9,21.53,-1.03,4.23,78.1,1.025,47.2,0.078,2026-07-06 17:00:00,92.3,76.6,2.0175257731958767,590.085,3003.435
2026-07-06,19:00:00,140.7,26.3,20.39,9.02,61.7,22.57,-1.13,4.38,83.2,1.021,44.7,0.075,2026-07-06 19:00:00,95.99999999999999,78.99999999999999,2.2605321507760534,616.266,3175.5989999999997
2026-07-06,21:00:00,140.5,23.8,20.04,9.36,64.0,21.74,-0.98,4.05,79.0,1.019,43.1,0.08,2026-07-06 21:00:00,97.4,76.5,2.141025641025641,569.025,3054.47
2026-07-06,23:00:00,137.8,21.5,20.27,9.2,58.1,21.72,-1.13,3.99,80.7,1.026,43.6,0.112,2026-07-06 23:00:00,94.20000000000002,79.70000000000002,2.2032608695652174,549.8220000000001,2993.016
2026-07-07,01:00:00,139.3,20.4,20.32,9.66,65.4,21.99,-0.9,4.5,80.9,1.021,51.3,0.079,2026-07-07 01:00:00,88.00000000000001,73.9,2.10351966873706,626.85,3063.207
2026-07-07,03:00:00,140.6,21.7,20.09,9.87,63.1,21.43,-1.01,4.02,81.4,1.032,47.1,0.09,2026-07-07 03:00:00,93.5,77.5,2.0354609929078014,565.2119999999999,3013.058
2026-07-07,05:00:00,135.5,23.2,20.78,10.21,64.9,22.66,-0.9,3.88,80.6,1.036,47.6,0.099,2026-07-07 05:00:00,87.9,70.6,2.0352595494613124,525.74,3070.43
2026-07-07,07:00:00,139.0,27.0,20.51,9.8,63.2,22.69,-1.15,4.03,79.8,1.03,44.8,0.102,2026-07-07 07:00:00,94.2,75.8,2.092857142857143,560.1700000000001,3153.9100000000003
2026-07-07,09:00:00,140.9,29.4,19.73,10.22,64.0,22.1,-1.18,4.39,79.6,1.03,46.3,0.074,2026-07-07 09:00:00,94.60000000000001,76.9,1.9305283757338552,618.5509999999999,3113.8900000000003
2026-07-07,11:00:00,137.2,28.8,19.86,9.46,64.6,22.39,-0.92,3.92,76.3,1.018,44.3,0.099,2026-07-07 11:00:00,92.89999999999999,72.6,2.099365750528541,537.824,3071.908
2026-07-07,13:00:00,141.3,29.1,20.19,8.82,64.1,23.04,-1.0,3.98,79.3,1.016,46.9,0.058,2026-07-07 13:00:00,94.4,77.20000000000002,2.2891156462585034,562.374,3255.552
2026-07-07,15:00:00,140.5,30.7,19.37,9.32,62.6,21.86,-1.09,4.17,76.9,1.019,44.3,0.091,2026-07-07 15:00:00,96.2,77.9,2.078326180257511,585.885,3071.33
2026-07-07,17:00:00,140.4,28.8,19.35,10.09,58.9,22.02,-1.1,4.24,78.0,1.025,43.9,0.103,2026-07-07 17:00:00,96.5,81.5,1.9177403369672945,595.296,3091.608
2026-07-07,19:00:00,139.7,25.1,20.74,9.42,63.9,21.68,-1.04,4.26,78.9,1.02,47.8,0.082,2026-07-07 19:00:00,91.89999999999999,75.79999999999998,2.2016985138004244,595.122,3028.696
2026-07-07,21:00:00,139.1,24.5,19.22,9.58,63.1,21.42,-1.07,4.12,76.2,1.018,44.7,0.096,2026-07-07 21:00:00,94.39999999999999,76.0,2.0062630480167014,573.092,2979.522
2026-07-07,23:00:00,137.6,21.4,20.07,10.14,61.4,21.25,-1.15,3.97,76.1,1.02,45.9,0.119,2026-07-07 23:00:00,91.69999999999999,76.19999999999999,1.9792899408284024,546.272,2924.0
2026-07-08,01:00:00,140.5,21.8,19.67,9.39,61.4,21.68,-0.93,3.95,75.2,1.027,49.0,0.087,2026-07-08 01:00:00,91.5,79.1,2.0947816826411074,554.975,3046.04
2026-07-08,03:00:00,141.3,20.5,19.94,9.37,62.7,22.91,-0.94,4.28,77.4,1.037,43.7,0.063,2026-07-08 03:00:00,97.60000000000001,78.60000000000001,2.1280683030949845,604.7640000000001,3237.1830000000004
2026-07-08,05:00:00,138.9,25.0,19.64,9.5,60.7,20.76,-0.89,4.04,77.0,1.02,45.4,0.091,2026-07-08 05:00:00,93.5,78.2,2.0673684210526315,561.1560000000001,2883.5640000000003
2026-07-08,07:00:00,140.1,24.7,19.64,9.87,62.4,22.54,-1.04,4.1,75.8,1.032,48.2,0.091,2026-07-08 07:00:00,91.89999999999999,77.69999999999999,1.9898682877406284,574.41,3157.854
2026-07-08,09:00:00,139.5,26.9,20.25,10.41,62.2,21.26,-1.15,4.16,79.8,1.031,46.0,0.109,2026-07-08 09:00:00,93.5,77.3,1.9452449567723342,580.32,2965.7700000000004
2026-07-08,11:00:00,138.5,30.1,20.84,10.2,61.2,21.99,-0.94,4.58,79.2,1.036,45.3,0.088,2026-07-08 11:00:00,93.2,77.3,2.043137254901961,634.33,3045.615
2026-07-08,13:00:00,138.9,31.7,21.01,10.38,63.9,21.84,-1.21,4.26,82.5,1.033,46.0,0.083,2026-07-08 13:00:00,92.9,75.0,2.0240847784200384,591.7139999999999,3033.576
2026-07-08,15:00:00,139.8,29.3,20.38,9.9,56.8,23.68,-1.15,4.19,79.2,1.012,45.9,0.102,2026-07-08 15:00:00,93.9,83.00000000000001,2.0585858585858583,585.7620000000001,3310.4640000000004
2026-07-08,17:00:00,139.2,26.3,21.08,9.66,62.0,22.13,-1.03,3.9,79.6,1.013,45.0,0.101,2026-07-08 17:00:00,94.19999999999999,77.19999999999999,2.1821946169772253,542.88,3080.4959999999996
2026-07-08,19:00:00,140.6,24.2,19.11,9.05,63.2,21.51,-0.87,4.14,75.8,1.012,46.0,0.09,2026-07-08 19:00:00,94.6,77.39999999999999,2.1116022099447513,582.084,3024.306
2026-07-08,21:00:00,139.0,23.5,19.49,9.31,61.7,22.94,-0.86,4.1,74.3,1.032,46.6,0.086,2026-07-08 21:00:00,92.4,77.3,2.0934479054779804,569.9,3188.6600000000003
2026-07-08,23:00:00,139.7,20.5,19.91,9.37,63.5,22.9,-1.03,4.1,76.1,1.026,47.7,0.091,2026-07-08 23:00:00,91.99999999999999,76.19999999999999,2.1248665955176094,572.7699999999999,3199.1299999999997
2026-07-09,01:00:00,140.0,19.5,19.87,9.61,60.0,22.95,-1.13,4.17,79.5,1.02,46.3,0.09,2026-07-09 01:00:00,93.7,80.0,2.0676378772112387,583.8,3213.0
2026-07-09,03:00:00,138.7,21.4,20.74,9.88,60.6,22.03,-1.04,4.45,80.2,1.032,46.4,0.105,2026-07-09 03:00:00,92.29999999999998,78.1,2.0991902834008096,617.2149999999999,3055.5609999999997
2026-07-09,05:00:00,137.2,22.7,19.55,9.57,62.1,23.1,-1.16,4.15,76.0,1.025,45.8,0.116,2026-07-09 05:00:00,91.39999999999999,75.1,2.0428422152560084,569.38,3169.3199999999997
2026-07-09,07:00:00,141.5,24.0,19.76,9.85,62.5,22.29,-1.14,4.54,77.3,1.032,45.1,0.077,2026-07-09 07:00:00,96.4,79.0,2.006091370558376,642.41,3154.035
2026-07-09,09:00:00,138.2,29.5,19.53,9.7,63.0,23.24,-0.98,3.91,77.0,1.03,47.3,0.104,2026-07-09 09:00:00,90.89999999999999,75.19999999999999,2.0134020618556705,540.362,3211.7679999999996
2026-07-09,11:00:00,140.4,29.6,21.03,10.68,64.9,21.08,-1.12,4.28,81.1,1.032,47.6,0.083,2026-07-09 11:00:00,92.80000000000001,75.5,1.9691011235955058,600.912,2959.632
2026-07-09,13:00:00,142.7,29.7,20.48,9.27,61.5,21.64,-1.24,4.4,80.9,1.014,47.2,0.057,2026-07-09 13:00:00,95.49999999999999,81.19999999999999,2.2092772384034522,627.88,3088.028
2026-07-09,15:00:00,143.0,29.6,20.65,10.41,63.5,20.49,-0.9,4.68,79.5,1.035,47.2,0.095,2026-07-09 15:00:00,95.8,79.5,1.983669548511047,669.24,2930.0699999999997
2026-07-09,17:00:00,140.7,26.7,20.3,10.02,63.5,21.78,-1.24,4.43,83.1,1.024,49.4,0.093,2026-07-09 17:00:00,91.29999999999998,77.19999999999999,2.025948103792415,623.3009999999999,3064.446
2026-07-09,19:00:00,143.7,24.4,20.92,9.72,64.1,21.44,-1.14,4.82,83.8,1.028,48.0,0.067,2026-07-09 19:00:00,95.69999999999999,79.6,2.152263374485597,692.634,3080.928
2026-07-09,21:00:00,140.7,22.1,21.71,11.12,64.3,20.99,-1.27,4.55,85.0,1.019,46.9,0.104,2026-07-09 21:00:00,93.79999999999998,76.39999999999999,1.952338129496403,640.185,2953.2929999999997
2026-07-09,23:00:00,137.0,20.0,20.79,10.12,62.0,20.69,-0.94,4.48,82.7,1.02,47.3,0.109,2026-07-09 23:00:00,89.7,75.0,2.0543478260869565,613.7600000000001,2834.53
2026-07-10,01:00:00,142.9,20.8,21.57,10.25,63.8,21.23,-1.25,4.77,84.0,1.016,48.6,0.067,2026-07-10 01:00:00,94.30000000000001,79.10000000000001,2.104390243902439,681.6329999999999,3033.7670000000003
2026-07-10,03:00:00,139.4,21.2,21.32,10.18,61.0,22.3,-1.09,4.27,83.6,1.02,46.3,0.095,2026-07-10 03:00:00,93.10000000000001,78.4,2.094302554027505,595.2379999999999,3108.6200000000003
2026-07-10,05:00:00,138.4,21.5,21.32,10.5,61.6,20.82,-1.13,4.24,81.7,1.021,47.6,0.113,2026-07-10 05:00:00,90.80000000000001,76.80000000000001,2.0304761904761905,586.816,2881.4880000000003
2026-07-10,07:00:00,138.7,25.3,20.64,9.76,59.5,21.35,-1.05,3.94,83.1,1.008,44.1,0.103,2026-07-10 07:00:00,94.6,79.19999999999999,2.1147540983606556,546.478,2961.245
2026-07-10,11:00:00,138.0,28.5,21.74,10.57,61.3,20.77,-1.08,4.52,84.3,1.029,46.4,0.104,2026-07-10 11:00:00,91.6,76.7,2.0567644276253545,623.76,2866.2599999999998
2026-07-10,13:00:00,136.3,28.0,19.39,10.2,61.8,22.03,-1.03,4.27,77.7,1.022,43.5,0.128,2026-07-10 13:00:00,92.80000000000001,74.50000000000001,1.9009803921568629,582.001,3002.6890000000003
2026-07-10,15:00:00,139.1,28.4,20.61,9.78,59.1,21.88,-1.16,4.15,83.8,1.026,46.2,0.096,2026-07-10 15:00:00,92.89999999999999,80.0,2.107361963190184,577.265,3043.508
2026-07-10,17:00:00,138.9,25.4,20.34,9.43,61.1,22.54,-1.17,4.15,79.3,1.02,44.1,0.08,2026-07-10 17:00:00,94.80000000000001,77.80000000000001,2.1569459172852596,576.4350000000001,3130.806
2026-07-10,19:00:00,138.9,25.5,20.67,10.01,61.4,20.76,-1.09,4.17,82.9,1.023,47.1,0.098,2026-07-10 19:00:00,91.80000000000001,77.5,2.064935064935065,579.213,2883.5640000000003
2026-07-10,21:00:00,141.4,21.1,21.94,10.22,64.3,20.97,-1.37,4.73,86.7,1.034,51.1,0.083,2026-07-10 21:00:00,90.30000000000001,77.10000000000001,2.146771037181996,668.8220000000001,2965.158
2026-07-10,23:00:00,139.4,20.9,20.99,10.06,65.8,22.31,-1.2,4.32,87.5,1.028,44.4,0.069,2026-07-10 23:00:00,95.0,73.60000000000001,2.086481113320079,602.2080000000001,3110.014
2026-07-11,01:00:00,142.2,19.6,20.42,9.7,65.4,21.31,-1.26,4.68,81.4,1.018,46.5,0.066,2026-07-11 01:00:00,95.69999999999999,76.79999999999998,2.1051546391752582,665.4959999999999,3030.2819999999997
2026-07-11,03:00:00,143.6,19.2,21.26,10.19,61.3,21.5,-1.21,4.85,86.2,1.018,43.3,0.082,2026-07-11 03:00:00,100.3,82.3,2.0863591756624142,696.4599999999999,3087.4
2026-07-11,05:00:00,138.8,19.7,20.04,9.58,63.5,22.85,-1.16,4.51,82.8,1.02,48.5,0.086,2026-07-11 05:00:00,90.30000000000001,75.30000000000001,2.091858037578288,625.988,3171.5800000000004
2026-07-11,07:00:00,139.6,24.0,21.02,10.61,64.4,21.46,-1.27,4.62,82.6,1.032,46.8,0.1,2026-07-11 07:00:00,92.8,75.19999999999999,1.9811498586239398,644.952,2995.816
2026-07-11,09:00:00,140.3,28.4,23.19,11.08,64.2,21.2,-1.36,4.8,85.4,1.03,47.3,0.1,2026-07-11 09:00:00,93.00000000000001,76.10000000000001,2.0929602888086642,673.44,2974.36
2026-07-11,11:00:00,141.8,29.6,20.73,10.29,63.0,21.95,-1.19,4.64,83.9,1.016,43.6,0.069,2026-07-11 11:00:00,98.20000000000002,78.80000000000001,2.0145772594752187,657.952,3112.51
2026-07-11,13:00:00,142.2,28.6,20.85,9.92,61.5,21.92,-1.24,4.74,83.9,1.021,43.7,0.085,2026-07-11 13:00:00,98.49999999999999,80.69999999999999,2.1018145161290325,674.028,3117.024
2026-07-11,15:00:00,142.1,29.5,21.01,9.77,61.7,22.34,-1.12,4.89,85.6,1.022,45.8,0.07,2026-07-11 15:00:00,96.3,80.39999999999999,2.150460593654043,694.8689999999999,3174.5139999999997
2026-07-11,17:00:00,139.0,27.5,19.85,9.84,62.0,21.5,-1.24,4.26,81.8,1.023,47.3,0.103,2026-07-11 17:00:00,91.7,77.0,2.017276422764228,592.14,2988.5
2026-07-11,19:00:00,140.1,25.2,18.69,10.44,64.6,22.11,-1.21,4.46,82.4,1.027,47.2,0.104,2026-07-11 19:00:00,92.89999999999999,75.5,1.7902298850574714,624.846,3097.611
2026-07-11,21:00:00,138.9,22.1,19.51,9.77,64.6,21.99,-1.29,4.43,81.2,1.012,45.9,0.076,2026-07-11 21:00:00,93.0,74.30000000000001,1.9969293756397137,615.327,3054.411
2026-07-11,23:00:00,141.6,22.1,20.41,9.93,61.9,21.54,-1.15,4.44,82.5,1.02,46.3,0.066,2026-07-11 23:00:00,95.3,79.69999999999999,2.055387713997986,628.7040000000001,3050.064
2026-07-12,01:00:00,141.4,19.8,20.5,10.52,62.3,20.7,-1.21,4.95,82.6,1.028,47.3,0.105,2026-07-12 01:00:00,94.10000000000001,79.10000000000001,1.9486692015209126,699.9300000000001,2926.98
2026-07-12,03:00:00,138.9,20.9,20.77,10.4,65.3,22.05,-1.33,4.76,84.2,1.023,44.7,0.082,2026-07-12 03:00:00,94.2,73.60000000000001,1.9971153846153844,661.164,3062.7450000000003
2026-07-12,05:00:00,143.3,21.6,21.88,10.41,63.9,21.24,-1.13,4.8,82.1,1.027,49.3,0.091,2026-07-12 05:00:00,94.00000000000001,79.4,2.1018251681075886,687.84,3043.692
2026-07-12,07:00:00,140.9,23.7,20.02,10.21,63.4,21.12,-1.04,4.67,84.0,1.021,46.5,0.081,2026-07-12 07:00:00,94.4,77.5,1.9608227228207638,658.003,2975.8080000000004
2026-07-12,09:00:00,138.0,27.5,20.64,10.46,63.2,20.57,-1.18,4.45,83.2,1.026,45.9,0.106,2026-07-12 09:00:00,92.1,74.8,1.973231357552581,614.1,2838.66
2026-07-12,11:00:00,140.6,27.1,21.14,10.66,65.4,20.43,-1.29,4.57,84.3,1.03,47.3,0.083,2026-07-12 11:00:00,93.3,75.19999999999999,1.9831144465290806,642.542,2872.4579999999996
2026-07-12,13:00:00,138.2,30.0,19.63,10.85,61.0,20.64,-1.12,4.65,82.2,1.027,46.2,0.122,2026-07-12 13:00:00,91.99999999999999,77.19999999999999,1.8092165898617512,642.63,2852.448
2026-07-12,15:00:00,141.1,28.8,20.78,9.77,61.5,22.63,-1.16,4.55,80.6,1.023,41.0,0.068,2026-07-12 15:00:00,100.1,79.6,2.1269191402251795,642.005,3193.093
2026-07-12,17:00:00,139.8,28.8,20.21,9.76,60.3,20.65,-0.98,4.47,80.0,1.027,47.2,0.09,2026-07-12 17:00:00,92.60000000000001,79.50000000000001,2.0706967213114758,624.9060000000001,2886.87
2026-07-12,19:00:00,137.8,22.8,19.3,9.81,61.1,21.6,-1.15,4.29,80.4,1.02,45.6,0.121,2026-07-12 19:00:00,92.20000000000002,76.70000000000002,1.9673802242609582,591.162,2976.4800000000005
2026-07-12,21:00:00,140.7,21.6,20.51,9.8,57.4,20.99,-1.08,4.43,78.2,1.021,44.8,0.099,2026-07-12 21:00:00,95.89999999999999,83.29999999999998,2.092857142857143,623.3009999999999,2953.2929999999997
2026-07-12,23:00:00,138.7,20.3,19.54,9.5,61.5,22.76,-0.97,4.46,79.1,1.02,48.0,0.095,2026-07-12 23:00:00,90.69999999999999,77.19999999999999,2.056842105263158,618.602,3156.812
2026-07-13,01:00:00,138.3,21.4,20.26,9.74,59.0,22.49,-1.05,4.21,77.7,1.02,47.0,0.105,2026-07-13 01:00:00,91.30000000000001,79.30000000000001,2.080082135523614,582.243,3110.367
2026-07-13,03:00:00,140.0,18.7,20.24,9.31,60.5,20.11,-1.21,4.07,79.9,1.026,44.3,0.093,2026-07-13 03:00:00,95.7,79.5,2.174006444683136,569.8000000000001,2815.4
2026-07-13,05:00:00,142.6,20.3,21.16,9.91,59.4,22.44,-1.18,4.53,84.9,1.03,46.4,0.082,2026-07-13 05:00:00,96.19999999999999,83.19999999999999,2.1352169525731584,645.9780000000001,3199.944
2026-07-13,07:00:00,141.5,23.5,19.78,9.25,62.5,22.75,-0.89,4.58,78.9,1.023,45.5,0.061,2026-07-13 07:00:00,96.0,79.0,2.1383783783783783,648.07,3219.125
2026-07-13,09:00:00,139.9,26.3,20.48,9.65,63.0,20.78,-1.03,4.25,78.9,1.016,46.5,0.082,2026-07-13 09:00:00,93.4,76.9,2.122279792746114,594.575,2907.1220000000003
2026-07-13,11:00:00,139.9,29.4,20.47,9.75,61.6,22.11,-1.14,3.98,79.2,1.034,44.4,0.093,2026-07-13 11:00:00,95.5,78.30000000000001,2.0994871794871792,556.802,3093.189
2026-07-13,13:00:00,141.0,29.5,20.25,9.83,61.8,21.37,-1.17,4.31,80.6,1.037,46.2,0.073,2026-07-13 13:00:00,94.8,79.2,2.060020345879959,607.7099999999999,3013.17
2026-07-13,15:00:00,139.7,28.8,19.98,10.33,61.6,21.37,-1.11,4.61,80.8,1.032,48.0,0.098,2026-07-13 15:00:00,91.69999999999999,78.1,1.9341723136495643,644.0169999999999,2985.3889999999997
2026-07-13,17:00:00,141.3,26.9,18.88,10.43,59.6,20.03,-1.05,4.4,79.6,1.025,45.5,0.092,2026-07-13 17:00:00,95.80000000000001,81.70000000000002,1.810162991371045,621.7200000000001,2830.2390000000005
2026-07-13,19:00:00,139.0,24.1,19.64,9.7,57.9,21.7,-0.81,4.44,76.4,1.018,46.3,0.11,2026-07-13 19:00:00,92.7,81.1,2.0247422680412375,617.1600000000001,3016.2999999999997
2026-07-13,21:00:00,138.2,23.0,18.62,9.39,56.5,22.83,-0.97,3.96,75.5,1.016,43.6,0.121,2026-07-13 21:00:00,94.6,81.69999999999999,1.9829605963791268,547.2719999999999,3155.1059999999993
2026-07-13,23:00:00,137.0,20.7,20.12,9.96,61.3,20.49,-1.01,3.96,78.0,1.018,48.5,0.113,2026-07-13 23:00:00,88.5,75.7,2.0200803212851404,542.52,2807.1299999999997
2026-07-14,01:00:00,139.6,20.5,20.44,9.15,62.6,21.5,-1.0,3.67,77.8,1.032,48.0,0.09,2026-07-14 01:00:00,91.6,77.0,2.233879781420765,512.332,3001.4
2026-07-14,03:00:00,141.2,21.2,19.27,9.34,61.9,21.91,-0.89,3.88,74.5,1.018,45.9,0.109,2026-07-14 03:00:00,95.29999999999998,79.29999999999998,2.063169164882227,547.856,3093.6919999999996
2026-07-14,05:00:00,139.8,19.2,19.01,8.96,60.3,22.14,-0.86,4.04,73.5,1.027,45.7,0.084,2026-07-14 05:00:00,94.10000000000001,79.50000000000001,2.1216517857142856,564.792,3095.1720000000005
2026-07-14,07:00:00,139.0,24.5,19.72,9.25,59.5,22.68,-0.93,4.07,74.9,1.015,46.4,0.088,2026-07-14 07:00:00,92.6,79.5,2.131891891891892,565.73,3152.52
2026-07-14,09:00:00,138.5,26.6,20.11,9.09,62.0,23.07,-1.0,4.04,75.7,1.011,46.3,0.066,2026-07-14 09:00:00,92.2,76.5,2.2123212321232124,559.54,3195.195
2026-07-14,13:00:00,142.4,28.2,19.81,9.63,61.5,21.39,-0.94,4.25,76.0,1.028,46.3,0.067,2026-07-14 13:00:00,96.10000000000001,80.9,2.057113187954309,605.2,3045.936
2026-07-14,15:00:00,139.8,27.4,20.37,9.9,61.8,21.98,-1.1,4.17,81.6,1.025,47.7,0.068,2026-07-14 15:00:00,92.10000000000001,78.00000000000001,2.0575757575757576,582.966,3072.804
2026-07-14,17:00:00,137.5,26.0,20.18,10.17,64.4,21.0,-1.22,4.17,79.2,1.03,43.6,0.122,2026-07-14 17:00:00,93.9,73.1,1.984267453294002,573.375,2887.5
2026-07-14,19:00:00,140.8,24.4,20.52,10.26,62.0,21.09,-1.08,4.37,80.0,1.031,46.6,0.099,2026-07-14 19:00:00,94.20000000000002,78.80000000000001,2.0,615.296,2969.472
2026-07-14,21:00:00,141.2,21.0,19.3,9.96,64.1,21.31,-0.98,4.34,77.1,1.031,45.2,0.092,2026-07-14 21:00:00,95.99999999999999,77.1,1.9377510040160641,612.8079999999999,3008.9719999999998
2026-07-14,23:00:00,138.6,20.3,19.38,9.39,65.5,21.89,-1.05,4.11,78.1,1.027,48.7,0.081,2026-07-14 23:00:00,89.89999999999999,73.1,2.0638977635782747,569.6460000000001,3033.954
2026-07-15,01:00:00,137.7,21.0,19.92,9.66,63.8,21.03,-0.92,3.89,76.5,1.026,45.8,0.091,2026-07-15 01:00:00,91.89999999999999,73.89999999999999,2.0621118012422364,535.653,2895.831
2026-07-15,03:00:00,138.8,20.5,20.27,8.93,60.4,22.16,-1.18,4.0,75.9,1.022,45.7,0.127,2026-07-15 03:00:00,93.10000000000001,78.4,2.2698768197088466,555.2,3075.8080000000004
2026-07-15,05:00:00,137.5,19.6,19.05,9.55,61.7,21.82,-1.04,3.93,75.9,1.019,42.4,0.102,2026-07-15 05:00:00,95.1,75.8,1.994764397905759,540.375,3000.25
2026-07-15,07:00:00,139.8,23.5,20.4,10.06,63.3,19.78,-0.8,4.15,77.3,1.016,45.3,0.097,2026-07-15 07:00:00,94.50000000000001,76.50000000000001,2.0278330019880713,580.1700000000001,2765.2440000000006
2026-07-15,09:00:00,138.2,24.6,20.48,9.81,63.5,21.97,-0.97,4.18,78.8,1.026,46.3,0.091,2026-07-15 09:00:00,91.89999999999999,74.69999999999999,2.0876656472986745,577.6759999999999,3036.2539999999995
2026-07-15,11:00:00,141.1,28.3,20.84,9.58,61.7,20.8,-0.92,4.27,80.8,1.021,46.6,0.077,2026-07-15 11:00:00,94.5,79.39999999999999,2.175365344467641,602.497,2934.88
2026-07-15,13:00:00,138.2,28.9,20.75,10.03,62.1,21.65,-1.09,4.52,81.3,1.036,43.7,0.106,2026-07-15 13:00:00,94.49999999999999,76.1,2.068793619142572,624.6639999999999,2992.0299999999997
2026-07-15,15:00:00,137.2,26.6,19.24,8.93,59.2,22.09,-1.01,3.99,74.2,1.03,43.3,0.117,2026-07-15 15:00:00,93.89999999999999,77.99999999999999,2.154535274356103,547.428,3030.7479999999996
2026-07-15,17:00:00,139.5,25.5,20.38,9.2,61.2,21.54,-1.11,4.06,79.1,1.016,45.2,0.115,2026-07-15 17:00:00,94.3,78.3,2.215217391304348,566.3699999999999,3004.83
2026-07-15,19:00:00,137.1,22.8,19.31,9.19,61.6,22.43,-1.08,4.18,76.6,1.015,43.7,0.097,2026-07-15 19:00:00,93.39999999999999,75.5,2.1011969532100108,573.078,3075.153
2026-07-15,21:00:00,136.3,21.9,20.97,9.98,63.2,20.29,-0.96,3.79,76.9,1.023,45.0,0.118,2026-07-15 21:00:00,91.30000000000001,73.10000000000001,2.101202404809619,516.577,2765.527
2026-07-15,23:00:00,141.0,18.3,20.1,10.13,61.0,21.15,-1.03,3.96,79.6,1.025,43.8,0.109,2026-07-15 23:00:00,97.2,80.0,1.9842053307008884,558.36,2982.1499999999996
2026-07-16,01:00:00,140.4,18.0,20.08,9.41,60.7,22.6,-1.05,3.97,77.5,1.029,45.1,0.085,2026-07-16 01:00:00,95.30000000000001,79.7,2.1339001062699254,557.388,3173.0400000000004
2026-07-16,03:00:00,139.6,18.0,20.58,10.22,62.5,22.04,-0.98,4.43,81.6,1.018,44.2,0.106,2026-07-16 03:00:00,95.39999999999999,77.1,2.013698630136986,618.4279999999999,3076.7839999999997
2026-07-16,05:00:00,140.8,22.6,18.95,9.56,62.5,22.53,-0.97,4.06,75.5,1.028,45.4,0.086,2026-07-16 05:00:00,95.4,78.30000000000001,1.982217573221757,571.648,3172.2240000000006
2026-07-16,07:00:00,141.0,21.0,19.95,9.56,60.4,21.61,-1.03,4.22,75.7,1.02,45.5,0.095,2026-07-16 07:00:00,95.5,80.6,2.0868200836820083,595.02,3047.0099999999998
2026-07-16,11:00:00,138.6,30.6,19.94,10.69,65.1,20.31,-1.22,4.47,80.7,1.027,46.0,0.164,2026-07-16 11:00:00,92.6,73.5,1.8652946679139384,619.5419999999999,2814.966
2026-07-16,13:00:00,138.8,28.3,19.62,10.34,59.4,20.98,-1.05,4.47,79.7,1.041,43.6,0.119,2026-07-16 13:00:00,95.20000000000002,79.4,1.8974854932301741,620.436,2912.0240000000003
2026-07-16,19:00:00,140.4,24.4,20.62,10.65,64.4,20.48,-1.17,4.68,85.7,1.025,48.0,0.096,2026-07-16 19:00:00,92.4,76.0,1.936150234741784,657.072,2875.3920000000003
2026-07-16,21:00:00,141.1,21.9,20.52,10.2,61.4,21.4,-1.12,4.69,82.2,1.018,46.0,0.111,2026-07-16 21:00:00,95.1,79.69999999999999,2.011764705882353,661.759,3019.5399999999995
2026-07-16,23:00:00,139.3,22.2,21.31,10.36,61.9,21.93,-1.36,4.64,85.5,1.017,46.9,0.094,2026-07-16 23:00:00,92.4,77.4,2.056949806949807,646.352,3054.849
2026-07-17,01:00:00,136.8,19.4,21.78,10.37,65.2,20.45,-1.25,4.33,87.2,1.028,44.3,0.104,2026-07-17 01:00:00,92.50000000000001,71.60000000000001,2.1002892960462876,592.344,2797.56
2026-07-17,03:00:00,141.5,18.6,20.66,9.99,64.5,20.92,-1.07,5.06,83.0,1.024,49.2,0.071,2026-07-17 03:00:00,92.3,77.0,2.068068068068068,715.9899999999999,2960.1800000000003
2026-07-17,05:00:00,138.2,20.5,20.94,11.08,62.2,21.61,-1.1,4.69,80.8,1.018,46.3,0.098,2026-07-17 05:00:00,91.89999999999999,75.99999999999999,1.8898916967509027,648.158,2986.5019999999995
2026-07-17,07:00:00,140.5,23.6,21.54,10.46,61.7,20.14,-1.36,4.29,85.2,1.028,45.5,0.098,2026-07-17 07:00:00,95.0,78.8,2.0592734225621414,602.745,2829.67
2026-07-17,09:00:00,138.1,25.8,20.75,10.95,65.2,20.96,-1.3,4.57,85.1,1.032,45.7,0.101,2026-07-17 09:00:00,92.39999999999999,72.89999999999999,1.8949771689497719,631.117,2894.576
2026-07-17,11:00:00,141.0,27.1,20.38,9.9,64.5,21.76,-1.14,4.88,83.7,1.025,44.3,0.069,2026-07-17 11:00:00,96.7,76.5,2.0585858585858583,688.08,3068.1600000000003
2026-07-17,13:00:00,138.2,28.8,21.14,10.48,62.1,19.91,-1.4,4.48,85.7,1.03,45.0,0.128,2026-07-17 13:00:00,93.19999999999999,76.1,2.017175572519084,619.136,2751.562
2026-07-17,15:00:00,142.4,27.6,21.29,10.5,60.9,21.47,-1.05,4.64,84.4,1.015,47.8,0.115,2026-07-17 15:00:00,94.60000000000001,81.5,2.0276190476190474,660.736,3057.328
2026-07-17,17:00:00,140.2,25.0,21.24,10.04,60.5,21.37,-1.1,4.44,84.2,1.025,47.2,0.087,2026-07-17 17:00:00,92.99999999999999,79.69999999999999,2.1155378486055776,622.488,2996.074
2026-07-17,19:00:00,140.4,23.7,20.37,9.69,61.0,20.13,-1.03,4.6,80.3,1.023,47.6,0.076,2026-07-17 19:00:00,92.80000000000001,79.4,2.102167182662539,645.84,2826.252
2026-07-17,21:00:00,138.9,21.8,20.33,10.49,63.6,21.42,-1.14,4.29,78.9,1.025,46.5,0.1,2026-07-17 21:00:00,92.4,75.30000000000001,1.9380362249761676,595.8810000000001,2975.2380000000003
2026-07-18,01:00:00,137.2,18.0,21.0,10.43,60.8,21.41,-1.07,4.45,84.6,1.031,45.8,0.085,2026-07-18 01:00:00,91.39999999999999,76.39999999999999,2.0134228187919465,610.54,2937.4519999999998
2026-07-18,03:00:00,141.0,19.0,20.49,9.63,58.0,21.79,-1.18,4.23,83.3,1.03,45.2,0.088,2026-07-18 03:00:00,95.8,83.0,2.1277258566978188,596.4300000000001,3072.39
2026-07-18,05:00:00,141.5,21.5,20.39,9.28,62.8,21.56,-1.26,4.49,80.3,1.017,47.7,0.072,2026-07-18 05:00:00,93.8,78.7,2.1971982758620694,635.335,3050.74
2026-07-18,07:00:00,141.1,23.3,21.25,10.43,58.8,22.03,-0.97,4.14,81.5,1.045,48.5,0.078,2026-07-18 07:00:00,92.6,82.3,2.037392138063279,584.1539999999999,3108.433
2026-07-18,09:00:00,141.2,23.9,20.54,9.81,60.7,22.3,-1.1,4.07,80.2,1.029,46.9,0.071,2026-07-18 09:00:00,94.29999999999998,80.49999999999999,2.093781855249745,574.684,3148.7599999999998
2026-07-18,11:00:00,139.2,28.9,19.43,10.36,61.3,22.58,-1.1,4.0,77.7,1.025,44.4,0.101,2026-07-18 11:00:00,94.79999999999998,77.89999999999999,1.8754826254826256,556.8,3143.1359999999995
2026-07-18,13:00:00,142.1,28.5,20.75,9.62,60.0,21.84,-1.25,4.0,84.5,1.022,47.9,0.083,2026-07-18 13:00:00,94.19999999999999,82.1,2.1569646569646572,568.4,3103.464
2026-07-18,15:00:00,139.8,27.4,19.98,9.29,59.3,21.96,-1.15,4.11,76.2,1.017,43.8,0.089,2026-07-18 15:00:00,96.00000000000001,80.50000000000001,2.150699677072121,574.5780000000001,3070.0080000000003
2026-07-18,17:00:00,142.1,25.8,18.64,9.33,57.2,22.53,-0.99,4.33,78.1,1.025,42.5,0.095,2026-07-18 17:00:00,99.6,84.89999999999999,1.9978563772775992,615.293,3201.513
2026-07-18,19:00:00,141.2,22.6,19.86,9.5,60.0,20.81,-1.23,4.22,81.5,1.025,46.6,0.103,2026-07-18 19:00:00,94.6,81.19999999999999,2.090526315789474,595.8639999999999,2938.3719999999994
2026-07-18,21:00:00,139.8,20.5,19.03,9.25,58.5,22.76,-0.91,3.82,78.2,1.015,43.4,0.076,2026-07-18 21:00:00,96.4,81.30000000000001,2.0572972972972976,534.0360000000001,3181.8480000000004
2026-07-18,23:00:00,140.5,19.3,18.63,9.51,59.7,22.33,-0.97,4.1,77.0,1.022,43.5,0.104,2026-07-18 23:00:00,97.0,80.8,1.9589905362776026,576.05,3137.365
2026-07-19,01:00:00,140.9,20.0,19.55,9.58,63.0,21.31,-0.9,4.34,74.8,1.021,48.9,0.086,2026-07-19 01:00:00,92.0,77.9,2.0407098121085596,611.506,3002.5789999999997
2026-07-19,05:00:00,142.7,21.8,20.82,9.83,60.5,21.85,-1.24,4.38,82.9,1.032,47.0,0.079,2026-07-19 05:00:00,95.69999999999999,82.19999999999999,2.118006103763988,625.026,3117.995
2026-07-19,07:00:00,139.5,23.9,19.19,9.81,61.6,21.61,-1.07,4.36,80.1,1.009,47.0,0.112,2026-07-19 07:00:00,92.5,77.9,1.9561671763506627,608.22,3014.595
2026-07-19,09:00:00,141.4,26.7,20.43,9.67,59.8,21.79,-1.27,4.42,83.1,1.021,47.3,0.08,2026-07-19 09:00:00,94.10000000000001,81.60000000000001,2.112719751809721,624.988,3081.106
2026-07-19,11:00:00,139.1,26.5,20.33,10.4,58.1,21.77,-1.09,4.49,78.5,1.011,44.3,0.121,2026-07-19 11:00:00,94.8,81.0,1.954807692307692,624.559,3028.207
2026-07-19,13:00:00,141.5,27.3,19.73,10.47,61.4,21.81,-1.17,4.72,81.6,1.029,48.4,0.1,2026-07-19 13:00:00,93.1,80.1,1.8844317096466092,667.88,3086.115
2026-07-19,15:00:00,142.9,29.6,20.22,9.77,64.7,22.2,-1.23,4.61,82.8,1.017,46.2,0.074,2026-07-19 15:00:00,96.7,78.2,2.069600818833163,658.7690000000001,3172.38
2026-07-19,17:00:00,141.2,26.3,22.05,10.3,59.7,22.04,-1.15,4.51,85.0,1.032,45.5,0.078,2026-07-19 17:00:00,95.69999999999999,81.49999999999999,2.140776699029126,636.8119999999999,3112.048
2026-07-19,19:00:00,140.4,25.0,19.54,10.47,61.0,22.53,-0.97,4.6,78.5,1.033,49.1,0.093,2026-07-19 19:00:00,91.30000000000001,79.4,1.8662846227316139,645.84,3163.2120000000004
2026-07-19,21:00:00,139.6,22.4,20.46,10.27,60.5,21.42,-0.98,4.38,81.6,1.039,43.9,0.089,2026-07-19 21:00:00,95.69999999999999,79.1,1.9922103213242455,611.448,2990.232
2026-07-19,23:00:00,139.6,19.7,19.9,9.31,58.0,22.13,-1.09,4.27,78.8,1.009,45.0,0.081,2026-07-19 23:00:00,94.6,81.6,2.137486573576799,596.0919999999999,3089.348
2026-07-20,01:00:00,141.8,19.6,20.15,9.16,59.0,23.25,-0.87,4.47,77.7,1.025,48.6,0.081,2026-07-20 01:00:00,93.20000000000002,82.80000000000001,2.199781659388646,633.846,3296.8500000000004
2026-07-20,03:00:00,141.9,18.0,19.25,9.22,62.9,21.95,-1.05,4.24,77.9,1.01,46.9,0.072,2026-07-20 03:00:00,95.0,79.0,2.0878524945770063,601.6560000000001,3114.705
2026-07-20,05:00:00,137.6,20.9,18.77,8.78,59.1,21.97,-0.86,3.96,75.8,1.021,43.1,0.12,2026-07-20 05:00:00,94.5,78.5,2.1378132118451028,544.896,3023.0719999999997
2026-07-20,07:00:00,137.9,22.6,20.15,8.61,58.9,22.83,-0.94,3.77,77.1,1.024,46.4,0.084,2026-07-20 07:00:00,91.5,79.0,2.340301974448316,519.883,3148.257
2026-07-20,09:00:00,138.2,27.9,19.2,8.88,60.9,22.66,-0.96,4.08,75.5,1.035,42.4,0.082,2026-07-20 09:00:00,95.79999999999998,77.29999999999998,2.162162162162162,563.856,3131.6119999999996
2026-07-20,11:00:00,136.4,26.6,20.36,8.48,59.0,23.58,-1.04,3.67,75.9,1.006,43.5,0.083,2026-07-20 11:00:00,92.9,77.4,2.400943396226415,500.588,3216.312
2026-07-20,13:00:00,138.7,26.4,19.43,8.96,58.6,23.63,-0.74,3.81,73.3,1.019,43.2,0.074,2026-07-20 13:00:00,95.49999999999999,80.1,2.1685267857142856,528.447,3277.4809999999998
2026-07-20,15:00:00,141.4,29.3,19.61,8.6,59.5,22.63,-1.04,3.95,76.9,1.009,46.3,0.061,2026-07-20 15:00:00,95.10000000000001,81.9,2.280232558139535,558.5300000000001,3199.882
2026-07-20,17:00:00,141.0,26.1,19.3,8.38,59.8,24.37,-1.01,4.0,73.5,1.022,46.3,0.085,2026-07-20 17:00:00,94.7,81.2,2.303102625298329,564.0,3436.17
2026-07-20,19:00:00,140.7,25.8,20.02,9.68,60.4,21.71,-1.03,4.16,77.5,1.012,47.1,0.087,2026-07-20 19:00:00,93.6,80.29999999999998,2.0681818181818183,585.312,3054.5969999999998
2026-07-20,21:00:00,137.1,22.4,18.61,9.32,61.3,22.06,-0.87,4.2,74.0,1.025,46.8,0.105,2026-07-20 21:00:00,90.3,75.8,1.996781115879828,575.82,3024.4259999999995
2026-07-20,23:00:00,139.2,19.0,18.86,9.37,61.2,22.5,-0.8,4.17,73.3,1.016,46.3,0.096,2026-07-20 23:00:00,92.89999999999999,77.99999999999999,2.0128068303094984,580.4639999999999,3131.9999999999995
2026-07-21,01:00:00,139.4,20.8,20.47,9.58,60.0,21.43,-1.08,3.96,77.8,1.015,44.5,0.12,2026-07-21 01:00:00,94.9,79.4,2.136743215031315,552.024,2987.342
2026-07-21,03:00:00,140.2,20.2,17.01,9.27,60.6,21.54,-0.85,3.63,73.9,1.011,43.9,0.129,2026-07-21 03:00:00,96.29999999999998,79.6,1.83495145631068,508.92599999999993,3019.9079999999994
2026-07-21,05:00:00,139.6,24.1,19.76,9.14,62.0,21.5,-0.83,3.98,76.3,1.023,44.0,0.1,2026-07-21 05:00:00,95.6,77.6,2.1619256017505473,555.608,3001.4
2026-07-21,09:00:00,138.2,28.0,20.19,9.39,60.5,21.81,-1.14,4.19,78.6,1.022,45.3,0.067,2026-07-21 09:00:00,92.89999999999999,77.69999999999999,2.1501597444089455,579.058,3014.1419999999994
2026-07-21,11:00:00,137.5,29.5,20.21,8.91,60.4,22.55,-1.15,3.89,77.0,1.023,44.6,0.133,2026-07-21 11:00:00,92.9,77.1,2.268237934904602,534.875,3100.625
2026-07-21,13:00:00,137.1,28.8,20.01,9.34,61.9,20.34,-1.07,3.44,78.4,1.006,44.8,0.084,2026-07-21 13:00:00,92.3,75.19999999999999,2.142398286937902,471.62399999999997,2788.614
2026-07-21,15:00:00,140.9,26.9,20.64,9.76,61.8,21.53,-1.01,4.5,79.7,1.018,44.1,0.084,2026-07-21 15:00:00,96.80000000000001,79.10000000000001,2.1147540983606556,634.0500000000001,3033.577
2026-07-21,17:00:00,140.3,27.0,19.99,9.36,61.2,21.6,-1.13,3.96,76.9,1.012,45.9,0.109,2026-07-21 17:00:00,94.4,79.10000000000001,2.1356837606837606,555.5880000000001,3030.4800000000005
2026-07-21,19:00:00,137.0,25.6,19.72,9.54,63.7,20.8,-1.07,3.78,77.2,1.017,45.5,0.092,2026-07-21 19:00:00,91.5,73.3,2.067085953878407,517.86,2849.6
2026-07-21,21:00:00,139.3,21.2,19.96,9.2,60.6,22.41,-1.01,3.98,74.8,1.024,45.4,0.088,2026-07-21 21:00:00,93.9,78.70000000000002,2.1695652173913045,554.414,3121.713
2026-07-21,23:00:00,138.8,19.4,19.37,9.21,61.0,23.12,-1.02,3.76,77.8,1.02,43.7,0.077,2026-07-21 23:00:00,95.10000000000001,77.80000000000001,2.1031487513572205,521.888,3209.0560000000005
2026-07-22,01:00:00,140.0,19.2,18.74,8.21,57.6,22.46,-0.84,3.83,73.5,1.014,44.2,0.083,2026-07-22 01:00:00,95.8,82.4,2.2825822168087693,536.2,3144.4
2026-07-22,03:00:00,137.8,20.6,19.98,9.22,61.3,23.32,-1.04,3.85,78.9,1.013,47.2,0.099,2026-07-22 03:00:00,90.60000000000001,76.50000000000001,2.16702819956616,530.5300000000001,3213.496
2026-07-22,05:00:00,136.3,20.0,18.58,9.19,57.4,20.91,-0.98,3.71,75.3,1.022,43.8,0.115,2026-07-22 05:00:00,92.50000000000001,78.9,2.0217627856365614,505.67300000000006,2850.0330000000004
2026-07-22,07:00:00,139.8,23.7,20.01,9.17,63.9,22.68,-0.94,4.05,78.6,1.027,44.2,0.085,2026-07-22 07:00:00,95.60000000000001,75.9,2.182115594329335,566.19,3170.664
2026-07-22,09:00:00,140.7,25.0,20.1,8.47,61.0,23.1,-0.81,3.87,75.4,1.009,45.7,0.081,2026-07-22 09:00:00,94.99999999999999,79.69999999999999,2.373081463990555,544.509,3250.17
2026-07-22,11:00:00,139.3,29.9,19.42,9.57,61.8,21.71,-1.08,4.13,76.6,1.01,43.9,0.084,2026-07-22 11:00:00,95.4,77.50000000000001,2.0292580982236155,575.3090000000001,3024.2030000000004
2026-07-22,13:00:00,135.8,29.2,19.99,8.97,60.6,21.46,-1.13,3.76,74.2,1.008,40.9,0.104,2026-07-22 13:00:00,94.9,75.20000000000002,2.228539576365663,510.608,2914.2680000000005
2026-07-22,15:00:00,138.6,28.1,18.4,8.72,57.1,22.07,-0.69,3.57,72.8,1.02,47.0,0.099,2026-07-22 15:00:00,91.6,81.5,2.110091743119266,494.80199999999996,3058.902
2026-07-22,17:00:00,137.3,26.0,19.01,8.79,60.4,22.08,-0.98,3.87,75.1,1.02,45.7,0.095,2026-07-22 17:00:00,91.60000000000001,76.9,2.162684869169511,531.3510000000001,3031.584
2026-07-22,19:00:00,139.5,22.7,18.9,9.01,58.6,21.8,-1.1,3.84,80.0,1.027,44.0,0.098,2026-07-22 19:00:00,95.5,80.9,2.097669256381798,535.68,3041.1
2026-07-22,21:00:00,140.7,20.3,19.26,8.97,59.8,22.45,-1.03,3.86,76.2,1.018,48.8,0.095,2026-07-22 21:00:00,91.89999999999999,80.89999999999999,2.1471571906354514,543.102,3158.7149999999997
2026-07-22,23:00:00,139.8,21.1,19.0,9.48,59.5,22.96,-1.01,3.99,74.1,1.029,43.8,0.092,2026-07-22 23:00:00,96.00000000000001,80.30000000000001,2.0042194092827,557.802,3209.8080000000004
2026-07-23,01:00:00,137.4,18.1,18.88,8.9,60.0,21.95,-1.08,3.5,81.6,1.023,45.0,0.099,2026-07-23 01:00:00,92.4,77.4,2.1213483146067413,480.90000000000003,3015.93
2026-07-23,03:00:00,142.0,19.6,20.78,9.07,59.9,22.41,-1.02,4.2,77.1,1.025,46.0,0.075,2026-07-23 03:00:00,96.0,82.1,2.291069459757442,596.4,3182.22
2026-07-23,05:00:00,138.6,21.9,19.59,9.38,61.5,22.61,-1.15,3.82,76.3,1.024,45.5,0.101,2026-07-23 05:00:00,93.1,77.1,2.0884861407249464,529.452,3133.7459999999996
2026-07-23,09:00:00,140.0,25.4,19.55,9.42,59.0,22.38,-1.1,4.03,79.7,1.018,46.6,0.077,2026-07-23 09:00:00,93.4,81.0,2.075371549893843,564.2,3133.2
2026-07-23,13:00:00,139.2,27.2,19.21,9.84,59.2,21.78,-1.07,3.98,78.4,1.03,43.5,0.119,2026-07-23 13:00:00,95.69999999999999,79.99999999999999,1.9522357723577237,554.016,3031.776
2026-07-23,15:00:00,139.2,28.7,19.13,9.69,63.4,21.55,-1.01,3.94,76.6,1.027,46.3,0.088,2026-07-23 15:00:00,92.89999999999999,75.79999999999998,1.9742002063983488,548.448,2999.7599999999998
2026-07-23,17:00:00,138.5,29.3,19.19,9.47,59.1,21.64,-1.09,4.22,78.0,1.027,41.3,0.091,2026-07-23 17:00:00,97.2,79.4,2.0263991552270326,584.4699999999999,2997.14
2026-07-23,19:00:00,141.9,24.1,20.35,9.25,62.3,22.6,-1.05,3.93,79.9,1.018,50.1,0.056,2026-07-23 19:00:00,91.80000000000001,79.60000000000001,2.2,557.667,3206.9400000000005
2026-07-23,21:00:00,142.1,22.9,18.72,8.92,61.9,22.87,-0.91,4.15,74.1,1.02,45.9,0.048,2026-07-23 21:00:00,96.19999999999999,80.19999999999999,2.098654708520179,589.715,3249.827
2026-07-23,23:00:00,139.6,22.0,19.37,9.35,60.4,22.65,-1.1,4.12,75.6,1.022,45.9,0.08,2026-07-23 23:00:00,93.69999999999999,79.19999999999999,2.0716577540106953,575.152,3161.9399999999996
2026-07-24,01:00:00,138.6,21.4,19.98,9.38,60.6,20.33,-1.04,3.78,77.9,1.019,43.6,0.103,2026-07-24 01:00:00,95.0,78.0,2.1300639658848612,523.9079999999999,2817.738
2026-07-24,03:00:00,139.2,20.6,20.74,10.19,63.6,21.98,-1.17,4.26,80.8,1.02,46.2,0.076,2026-07-24 03:00:00,92.99999999999999,75.6,2.0353287536800786,592.992,3059.616
2026-07-24,05:00:00,138.8,22.3,21.0,9.8,61.8,22.11,-1.31,4.01,80.8,1.021,45.5,0.099,2026-07-24 05:00:00,93.30000000000001,77.00000000000001,2.142857142857143,556.588,3068.8680000000004
2026-07-24,07:00:00,140.5,24.6,18.95,9.99,63.1,23.29,-0.81,4.54,77.7,1.032,46.0,0.085,2026-07-24 07:00:00,94.5,77.4,1.896896896896897,637.87,3272.245
2026-07-24,09:00:00,141.2,28.3,20.15,9.76,61.6,21.08,-1.17,4.3,82.2,1.024,44.3,0.091,2026-07-24 09:00:00,96.89999999999999,79.6,2.0645491803278686,607.16,2976.4959999999996
2026-07-24,11:00:00,140.2,27.7,19.7,9.7,61.8,20.54,-1.09,4.1,80.2,1.028,46.2,0.085,2026-07-24 11:00:00,93.99999999999999,78.39999999999999,2.0309278350515463,574.8199999999999,2879.7079999999996
2026-07-24,13:00:00,139.8,29.0,18.87,9.3,59.0,23.07,-1.16,4.1,77.6,1.023,45.1,0.088,2026-07-24 13:00:00,94.70000000000002,80.80000000000001,2.029032258064516,573.18,3225.186
2026-07-24,15:00:00,139.8,29.3,20.0,9.55,61.2,21.58,-1.07,4.59,80.3,1.023,44.7,0.09,2026-07-24 15:00:00,95.10000000000001,78.60000000000001,2.094240837696335,641.682,3016.884
2026-07-24,17:00:00,141.7,27.2,21.79,9.69,63.2,20.56,-1.14,4.45,83.3,1.022,45.8,0.092,2026-07-24 17:00:00,95.89999999999999,78.49999999999999,2.2487100103199174,630.5649999999999,2913.3519999999994
2026-07-24,19:00:00,143.3,26.0,19.57,10.06,61.3,20.93,-1.27,4.84,80.3,1.024,47.5,0.08,2026-07-24 19:00:00,95.80000000000001,82.00000000000001,1.945328031809145,693.572,2999.2690000000002
2026-07-24,21:00:00,143.1,23.4,20.89,9.73,61.3,22.17,-1.08,4.43,83.0,1.021,49.9,0.092,2026-07-24 21:00:00,93.19999999999999,81.8,2.1469681397738953,633.9329999999999,3172.527
2026-07-24,23:00:00,140.0,22.6,19.78,9.73,60.0,22.32,-1.13,4.56,83.1,1.024,44.3,0.074,2026-07-24 23:00:00,95.7,80.0,2.0328879753340185,638.4,3124.8
2026-07-25,01:00:00,141.8,21.8,20.84,10.03,61.2,20.67,-1.29,4.63,85.4,1.026,47.8,0.105,2026-07-25 01:00:00,94.00000000000001,80.60000000000001,2.077766699900299,656.534,2931.0060000000003
2026-07-25,03:00:00,139.2,21.9,20.41,10.56,65.3,20.54,-1.23,4.79,81.6,1.035,50.2,0.096,2026-07-25 03:00:00,88.99999999999999,73.89999999999999,1.9327651515151514,666.7679999999999,2859.1679999999997
2026-07-25,05:00:00,141.7,23.4,20.42,9.74,60.1,21.22,-1.24,4.56,80.5,1.02,45.5,0.086,2026-07-25 05:00:00,96.19999999999999,81.6,2.0965092402464065,646.1519999999999,3006.874
2026-07-25,07:00:00,141.3,25.3,19.69,9.89,60.0,21.55,-0.95,4.35,77.1,1.024,45.2,0.097,2026-07-25 07:00:00,96.10000000000001,81.30000000000001,1.9908998988877655,614.655,3045.0150000000003
2026-07-25,09:00:00,136.9,28.5,18.98,10.01,58.3,20.55,-1.11,4.13,78.8,1.017,45.3,0.134,2026-07-25 09:00:00,91.60000000000001,78.60000000000001,1.8961038961038963,565.397,2813.295
2026-07-25,11:00:00,138.3,29.6,19.67,9.86,60.6,20.93,-1.13,4.27,82.0,1.033,44.1,0.113,2026-07-25 11:00:00,94.20000000000002,77.70000000000002,1.994929006085193,590.5409999999999,2894.619
2026-07-25,13:00:00,139.4,31.3,20.19,9.91,63.3,20.99,-1.23,4.39,80.2,1.033,45.8,0.102,2026-07-25 13:00:00,93.60000000000001,76.10000000000001,2.0373360242179617,611.966,2926.006
2026-07-25,15:00:00,139.2,28.7,21.68,10.29,64.8,22.09,-1.36,4.24,85.4,1.02,42.8,0.083,2026-07-25 15:00:00,96.39999999999999,74.39999999999999,2.10689990281827,590.208,3074.928
2026-07-25,17:00:00,141.0,27.1,20.48,10.51,63.0,20.33,-1.11,4.41,83.3,1.039,43.0,0.1,2026-07-25 17:00:00,98.0,78.0,1.9486203615604187,621.8100000000001,2866.5299999999997
2026-07-25,19:00:00,139.5,26.3,20.09,9.95,65.6,22.37,-1.09,4.6,80.3,1.03,46.0,0.079,2026-07-25 19:00:00,93.5,73.9,2.019095477386935,641.6999999999999,3120.6150000000002
2026-07-25,21:00:00,142.6,21.7,21.32,10.43,61.8,21.61,-1.2,4.82,83.0,1.022,48.8,0.092,2026-07-25 21:00:00,93.8,80.8,2.0441035474592524,687.332,3081.586
2026-07-25,23:00:00,138.7,20.5,20.97,10.32,68.3,21.74,-1.22,4.38,83.6,1.032,47.7,0.066,2026-07-25 23:00:00,90.99999999999999,70.39999999999999,2.0319767441860463,607.506,3015.3379999999997
2026-07-26,01:00:00,142.5,20.3,21.0,10.14,61.2,21.64,-1.1,4.32,83.4,1.028,49.1,0.087,2026-07-26 01:00:00,93.4,81.3,2.0710059171597632,615.6,3083.7000000000003
2026-07-26,03:00:00,145.4,21.9,20.81,10.49,62.0,21.79,-1.22,4.8,82.2,1.019,48.4,0.058,2026-07-26 03:00:00,97.0,83.4,1.9837940896091515,697.92,3168.266
2026-07-26,05:00:00,141.3,23.7,20.92,10.35,62.1,21.09,-1.23,4.74,81.8,1.034,48.6,0.079,2026-07-26 05:00:00,92.70000000000002,79.20000000000002,2.0212560386473433,669.7620000000001,2980.0170000000003
2026-07-26,07:00:00,140.9,26.2,20.54,10.28,62.4,21.47,-1.38,4.51,83.4,1.029,50.2,0.122,2026-07-26 07:00:00,90.7,78.5,1.9980544747081712,635.459,3025.123
2026-07-26,09:00:00,142.4,29.2,20.62,10.41,62.9,21.51,-1.24,4.97,83.5,1.035,43.9,0.094,2026-07-26 09:00:00,98.5,79.5,1.9807877041306436,707.728,3063.0240000000003
2026-07-26,11:00:00,141.0,29.3,21.18,10.12,60.0,21.74,-1.07,4.46,83.1,1.021,44.1,0.087,2026-07-26 11:00:00,96.9,81.0,2.0928853754940713,628.86,3065.3399999999997
2026-07-26,13:00:00,141.8,30.3,20.05,9.99,64.3,23.64,-1.15,4.45,79.8,1.021,40.8,0.068,2026-07-26 13:00:00,101.00000000000001,77.50000000000001,2.007007007007007,631.0100000000001,3352.1520000000005
2026-07-26,15:00:00,140.3,28.4,19.72,9.85,60.3,21.0,-1.01,4.35,80.0,1.028,46.6,0.118,2026-07-26 15:00:00,93.70000000000002,80.00000000000001,2.002030456852792,610.305,2946.3
2026-07-26,17:00:00,141.3,26.8,19.76,9.72,60.4,22.12,-0.95,4.45,77.8,1.024,46.6,0.097,2026-07-26 17:00:00,94.70000000000002,80.9,2.0329218106995883,628.7850000000001,3125.5560000000005
2026-07-26,19:00:00,140.9,26.5,21.41,10.49,64.1,21.3,-1.27,4.56,81.4,1.041,47.8,0.108,2026-07-26 19:00:00,93.10000000000001,76.80000000000001,2.040991420400381,642.504,3001.17
2026-07-26,21:00:00,140.9,22.8,20.65,10.21,63.5,20.65,-0.94,4.55,81.2,1.026,45.6,0.094,2026-07-26 21:00:00,95.30000000000001,77.4,2.0225269343780603,641.095,2909.585
2026-07-26,23:00:00,138.1,24.7,21.57,10.54,61.8,21.56,-1.26,4.11,84.0,1.037,47.8,0.098,2026-07-26 23:00:00,90.3,76.3,2.046489563567363,567.591,2977.4359999999997
2026-07-27,01:00:00,141.0,20.9,19.54,10.4,63.8,21.44,-1.19,4.51,81.7,1.025,45.3,0.1,2026-07-27 01:00:00,95.7,77.2,1.8788461538461536,635.91,3023.04
2026-07-27,03:00:00,138.7,21.6,19.12,9.95,62.5,20.23,-1.08,4.0,77.7,1.026,50.2,0.128,2026-07-27 03:00:00,88.49999999999999,76.19999999999999,1.9216080402010052,554.8,2805.901
2026-07-27,05:00:00,142.8,24.0,19.96,9.85,60.1,21.72,-1.08,4.29,79.4,1.024,43.3,0.086,2026-07-27 05:00:00,99.50000000000001,82.70000000000002,2.0263959390862945,612.6120000000001,3101.616
2026-07-27,07:00:00,139.7,25.2,20.41,9.89,61.4,20.95,-1.32,4.36,80.6,1.023,45.6,0.115,2026-07-27 07:00:00,94.1,78.29999999999998,2.063700707785642,609.092,2926.7149999999997
2026-07-27,09:00:00,140.7,30.5,20.21,9.64,64.5,21.19,-1.26,4.36,82.8,1.034,47.4,0.076,2026-07-27 09:00:00,93.29999999999998,76.19999999999999,2.0964730290456433,613.452,2981.433
2026-07-27,11:00:00,139.3,29.6,20.47,9.77,60.8,21.61,-1.15,4.2,80.1,1.026,49.2,0.094,2026-07-27 11:00:00,90.10000000000001,78.50000000000001,2.0951893551688845,585.0600000000001,3010.273
2026-07-27,13:00:00,139.7,28.1,20.59,9.3,59.3,22.01,-1.13,4.01,79.1,1.017,47.5,0.09,2026-07-27 13:00:00,92.19999999999999,80.39999999999999,2.213978494623656,560.1969999999999,3074.797
2026-07-27,15:00:00,142.6,29.5,19.6,9.51,60.2,21.41,-1.01,3.99,79.2,1.022,46.9,0.091,2026-07-27 15:00:00,95.69999999999999,82.39999999999999,2.060988433228181,568.974,3053.066
2026-07-27,17:00:00,141.0,30.1,19.75,9.37,62.5,22.14,-1.1,4.13,78.4,1.013,43.7,0.083,2026-07-27 17:00:00,97.3,78.5,2.1077908217716117,582.33,3121.7400000000002
2026-07-27,19:00:00,139.2,26.8,19.43,9.58,61.5,22.13,-0.79,4.04,77.3,1.02,46.0,0.104,2026-07-27 19:00:00,93.19999999999999,77.69999999999999,2.0281837160751564,562.3679999999999,3080.4959999999996
2026-07-27,21:00:00,141.5,23.6,19.86,9.24,61.1,23.44,-1.09,4.23,78.8,1.026,51.3,0.08,2026-07-27 21:00:00,90.2,80.4,2.1493506493506493,598.5450000000001,3316.76
2026-07-27,23:00:00,139.0,21.0,19.94,9.55,63.8,21.02,-1.11,3.91,78.2,1.03,46.3,0.108,2026-07-27 23:00:00,92.7,75.2,2.087958115183246,543.49,2921.7799999999997
2026-07-28,01:00:00,139.8,24.5,18.6,10.27,63.8,21.36,-1.06,4.35,77.1,1.036,46.3,0.103,2026-07-28 01:00:00,93.50000000000001,76.00000000000001,1.8111002921129506,608.13,2986.128
2026-07-28,03:00:00,139.5,21.5,20.32,10.29,62.6,22.08,-1.0,4.23,80.4,1.032,43.7,0.096,2026-07-28 03:00:00,95.8,76.9,1.9747327502429546,590.085,3080.16
2026-07-28,05:00:00,141.1,22.6,19.76,9.99,63.9,21.6,-1.07,4.29,80.7,1.037,48.0,0.072,2026-07-28 05:00:00,93.1,77.19999999999999,1.977977977977978,605.319,3047.76
2026-07-28,07:00:00,138.5,26.5,20.6,10.48,61.9,20.33,-1.12,4.24,80.4,1.031,45.1,0.129,2026-07-28 07:00:00,93.4,76.6,1.965648854961832,587.24,2815.705
2026-07-28,09:00:00,139.5,29.8,20.24,9.68,62.8,20.53,-1.17,3.79,78.4,1.028,43.8,0.099,2026-07-28 09:00:00,95.7,76.7,2.090909090909091,528.705,2863.935
2026-07-28,11:00:00,139.2,30.1,19.94,9.62,64.1,21.53,-1.06,3.9,76.4,1.033,46.4,0.055,2026-07-28 11:00:00,92.79999999999998,75.1,2.072765072765073,542.88,2996.976
2026-07-28,13:00:00,138.9,33.4,20.3,9.48,62.0,22.16,-0.98,3.64,77.6,1.027,43.5,0.083,2026-07-28 13:00:00,95.4,76.9,2.1413502109704643,505.59600000000006,3078.0240000000003
2026-07-28,15:00:00,142.4,31.2,19.77,9.57,62.1,22.93,-1.06,4.43,78.4,1.034,45.7,0.063,2026-07-28 15:00:00,96.7,80.30000000000001,2.0658307210031346,630.832,3265.232
2026-07-28,17:00:00,138.4,27.9,18.51,9.23,63.4,22.93,-0.88,3.96,75.2,1.033,46.8,0.078,2026-07-28 17:00:00,91.60000000000001,75.0,2.0054171180931744,548.064,3173.512
2026-07-28,19:00:00,139.1,28.1,19.47,9.15,61.9,23.01,-1.06,4.03,78.5,1.026,45.6,0.07,2026-07-28 19:00:00,93.5,77.19999999999999,2.127868852459016,560.573,3200.6910000000003
2026-07-28,21:00:00,135.4,22.5,19.7,9.19,61.1,22.02,-0.8,3.54,74.9,1.019,46.0,0.108,2026-07-28 21:00:00,89.4,74.30000000000001,2.143634385201306,479.31600000000003,2981.5080000000003
2026-07-28,23:00:00,140.6,23.1,19.21,9.0,57.6,22.48,-1.05,4.1,77.5,1.015,42.9,0.08,2026-07-28 23:00:00,97.69999999999999,83.0,2.1344444444444446,576.4599999999999,3160.688
2026-07-29,01:00:00,138.2,23.0,19.96,8.74,62.1,22.08,-1.05,3.55,76.4,1.013,44.8,0.097,2026-07-29 01:00:00,93.39999999999999,76.1,2.2837528604118993,490.60999999999996,3051.4559999999997
2026-07-29,03:00:00,140.4,23.1,20.3,9.25,62.6,22.86,-1.15,3.84,79.3,1.023,47.5,0.092,2026-07-29 03:00:00,92.9,77.80000000000001,2.194594594594595,539.136,3209.544
2026-07-29,05:00:00,138.2,24.0,18.8,9.04,61.9,23.9,-1.15,3.89,75.0,1.029,49.0,0.086,2026-07-29 05:00:00,89.19999999999999,76.29999999999998,2.0796460176991154,537.598,3302.9799999999996
2026-07-29,07:00:00,138.7,27.5,18.87,10.17,60.2,21.6,-0.94,4.01,74.5,1.027,44.8,0.112,2026-07-29 07:00:00,93.89999999999999,78.49999999999999,1.8554572271386431,556.1869999999999,2995.92
2026-07-29,09:00:00,140.7,28.6,20.38,8.93,64.1,23.67,-0.94,4.19,76.1,1.027,44.1,0.072,2026-07-29 09:00:00,96.6,76.6,2.282194848824188,589.533,3330.369
2026-07-29,11:00:00,138.1,29.0,18.53,9.37,61.5,22.01,-0.86,3.73,75.4,1.015,44.8,0.095,2026-07-29 11:00:00,93.3,76.6,1.9775880469583782,515.1129999999999,3039.581
2026-07-29,13:00:00,140.5,30.8,19.94,9.1,62.2,22.19,-0.91,3.88,78.2,1.024,49.2,0.079,2026-07-29 13:00:00,91.3,78.3,2.1912087912087914,545.14,3117.695
2026-07-29,15:00:00,137.6,30.9,18.19,8.86,63.0,22.11,-0.91,3.71,73.0,1.023,43.3,0.095,2026-07-29 15:00:00,94.3,74.6,2.053047404063206,510.496,3042.336
2026-07-29,17:00:00,137.8,28.6,18.04,8.59,63.1,22.88,-1.15,3.85,71.4,1.02,46.9,0.1,2026-07-29 17:00:00,90.9,74.70000000000002,2.10011641443539,530.5300000000001,3152.864
2026-07-29,19:00:00,136.3,25.9,18.39,8.55,59.3,22.45,-0.77,3.9,72.5,1.013,45.7,0.112,2026-07-29 19:00:00,90.60000000000001,77.00000000000001,2.150877192982456,531.57,3059.935
2026-07-29,21:00:00,141.5,22.7,17.9,9.06,60.9,21.78,-0.93,3.82,70.7,1.022,45.1,0.112,2026-07-29 21:00:00,96.4,80.6,1.9757174392935979,540.53,3081.8700000000003
2026-07-29,23:00:00,137.8,21.4,20.2,9.38,61.7,20.83,-0.88,3.5,75.8,1.021,43.4,0.09,2026-07-29 23:00:00,94.4,76.10000000000001,2.1535181236673773,482.30000000000007,2870.374
