Sample Timestamp,dryer_air_temperature,cooler_air_temperature,air_flow_rate,wet_product_feed_rate,product_inlet_temperature,residence_time,vacuum,steam_pressure,fan_speed,product_density,final_product_temp,temperature_drop,air_product_delta,air_per_feed,steam_temp_interaction,heating_index,Final Moisture (%H2O)
2026-04-16 02:00:00,176.386871,28.788322,24080.34375,26.614941,62.906261,24.438337,48.14312,8.348623,1333.375977,0.957827,48.819279,127.567592,113.48061,904.7678802,1472.587488,4310.601796,0.078586
2026-04-16 04:00:00,176.325211,29.371353,24131.47461,26.710299,63.091366,24.397861,48.377773,8.376637,1339.708374,0.957757,49.183418,127.141793,113.233845,903.4520583,1477.012286,4301.957989,0.077713
2026-04-16 06:00:00,176.298935,30.183477,24223.72266,26.746771,63.173382,24.372213,48.470203,8.392202,1340.537598,0.957155,49.281967,127.016968,113.125553,905.669049,1479.536275,4296.795195,0.07781
2026-04-16 08:00:00,176.333313,30.894432,24237.87891,26.783215,63.224796,24.393484,48.433044,8.335905,1342.057739,0.957491,48.769199,127.564114,113.108517,904.9652518,1469.897746,4301.383849,0.075195
2026-04-16 10:00:00,176.263535,31.169731,24271.0293,26.897886,63.118942,24.396927,48.482235,8.400537,1346.523071,0.958166,48.747028,127.516507,113.144593,902.3396596,1480.708348,4300.288596,0.079999
2026-04-16 12:00:00,176.473114,31.250885,24227.45117,26.857407,63.152489,24.399609,48.446285,8.384978,1344.686035,0.958432,48.606022,127.867092,113.320625,902.0770759,1479.723178,4305.874981,0.080207
2026-04-16 14:00:00,176.241455,30.968504,24246.52344,26.726658,63.149742,24.383379,48.351727,8.378627,1340.802002,0.958056,48.691959,127.549496,113.091713,907.2037154,1476.661413,4297.362193,0.07794
2026-04-16 16:00:00,176.405411,30.277584,24125.92773,26.699524,62.956348,24.418732,48.253433,8.367058,1335.932251,0.956924,48.726658,127.678753,113.449063,903.6089083,1475.994305,4307.596455,0.077658
2026-04-16 18:00:00,176.324493,29.456091,24195.08594,26.644718,62.896484,24.375372,48.35281,8.359357,1338.300415,0.957632,49.112465,127.212028,113.428009,908.0631267,1473.959385,4297.97511,0.075119
2026-04-16 20:00:00,176.510422,28.734118,24148.16602,26.502089,62.85833,24.456079,48.195179,8.329347,1336.339478,0.957691,49.265118,127.245304,113.652092,911.1797193,1470.216554,4316.752825,0.074977
2026-04-16 22:00:00,176.4991,28.665247,24070.51953,26.52993,62.922977,24.41116,48.341473,8.371675,1334.452759,0.95748,49.27776,127.22134,113.576123,907.29676,1477.593103,4308.54777,0.073605
2026-04-17 00:00:00,176.454132,28.525166,24170.92578,26.639818,62.908707,24.450617,48.32711,8.432204,1339.665649,0.957883,49.445759,127.008373,113.545425,907.3232325,1487.897238,4314.4124,0.078351
2026-04-17 02:00:00,176.592834,28.910326,24322.51172,26.717445,63.107113,24.395838,48.538937,8.377937,1345.085327,0.958256,49.075764,127.51707,113.485721,910.360692,1479.483638,4308.13017,0.076235
2026-04-17 04:00:00,176.47728,29.523249,24319.98828,26.73234,63.095036,24.437906,48.521164,8.415269,1346.1427,0.958052,49.162449,127.314831,113.382244,909.7590514,1485.103784,4312.73518,0.076066
2026-04-17 06:00:00,176.323853,30.221699,24251.08594,26.859503,63.170475,24.392082,48.406197,8.419275,1343.425049,0.958085,49.091751,127.232102,113.153378,902.8866222,1484.519007,4300.905881,0.077529
2026-04-17 08:00:00,176.416168,30.889532,24310.65039,26.912262,63.348148,24.316914,48.705166,8.425468,1348.686768,0.957581,49.073708,127.34246,113.06802,903.3298796,1486.388778,4289.896785,0.078076
2026-04-17 10:00:00,176.317459,31.16769,24269.53125,26.952225,63.284771,24.397326,48.552994,8.393517,1347.46814,0.958036,49.056282,127.261177,113.032688,900.4648503,1479.92359,4301.674527,0.079068
2026-04-17 12:00:00,176.558319,31.250324,24256.86133,26.884388,63.248558,24.358248,48.484856,8.439723,1345.715698,0.957406,48.852242,127.706077,113.309761,902.2657063,1490.103306,4300.651321,0.076784
2026-04-17 14:00:00,176.365723,30.813585,24352.64062,26.786606,63.140209,24.455723,48.484932,8.384439,1344.190186,0.957999,48.924644,127.441079,113.225514,909.1349843,1478.727646,4313.151268,0.077261
2026-04-17 16:00:00,176.342392,30.234018,24260.42383,26.660469,63.027523,24.41284,48.505516,8.337874,1343.313232,0.957978,49.108883,127.233509,113.314869,909.9773837,1470.320645,4305.018601,0.076705
2026-04-17 18:00:00,176.327713,29.447462,24379.29883,26.606115,62.903782,24.474575,48.542698,8.339755,1347.247437,0.958246,49.113129,127.214584,113.423931,916.3043469,1470.529926,4315.545836,0.074501
2026-04-17 20:00:00,176.587875,28.870155,24221.28516,26.567797,62.968945,24.436901,48.594498,8.300561,1338.381592,0.958064,49.24313,127.344745,113.61893,911.6783434,1465.778428,4315.260419,0.07411
2026-04-17 22:00:00,176.680649,28.455822,24284.05859,26.653959,62.788349,24.437847,48.43655,8.36058,1342.552856,0.958129,49.162891,127.517758,113.8923,911.0863641,1477.1527,4317.694668,0.075125
2026-04-18 00:00:00,176.746307,28.476175,24182.51172,26.564375,62.947231,24.423946,48.362766,8.392308,1336.205688,0.957765,49.499271,127.247036,113.799076,910.3361822,1483.309446,4316.842258,0.073817
2026-04-18 02:00:00,176.296097,28.856359,24118.5,26.677938,62.964123,24.465141,48.310162,8.387729,1338.80835,0.956896,49.190948,127.105149,113.331974,904.0616258,1478.723885,4313.108871,0.074241
2026-04-18 04:00:00,176.407394,29.36669,24121.24414,26.722265,63.215981,24.424332,48.340771,8.378979,1337.118408,0.958124,49.464874,126.94252,113.191413,902.6646559,1478.11385,4308.632758,0.075769
2026-04-18 06:00:00,176.284805,30.327991,24289.86328,26.790712,63.197079,24.39213,48.462418,8.37723,1345.865234,0.958259,49.154762,127.130043,113.087726,906.6523981,1476.778357,4299.961881,0.080051
2026-04-18 08:00:00,176.467133,30.914127,24308.83594,26.825682,63.306522,24.392336,48.583225,8.412253,1346.162842,0.958064,48.907162,127.559971,113.160611,906.1777418,1484.486169,4304.445601,0.076133
2026-04-18 10:00:00,176.379105,31.298952,24161.05273,26.703072,63.189499,24.446846,48.349087,8.367795,1339.231079,0.958364,48.87685,127.502255,113.189606,904.8042388,1475.904193,4311.912818,0.076803
2026-04-18 12:00:00,176.358597,31.20698,24340,26.834759,63.206215,24.42835,48.54689,8.404157,1348.593628,0.957822,48.908493,127.450104,113.152382,907.0325543,1482.145337,4308.149533,0.078873
2026-04-18 14:00:00,176.113968,30.880346,24133.12891,26.743629,63.089081,24.406618,48.416313,8.402115,1339.299438,0.958028,48.890858,127.22311,113.024887,902.3879634,1479.729812,4298.346341,0.078418
2026-04-18 16:00:00,176.518555,30.16655,24179.09375,26.567463,62.910973,24.451447,48.389133,8.34113,1340.221069,0.958192,48.762375,127.75618,113.607582,910.1017192,1472.364215,4316.134092,0.075232
2026-04-18 18:00:00,176.315994,29.372122,24108.21289,26.491667,63.021347,24.454527,48.294239,8.31149,1336.363037,0.957829,48.882366,127.433628,113.294647,910.0300442,1465.448621,4311.724236,0.078513
2026-04-18 20:00:00,176.441589,28.832886,24150.37891,26.533669,62.848125,24.429321,48.383896,8.319771,1338.716431,0.957255,49.125946,127.315643,113.593464,910.1786453,1467.953615,4310.348215,0.077573
2026-04-18 22:00:00,176.297806,28.398712,24016.00586,26.500755,62.8456,24.429996,48.176003,8.315228,1335.500488,0.957474,48.983883,127.313923,113.452206,906.2385528,1465.956453,4306.954695,0.076912
2026-04-19 00:00:00,176.276855,28.345318,24058.28906,26.493568,62.809856,24.444723,48.19595,8.29644,1334.055786,0.957689,49.211021,127.065834,113.466999,908.0803711,1462.470351,4309.038892,0.077573
2026-04-19 02:00:00,176.003632,28.797729,24179.76953,26.602327,62.765717,24.395302,48.38377,8.317319,1338.523438,0.958128,49.063114,126.940518,113.237915,908.9343775,1463.878353,4293.661756,0.076802
2026-04-19 04:00:00,176.021271,29.542244,24066.02344,26.632977,63.009102,24.455112,48.272476,8.311342,1336.028076,0.957674,49.279446,126.741825,113.012169,903.6174754,1462.972983,4304.619897,0.080948
2026-04-19 06:00:00,176.317459,30.264748,24117.93359,26.749956,63.069195,24.423676,48.148548,8.38598,1341.608765,0.957871,48.930794,127.386665,113.248264,901.6064772,1478.594685,4306.320492,0.078506
2026-04-19 08:00:00,175.915558,30.895592,23961.87891,26.709986,63.094688,24.400969,48.200863,8.338953,1334.835815,0.958128,48.803055,127.112503,112.82087,897.1131211,1466.95157,4292.510077,0.080782
2026-04-19 10:00:00,176.03714,31.167786,24194.55469,26.726969,63.154491,24.395542,48.442104,8.370273,1339.831543,0.957857,48.962025,127.075115,112.882649,905.2487279,1473.47892,4294.521442,0.080158
2026-04-19 12:00:00,175.863358,31.128529,24068.86523,26.747162,63.166626,24.428417,48.313568,8.384852,1337.714844,0.958365,48.662491,127.200867,112.696732,899.8661329,1474.588229,4296.063444,0.076633
2026-04-19 14:00:00,176.054138,30.798496,23996,26.612194,63.04797,24.450134,48.170055,8.335656,1333.624634,0.957716,48.843338,127.2108,113.006168,901.6919086,1467.526732,4304.547265,0.076727
2026-04-19 16:00:00,175.959717,30.202124,23922.8418,26.599215,62.75127,24.404228,48.084591,8.298683,1333.83606,0.957453,48.843773,127.115944,113.208447,899.3814967,1460.233912,4294.161052,0.077753
2026-04-19 18:00:00,176.09697,29.368608,23970.26172,26.34725,62.779633,24.495491,48.344986,8.354059,1328.558594,0.957256,48.922169,127.174801,113.317337,909.7823006,1471.124477,4313.581744,0.073196
2026-04-19 20:00:00,176.177505,28.787647,23891.7168,26.356215,62.619335,24.449158,48.066479,8.295706,1326.786377,0.957009,48.963226,127.214279,113.55817,906.4927114,1461.516785,4307.391656,0.075792
2026-04-19 22:00:00,176.051117,28.388687,23956.03906,26.43029,62.737091,24.493088,47.946789,8.314284,1331.506348,0.957306,49.126816,126.924301,113.314026,906.3857817,1463.738985,4312.035501,0.075982
2026-04-20 00:00:00,176.087418,28.405476,23773.87305,26.365936,62.719154,24.456585,47.919434,8.307656,1326.211426,0.957541,49.268459,126.818959,113.368264,901.6889462,1462.873695,4306.496906,0.080333
2026-04-20 02:00:00,176.161682,28.786848,24010.36523,27.130545,63.016117,24.343821,48.335785,8.446521,1341.908447,0.957294,49.102783,127.058899,113.145565,884.9938412,1487.953346,4288.448454,0.079446
2026-04-20 04:00:00,175.71582,29.623041,24046.99219,27.227381,62.91637,24.282309,48.269814,8.451493,1340.763916,0.958314,49.005882,126.709938,112.79945,883.1915265,1485.061023,4266.785837,0.083584
2026-04-20 06:00:00,175.676178,30.142694,24139.02344,27.319256,62.94466,24.384192,48.295994,8.4205,1347.106445,0.958649,48.890419,126.785759,112.731518,883.5900743,1479.281257,4283.721654,0.08366
2026-04-20 08:00:00,175.780273,30.830818,24166.19727,27.43874,63.029205,24.306345,48.356182,8.491282,1345.844971,0.957781,49.150734,126.629539,112.751068,880.732762,1492.599868,4272.57596,0.08486
2026-04-20 10:00:00,175.80806,31.348536,24080.9082,27.414007,62.967098,24.352268,48.249969,8.474179,1345.377441,0.958693,49.144703,126.663357,112.840962,878.4162127,1489.82897,4281.324994,0.084169
2026-04-20 12:00:00,175.484314,31.25149,23977.8418,27.290693,62.991112,24.302776,48.192261,8.436707,1340.547607,0.95878,48.546986,126.937328,112.493202,878.6087549,1480.50974,4264.755975,0.085707
2026-04-20 14:00:00,175.752441,30.914968,24088.52148,27.30382,62.86211,24.303028,48.335251,8.427408,1344.190552,0.958486,48.774063,126.978378,112.890331,882.2399754,1481.137527,4271.316495,0.083185
2026-04-20 16:00:00,175.426422,30.225563,24091.16602,27.149115,62.810371,24.410114,48.266987,8.417343,1343.350708,0.958286,48.820286,126.606136,112.616051,887.36469,1476.624365,4282.17896,0.081798
2026-04-20 18:00:00,175.952469,29.45192,24010.40234,27.093794,62.789425,24.307045,48.12624,8.448829,1339.199951,0.957379,48.940289,127.01218,113.163044,886.1956485,1486.592323,4276.884582,0.082889
2026-04-20 20:00:00,175.760574,28.88117,24157.76367,27.011511,62.587803,24.375422,48.413048,8.399781,1342.124268,0.958241,49.184853,126.575721,113.172771,894.3506963,1476.35033,4284.238162,0.082608
2026-04-20 22:00:00,175.41571,28.418299,24111.52148,27.092421,62.61702,24.342552,48.220619,8.379563,1340.838135,0.958675,49.115673,126.300037,112.79869,889.9729369,1469.906993,4270.066042,0.081311
2026-04-21 00:00:00,175.803848,28.402145,23974.64258,27.053537,62.582848,24.343996,48.100471,8.397531,1339.769531,0.958026,49.1847,126.619148,113.221,886.1925366,1476.318263,4279.768172,0.080264
2026-04-21 02:00:00,175.516098,28.859823,24009.54688,27.155783,62.786713,24.388536,48.019257,8.406268,1339.779785,0.958355,49.220631,126.295467,112.729385,884.1412113,1475.435358,4280.580675,0.083787
2026-04-21 04:00:00,175.713715,29.364672,24092.35352,27.360294,62.932262,24.307974,48.374462,8.448412,1347.193115,0.958764,48.812214,126.901501,112.781453,880.5590143,1484.501858,4271.244416,0.082617
2026-04-21 06:00:00,175.766678,30.279894,24124.96484,27.349281,62.913311,24.304176,48.279568,8.455166,1343.253662,0.958873,48.868023,126.898655,112.853367,882.1059992,1486.13644,4271.864277,0.084247
2026-04-21 08:00:00,175.955093,30.738626,24072.10938,27.267309,63.06786,24.30039,48.262184,8.446939,1345.580688,0.958904,48.730961,127.224132,112.887233,882.8194001,1486.281937,4275.777382,0.086424
2026-04-21 10:00:00,175.671402,31.075768,24196.92773,27.425035,63.048973,24.313135,48.386189,8.437277,1349.715576,0.958587,48.53294,127.138462,112.622429,882.2934131,1482.18828,4271.122512,0.083423
2026-04-21 12:00:00,175.771393,31.047798,24178.60742,27.31669,63.045776,24.361458,48.197224,8.467977,1346.509277,0.95904,48.599442,127.171951,112.725617,885.1221514,1488.428113,4282.047408,0.081501
2026-04-21 14:00:00,175.748154,30.900036,24025.75781,27.220476,62.970989,24.302839,48.105164,8.46435,1342.602051,0.959058,48.703888,127.044266,112.777165,882.6354768,1487.593887,4271.179091,0.082369
2026-04-21 16:00:00,175.663437,30.19095,23967.07617,27.133959,62.847832,24.345091,48.113888,8.413544,1338.909424,0.958773,48.696667,126.96677,112.815605,883.2871079,1477.952056,4276.542359,0.082475
2026-04-21 18:00:00,175.775543,29.280447,24002.83203,27.078466,62.891163,24.378418,48.188889,8.428265,1338.859985,0.958241,48.942684,126.832859,112.88438,886.4177177,1481.482857,4285.129661,0.081537
2026-04-21 20:00:00,175.654541,28.699024,24066.61133,27.118938,62.767586,24.310305,48.14444,8.426827,1341.689209,0.958244,48.980839,126.673702,112.886955,887.4466739,1480.210429,4270.215466,0.082057
2026-04-21 22:00:00,175.762009,28.25421,24243.0918,27.108627,62.614758,24.425867,48.284599,8.418017,1348.174438,0.958025,49.125908,126.636101,113.147251,894.2943439,1479.56758,4293.139455,0.080764
2026-04-22 00:00:00,175.940567,28.343193,24111.56641,27.135521,62.71484,24.314581,48.329208,8.478592,1345.187988,0.958612,49.148548,126.792019,113.225727,888.5610269,1491.728284,4277.921168,0.076783
2026-04-22 02:00:00,176.123871,28.687479,23992.66211,26.483543,62.781658,24.470285,48.286259,8.293404,1333.063843,0.957097,49.162498,126.961373,113.342213,905.9460854,1460.666416,4309.801319,0.078114
2026-04-22 04:00:00,175.9272,29.223183,23936.27148,26.552095,62.923885,24.420334,48.060104,8.336742,1334.114136,0.957894,49.073814,126.853386,113.003315,901.4833475,1466.659677,4296.200984,0.079869
2026-04-22 06:00:00,175.944473,30.022242,23952.12305,26.663132,63.04538,24.434427,48.10947,8.378374,1331.876099,0.958028,49.05732,126.887153,112.899093,898.3236871,1474.128598,4299.102382,0.082277
2026-04-22 08:00:00,176.127014,30.743755,23958.80078,26.668421,63.138878,24.442583,48.203701,8.346408,1333.955322,0.957046,48.973583,127.153431,112.988136,898.3959261,1470.027919,4304.999158,0.076148
2026-04-22 10:00:00,175.854202,31.118805,23984.35742,26.742201,63.176506,24.40974,48.023727,8.356556,1335.390381,0.95848,48.872028,126.982174,112.677696,896.872977,1469.535487,4292.555349,0.079688
2026-04-22 12:00:00,175.820435,31.087326,24058.1875,26.761864,63.086777,24.406893,48.232681,8.351562,1337.841187,0.957955,48.698406,127.122029,112.733658,898.9727883,1468.375264,4291.230544,0.080742
2026-04-22 14:00:00,176.032837,30.874361,23939.31055,26.644674,62.921932,24.434248,48.161983,8.38616,1334.6604,0.957412,48.668701,127.364136,113.110905,898.4651322,1476.239536,4301.229995,0.079466
2026-04-22 16:00:00,176.230377,30.102812,23951.65039,26.496927,62.832058,24.480413,48.181156,8.318772,1332.397095,0.957563,48.962334,127.268043,113.398319,903.9406868,1466.020326,4314.192412,0.078615
2026-04-22 18:00:00,175.932205,29.309519,23974.90039,26.502951,62.855431,24.416151,48.25201,8.316238,1332.267822,0.957569,49.073895,126.85831,113.076774,904.612486,1463.094089,4295.587283,0.07753
2026-04-22 20:00:00,176.295151,28.633268,24000.98242,26.468025,62.754601,24.458755,48.260227,8.291343,1333.186646,0.957375,49.295918,126.999233,113.54055,906.791588,1461.723566,4311.959906,0.076138
2026-04-22 22:00:00,176.212891,28.301134,23980.74805,26.430561,62.788288,24.474146,48.221199,8.35479,1332.488892,0.95735,49.175892,127.036999,113.424603,907.3113525,1472.2217,4312.660021,0.075754
2026-04-23 00:00:00,176.227219,28.128496,24178.33594,26.4853,62.817379,24.460773,48.392208,8.345735,1337.621826,0.957336,49.21767,127.009549,113.40984,912.8964346,1470.74567,4310.654,0.077755
2026-04-23 02:00:00,176.389511,28.56955,24143.99414,26.500334,62.808155,24.50276,48.351048,8.317139,1334.474609,0.957909,49.410931,126.97858,113.581356,911.0826354,1467.056081,4322.029855,0.076687
2026-04-23 04:00:00,176.28183,29.295166,24162.125,26.66235,62.993427,24.353487,48.320599,8.421878,1340.377563,0.958033,49.349052,126.932778,113.288403,906.2263829,1484.624066,4293.077255,0.077104
2026-04-23 06:00:00,176.225861,30.064524,24271.25,26.715683,63.151283,24.419939,48.503075,8.410624,1345.189819,0.958027,49.058788,127.167073,113.074578,908.5019462,1482.169456,4303.424776,0.077661
2026-04-23 08:00:00,176.250214,30.610079,24239.73828,26.742643,63.192715,24.445839,48.395935,8.357508,1342.635254,0.958396,49.017071,127.233143,113.057499,906.4077279,1473.012574,4308.584355,0.079746
2026-04-23 10:00:00,176.160614,31.184895,24266.10156,26.837635,63.183739,24.435881,48.461063,8.381505,1343.616333,0.957989,48.932072,127.228542,112.976875,904.1818164,1476.491067,4304.639801,0.079175
2026-04-23 12:00:00,176.135544,30.955454,24196.31055,26.69771,63.134258,24.423254,48.290916,8.35961,1339.529541,0.95808,48.661404,127.47414,113.001286,906.3065914,1472.424455,4301.80313,0.078194
2026-04-23 14:00:00,175.83783,30.700981,24239.60547,26.6887,63.125484,24.445061,48.441784,8.304689,1345.048462,0.957938,48.798374,127.039456,112.712346,908.2347761,1460.278493,4298.36648,0.078436
2026-04-23 16:00:00,176.172745,29.895033,24190.36719,26.630608,62.961487,24.401991,48.399105,8.35332,1338.950684,0.957485,48.831081,127.341664,113.211258,908.3670635,1471.627314,4298.965738,0.080046
2026-04-23 18:00:00,176.215958,29.249949,24215.76953,26.567968,62.903236,24.455881,48.358864,8.33792,1341.491089,0.958214,49.136242,127.079716,113.312722,911.4648712,1469.274561,4309.516499,0.074057
2026-04-23 20:00:00,176.288757,28.570959,24279.08789,26.525133,62.835533,24.473362,48.521622,8.339961,1340.200439,0.957822,49.296909,126.991848,113.453224,915.3238889,1470.241358,4314.378567,0.074766
2026-04-23 22:00:00,176.226807,28.194487,24275.89453,26.519447,62.849621,24.480541,48.374931,8.290718,1340.321533,0.957956,48.960457,127.26635,113.377186,915.3997265,1461.046761,4314.127574,0.074331
2026-04-24 00:00:00,176.710876,28.201004,24202.42969,26.547781,62.906715,24.453268,48.459217,8.399168,1337.171021,0.95738,49.181351,127.529525,113.804161,911.6554671,1484.224335,4321.158409,0.075381
2026-04-24 02:00:00,176.42485,28.488754,24185.22266,26.588682,62.924896,24.443657,48.335857,8.364495,1339.602295,0.957839,49.014515,127.410335,113.499954,909.6059239,1475.704776,4312.46852,0.075313
2026-04-24 04:00:00,176.549042,29.143419,24202.05469,26.717285,63.151928,24.440289,48.457615,8.361658,1340.880493,0.957289,49.461903,127.087139,113.397114,905.8575633,1476.242709,4314.909609,0.076777
2026-04-24 06:00:00,176.310593,29.964479,24109.7207,26.86709,63.157772,24.383667,48.406376,8.366777,1341.680908,0.957259,49.242867,127.067726,113.152821,897.3700056,1475.151414,4299.098788,0.075944
2026-04-24 08:00:00,176.352448,30.621752,24228.09766,26.834845,63.226383,24.372604,48.487339,8.386315,1342.741211,0.958059,49.27412,127.078328,113.126065,902.8596087,1478.94718,4298.16838,0.077338
2026-04-24 10:00:00,176.372284,30.985172,24422.03906,26.915562,63.235863,24.387239,48.604763,8.389526,1349.167725,0.958221,48.939861,127.432423,113.136421,907.3575748,1479.679862,4301.233043,0.080574
2026-04-24 12:00:00,176.310715,30.887838,24356.22266,26.842291,63.148342,24.37005,48.584064,8.380365,1348.455688,0.958612,48.724014,127.586701,113.162373,907.3824085,1477.548145,4296.70094,0.077543
2026-04-24 14:00:00,176.131119,30.625469,24463.31055,26.697878,63.256359,24.461115,48.774654,8.378029,1350.312012,0.95818,48.88171,127.249409,112.87476,916.3016831,1475.631623,4308.363557,0.077517
2026-04-24 16:00:00,176.312576,29.951378,24325.25586,26.681032,62.942635,24.454096,48.617214,8.372591,1343.173828,0.957929,49.231438,127.081138,113.369941,911.7059587,1476.193087,4311.56466,0.07848
2026-04-24 18:00:00,176.407745,29.255997,24246.14648,26.540121,62.821087,24.452744,48.436836,8.341663,1342.078247,0.957841,48.949787,127.457958,113.586658,913.5657853,1471.533959,4313.653428,0.074574
2026-04-24 20:00:00,176.586746,28.333019,24181.14062,26.507172,62.789658,24.473328,48.464771,8.368379,1339.760254,0.957702,49.04929,127.537456,113.797088,912.2489802,1477.744817,4321.665355,0.075208
2026-04-24 22:00:00,176.385132,28.062954,24167.74609,26.435116,62.850235,24.429136,48.364014,8.335696,1334.791748,0.957109,49.293762,127.09137,113.534897,914.2288649,1470.292839,4308.936378,0.076867
2026-04-25 00:00:00,176.126678,28.114803,24178.95898,26.501316,62.846809,24.457108,48.260628,8.309313,1337.753418,0.957287,49.325855,126.800823,113.279869,912.368238,1463.491695,4307.549186,0.070843
2026-04-25 02:00:00,176.578278,28.337332,24001.13672,25.613218,62.936531,24.63879,48.23085,8.200796,1321.300415,0.955799,49.173347,127.404931,113.641747,937.0605724,1448.082436,4350.67511,0.07072
2026-04-25 04:00:00,176.438126,29.087788,24034.41797,25.710773,63.038734,24.631884,48.299591,8.194402,1326.632324,0.956633,49.168781,127.269345,113.399392,934.7995087,1445.804933,4346.003453,0.070752
2026-04-25 06:00:00,176.647278,29.871706,23919.26367,25.708982,63.124226,24.637655,48.074455,8.208581,1321.521484,0.955569,49.189419,127.457859,113.523052,930.3854844,1450.02349,4352.174692,0.071913
2026-04-25 08:00:00,176.419846,30.502798,23944.74023,25.767937,63.130745,24.611864,48.096855,8.220972,1321.501343,0.956232,49.212994,127.206852,113.289101,929.2455284,1450.342614,4342.021257,0.072695
2026-04-25 10:00:00,176.423584,30.869083,24046.02148,25.800617,63.170792,24.595329,48.21096,8.206536,1330.306152,0.956952,48.672123,127.751461,113.252792,931.9940482,1447.826493,4339.196092,0.073887
2026-04-25 12:00:00,176.410385,30.969772,24055.95508,25.774754,63.123531,24.556723,48.344009,8.209894,1327.360474,0.955601,48.811172,127.599213,113.286854,933.3146333,1448.310561,4332.060959,0.075879
2026-04-25 14:00:00,176.509232,30.431564,23850.96875,25.675901,62.958149,24.595543,48.049065,8.256815,1321.200073,0.956457,48.811146,127.698086,113.551083,928.9243151,1457.404074,4341.340406,0.071581
2026-04-25 16:00:00,176.406311,29.928923,23767.45898,25.527702,62.898418,24.658049,47.933342,8.20253,1317.923706,0.956396,49.019058,127.387253,113.507893,931.0457707,1446.978058,4349.835461,0.071086
2026-04-25 18:00:00,176.465439,29.169436,23812.47656,25.504616,62.785473,24.629845,48.127834,8.145471,1317.906494,0.956449,48.87254,127.592899,113.679966,933.6536007,1437.394116,4346.31641,0.074688
2026-04-25 20:00:00,176.274475,28.311604,23874.74414,25.420427,62.686829,24.691317,48.058903,8.164356,1318.841187,0.956074,49.148052,127.126423,113.587646,939.1952441,1439.167568,4352.448941,0.071092
2026-04-25 22:00:00,176.345673,27.937235,23885.80078,25.421337,62.747635,24.56809,48.102947,8.152981,1317.825562,0.956747,49.138634,127.207039,113.598038,939.5965594,1437.742921,4332.476365,0.07134
2026-04-26 00:00:00,176.478287,27.943014,23865.38672,25.354958,62.77039,24.655613,48.137222,8.106293,1318.033691,0.95676,49.374454,127.103833,113.707897,941.2512819,1430.584703,4351.180347,0.072191
2026-04-26 02:00:00,176.254532,28.414524,23711.38281,25.507967,62.80468,24.682398,47.836044,8.136057,1313.989868,0.956889,49.263519,126.991013,113.449852,929.5677234,1434.016919,4350.384508,0.07181
2026-04-26 04:00:00,176.472809,28.985815,23899.74023,25.631451,62.982906,24.607569,48.106628,8.185354,1318.912476,0.956086,49.381016,127.091793,113.489903,932.4380518,1444.492413,4342.566824,0.072834
2026-04-26 06:00:00,176.295181,29.879967,23653.9707,25.594366,62.968723,24.579113,47.895172,8.148297,1313.737305,0.956274,49.145477,127.149704,113.326458,924.1866238,1436.505494,4333.179175,0.07138
2026-04-26 08:00:00,176.225113,30.45965,23752.69141,25.707253,63.113987,24.61817,47.931904,8.232675,1317.340088,0.955987,49.006832,127.218281,113.111126,923.9684771,1450.804082,4338.33979,0.073856
2026-04-26 10:00:00,176.04097,30.747717,23776.59961,25.692011,63.071766,24.595789,48.10614,8.167959,1318.918457,0.956083,48.639561,127.401409,112.969204,925.4471987,1437.895425,4329.866553,0.07557
2026-04-26 12:00:00,176.292358,30.721756,23728.77148,25.591434,62.991901,24.58824,47.932823,8.164393,1316.951416,0.956741,48.527119,127.765239,113.300457,927.2153911,1439.320094,4334.718809,0.071997
2026-04-26 14:00:00,176.072876,30.431086,23692.27539,25.396425,63.009087,24.643772,47.917866,8.112357,1313.954346,0.956659,48.7048,127.368076,113.063789,932.8980512,1428.366028,4339.099812,0.074683
2026-04-26 16:00:00,176.09491,29.857025,23617.98633,25.438156,62.88652,24.661669,47.840012,8.128174,1312.294678,0.956875,48.670849,127.424061,113.20839,928.4472636,1431.330069,4342.794383,0.072464
2026-04-26 18:00:00,176.179565,28.883459,23687.78906,25.407829,62.65118,24.667454,47.933605,8.144046,1312.772583,0.956806,48.994778,127.184787,113.528385,932.3027584,1434.814482,4345.901315,0.073793
2026-04-26 20:00:00,176.238937,28.309694,23622.29688,25.419809,62.714684,24.667276,47.763412,8.129425,1313.237305,0.956402,48.757362,127.481575,113.524253,929.2869539,1432.72122,4347.334501,0.070194
2026-04-26 22:00:00,176.262939,28.152027,23659.06836,25.355967,62.546566,24.637714,47.957069,8.094757,1312.540283,0.956601,49.235775,127.027164,113.716373,933.0769503,1426.805659,4342.71588,0.075483
2026-04-27 00:00:00,175.959503,27.900084,23514.03906,25.422031,62.645851,24.642801,47.673634,8.096447,1308.166992,0.956554,49.066608,126.892895,113.313652,924.947305,1424.64679,4336.135016,0.073273
2026-04-27 02:00:00,176.156311,28.275217,23726.92773,25.373743,62.796284,24.602146,47.976452,8.10506,1314.779907,0.955889,49.205933,126.950378,113.360027,935.0976612,1427.75747,4333.823282,0.074143
2026-04-27 04:00:00,176.078079,29.01993,23530.96484,25.504423,62.923355,24.620508,47.618492,8.14603,1311.950439,0.956572,49.035522,127.042557,113.154724,922.6229052,1434.337314,4335.131753,0.073537
2026-04-27 06:00:00,176.134216,29.687065,23714.64258,25.598793,62.953594,24.612555,47.97578,8.203742,1318.238403,0.956366,49.131359,127.002857,113.180622,926.3969039,1444.959665,4335.113079,0.075714
2026-04-27 08:00:00,176.199692,30.28821,23602.59375,25.558048,63.000927,24.604206,47.739952,8.14791,1310.666138,0.956058,48.791172,127.40852,113.198765,923.4896871,1435.659232,4335.253519,0.074216
2026-04-27 10:00:00,176.134048,30.69276,23536.60156,25.561913,62.943378,24.580744,47.661743,8.183853,1307.737671,0.956168,48.737518,127.39653,113.19067,920.7683933,1441.455157,4329.505944,0.076278
2026-04-27 12:00:00,176.05426,32.21508,23474.04297,25.490732,63.002235,24.684772,47.53878,8.134658,1310.889282,0.956539,48.766907,127.287353,113.052025,920.8854014,1432.141195,4345.859268,0.073681
2026-04-27 14:00:00,175.954926,30.334106,23584.15039,25.46088,62.836143,24.691372,47.704151,8.118515,1310.862061,0.956486,48.759769,127.195157,113.118783,926.2896801,1428.492706,4344.568533,0.074218
2026-04-27 16:00:00,176.052277,29.81579,23561.23633,25.34376,62.675831,24.686449,47.754978,8.101435,1308.954834,0.956599,48.474632,127.577645,113.376446,929.6661714,1426.276079,4346.105557,0.07338
2026-04-27 18:00:00,176.026367,28.950804,23535.32227,25.326878,62.600033,24.606476,47.790001,8.12043,1306.342285,0.956472,48.928787,127.09758,113.426334,929.2626697,1429.409791,4331.388575,0.07389
2026-04-27 20:00:00,175.950775,28.332455,23540.93945,25.227638,62.566563,24.719557,47.726566,8.077485,1305.567139,0.955612,48.872688,127.078087,113.384212,933.1408455,1421.239746,4349.425212,0.072439
2026-04-27 22:00:00,176.054138,27.82629,23390.99414,25.180414,62.664986,24.677469,47.514545,8.133303,1304.149048,0.9564,49.064816,126.989322,113.389152,928.9360429,1431.901649,4344.570533,0.071725
2026-04-28 00:00:00,176.323898,27.982395,23558.17188,25.34734,62.665798,24.60067,47.75386,8.137466,1308.644165,0.956009,48.94128,127.382618,113.6581,929.4139691,1434.829725,4337.686028,0.073834
2026-04-28 02:00:00,176.104721,28.295019,23504.16406,25.414181,62.619259,24.662918,47.648266,8.115834,1307.498169,0.95674,49.142605,126.962116,113.485462,924.8444426,1429.236682,4343.256293,0.075325
2026-04-28 04:00:00,175.960526,28.923454,23511.29883,25.423771,62.698486,24.677563,47.618183,8.113523,1308.585693,0.95636,49.068649,126.891877,113.26204,924.7762194,1427.659775,4342.276966,0.072022
2026-04-28 06:00:00,175.849136,29.582699,23490.70508,25.501625,62.821968,24.63727,47.704964,8.141129,1308.110474,0.956926,48.889717,126.959419,113.027168,921.1454203,1431.610501,4332.442643,0.073658
2026-04-28 08:00:00,176.065918,30.315729,23608.82617,25.657587,62.933701,24.62443,47.795658,8.15738,1313.72644,0.956643,48.693356,127.372562,113.132217,920.1499023,1436.236598,4335.522873,0.075819
2026-04-28 10:00:00,175.829727,30.752502,23577.18359,25.538168,62.979286,24.634621,47.717297,8.124092,1311.054077,0.956966,48.873688,126.956039,112.850441,923.2135834,1428.456878,4331.498685,0.075822
2026-04-28 12:00:00,175.807175,30.738392,23584.11719,25.432028,62.997452,24.644089,47.764015,8.110194,1312.508911,0.956203,48.574997,127.232178,112.809723,927.3392271,1425.830296,4332.607668,0.076056
2026-04-28 14:00:00,175.97081,30.269598,23567.64844,25.441362,62.837254,24.692713,47.845577,8.120182,1310.112305,0.956121,48.755749,127.215061,113.133556,926.3516803,1428.915004,4345.196708,0.073309
2026-04-28 16:00:00,176.288208,29.690077,23652.49023,25.358761,62.740429,24.655247,47.889965,8.103394,1310.176758,0.955909,48.610443,127.677765,113.547779,932.7147424,1428.532807,4346.429311,0.071688
2026-04-28 18:00:00,175.960724,28.829851,23599.61523,25.316547,62.638718,24.684978,47.923763,8.138182,1307.682007,0.955853,48.957378,127.003346,113.322006,932.1814398,1432.000397,4343.586601,0.072307
2026-04-28 20:00:00,176.014221,28.304878,23639.50586,25.254929,62.56546,24.748205,47.851212,8.106034,1311.741821,0.956304,49.132744,126.881477,113.448761,936.0353323,1426.77726,4356.036024,0.070573
2026-04-28 22:00:00,176.128113,27.82571,23493.21484,25.255503,62.521782,24.665424,47.785507,8.105267,1309.362427,0.956223,49.47448,126.653633,113.606331,930.2216172,1427.565382,4344.274585,0.070457
2026-04-29 00:00:00,176.190567,27.916445,23668.48633,25.383215,62.758926,24.687338,47.853905,8.158842,1311.651367,0.95613,49.121227,127.06934,113.431641,932.4463559,1437.510998,4349.67608,0.068541
2026-04-29 02:00:00,176.367035,28.145374,23543.65039,24.540655,62.760014,24.808804,47.793224,7.99454,1299.341797,0.955346,49.430599,126.936436,113.607021,959.3733497,1409.973316,4375.455203,0.067681
2026-04-29 04:00:00,176.40654,28.95384,23495.17969,24.734604,62.775879,24.736784,47.879082,8.062809,1298.081665,0.955388,49.139259,127.267281,113.630661,949.8910792,1422.332238,4363.730476,0.070075
2026-04-29 06:00:00,176.22644,29.530163,23547.99023,24.838011,62.902943,24.736654,47.874798,8.071324,1304.040649,0.955381,49.254505,126.971935,113.323497,948.0626381,1422.380695,4359.252472,0.070112
2026-04-29 08:00:00,176.306473,30.146822,23451.67578,24.881678,62.988659,24.764549,47.596558,8.063395,1301.916626,0.95588,48.912281,127.394192,113.317814,942.5279027,1421.628733,4366.15029,0.072475
2026-04-29 10:00:00,176.127762,30.71562,23486.89453,24.913031,62.95937,24.763514,47.767075,8.012248,1303.327515,0.955793,48.669472,127.45829,113.168392,942.755401,1411.179309,4361.5423,0.070883
2026-04-29 12:00:00,176.428879,30.476936,23601.9082,24.90477,62.954617,24.737181,47.702953,8.066835,1305.486938,0.955798,48.712395,127.716484,113.474262,947.6862546,1423.222656,4364.353113,0.071049
2026-04-29 14:00:00,176.209961,30.375937,23419.13867,24.76738,62.792835,24.728485,47.569992,8.00933,1298.336792,0.955628,48.703079,127.506882,113.417126,945.5638292,1411.323727,4357.405377,0.071643
2026-04-29 16:00:00,176.228714,29.619184,23571.81836,24.832556,62.862423,24.744781,47.859322,8.037575,1305.119263,0.954965,48.907257,127.321457,113.366291,949.2304521,1416.451506,4360.740934,0.071454
2026-04-29 18:00:00,176.325577,28.80929,23384.34375,24.603725,62.772594,24.844101,47.670521,7.983085,1293.02478,0.956032,48.96867,127.356907,113.552983,950.4391611,1407.622069,4380.650444,0.069062
2026-04-29 20:00:00,176.529816,28.073042,23539.17969,24.654448,62.646168,24.762627,47.757687,7.987293,1299.639771,0.955473,49.194729,127.335087,113.883648,954.7640121,1409.995364,4371.341988,0.067214
2026-04-29 22:00:00,176.593781,27.746199,23570.48633,24.66453,62.67717,24.761473,47.822121,7.99341,1301.690063,0.955614,49.39246,127.201321,113.916611,955.6430359,1411.586495,4372.72214,0.068738
2026-04-30 00:00:00,176.355637,27.934208,23547.19922,24.778812,62.790661,24.747688,47.668133,7.992511,1301.170044,0.955243,49.297817,127.05782,113.564976,950.2957292,1409.524369,4364.394282,0.068299
2026-04-30 02:00:00,176.55101,28.276613,23692.91602,24.816132,62.841743,24.779503,47.902214,8.069353,1304.61438,0.95505,49.21769,127.33332,113.709267,954.7384748,1424.652422,4374.846282,0.069397
2026-04-30 04:00:00,176.76799,28.875772,23588.11133,24.860096,62.907501,24.740934,47.899948,8.056221,1303.137695,0.955488,48.951065,127.816925,113.860489,948.8342816,1424.081993,4373.405174,0.06759
2026-04-30 06:00:00,176.680267,29.466377,23800.42578,24.940281,62.956043,24.751595,48.001282,8.073112,1309.249268,0.955141,49.063339,127.616928,113.724224,954.2966168,1426.359584,4373.118413,0.069345
2026-04-30 08:00:00,176.542236,30.076534,23647.61914,24.965668,63.120827,24.752493,47.80022,8.120808,1307.608521,0.955688,49.044765,127.497471,113.421409,947.2055441,1433.665602,4369.860461,0.070904
2026-04-30 10:00:00,176.471603,30.49802,23696.8457,24.940641,63.055027,24.684956,47.860039,8.131634,1308.55603,0.955708,48.943176,127.528427,113.416576,950.1297783,1435.002487,4356.193755,0.070915
2026-04-30 12:00:00,176.630295,30.636164,23646.22266,24.90929,63.104214,24.66983,47.758286,8.081497,1307.516846,0.955189,49.00317,127.627125,113.526081,949.2933221,1427.437199,4357.43935,0.069104
2026-04-30 14:00:00,176.515045,30.103765,23757.51367,24.912865,62.958721,24.741917,48.015747,8.081377,1309.483276,0.956363,49.023312,127.491733,113.556324,953.624309,1426.484625,4367.320593,0.067584
2026-04-30 16:00:00,176.633209,29.508137,23701.74219,24.83885,62.829075,24.779938,48.006756,8.052815,1308.483398,0.956094,48.880138,127.753071,113.804134,954.2205935,1422.394555,4376.959968,0.067984
2026-04-30 18:00:00,176.548828,28.85561,23696.72852,24.68211,62.733196,24.793768,47.929821,8.03016,1305.316528,0.955579,48.806541,127.742287,113.815632,960.077097,1417.715337,4377.310682,0.067268
2026-04-30 20:00:00,176.708969,28.197037,23754.0625,24.700079,62.689198,24.804737,47.905975,7.977959,1306.79895,0.955563,49.266151,127.442818,114.019771,961.6998593,1409.77691,4383.219502,0.066946
2026-04-30 22:00:00,176.70961,27.746902,23715.9668,24.759832,62.660923,24.786076,47.898838,8.067992,1307.646729,0.955246,49.16254,127.54707,114.048687,957.8403762,1425.69172,4379.937823,0.064723
2026-05-01 00:00:00,176.421356,27.774242,23774.56055,24.805256,62.780998,24.771997,47.899494,8.053267,1306.777588,0.955675,49.483143,126.938213,113.640358,958.4485057,1420.768284,4370.309302,0.07145
2026-05-01 02:00:00,176.347153,28.289238,23902.82227,25.547993,62.869553,24.669638,48.049324,8.146595,1320.240601,0.956226,49.560089,126.787064,113.4776,935.6046976,1436.628835,4350.420427,0.070002
2026-05-01 04:00:00,176.462219,28.827751,23957.54297,25.593412,62.968365,24.628315,48.238659,8.200605,1322.547241,0.957422,49.249516,127.212703,113.493854,936.0824172,1447.096955,4345.967115,0.072929
2026-05-01 06:00:00,176.544098,29.697578,24081.48047,25.721939,63.133057,24.599228,48.439278,8.229238,1330.610352,0.957427,49.21656,127.327538,113.411041,936.2233722,1452.8234,4342.848519,0.071842
2026-05-01 08:00:00,176.522507,30.213131,24114.86914,25.781408,63.112709,24.581854,48.2407,8.16307,1327.650513,0.956985,48.687916,127.834591,113.409798,935.3588889,1440.965581,4339.250495,0.07261
2026-05-01 10:00:00,176.46196,30.490198,23854.27539,25.653866,63.109264,24.601055,48.13781,8.203021,1316.9729,0.956701,48.791492,127.670468,113.352696,929.851095,1447.521164,4341.150383,0.073049
2026-05-01 12:00:00,176.716064,30.472309,23974.5332,25.681831,63.068157,24.680277,48.218025,8.170053,1322.457031,0.956515,48.922192,127.793872,113.647907,933.5211809,1443.779609,4361.40141,0.0726
2026-05-01 14:00:00,176.656479,30.229792,23985.77734,25.655882,62.954021,24.663889,48.127228,8.236395,1322.623169,0.956998,49.056091,127.600388,113.702458,934.9036351,1455.01254,4357.035789,0.07183
2026-05-01 16:00:00,176.510971,29.52597,23902.81641,25.496408,62.830303,24.646626,48.05415,8.135166,1317.375854,0.956829,48.983444,127.527527,113.680668,937.4974077,1435.94605,4350.399887,0.071226
2026-05-01 18:00:00,176.43428,28.766872,23855.69922,25.434416,62.906406,24.65336,48.03714,8.155074,1316.703857,0.956054,48.909969,127.524311,113.527874,937.9298986,1438.83461,4349.697821,0.069827
2026-05-01 20:00:00,176.498032,28.069185,23874.02148,25.388277,62.678436,24.686712,48.038857,8.133999,1317.539917,0.95664,49.391479,127.106553,113.819596,940.3561133,1435.634816,4357.156085,0.070367
2026-05-01 22:00:00,176.360992,27.743401,23789.82812,25.416058,62.775101,24.592619,47.997257,8.145038,1317.163086,0.956565,49.299839,127.061153,113.585891,936.015653,1436.466982,4337.178683,0.07184
2026-05-02 00:00:00,176.58223,27.885201,23902.32617,25.561895,62.756157,24.651461,48.214111,8.229027,1319.234009,0.956686,49.452782,127.129448,113.826073,935.0764555,1453.099938,4353.009956,0.07141
2026-05-02 02:00:00,176.431351,28.059757,23930.20508,25.503654,62.810558,24.63698,48.080292,8.134621,1318.519897,0.956731,49.470798,126.960553,113.620793,938.3049612,1435.202173,4346.735666,0.070229
2026-05-02 04:00:00,176.347336,28.754919,23919.375,25.528181,62.940838,24.653616,48.167332,8.14988,1319.546387,0.956417,49.326962,127.020374,113.406498,936.9792152,1437.209627,4347.599504,0.070388
2026-05-02 06:00:00,176.575943,29.548674,23941.13281,25.580425,63.043621,24.649815,48.141773,8.21039,1321.768921,0.956836,49.241783,127.33416,113.532322,935.9161473,1449.757357,4352.564328,0.072115
2026-05-02 08:00:00,176.251266,30.115158,23857.19336,25.666374,63.122105,24.561579,48.173138,8.206998,1320.906006,0.956607,48.965603,127.285663,113.129161,929.5116388,1446.493788,4329.009394,0.075105
2026-05-02 10:00:00,176.391907,30.52997,24066.46875,25.744585,62.997772,24.602365,48.302048,8.19358,1327.268188,0.957319,48.615524,127.776383,113.394135,934.8167294,1445.281201,4339.658079,0.073823
2026-05-02 12:00:00,176.310364,30.651817,23957.66406,25.625814,63.100552,24.603876,48.251858,8.146828,1323.322388,0.956761,48.976082,127.334282,113.209812,934.9035337,1436.37021,4337.918333,0.074625
2026-05-02 14:00:00,176.374161,30.218658,23953.25586,25.519672,62.860794,24.671547,48.145523,8.185227,1320.776733,0.956181,48.882519,127.491642,113.513367,938.6192683,1443.662545,4351.423403,0.072794
2026-05-02 16:00:00,176.379333,29.54092,23808.4082,25.563787,62.822334,24.558641,47.966076,8.198639,1316.793091,0.955984,48.962128,127.417205,113.556999,931.333382,1446.070478,4331.636719,0.075735
2026-05-02 18:00:00,176.218536,28.770697,23872.75977,25.424334,62.693657,24.655973,48.060452,8.152839,1316.822266,0.95595,48.959709,127.258827,113.524879,938.9728662,1436.681353,4344.839466,0.072006
2026-05-02 20:00:00,176.276398,28.039944,23807.73828,25.327497,62.669456,24.644701,48.009903,8.120376,1316.023438,0.956131,48.981812,127.294586,113.606942,939.9957004,1431.430632,4344.279122,0.069855
2026-05-02 22:00:00,176.317841,27.781418,23671.2168,25.410292,62.618614,24.611437,47.849712,8.160216,1311.78772,0.956251,49.511078,126.806763,113.699227,931.5602039,1438.791667,4339.435436,0.070969
2026-05-03 00:00:00,175.968185,27.890453,23747.51172,25.359341,62.681297,24.648842,47.911472,8.144263,1313.276978,0.955379,49.244972,126.723213,113.286888,936.4404114,1433.131178,4337.411989,0.070947
2026-05-03 02:00:00,176.220474,28.07741,23739.37695,25.496403,62.680153,24.603157,47.96711,8.160402,1313.777954,0.956032,49.307079,126.913395,113.540321,931.087297,1438.029908,4335.579988,0.073672
2026-05-03 04:00:00,175.970749,28.827236,23723.98828,25.553854,62.949661,24.655743,47.905605,8.154548,1314.958008,0.955964,49.33366,126.637089,113.021088,928.391791,1434.961919,4338.689563,0.074227
2026-05-03 06:00:00,175.967865,29.593609,23736.99023,25.630259,62.981205,24.674116,48.064911,8.12913,1318.90686,0.956338,49.052422,126.915443,112.98666,926.1315008,1430.46565,4341.851513,0.074974
2026-05-03 08:00:00,176.066147,30.088522,23703.20508,25.647318,62.953503,24.532845,47.872536,8.157786,1314.138428,0.957526,48.813087,127.25306,113.112644,924.198198,1436.309949,4319.403494,0.074622
2026-05-03 10:00:00,176.381058,30.524765,23733.63477,25.707218,63.06255,24.562702,47.970558,8.22063,1316.600464,0.956424,48.781456,127.599602,113.318508,923.2284398,1449.963417,4332.395366,0.075891
2026-05-03 12:00:00,175.98436,30.552547,23736.64258,25.600254,62.961182,24.579294,48.017952,8.140048,1318.911011,0.956396,48.899216,127.085144,113.023178,927.2034011,1432.521138,4325.571324,0.074444
2026-05-03 14:00:00,176.154373,30.281696,23753.22461,25.515942,62.879059,24.585653,47.949917,8.160208,1314.586426,0.956148,48.63496,127.519413,113.275314,930.9170169,1437.456324,4330.870289,0.073891
2026-05-03 16:00:00,175.817749,29.508165,23608.54883,25.405682,62.688213,24.621788,47.993324,8.108809,1311.477783,0.956299,48.942547,126.875202,113.129536,929.2625495,1425.672545,4328.947343,0.076513
2026-05-03 18:00:00,176.106766,28.827085,23724.70117,25.347469,62.593456,24.653511,47.917175,8.139627,1315.641113,0.956269,48.988197,127.118569,113.51331,935.979098,1433.443387,4341.650093,0.072275
2026-05-03 20:00:00,176.057693,28.254532,23685.81836,25.354496,62.573643,24.67239,47.86113,8.093354,1309.673828,0.956717,48.96175,127.095943,113.48405,934.1861246,1424.897234,4343.764064,0.0751
2026-05-03 22:00:00,176.080765,27.741394,23392.97852,25.178062,62.51857,24.651415,47.607674,8.095378,1304.203125,0.956016,49.252193,126.828572,113.562195,929.1016328,1425.440351,4340.640012,0.069347
2026-05-04 00:00:00,176.190384,27.880133,23518.76758,25.350103,62.573517,24.597263,47.659836,8.073387,1305.622437,0.955735,49.39571,126.794674,113.616867,927.758265,1422.453156,4333.801213,0.077892
2026-05-04 02:00:00,175.668945,28.21599,23902.25391,26.411011,62.601036,24.484083,48.060684,8.276441,1330.739502,0.956905,49.304455,126.36449,113.067909,905.0109406,1453.913659,4301.09303,0.077583
2026-05-04 04:00:00,175.814514,28.728981,23878.45117,26.490076,62.750114,24.41313,47.943001,8.302212,1330.03125,0.957127,49.380325,126.434189,113.0644,901.4111991,1459.649368,4292.182586,0.078382
2026-05-04 06:00:00,175.505081,29.569036,23992.3457,26.51199,62.83392,24.471411,48.287861,8.295676,1331.491211,0.957897,49.021606,126.483475,112.671161,904.9620833,1455.933288,4294.85697,0.079357
2026-05-04 08:00:00,175.564331,30.116077,23920.54883,26.599892,62.940304,24.479061,47.948875,8.296806,1330.817749,0.957703,48.890667,126.673664,112.624027,899.2724041,1456.623195,4297.649968,0.080935
2026-05-04 10:00:00,175.820877,30.555668,23830.23828,26.552223,62.878208,24.448854,48.183083,8.283957,1332.287476,0.95837,48.618153,127.202724,112.942669,897.4856185,1456.492585,4298.618952,0.080138
2026-05-04 12:00:00,175.784286,30.61356,23889.1875,26.549826,62.824188,24.465876,48.020222,8.261524,1328.917358,0.957688,48.734798,127.049488,112.960098,899.7869704,1452.246098,4300.716544,0.080381
2026-05-04 14:00:00,175.690521,30.148258,23763.46289,26.324778,62.710003,24.511541,48.02029,8.284228,1326.821045,0.957511,48.676758,127.013763,112.980518,902.7032589,1455.460333,4306.445409,0.078587
2026-05-04 16:00:00,175.483139,29.583992,23727.31641,26.36421,62.64748,24.461487,47.91951,8.286927,1323.286133,0.95763,48.722172,126.760967,112.835659,899.9820744,1454.215963,4292.578523,0.078616
2026-05-04 18:00:00,175.999985,28.858261,23754.72266,26.289078,62.605885,24.461563,48.042824,8.314605,1327.328613,0.957468,49.006386,126.993599,113.3941,903.5966441,1463.370355,4305.234721,0.078521
2026-05-04 20:00:00,175.692032,28.124582,23756.35938,26.209803,62.459621,24.527617,47.892227,8.254166,1325.47168,0.95777,49.341946,126.350086,113.232411,906.3921379,1450.191197,4309.306871,0.077593
2026-05-04 22:00:00,175.462585,27.674854,23822.80664,26.18693,62.449413,24.49617,48.113186,8.176344,1324.917725,0.957287,49.105213,126.357372,113.013172,909.721248,1434.642454,4298.161311,0.075804
2026-05-05 00:00:00,175.386444,27.802769,23860.73633,26.287701,62.612808,24.488758,48.134819,8.21494,1327.708984,0.957261,49.052353,126.334091,112.773636,907.6768002,1440.789114,4294.996184,0.075636
2026-05-05 02:00:00,175.849213,28.198528,23732.87109,26.294849,62.761234,24.481781,47.866585,8.25838,1326.577148,0.957612,49.285519,126.563694,113.087979,902.5673087,1452.229624,4305.101922,0.07795
2026-05-05 04:00:00,175.400833,28.771225,23974.04688,26.467333,62.814228,24.514902,48.083717,8.344308,1329.681519,0.957699,48.976196,126.424637,112.586605,905.7976062,1463.598574,4299.934232,0.081477
2026-05-05 06:00:00,175.638214,29.576729,23738.60547,26.518875,62.79855,24.503756,47.906555,8.288568,1324.852417,0.957976,49.108326,126.529888,112.839664,895.1588432,1455.78928,4303.79594,0.082457
2026-05-05 08:00:00,175.614624,30.170849,23704.98633,26.494268,62.873764,24.453032,47.896812,8.319698,1325.283936,0.958756,48.833912,126.780712,112.74086,894.7213159,1461.060636,4294.31002,0.080244
2026-05-05 10:00:00,175.731659,30.574224,23912.01172,26.627241,62.954147,24.486994,48.046703,8.33613,1330.596191,0.958251,48.836285,126.895374,112.777512,898.0281404,1464.921955,4303.14008,0.080878
2026-05-05 12:00:00,175.598633,30.461775,23894.17969,26.577799,62.819912,24.418036,47.915546,8.3148,1331.224854,0.958418,48.601612,126.997021,112.778721,899.0277821,1460.067514,4287.773742,0.078819
2026-05-05 14:00:00,175.53772,30.205824,23813.99805,26.437727,62.661018,24.563778,48.00259,8.271431,1326.375244,0.95736,48.558937,126.978783,112.876702,900.7581494,1451.948139,4311.869585,0.080056
2026-05-05 16:00:00,175.703384,29.608812,23858.43164,26.394106,62.637146,24.494097,47.960651,8.291207,1327.503296,0.958056,48.836948,126.866436,113.066238,903.9302805,1456.793127,4303.695731,0.076706
2026-05-05 18:00:00,175.454315,28.735712,23914.41016,27.005581,62.52235,24.36231,48.153351,8.398575,1336.919434,0.95736,48.816326,126.637989,112.931965,885.5358511,1473.566224,4274.472413,0.0807
2026-05-05 20:00:00,175.716034,28.249758,23741.0625,26.242712,62.504272,24.545868,47.945549,8.274995,1323.3125,0.957109,48.975086,126.740948,113.211762,904.6726001,1454.049303,4313.102576,0.078168
2026-05-05 22:00:00,175.977097,27.829588,23812,26.320576,62.482697,24.437517,48.152454,8.272169,1326.811157,0.957281,49.228207,126.74889,113.4944,904.6914475,1455.712287,4300.4433,0.073895
2026-05-06 00:00:00,175.711472,27.902229,23911.63477,26.305813,62.665035,24.460939,48.103302,8.303359,1328.779419,0.957186,49.26004,126.451432,113.046437,908.9867234,1458.995432,4298.067598,0.076481
2026-05-06 02:00:00,175.59346,28.197973,23899.46289,26.444391,62.635937,24.505604,48.29055,8.251257,1330.276489,0.957647,49.176022,126.417438,112.957523,903.7630283,1448.866766,4303.023796,0.077096
2026-05-06 04:00:00,175.844498,28.854237,23969.81445,26.508463,62.957378,24.478924,48.246487,8.26187,1332.182739,0.957738,49.205952,126.638546,112.88712,904.2325258,1452.804383,4304.484102,0.079472
2026-05-06 06:00:00,175.644958,29.706945,24110.20898,26.540672,62.856434,24.449524,48.301907,8.283333,1335.354736,0.957655,49.130299,126.514659,112.788524,908.4249632,1454.925677,4294.435616,0.079011
2026-05-06 08:00:00,175.888092,30.198748,23936.81055,26.604181,62.940559,24.431059,48.276657,8.302791,1334.854004,0.957856,49.054268,126.833824,112.947533,899.7386744,1460.362067,4297.132353,0.077832
2026-05-06 10:00:00,175.980698,30.805128,23948.625,26.647659,63.037476,24.502768,48.15831,8.355436,1335.138428,0.958159,48.784489,127.196209,112.943222,898.7140296,1470.395459,4312.014216,0.079104
2026-05-06 12:00:00,176.075485,30.685457,23954.93945,26.616678,62.930275,24.440886,48.202938,8.315179,1334.346313,0.957871,48.4897,127.585785,113.14521,899.997342,1464.099175,4303.440856,0.080212
2026-05-06 14:00:00,176.073242,30.336037,24142.94336,26.545246,62.837044,24.549223,48.354771,8.335221,1338.069946,0.958237,48.763077,127.310165,113.236198,909.5015868,1467.609384,4322.461282,0.076868
2026-05-06 16:00:00,175.847031,29.725908,23957.24805,26.434652,62.667229,24.425964,48.121029,8.310625,1333.102539,0.958056,49.046787,126.800244,113.179802,906.2819532,1461.398732,4295.233249,0.075516
2026-05-06 18:00:00,175.96608,28.938879,24011.79688,26.405779,62.71946,24.441929,48.149147,8.266896,1330.046265,0.957919,48.984997,126.981083,113.24662,909.3387048,1454.693283,4300.950434,0.077291
2026-05-06 20:00:00,175.914642,28.228546,23988.00195,26.225092,62.700855,24.464531,48.059647,8.314159,1329.135986,0.957659,49.146366,126.768276,113.213787,914.6965796,1462.582304,4303.669213,0.075514
2026-05-06 22:00:00,175.791306,27.917154,24065.3457,26.384459,62.703205,24.483946,48.217178,8.258054,1332.03125,0.957911,49.335155,126.456151,113.088101,912.1030567,1451.694098,4304.064843,0.076454
2026-05-07 00:00:00,176.035233,27.951998,24011.74805,26.342167,62.764671,24.429853,48.183517,8.323979,1334.084595,0.957332,49.202236,126.832997,113.270562,911.5327546,1465.313583,4300.514865,0.075732
2026-05-07 02:00:00,175.99794,28.229,24036.10547,26.494892,62.719532,24.441813,48.246292,8.286891,1336.116943,0.957821,49.286278,126.711662,113.278408,907.1977145,1458.475745,4301.708738,0.078459
2026-05-07 04:00:00,175.980911,28.908907,24027.87695,26.486513,62.952602,24.456079,48.163067,8.305791,1330.902222,0.958559,48.941822,127.039089,113.028309,907.1740381,1461.660667,4303.803062,0.078588
2026-05-07 06:00:00,176.412323,29.690813,24280.87891,26.634941,63.079697,24.46109,48.450813,8.390578,1341.881836,0.95749,49.390862,127.021461,113.332626,911.6175217,1480.201356,4315.23771,0.077243
2026-05-07 08:00:00,175.834061,30.276903,24217.47461,26.634333,63.065086,24.436394,48.393177,8.345768,1342.107666,0.957861,48.972012,126.862049,112.768975,909.2577843,1467.47028,4296.750393,0.079928
2026-05-07 10:00:00,176.08165,30.796558,24228.4082,26.748178,63.115891,24.445887,48.334496,8.346958,1344.624146,0.957766,48.902634,127.179016,112.965759,905.7965818,1469.746137,4304.472119,0.079299
2026-05-07 12:00:00,176.100113,30.731588,24345.86914,26.759975,63.02631,24.469023,48.544411,8.36182,1345.01123,0.957755,48.764427,127.335686,113.073803,909.7866923,1472.517447,4308.997715,0.078426
2026-05-07 14:00:00,176.221085,30.38129,24177.32812,26.697197,63.070465,24.447647,48.371864,8.381701,1338.305786,0.958292,49.046379,127.174706,113.15062,905.6129797,1477.032444,4308.19088,0.077569
2026-05-07 16:00:00,176.127808,29.830412,24125.53516,26.47999,62.913914,24.540646,48.357567,8.326852,1334.19519,0.957918,48.813965,127.313843,113.213894,911.0855086,1466.59019,4322.290187,0.077805
2026-05-07 18:00:00,176.190155,28.988224,24237.98047,26.496256,62.770023,24.442062,48.486294,8.343436,1338.657471,0.957848,48.861515,127.32864,113.420132,914.7700139,1470.031282,4306.450692,0.07825
2026-05-07 20:00:00,176.388992,28.364561,24075.41406,26.466606,62.768658,24.50382,48.375626,8.326817,1338.110352,0.957445,49.063999,127.324993,113.620334,909.6524905,1468.758857,4322.20411,0.075679
2026-05-07 22:00:00,176.17984,28.03746,24146.29883,26.524105,62.773628,24.470699,48.488461,8.346903,1334.964966,0.957105,49.389214,126.790626,113.406212,910.3530101,1470.556035,4311.243835,0.076873
2026-05-08 00:00:00,176.112167,27.815914,24226.07617,26.412361,62.85754,24.450994,48.435047,8.2745,1341.219116,0.958039,49.316338,126.795829,113.254627,917.2249377,1457.240126,4306.117539,0.076141
2026-05-08 02:00:00,175.877472,28.251997,24283.68164,27.301704,62.878857,24.314589,48.232391,8.459428,1349.361084,0.958217,49.430096,126.447376,112.998615,889.4566303,1487.822811,4276.388446,0.079346
2026-05-08 04:00:00,176.08873,29.028217,24257.85156,27.342649,63.047218,24.313904,48.450638,8.477756,1348.46521,0.958475,49.34853,126.7402,113.041512,887.1800081,1492.837287,4281.404477,0.082882
2026-05-08 06:00:00,175.912094,29.764898,24434.29688,27.472919,63.055115,24.320368,48.568779,8.469165,1352.979858,0.959011,49.098705,126.813389,112.856979,889.3957309,1489.82855,4278.246862,0.079684
2026-05-08 08:00:00,175.762543,30.444592,24478.95703,27.499266,63.271515,24.293829,48.676033,8.434129,1357.939453,0.958306,48.995495,126.767048,112.491028,890.1676514,1482.403961,4269.945164,0.081938
2026-05-08 10:00:00,176.077133,30.686752,24527.35156,27.437424,63.242638,24.243851,48.71196,8.468642,1358.327515,0.958448,48.758537,127.318596,112.834495,893.9378406,1491.134204,4268.787777,0.081658
2026-05-08 12:00:00,175.915131,30.857132,24493.03711,27.353918,63.146053,24.33456,48.773376,8.437852,1356.962646,0.958336,48.877499,127.037632,112.769078,895.4123906,1484.34584,4280.81731,0.081693
2026-05-08 14:00:00,176.092575,30.379881,24436.86133,27.325621,63.010174,24.306755,48.479935,8.486117,1355.212402,0.958437,48.879883,127.212692,113.082401,894.2838418,1494.342194,4280.239078,0.080945
2026-05-08 16:00:00,176.013809,29.714775,24464.8418,27.307581,62.947834,24.308529,48.699429,8.449191,1355.496826,0.958679,48.95483,127.058979,113.065975,895.8992668,1487.174291,4278.63678,0.079958
2026-05-08 18:00:00,176.033066,29.03569,24421.70703,27.167126,62.897278,24.332447,48.545486,8.397859,1351.729858,0.958387,49.027683,127.005383,113.135788,898.9433417,1478.300868,4283.315249,0.080693
2026-05-08 20:00:00,176.096161,28.425888,24371.29297,27.288441,62.809505,24.286554,48.583191,8.477514,1351.043335,0.95844,49.377563,126.718598,113.286656,893.0994984,1492.85767,4276.768923,0.078677
2026-05-08 22:00:00,176.115479,27.992203,24415.19922,27.233871,62.811485,24.330473,48.551662,8.446938,1349.940186,0.958852,49.299793,126.815686,113.303994,896.5012436,1487.636532,4284.972907,0.079207
2026-05-09 00:00:00,176.283005,28.021576,24369.62305,27.296003,62.892986,24.311949,48.608807,8.458015,1351.703613,0.958496,49.426208,126.856797,113.390019,892.7908986,1491.004301,4285.783427,0.081178
2026-05-09 02:00:00,176.120743,28.373692,24384.30078,27.321751,62.933193,24.269766,48.506851,8.45167,1351.5896,0.958608,49.171333,126.94941,113.18755,892.486751,1488.5144,4274.40922,0.079414
2026-05-09 04:00:00,176.002121,29.081182,24404.18164,27.400446,63.04789,24.243977,48.594666,8.480593,1355.269653,0.958827,49.185719,126.816402,112.954231,890.6490661,1492.602355,4266.991373,0.080444
2026-05-09 06:00:00,175.588547,29.722673,24442.38281,27.404463,63.056507,24.324259,48.672577,8.429123,1354.859009,0.958663,49.178719,126.409828,112.53204,891.9124893,1480.05746,4271.061295,0.08116
2026-05-09 08:00:00,175.875504,30.435003,24441.24414,27.47411,63.17086,24.321192,48.531319,8.475155,1355.881958,0.959083,49.251099,126.624405,112.704644,889.6100416,1490.572157,4277.501901,0.081211
2026-05-09 10:00:00,176.099991,30.774521,24317.01758,27.530096,63.173393,24.260073,48.525249,8.511005,1353.559448,0.95878,48.883404,127.216587,112.926598,883.2885137,1498.787904,4272.198637,0.082584
2026-05-09 12:00:00,175.888077,30.845385,24394.56641,27.369293,63.203102,24.264408,48.622746,8.484629,1351.516968,0.958418,49.078186,126.809891,112.684975,891.3115295,1492.345079,4267.820063,0.080263
2026-05-09 14:00:00,175.943542,30.452881,24355.46875,27.343355,63.005352,24.362352,48.587276,8.459004,1353.921387,0.958459,48.790123,127.153419,112.93819,890.7271529,1488.307126,4286.398502,0.080411
2026-05-09 16:00:00,175.829483,29.796467,24465.96094,27.28347,62.749199,24.365339,48.708923,8.455879,1354.722412,0.958172,48.947147,126.882336,113.080284,896.7320117,1486.792833,4284.144959,0.080292
2026-05-09 18:00:00,175.93457,29.129833,24276.41992,27.237108,62.870132,24.323799,48.556343,8.429765,1351.025635,0.958985,48.83186,127.10271,113.064438,891.2994699,1483.08708,4279.397118,0.078563
2026-05-09 20:00:00,175.900558,28.50087,24241.92969,27.15041,62.77734,24.335087,48.40424,8.436943,1346.699219,0.958054,49.205536,126.695022,113.123218,892.8752711,1484.062982,4280.555382,0.081091
2026-05-09 22:00:00,176.164932,28.140963,24239.53125,27.084978,62.82719,24.371387,48.377926,8.431859,1346.198853,0.958634,49.389084,126.775848,113.337742,894.9437304,1485.397867,4293.383734,0.0784
2026-05-10 00:00:00,175.806381,28.259716,24236.29492,27.165115,62.756699,24.286293,48.394615,8.421821,1348.807739,0.958459,49.385605,126.420776,113.049682,892.1845139,1480.609871,4269.68528,0.076293
2026-05-10 02:00:00,176.198639,28.451702,24020.57617,26.546911,62.86816,24.414841,48.189823,8.326809,1335.466553,0.958097,48.975243,127.223396,113.330479,904.8350737,1467.172413,4301.861756,0.077213
2026-05-10 04:00:00,176.308792,29.149612,24186.86328,26.592113,63.046791,24.462379,48.519905,8.379062,1342.137207,0.957288,49.163513,127.145279,113.262001,909.5502595,1477.302299,4312.932491,0.076565
2026-05-10 06:00:00,176.228775,29.923128,24114.09961,26.678188,63.026649,24.489157,48.245743,8.349048,1338.771973,0.957802,48.812504,127.416271,113.202126,903.8882104,1471.342501,4315.694139,0.080865
2026-05-10 08:00:00,176.136124,30.608696,24030.26367,26.664616,63.087776,24.451042,48.260017,8.35004,1337.339478,0.957616,48.989128,127.146996,113.048348,901.2041903,1470.743681,4306.711766,0.07936
2026-05-10 10:00:00,175.858063,30.924467,23910.33398,26.661694,63.154232,24.424131,48.033772,8.360784,1334.101685,0.957879,48.933727,126.924336,112.703831,896.8047561,1470.311279,4295.180368,0.080638
2026-05-10 12:00:00,176.116135,30.958485,24205.06836,26.599834,63.109612,24.466785,48.293713,8.407656,1340.613159,0.957709,48.760044,127.356091,113.006523,909.9706547,1480.723879,4308.99561,0.076358
2026-05-10 14:00:00,175.755981,30.614529,23955.69141,26.562321,62.917698,24.47312,48.256042,8.285735,1334.450073,0.957403,48.515854,127.240127,112.838283,901.867401,1456.267483,4301.297214,0.081961
2026-05-10 16:00:00,175.915237,29.963646,23835.58203,26.396263,62.837471,24.44869,48.041142,8.296424,1327.282471,0.957768,48.694553,127.220684,113.077766,902.9907768,1459.467394,4300.897096,0.079002
2026-05-10 18:00:00,176.321579,29.230101,23956.14258,26.346375,62.740719,24.484074,48.155117,8.328276,1328.567627,0.956861,49.020496,127.301083,113.58086,909.2766112,1468.454775,4317.070588,0.075048
2026-05-10 20:00:00,175.944244,28.608162,23883.03711,26.379293,62.673679,24.464918,48.057339,8.266845,1329.088745,0.957414,49.211185,126.733059,113.270565,905.3706295,1454.503794,4304.461502,0.076596
2026-05-10 22:00:00,175.97818,28.165831,23929.96875,26.34351,62.581753,24.569225,48.172611,8.289305,1329.76416,0.956775,49.31741,126.66077,113.396427,908.3819411,1458.736807,4323.6475,0.076267
2026-05-11 00:00:00,175.665939,27.975679,23969.37109,26.442705,62.677197,24.430927,48.271519,8.272042,1329.142456,0.956834,48.973782,126.692157,112.988742,906.4644141,1453.116025,4291.681732,0.07743
2026-05-11 02:00:00,175.899323,28.583193,23918.37109,26.566374,62.856705,24.461437,48.078247,8.32676,1329.780029,0.956934,49.078087,126.821236,113.042618,900.3250159,1464.671447,4302.750208,0.077784
2026-05-11 04:00:00,176.060883,29.161226,23771.93555,26.551912,62.956089,24.41955,48.019207,8.345502,1327.58667,0.957381,48.916321,127.144562,113.104794,895.3003289,1469.316451,4299.327535,0.077971
2026-05-11 06:00:00,175.530167,29.993256,23950.17578,26.613811,63.022423,24.429485,48.180569,8.302551,1332.745605,0.958122,48.99065,126.539517,112.507744,899.9153027,1457.348164,4288.111582,0.079885
2026-05-11 08:00:00,175.719818,30.672487,23819.62891,26.624363,63.150002,24.462391,47.924534,8.315561,1333.30957,0.958535,48.882275,126.837543,112.569816,894.655354,1461.208865,4298.526894,0.080756
2026-05-11 10:00:00,175.736938,31.074966,23977.49219,26.638596,62.975349,24.498753,48.18853,8.329025,1333.570679,0.957777,48.724781,127.012157,112.761589,900.1034509,1463.71735,4305.335837,0.079518
2026-05-11 12:00:00,176.076492,30.987368,23913.60938,26.608833,62.875481,24.468647,48.15247,8.31708,1330.66333,0.957635,48.733185,127.343307,113.201011,898.7094389,1464.44227,4308.353528,0.078197
2026-05-11 14:00:00,175.968903,30.621809,23834.9043,26.492191,62.939354,24.438486,48.027954,8.300827,1328.87146,0.957344,48.703552,127.265351,113.029549,899.6954724,1460.687421,4300.413572,0.079285
2026-05-11 16:00:00,175.828583,29.921074,23855.98242,26.415785,62.88422,24.498314,48.054806,8.302444,1330.275269,0.957797,48.667461,127.161122,112.944363,903.0957218,1459.806964,4307.503837,0.080513
2026-05-11 18:00:00,175.822662,29.297338,23804.73633,26.316597,62.692322,24.494507,47.884567,8.260502,1324.545166,0.957339,48.847828,126.974834,113.13034,904.5522234,1452.383451,4306.689425,0.076381
2026-05-11 20:00:00,175.949387,28.560831,23668.16602,26.312279,62.635735,24.51849,47.861275,8.285285,1321.799316,0.957229,49.163822,126.785565,113.313652,899.5103015,1457.790817,4314.013286,0.07724
2026-05-11 22:00:00,175.729233,28.270584,23769.44922,26.359657,62.734306,24.496161,47.845703,8.263362,1327.031372,0.957521,49.137516,126.591717,112.994927,901.7359072,1452.114266,4304.691584,0.078639
2026-05-12 00:00:00,176.095795,28.343021,23881.99219,26.414165,62.782337,24.438433,47.997772,8.358134,1331.351318,0.957874,48.941883,127.153912,113.313458,904.1357994,1471.832251,4303.505288,0.075995
2026-05-12 02:00:00,176.074829,28.559574,23816.81055,26.393311,62.806881,24.475809,48.012077,8.274308,1325.404053,0.957054,49.099743,126.975086,113.267948,902.3805519,1456.897366,4309.573884,0.07943
2026-05-12 04:00:00,175.812149,29.260164,23863.13477,26.524441,62.853642,24.418207,48.127293,8.329904,1330.778198,0.957407,49.191925,126.620224,112.958507,899.665888,1464.498323,4293.017447,0.08074
2026-05-12 06:00:00,175.706055,30.040449,23804.25195,26.552967,62.984833,24.422735,48.08923,8.269677,1327.333374,0.957763,49.126141,126.579914,112.721222,896.4818114,1453.032322,4291.222419,0.080946
2026-05-12 08:00:00,175.533356,30.713491,24056.58789,26.57757,62.95665,24.495886,48.3139,8.314551,1336.994507,0.957941,48.720058,126.813298,112.576706,905.1462527,1459.481041,4299.845078,0.081729
2026-05-12 10:00:00,175.930603,31.057688,23824.41406,26.727757,62.961632,24.518154,48.003857,8.416587,1330.344116,0.95782,48.537823,127.39278,112.968971,891.3734909,1480.735226,4313.493618,0.079491
2026-05-12 12:00:00,175.927109,31.156124,23968.91992,26.540949,63.036961,24.429737,48.244228,8.340614,1334.381226,0.957452,48.546768,127.380341,112.890148,903.0920455,1467.340108,4297.853004,0.078834
2026-05-12 14:00:00,175.832657,30.809872,23931.72266,26.527229,62.897675,24.415039,48.089718,8.34246,1330.770508,0.957836,48.670841,127.161816,112.934982,902.1568991,1466.876908,4292.961178,0.079499
2026-05-12 16:00:00,176.092331,29.990004,23912.08008,26.381937,62.836349,24.49514,48.262318,8.342937,1331.376099,0.957555,48.621456,127.470875,113.255982,906.3807589,1469.127224,4313.406301,0.076746
2026-05-12 18:00:00,175.732727,29.412699,23935.77344,26.445366,62.707832,24.52005,48.205669,8.28809,1331.518921,0.956943,48.867916,126.864811,113.024895,905.102748,1456.488657,4308.975253,0.079279
2026-05-12 20:00:00,175.88739,28.725828,23959.13867,26.388922,62.678646,24.455822,48.180862,8.270994,1334.844727,0.957762,48.842491,127.044899,113.208744,907.9241157,1454.763547,4301.470702,0.07803
2026-05-12 22:00:00,175.835297,28.339962,23942.71484,26.378239,62.666428,24.515373,48.108589,8.290424,1330.572876,0.957799,49.243538,126.591759,113.168869,907.6691907,1457.749166,4310.667893,0.077357
2026-05-13 00:00:00,175.922729,28.240238,23902.80078,26.390467,62.684002,24.468769,48.037479,8.279231,1328.231323,0.95755,49.265785,126.656944,113.238727,905.7361805,1456.504912,4304.612618,0.071569
2026-05-13 02:00:00,176.337082,28.675581,23652.25781,25.470055,62.733715,24.624886,47.811699,8.1162,1310.886963,0.956523,49.224575,127.112507,113.603367,928.630025,1431.187025,4342.280542,0.071561
2026-05-13 04:00:00,176.22879,29.356924,23780.21094,25.680424,62.944859,24.63192,47.920609,8.201153,1318.084351,0.956606,49.206573,127.022217,113.283931,926.005386,1445.27927,4340.853457,0.073103
2026-05-13 06:00:00,176.270462,30.084747,23475.74609,25.641375,63.063526,24.65889,47.50333,8.196425,1312.410278,0.956838,49.044159,127.226303,113.206936,915.5416234,1444.787621,4346.633933,0.074718
2026-05-13 08:00:00,176.146683,30.711287,23809.04883,25.761469,63.171371,24.57527,48.017746,8.211324,1321.606567,0.956657,48.900448,127.246235,112.975312,924.2116134,1446.397486,4328.852294,0.073055
2026-05-13 10:00:00,176.250809,31.175173,23771.66211,25.792322,63.137806,24.579302,47.882767,8.22121,1317.504517,0.956947,48.730236,127.520573,113.113003,921.6565344,1448.994913,4332.121862,0.074952
2026-05-13 12:00:00,176.305725,31.192984,23683.80469,25.768044,62.973759,24.534061,48.060234,8.229299,1314.948608,0.957041,48.814465,127.49126,113.331966,919.1153464,1450.872526,4325.495412,0.074686
2026-05-13 14:00:00,176.427322,30.771551,23798.68555,25.680887,62.883121,24.585791,48.068676,8.194359,1319.500854,0.957006,48.6357,127.791622,113.544201,926.7080824,1445.708814,4337.605265,0.072822
2026-05-13 16:00:00,176.486282,30.236647,23868.86523,25.538239,62.988937,24.601151,48.061028,8.165978,1320.924316,0.955752,48.828236,127.658046,113.497345,934.6323853,1441.183096,4341.765673,0.073668
2026-05-13 18:00:00,176.583374,29.365322,23722.7832,25.445217,62.858868,24.566603,47.964306,8.168406,1314.739624,0.95621,48.78606,127.797314,113.724506,932.3081506,1442.404692,4338.053645,0.072883
2026-05-13 20:00:00,176.386673,28.641048,23833.11914,25.475504,62.761978,24.605742,48.065342,8.13834,1317.121826,0.956537,49.248028,127.138645,113.624695,935.5308198,1435.494716,4340.124968,0.070925
2026-05-13 22:00:00,176.599197,28.263605,23870.37109,25.482101,62.733387,24.607046,47.882416,8.13061,1316.10437,0.955924,49.151901,127.447296,113.86581,936.7505095,1435.859197,4345.584564,0.070645
2026-05-14 00:00:00,176.314362,28.345661,23981.44141,25.598175,62.793079,24.622665,48.197266,8.186209,1324.036743,0.956501,49.288506,127.025856,113.521283,936.8418415,1443.346217,4341.32947,0.0738
2026-05-14 02:00:00,176.512924,28.858458,23854.79102,25.627209,62.926651,24.583183,48.185116,8.144263,1317.094482,0.956137,49.136417,127.376507,113.586273,930.838431,1437.567676,4339.249513,0.068525
2026-05-14 04:00:00,176.378418,29.350325,23856.67773,25.759928,63.037025,24.57571,48.15382,8.201524,1325.351318,0.956937,49.218594,127.159824,113.341393,926.1158546,1446.571828,4334.624851,0.07381
2026-05-14 06:00:00,176.549103,30.073973,23967.71094,25.847084,63.170017,24.520844,48.206497,8.258724,1323.687988,0.956709,48.926678,127.622425,113.379086,927.288778,1458.070314,4329.133013,0.072213
2026-05-14 08:00:00,176.651047,30.596027,23979.12695,25.825966,63.246098,24.635836,48.07906,8.290522,1323.660034,0.956652,49.022823,127.628224,113.404949,928.4890622,1464.529391,4351.946223,0.072367
2026-05-14 10:00:00,176.729172,31.153278,24007.58594,25.869757,63.227852,24.53421,48.078259,8.28163,1325.871704,0.956922,49.073448,127.655724,113.50132,928.0174506,1463.605613,4335.910619,0.073021
2026-05-14 12:00:00,176.597687,31.258383,23986.5918,25.83301,63.239586,24.48691,48.162956,8.249221,1330.126099,0.957248,48.77483,127.822857,113.358101,928.5248524,1456.793348,4324.331668,0.074967
2026-05-14 14:00:00,176.766739,30.789818,24053.31641,25.760048,63.062618,24.578318,48.309402,8.24171,1326.968018,0.956952,48.83482,127.931919,113.704121,933.745015,1456.8602,4344.629123,0.070837
2026-05-14 16:00:00,176.727325,30.175167,23966.99414,25.644438,63.045704,24.598902,48.352848,8.175157,1322.068237,0.956481,48.936684,127.790641,113.681621,934.5883946,1444.773628,4347.298148,0.071167
2026-05-14 18:00:00,176.544662,29.362032,23847.51562,25.575626,62.925049,24.629292,47.924183,8.153013,1316.672607,0.955923,49.016418,127.528244,113.619613,932.4313557,1439.370924,4348.170031,0.070441
2026-05-14 20:00:00,176.464859,28.764997,24046.01562,25.54743,62.856594,24.594286,48.249733,8.119839,1322.534912,0.956546,49.224464,127.240395,113.608265,941.2303165,1432.866244,4340.027211,0.070017
2026-05-14 22:00:00,176.60939,28.47093,23925.14258,25.509041,62.830544,24.625717,47.970631,8.173725,1318.799561,0.95673,49.461681,127.147709,113.778846,937.9083509,1443.556586,4349.132858,0.07068
2026-05-15 00:00:00,176.426147,28.418676,23887.43945,25.596016,63.010151,24.67207,48.051952,8.16879,1319.239258,0.956803,49.276588,127.149559,113.415996,933.2483404,1441.188145,4352.798249,0.071845
2026-05-15 02:00:00,176.795639,28.866989,24121.06445,25.700529,63.079628,24.567757,48.274773,8.225342,1327.644043,0.956803,49.289131,127.506508,113.716011,938.5435005,1454.204595,4343.472298,0.07047
2026-05-15 04:00:00,176.829285,29.478289,24041.52734,25.721451,63.004066,24.597965,48.336311,8.233122,1329.157837,0.95773,49.214119,127.615166,113.825219,934.6878348,1455.857077,4349.640563,0.071766
2026-05-15 06:00:00,176.932129,30.218676,23932.82031,25.772179,63.276573,24.603767,48.272789,8.252375,1323.853271,0.956624,49.07515,127.856979,113.655556,928.630067,1460.110278,4353.196877,0.071576
2026-05-15 08:00:00,176.706024,30.838531,24040.25781,25.895603,63.344307,24.538961,48.377079,8.23557,1326.589355,0.956783,48.944973,127.761051,113.361717,928.3528872,1455.27483,4336.182231,0.072007
2026-05-15 10:00:00,176.753754,31.210777,24061.87305,25.903759,63.281807,24.538382,48.345154,8.257086,1326.820923,0.957036,49.003418,127.750336,113.471947,928.8950321,1459.470948,4337.251136,0.07224
2026-05-15 12:00:00,176.716553,31.103209,23980.67773,25.827623,63.301121,24.517012,48.252983,8.213168,1325.92688,0.956898,49.097614,127.618939,113.415432,928.4895375,1451.402738,4332.56185,0.07284
2026-05-15 14:00:00,176.635315,30.897739,23950.6582,25.776653,63.258183,24.611649,48.248806,8.240805,1328.396362,0.956218,48.770844,127.864471,113.377132,929.160904,1455.617187,4347.286374,0.070995
2026-05-15 16:00:00,176.511215,30.195656,24057.04883,25.622074,63.15493,24.618073,48.291351,8.211036,1325.287231,0.956658,48.905781,127.605434,113.356285,938.9188724,1449.339941,4345.365976,0.072929
2026-05-15 18:00:00,176.714142,29.562471,23935.16602,25.561253,63.045429,24.566484,48.030956,8.173187,1319.306396,0.956554,49.079063,127.635079,113.668713,936.3846919,1444.317728,4341.245142,0.070697
2026-05-15 20:00:00,176.897293,28.784695,24052.70898,25.617622,62.932209,24.584761,48.379276,8.257105,1327.545166,0.956624,49.130493,127.7668,113.965084,938.9126354,1460.659523,4348.97767,0.071392
2026-05-15 22:00:00,176.529999,28.443184,24076.71094,25.558046,62.890766,24.638809,48.238132,8.197337,1324.46814,0.957259,49.299568,127.230431,113.639233,942.0403633,1447.075892,4349.488928,0.070782
2026-05-16 00:00:00,176.430511,28.551376,24057.76367,25.654549,62.953327,24.617889,48.345009,8.207375,1329.056152,0.956345,49.415516,127.014995,113.477184,937.7581992,1448.031365,4343.346736,0.070146
2026-05-16 02:00:00,176.645004,28.845039,23964.98828,25.665886,63.036011,24.662165,48.131161,8.1657,1324.820312,0.956109,49.175419,127.469585,113.608993,933.729242,1442.430109,4356.448235,0.071007
2026-05-16 04:00:00,176.571869,29.349186,23968.4082,25.725147,63.160755,24.644539,48.177536,8.193435,1325.873657,0.957063,49.107967,127.463902,113.411114,931.7112242,1446.730131,4351.532312,0.074037
2026-05-16 06:00:00,176.580109,30.417583,24076.18555,25.810947,63.176727,24.583595,48.260162,8.231575,1327.633545,0.957109,48.878323,127.701786,113.403382,932.7897015,1453.532411,4340.973885,0.072655
2026-05-16 08:00:00,176.636017,30.867142,24006.82422,25.840561,63.185127,24.553619,48.341297,8.208158,1326.478394,0.957057,49.15284,127.483177,113.45089,929.036495,1449.856336,4337.053463,0.072722
2026-05-16 10:00:00,176.488113,31.223989,23917.87891,25.881678,63.216057,24.553493,48.125843,8.250469,1325.672485,0.956416,48.946819,127.541294,113.272056,924.1239655,1456.109705,4333.399647,0.074217
2026-05-16 12:00:00,176.601852,31.15419,23915.91992,25.779682,63.199898,24.566822,47.989449,8.245855,1322.688599,0.955899,49.082592,127.51926,113.401954,927.7042254,1456.233264,4338.546263,0.070585
2026-05-16 14:00:00,176.684875,30.850807,23963.82422,25.691248,63.176884,24.637827,48.241261,8.241602,1322.647217,0.957059,48.706982,127.977893,113.507991,932.7621694,1456.166419,4353.131384,0.071985
2026-05-16 16:00:00,176.533066,30.09873,23766.53711,25.672274,63.029972,24.628963,47.948238,8.232774,1313.526367,0.956484,49.107418,127.425648,113.503094,925.7667283,1453.356836,4347.826351,0.071773
2026-05-16 18:00:00,176.56192,29.611305,23870.41016,25.5989,62.859253,24.662811,47.915531,8.220712,1317.291382,0.956234,49.063763,127.498157,113.702667,932.4779641,1451.464694,4354.513263,0.071927
2026-05-16 20:00:00,176.58429,28.959904,23900.89453,25.433867,62.839142,24.644894,48.023212,8.180949,1318.942017,0.956232,49.157448,127.426842,113.745148,939.7271178,1444.627071,4351.901109,0.069733
2026-05-16 22:00:00,176.680984,28.491125,23767.67969,25.462431,62.868347,24.683964,47.915951,8.154078,1315.792114,0.955358,49.342064,127.33892,113.812637,933.4411034,1440.670525,4361.187049,0.07211
2026-05-17 00:00:00,176.622986,28.401075,24016.84766,25.499044,62.750729,24.656387,48.296642,8.169643,1322.321655,0.955973,49.143116,127.47987,113.872257,941.872474,1442.946741,4354.884696,0.070003
2026-05-17 02:00:00,176.516235,28.907314,23722.42188,24.98184,62.951019,24.71006,48.029907,8.082909,1307.190552,0.955358,49.018425,127.49781,113.565216,949.5866547,1426.764665,4361.726758,0.068799
2026-05-17 04:00:00,176.599197,29.534439,23724.38086,25.014992,63.019314,24.752411,47.93821,8.067957,1309.444214,0.955551,49.156097,127.4431,113.579883,948.406494,1424.794728,4371.255906,0.068476
2026-05-17 06:00:00,176.532257,30.159321,23661.67578,25.028469,63.090996,24.757011,47.947224,8.16169,1309.557007,0.955297,48.779568,127.752689,113.441261,945.3904584,1440.801557,4370.411028,0.069571
2026-05-17 08:00:00,176.908447,30.854683,23638.93164,25.13081,63.174198,24.75738,47.756168,8.109834,1310.714966,0.955306,48.748405,128.160042,113.734249,940.6354845,1434.698138,4379.789648,0.069731
2026-05-17 10:00:00,176.727173,31.33853,23642.04297,25.109106,63.307724,24.764364,48.009758,8.108394,1310.032471,0.955869,48.815197,127.911976,113.419449,941.5724705,1432.973549,4376.536041,0.071136
2026-05-17 12:00:00,176.711792,32.992344,23554.9668,25.08551,63.122639,24.752586,47.857155,8.116285,1304.744263,0.956153,48.745712,127.96608,113.589153,938.9869609,1434.243267,4374.073829,0.070179
2026-05-17 14:00:00,176.729446,30.798615,23538.30469,24.924007,62.914898,24.673563,47.742184,8.112018,1302.597656,0.956054,48.777824,127.951622,113.814548,944.4029079,1433.632447,4360.54512,0.070584
2026-05-17 16:00:00,176.643906,30.239113,23630.11719,24.825531,62.919453,24.686543,47.935802,8.084635,1303.255981,0.955417,48.747311,127.896595,113.724453,951.8474021,1428.101505,4360.727381,0.069756
2026-05-17 18:00:00,176.518097,29.473907,23408.96875,24.708353,62.839695,24.682699,47.616207,8.022081,1295.215088,0.95557,48.894833,127.623264,113.678402,947.4111346,1416.042472,4356.943056,0.069088
2026-05-17 20:00:00,176.611542,28.871891,23522.16992,24.709366,62.692505,24.744007,47.588337,7.98085,1301.576294,0.955727,49.085236,127.526306,113.919037,951.9536002,1409.510225,4370.077232,0.068576
2026-05-17 22:00:00,176.879318,28.374245,23480.56641,24.689005,62.693016,24.790403,47.670692,8.032313,1298.301392,0.955726,49.077557,127.801761,114.186302,951.0535725,1420.750045,4384.909576,0.067633
2026-05-18 00:00:00,176.42804,28.468904,23447.34766,24.800512,62.746185,24.746502,47.539547,8.020603,1298.125732,0.956045,49.171787,127.256253,113.681855,945.4380481,1415.059267,4365.976845,0.068052
2026-05-18 02:00:00,176.449921,28.799175,23587.29102,24.811157,62.798538,24.718533,47.797817,8.061836,1304.919434,0.955488,49.302113,127.147808,113.651383,950.6727565,1422.510325,4361.583195,0.067389
2026-05-18 04:00:00,176.426804,29.630732,23412.78125,24.84491,62.853626,24.753592,47.614456,8.047688,1299.134888,0.955629,49.417248,127.009556,113.573178,942.3572575,1419.827873,4367.197124,0.071797
2026-05-18 06:00:00,176.322586,30.189758,23404.54297,24.965307,63.006031,24.648743,47.707935,8.0802,1299.140259,0.956,48.821838,127.500748,113.316555,937.4826822,1424.721759,4346.130107,0.070673
2026-05-18 08:00:00,176.319962,30.85033,23502.42188,24.961748,63.105858,24.70496,47.793633,8.080489,1300.351685,0.955371,48.92065,127.399312,113.214104,941.5375027,1424.751513,4355.977608,0.071411
2026-05-18 10:00:00,176.40181,31.167023,23497.66797,25.01145,62.970047,24.771608,47.758049,8.058066,1304.228027,0.956482,48.453621,127.948189,113.431763,939.4764386,1421.457427,4369.756488,0.072311
2026-05-18 12:00:00,176.169464,31.251255,23534.05078,25.001369,63.015728,24.698761,47.825596,8.098745,1304.285522,0.956387,48.785767,127.383697,113.153736,941.3104851,1426.751566,4351.167487,0.071979
2026-05-18 14:00:00,176.479095,30.920429,23331.48438,24.858007,62.84026,24.728632,47.519485,8.079453,1296.873413,0.955658,48.854397,127.624698,113.638835,938.5903051,1425.854554,4364.086596,0.071808
2026-05-18 16:00:00,176.510651,30.234535,23304.35156,24.832754,62.810623,24.718145,47.649834,8.039536,1296.242798,0.955655,48.609428,127.901223,113.700028,938.4521573,1419.063733,4363.015865,0.068993
2026-05-18 18:00:00,176.354172,29.466366,23411.46289,24.722176,62.680008,24.803823,47.506878,8.004066,1296.907715,0.956245,48.874748,127.479424,113.674164,946.982292,1411.550432,4374.257668,0.071777
2026-05-18 20:00:00,176.427292,28.817543,23490.91602,24.676888,62.699791,24.788013,47.625362,8.05537,1299.153931,0.955213,49.014835,127.412457,113.727501,951.9399697,1421.187115,4373.282008,0.07132
2026-05-18 22:00:00,176.47818,28.428047,23274.76172,24.621885,62.710587,24.726051,47.402889,8.003908,1288.390381,0.95525,49.20462,127.27356,113.767593,945.2875651,1412.515117,4363.608479,0.066857
2026-05-19 00:00:00,176.33548,28.529646,23407.45898,24.678034,62.708759,24.774815,47.559685,7.987721,1295.624146,0.955225,49.161285,127.174195,113.626721,948.5139288,1408.518617,4368.678895,0.073584
2026-05-19 02:00:00,176.160965,28.906452,23740.99219,25.466494,62.845924,24.665998,47.882206,8.155644,1313.117554,0.957036,49.125717,127.035248,113.315041,932.2442339,1436.706117,4345.18601,0.075005
2026-05-19 04:00:00,176.114807,29.544853,23535.83008,25.52832,62.897106,24.689157,47.738686,8.1426,1308.925171,0.955923,48.922726,127.192081,113.217701,921.9498219,1434.032427,4348.12612,0.074634
2026-05-19 06:00:00,176.317703,30.084274,23526.375,25.621168,62.905842,24.600554,47.595943,8.183983,1308.967773,0.956918,48.895008,127.422695,113.411861,918.2397539,1442.981084,4337.513174,0.075179
2026-05-19 08:00:00,176.102814,30.905516,23666.71484,25.62652,63.073959,24.575369,47.872852,8.18068,1316.451294,0.956004,48.889149,127.213665,113.028855,923.5243351,1440.640768,4327.791636,0.075704
2026-05-19 10:00:00,176.249924,31.249775,23702.86719,25.664677,63.163841,24.629248,47.983841,8.167063,1315.956665,0.956765,48.694462,127.555462,113.086083,923.5599259,1439.444233,4340.903088,0.075684
2026-05-19 12:00:00,176.358765,31.232517,23591.32617,25.738752,62.95116,24.550064,47.751598,8.169277,1313.48584,0.956179,48.690464,127.668301,113.407605,916.568378,1440.723603,4329.618968,0.074488
2026-05-19 14:00:00,176.502563,30.81889,23675.38477,25.524775,62.932419,24.570162,47.810055,8.196642,1315.338257,0.9565,48.535873,127.96669,113.570144,927.5452875,1446.728321,4336.696566,0.074581
2026-05-19 16:00:00,176.40564,30.209137,23710.15625,25.485481,62.910442,24.632421,47.845734,8.174913,1314.327759,0.956498,48.706024,127.699616,113.495198,930.3397589,1442.10076,4345.297991,0.071899
2026-05-19 18:00:00,176.332916,29.328875,23587.75586,25.35582,62.697697,24.658571,47.718998,8.103814,1309.490967,0.956747,49.066536,127.26638,113.635219,930.2698891,1428.969153,4348.117729,0.072824
2026-05-19 20:00:00,176.541733,28.71097,23627.56445,25.439079,62.561375,24.670479,47.954834,8.115993,1314.962402,0.956134,48.800903,127.74083,113.980358,928.7900892,1432.811469,4355.369117,0.072191
2026-05-19 22:00:00,176.144333,28.465622,23642.50977,25.496357,62.730087,24.633898,47.987392,8.169431,1309.921753,0.956572,49.183327,126.961006,113.414246,927.2897209,1438.998974,4339.121532,0.07236
2026-05-20 00:00:00,176.090073,28.388929,23569.11133,25.510654,62.754353,24.602787,47.738091,8.140768,1309.19458,0.955855,49.042622,127.047451,113.33572,923.8928695,1433.508431,4332.306559,0.074595
2026-05-20 02:00:00,176.478516,28.810438,23711.11133,25.445824,62.930576,24.671347,47.794239,8.210112,1315.206177,0.956238,49.185211,127.293305,113.54794,931.8272157,1448.908382,4353.962706,0.072682
2026-05-20 04:00:00,176.4487,29.573174,23757.11523,25.686863,62.987839,24.560026,47.820324,8.204623,1315.541138,0.955926,49.017818,127.430882,113.460861,924.8741364,1447.695062,4333.58466,0.073469
2026-05-20 06:00:00,176.355545,30.27368,23767.88086,25.667028,63.133858,24.62324,47.876728,8.159918,1317.712891,0.956547,48.883728,127.471817,113.221687,926.0082959,1439.046786,4342.44491,0.073027
2026-05-20 08:00:00,176.353516,30.881556,23702.27148,25.694,63.218178,24.615431,48.059753,8.225707,1318.678833,0.956384,49.029633,127.323883,113.135338,922.4827385,1450.632351,4341.017805,0.074193
2026-05-20 10:00:00,176.212341,31.215801,23891.25781,25.740471,63.050255,24.595955,48.205101,8.203699,1322.251099,0.957213,48.731827,127.480514,113.162086,928.1593104,1445.593006,4334.11081,0.074098
2026-05-20 12:00:00,176.510284,31.206697,23698.63086,25.654444,63.120632,24.599075,47.905838,8.23133,1312.402466,0.95677,48.843933,127.666351,113.389652,923.7631834,1452.914396,4341.989714,0.07419
2026-05-20 14:00:00,176.631836,30.756678,23788.03516,25.564131,63.091461,24.62306,48.146717,8.191071,1318.293579,0.956443,48.751923,127.879913,113.540375,930.5239109,1446.80391,4349.216296,0.071221
2026-05-20 16:00:00,176.298096,29.975195,23928.71289,25.68508,62.963612,24.598337,48.158791,8.158588,1324.624268,0.956058,48.846939,127.451157,113.334484,931.6191692,1438.34353,4336.639978,0.073843
2026-05-20 18:00:00,176.416428,29.286074,23803.63867,25.46772,62.869877,24.660509,48.065838,8.15704,1315.62439,0.956312,48.943935,127.472493,113.546551,934.6591949,1439.03586,4350.51891,0.072049
2026-05-20 20:00:00,176.509232,28.74544,23777.4668,25.469866,62.867996,24.644426,47.802551,8.123761,1316.904053,0.956472,49.126118,127.383114,113.641236,933.5528816,1433.918815,4349.968706,0.070802
2026-05-20 22:00:00,176.532089,28.390133,23762.81836,25.488529,62.762653,24.638905,48.025288,8.16164,1315.702271,0.956599,49.292305,127.239784,113.769436,932.2946161,1440.791359,4349.55737,0.070687
2026-05-21 00:00:00,176.626617,28.237385,23933.37109,25.543217,62.755928,24.627924,48.017715,8.216518,1319.57312,0.956064,49.213833,127.412784,113.870689,936.9756008,1451.255778,4349.9469,0.070189
2026-05-21 02:00:00,176.428513,28.67767,23995.99023,25.620281,62.86446,24.561352,48.145691,8.16316,1323.713501,0.95602,49.172771,127.255742,113.564053,936.601368,1440.21418,4333.322811,0.071345
2026-05-21 04:00:00,176.433151,29.420059,23984.5332,25.762358,63.130051,24.556479,48.058651,8.21624,1325.901855,0.956067,49.254272,127.178879,113.3031,930.9913791,1449.617113,4332.576967,0.070522
2026-05-21 06:00:00,176.506134,30.157797,23977.68555,25.767946,63.106228,24.5917,48.363655,8.205288,1325.010986,0.956358,49.02943,127.476704,113.399906,930.5237424,1448.283663,4340.585895,0.072281
2026-05-21 08:00:00,176.720093,30.80562,23956.39258,25.783195,63.277111,24.577162,48.083019,8.24502,1324.715454,0.95606,49.133965,127.586128,113.442982,929.1475544,1457.060701,4343.278354,0.074081
2026-05-21 10:00:00,176.497803,31.17481,24006.91797,25.871227,63.237328,24.527155,48.226135,8.211749,1326.511963,0.956357,48.930614,127.567189,113.260475,927.9389017,1449.355657,4328.988971,0.074582
2026-05-21 12:00:00,176.284668,31.026457,23965.35742,25.825886,63.169159,24.612055,48.19199,8.196196,1325.394409,0.955986,48.880047,127.404621,113.115509,927.9587706,1444.863691,4338.727944,0.075202
2026-05-21 14:00:00,176.49144,30.834141,23927.54102,25.71999,63.14056,24.670053,48.1745,8.249741,1321.394043,0.956712,48.620834,127.870606,113.35088,930.3091104,1456.008669,4354.053179,0.073007
2026-05-21 16:00:00,176.685074,30.081089,23897.33008,25.617901,63.075016,24.586676,48.11097,8.201769,1322.50708,0.95719,48.806805,127.878269,113.610058,932.8371625,1449.130163,4344.098668,0.072422
2026-05-21 18:00:00,176.669052,29.396999,23842.17773,25.497675,62.93119,24.7185,48.142063,8.189894,1318.50293,0.956946,48.990814,127.678238,113.737862,935.0726187,1446.900809,4366.993962,0.069973
2026-05-21 20:00:00,176.306686,28.563562,23948.6582,25.494007,62.877003,24.639788,48.053734,8.136106,1321.766235,0.957039,49.461498,126.845188,113.429683,939.3838404,1434.449886,4344.159366,0.070199
2026-05-21 22:00:00,176.906906,28.259401,23907.06641,25.507469,62.852646,24.625319,48.041531,8.229873,1320.473389,0.956685,49.259075,127.647831,114.05426,937.2574914,1455.921369,4356.388994,0.073618
2026-05-22 00:00:00,176.447357,28.32634,24087.56445,25.676682,62.83128,24.594749,48.400478,8.17598,1325.102295,0.955958,49.143982,127.303375,113.616077,938.1104791,1442.630062,4339.678457,0.07722
2026-05-22 02:00:00,176.211288,28.674236,24073.79883,26.704784,62.913132,24.452568,48.430645,8.351345,1338.671021,0.957857,49.173363,127.037925,113.298156,901.4788821,1471.601259,4308.818502,0.075922
2026-05-22 04:00:00,176.225021,29.250156,24285.46484,26.701685,63.144176,24.453472,48.557289,8.346187,1344.657349,0.957649,49.19574,127.029281,113.080845,909.5105737,1470.806979,4309.313617,0.077802
2026-05-22 06:00:00,176.153534,30.085579,24239.67969,26.851984,63.102535,24.450909,48.494236,8.341055,1342.2052,0.95795,49.027599,127.125935,113.050999,902.714663,1469.306316,4307.11403,0.080007
2026-05-22 08:00:00,176.278351,30.697353,24161.75781,26.805569,63.278492,24.439152,48.343323,8.34832,1339.718628,0.958007,48.984386,127.293965,112.999859,901.3708238,1471.628083,4308.093414,0.077975
2026-05-22 10:00:00,176.304367,31.041645,24434.38477,26.874258,63.203503,24.413475,48.832443,8.348489,1349.976685,0.958146,48.816196,127.488171,113.100864,909.2115126,1471.875069,4304.202256,0.076603
2026-05-22 12:00:00,176.119003,30.966854,24303.58203,26.803078,63.221703,24.417406,48.390579,8.347801,1343.70459,0.958106,48.828365,127.290638,112.8973,906.7459353,1470.206389,4300.369201,0.078525
2026-05-22 14:00:00,176.161011,30.537325,24318.60742,26.683134,63.102703,24.438406,48.493641,8.362433,1342.790771,0.958762,48.501766,127.659245,113.058308,911.3849753,1473.134652,4305.094308,0.077861
2026-05-22 16:00:00,176.452347,30.040916,24209.22461,26.684269,62.90374,24.337429,48.364304,8.384895,1342.15271,0.957857,48.826488,127.625859,113.548607,907.2470604,1479.534402,4294.396467,0.07629
2026-05-22 18:00:00,176.457367,29.218864,24272.11523,26.579958,62.98246,24.428316,48.57169,8.39037,1342.438354,0.957601,48.970341,127.487026,113.474907,913.1735736,1480.542598,4310.556322,0.074717
2026-05-22 20:00:00,176.518097,28.668003,24218.32617,26.565456,62.893398,24.432264,48.38295,8.345855,1336.616211,0.957237,49.258728,127.259369,113.624699,911.6472976,1473.194442,4312.736747,0.075337
2026-05-22 22:00:00,176.322815,28.209412,24207.96875,26.450853,62.863228,24.486877,48.465702,8.283808,1337.699951,0.957759,49.421741,126.901074,113.459587,915.2055985,1460.624345,4317.595083,0.073512
2026-05-23 00:00:00,176.406097,28.15604,24111.92773,26.584976,62.985397,24.452614,48.353615,8.349979,1337.841553,0.957309,49.267189,127.138908,113.4207,906.9757194,1472.987205,4313.590197,0.074137
2026-05-23 02:00:00,176.15126,28.467192,24248.15039,26.649931,63.032425,24.440828,48.334209,8.378338,1339.43457,0.957748,49.385162,126.766098,113.118835,909.8766669,1475.854795,4305.282648,0.077255
2026-05-23 04:00:00,176.405609,29.211182,24252.06055,26.748642,62.907116,24.464661,48.36554,8.381674,1343.086182,0.957552,49.281952,127.123657,113.498493,906.665114,1478.574306,4315.703423,0.07681
2026-05-23 06:00:00,176.110214,30.027079,24324.96094,26.796679,63.089661,24.417988,48.505802,8.358068,1344.717041,0.958021,49.363007,126.747207,113.020553,907.760284,1471.941144,4300.257092,0.078708
2026-05-23 08:00:00,176.169937,30.562048,24363.9668,26.835152,63.231148,24.393953,48.492462,8.355076,1346.835571,0.957994,49.172859,126.997078,112.938789,907.9123829,1471.913213,4297.481163,0.078924
2026-05-23 10:00:00,176.165161,30.99625,24258.72656,26.798782,63.216953,24.40415,48.377327,8.370137,1343.953003,0.957633,49.014969,127.150192,112.948208,905.2175044,1474.526532,4299.161014,0.077964
2026-05-23 12:00:00,176.107437,31.056099,24299.33789,26.703539,63.078384,24.416016,48.380756,8.407438,1344.039062,0.957563,48.898788,127.208649,113.029053,909.9669482,1480.612358,4299.842,0.075575
2026-05-23 14:00:00,175.920029,30.594059,24190.55078,26.621151,63.166534,24.42211,48.281708,8.363151,1340.039307,0.957452,49.052834,126.867195,112.753495,908.6966518,1471.245766,4296.338299,0.078471
2026-05-23 16:00:00,176.252869,29.881622,24187.49805,26.622169,62.931435,24.47934,48.51281,8.327803,1340.981812,0.957898,48.84454,127.408329,113.321434,908.5472355,1467.799171,4314.553906,0.077197
2026-05-23 18:00:00,176.286621,29.070368,24196.03906,26.458088,62.833786,24.450357,48.525047,8.309272,1339.917114,0.958077,48.965321,127.3213,113.452835,914.5044442,1464.813484,4310.270818,0.075035
2026-05-23 20:00:00,176.39212,28.508707,24168.10352,26.480034,62.735031,24.44858,48.335255,8.341049,1338.457397,0.957449,49.206371,127.185749,113.657089,912.6915591,1471.295316,4312.536857,0.075004
2026-05-23 22:00:00,176.402664,28.02944,23926.89844,26.457392,62.834198,24.399656,48.252804,8.376784,1332.662354,0.957468,49.339634,127.06303,113.568466,904.3558956,1477.687013,4304.164319,0.075831
2026-05-24 00:00:00,176.178894,27.931305,24028.70898,26.504799,62.803658,24.48661,48.438488,8.346618,1333.130005,0.956825,49.298069,126.880825,113.375236,906.5795588,1470.497928,4314.023868,0.074095
2026-05-24 02:00:00,176.065857,28.428118,24043.96094,26.610628,62.863976,24.384796,48.351547,8.330063,1337.362671,0.957397,49.35508,126.710777,113.201881,903.5472946,1466.639681,4293.330006,0.076416
2026-05-24 04:00:00,175.981186,29.176334,24059.32812,26.47385,62.880463,24.509295,48.306438,8.282817,1331.181641,0.958016,49.396236,126.58495,113.100723,908.7959675,1457.619959,4313.174802,0.077407
2026-05-24 06:00:00,175.912827,30.040726,24114.27734,26.619392,63.071598,24.397125,48.207634,8.336657,1336.890259,0.957486,49.223919,126.688908,112.841229,905.8913646,1466.524901,4291.767229,0.08012
2026-05-24 08:00:00,176.015671,30.505283,24016.41016,26.68828,63.092216,24.438929,48.105408,8.360502,1336.5448,0.957642,49.079742,126.935929,112.923455,899.8860232,1471.579369,4301.634486,0.078983
2026-05-24 10:00:00,175.949463,30.836685,24119.42969,26.707451,63.040295,24.384453,48.225319,8.358625,1336.842773,0.958303,48.679085,127.270378,112.909168,903.0974048,1470.69558,4290.431411,0.079774
2026-05-24 12:00:00,175.983444,30.978584,23957.81836,26.615387,62.945618,24.446663,48.123112,8.361925,1332.296875,0.958145,48.661835,127.321609,113.037826,900.1491641,1471.56036,4302.207949,0.081546
2026-05-24 14:00:00,175.80983,30.430918,24065.93945,26.542435,62.808987,24.420509,48.352478,8.304546,1335.813477,0.95756,48.548859,127.260971,113.000843,906.6967463,1460.02082,4293.365536,0.077872
2026-05-24 16:00:00,175.881271,29.849449,24120.51953,26.486959,62.806377,24.492729,48.239056,8.328726,1337.666626,0.957738,48.803806,127.077465,113.074894,910.6564302,1464.866915,4307.812307,0.076666
2026-05-24 18:00:00,175.764557,29.173903,23905.40625,26.471632,62.836502,24.462769,48.039761,8.296659,1328.093262,0.957685,48.899326,126.865231,112.928055,903.0575164,1458.258594,4299.687756,0.077419
2026-05-24 20:00:00,175.861984,28.477028,23785.42969,26.374704,62.656509,24.479219,48.023914,8.250159,1327.118774,0.957749,49.183846,126.678138,113.205475,901.8273603,1450.88933,4304.96402,0.077466
2026-05-24 22:00:00,175.994949,28.071861,23985.55859,26.388605,62.562595,24.505459,48.066872,8.349021,1327.835083,0.95778,49.259674,126.735275,113.432354,908.9362092,1469.385525,4312.837007,0.078192
2026-05-25 00:00:00,175.768112,28.017801,23864.67578,26.430416,62.691814,24.445972,48.095783,8.280248,1328.812622,0.957052,49.256668,126.511444,113.076298,902.924713,1455.403558,4296.822344,0.079296
2026-05-25 02:00:00,175.807098,28.322397,23851.41211,26.398113,62.837589,24.469042,48.076473,8.281971,1328.934814,0.958074,48.98391,126.823188,112.969509,903.5271615,1456.029287,4301.831265,0.076365
2026-05-25 04:00:00,175.836151,29.130587,23852.93164,26.491035,62.870113,24.514761,48.009277,8.323816,1327.570557,0.957007,49.040192,126.795959,112.966038,900.4152401,1463.627767,4310.581217,0.076879
2026-05-25 06:00:00,175.78775,29.885437,23904.97266,26.488743,62.820782,24.467951,48.065861,8.254936,1329.455444,0.957654,48.989273,126.798477,112.966968,902.4577971,1451.116626,4301.166053,0.080636
2026-05-25 08:00:00,175.593872,30.542654,23876.24414,26.664343,63.007607,24.406139,47.996025,8.313922,1329.943604,0.957222,48.673401,126.920471,112.586265,895.4371814,1459.873755,4285.568448,0.082488
2026-05-25 10:00:00,175.589905,30.75531,23934.10938,26.655779,62.940952,24.465578,48.08321,8.340284,1332.408447,0.957947,48.583664,127.006241,112.648953,897.8957012,1464.469675,4295.908517,0.081728
2026-05-25 12:00:00,175.753006,30.884523,23846.36133,26.481407,62.965126,24.450863,48.088497,8.291751,1326.278198,0.958123,48.714462,127.038544,112.78788,900.494499,1457.300163,4297.312672,0.081804
2026-05-25 14:00:00,175.678391,30.390717,23786.86914,26.413395,62.712799,24.52046,47.971359,8.324587,1328.307373,0.957677,48.853336,126.825055,112.965592,900.5608382,1462.45005,4307.714959,0.079781
2026-05-25 16:00:00,175.793427,29.792669,23832.81445,26.353306,62.632355,24.450344,48.008831,8.27316,1328.456177,0.957852,48.723248,127.070179,113.161072,904.3576716,1454.367149,4298.209763,0.079249
2026-05-25 18:00:00,175.654541,28.932035,23926.39453,27.034599,62.53513,24.345657,48.115147,8.425316,1337.137085,0.957722,48.783596,126.870945,113.119411,885.0286454,1479.945015,4276.425206,0.081736
2026-05-25 20:00:00,175.83165,28.34507,23854.46484,26.251472,62.426342,24.562143,48.007267,8.275783,1325.104858,0.958416,49.082958,126.748692,113.405308,908.690562,1455.14458,4318.802131,0.078187
2026-05-25 22:00:00,175.960861,27.977823,23865.83398,26.325747,62.471287,24.476387,48.030685,8.271944,1327.809814,0.95722,49.184261,126.7766,113.489574,906.5586623,1455.538388,4306.886131,0.077249
2026-05-26 00:00:00,175.802887,28.081997,23772.18555,26.331518,62.594284,24.50593,47.932888,8.297458,1325.471191,0.957216,49.210705,126.592182,113.208603,902.8034596,1458.717071,4308.213243,0.081316
2026-05-26 02:00:00,175.788284,28.323826,24011.44336,27.095318,62.738827,24.375753,48.192928,8.443492,1340.289429,0.958704,48.942009,126.846275,113.049457,886.1842241,1484.26697,4284.971791,0.080908
2026-05-26 04:00:00,175.503708,28.962524,24082.66602,27.093176,62.802032,24.3804,48.127666,8.382146,1340.938599,0.958232,49.028732,126.474976,112.701676,888.8830906,1471.097704,4278.850603,0.081254
2026-05-26 06:00:00,175.626007,29.765917,23936.49023,27.289949,62.888905,24.295824,48.031612,8.472,1344.291626,0.958449,48.989109,126.636898,112.737102,877.1174411,1487.903531,4266.978556,0.085434
2026-05-26 08:00:00,175.645187,30.450739,24136.56055,27.291428,62.897865,24.335142,48.288971,8.420945,1346.402588,0.958628,48.686649,126.958538,112.747322,884.4007923,1479.098459,4274.350567,0.085714
2026-05-26 10:00:00,175.403412,30.774189,24084.20312,27.297167,62.960526,24.271248,48.235813,8.404832,1345.32605,0.95815,48.529079,126.874333,112.442886,882.2968012,1474.23621,4257.259713,0.082497
2026-05-26 12:00:00,175.611252,30.688557,24200.97461,27.295031,62.920532,24.273844,48.352909,8.469726,1346.53894,0.958192,48.925549,126.685703,112.69072,886.6439686,1487.379187,4262.760136,0.08099
2026-05-26 14:00:00,175.566986,30.276138,23955.64844,27.212147,62.954582,24.342669,48.274178,8.406687,1341.452271,0.958806,48.844769,126.722217,112.612404,880.3292308,1475.936699,4273.769028,0.081272
2026-05-26 16:00:00,175.660339,29.769434,23993.91992,27.119656,62.672813,24.359507,48.276241,8.379607,1339.144409,0.958801,48.841293,126.819046,112.987526,884.7427829,1471.964606,4278.999257,0.084035
2026-05-26 18:00:00,175.364868,28.978891,23984.30859,27.090546,62.563072,24.315535,48.238647,8.384999,1337.2052,0.958666,48.861458,126.50341,112.801796,885.3386932,1470.434243,4264.090586,0.081843
2026-05-26 20:00:00,175.727112,28.367741,24000.22656,26.932522,62.599922,24.43936,48.045406,8.355833,1338.633545,0.95848,49.04586,126.681252,113.12719,891.1243649,1468.346401,4294.658152,0.082084
2026-05-26 22:00:00,175.582138,27.948317,24075.76367,27.005215,62.546192,24.359116,48.379509,8.422866,1341.158447,0.957972,49.164272,126.417866,113.035946,891.5227548,1478.90482,4277.025667,0.083246
2026-05-27 00:00:00,175.628189,27.811428,24017.62305,27.069489,62.602657,24.402418,48.139675,8.390535,1338.005371,0.958528,48.910744,126.717445,113.025532,887.2580878,1473.614467,4285.752481,0.079006
2026-05-27 02:00:00,175.471039,28.191996,23992.20312,27.136261,62.720688,24.357977,48.156048,8.412489,1339.856812,0.957774,49.448898,126.022141,112.750351,884.1381326,1476.148185,4274.119532,0.081993
2026-05-27 04:00:00,175.426498,28.890001,24181.26367,27.178921,62.838425,24.388508,48.351948,8.394273,1344.323242,0.958661,48.923153,126.503345,112.588073,889.7065366,1472.577916,4278.39055,0.082077
2026-05-27 06:00:00,175.600494,29.649008,24097.41797,27.242577,62.865253,24.304375,48.190964,8.457664,1348.386841,0.958144,48.917763,126.682731,112.735241,884.5498709,1485.169976,4267.860256,0.085261
2026-05-27 08:00:00,175.544205,30.381506,24209.57227,27.395542,63.041538,24.262415,48.367653,8.527119,1347.68457,0.959069,48.744202,126.800003,112.502667,883.704811,1496.886326,4259.126353,0.084933
2026-05-27 10:00:00,175.628677,30.769855,24172.54883,27.331961,63.060295,24.265972,48.408207,8.43653,1344.810303,0.95892,48.680485,126.948192,112.568382,884.4059461,1481.696602,4261.800558,0.082766
2026-05-27 12:00:00,175.644516,30.66482,24130.41406,27.259853,62.964134,24.37575,48.064812,8.432142,1342.75647,0.959257,48.834305,126.810211,112.680382,885.1997134,1481.0595,4281.466811,0.081598
2026-05-27 14:00:00,175.753922,30.265865,24270.7168,27.131996,62.888191,24.370018,48.415878,8.426653,1348.496948,0.958763,48.55616,127.197762,112.865731,894.5422518,1481.017314,4283.126243,0.081234
2026-05-27 16:00:00,175.799118,29.629505,24231.6582,27.170416,62.950859,24.311836,48.439209,8.427441,1346.86084,0.958178,48.733795,127.065323,112.848259,891.8397938,1481.536695,4273.999326,0.079006
2026-05-27 18:00:00,175.850311,28.870001,24100.77148,27.078279,62.735203,24.365837,48.339504,8.409236,1343.773804,0.958203,48.968998,126.881313,113.115108,890.0407402,1478.766766,4284.740014,0.081272
2026-05-27 20:00:00,175.769806,28.248957,24295.11328,27.114309,62.652805,24.430851,48.471638,8.428694,1345.634033,0.958091,49.147774,126.622032,113.117001,896.025537,1481.509909,4294.205941,0.080264
2026-05-27 22:00:00,175.923309,27.910757,24275.79297,27.13298,62.603241,24.359058,48.445259,8.419978,1347.981812,0.958,49.453121,126.470188,113.320068,894.6968954,1481.270391,4285.326087,0.082324
2026-05-28 00:00:00,175.889191,27.89216,24326.10352,27.144735,62.713398,24.364485,48.499077,8.428287,1350.299072,0.958613,49.250961,126.63823,113.175793,896.1628661,1482.444582,4285.449556,0.076063
2026-05-28 02:00:00,175.975677,28.200153,24108.76758,26.550455,62.916912,24.44422,48.397076,8.317186,1336.955811,0.957578,49.120659,126.855018,113.058765,908.0359481,1463.622437,4301.588163,0.07712
2026-05-28 04:00:00,176.03302,28.891869,24020.38477,26.534344,62.934978,24.462402,48.206284,8.351325,1331.369385,0.957616,49.293987,126.739033,113.098042,905.2564015,1470.108961,4306.190501,0.07596
2026-05-28 06:00:00,175.803101,29.781,24129.36914,26.651999,63.071457,24.431849,48.341675,8.352684,1337.411133,0.957197,49.208145,126.594956,112.731644,905.3493189,1468.427749,4295.194817,0.079428
2026-05-28 08:00:00,175.728653,30.359335,24290.71094,26.765713,63.084816,24.392256,48.565327,8.342169,1341.846436,0.958901,48.91259,126.816063,112.643837,907.530875,1465.958121,4286.418291,0.078897
2026-05-28 10:00:00,176.115723,30.636045,24162.75,26.732708,63.018402,24.386639,48.488686,8.405279,1339.632324,0.958454,48.839344,127.276379,113.097321,903.864659,1480.301788,4294.870559,0.079254
2026-05-28 12:00:00,176.125793,30.706541,24078.47266,26.63422,63.091053,24.400455,48.268105,8.334208,1337.758423,0.958091,48.929611,127.196182,113.03474,904.0427186,1467.868993,4297.549486,0.078584
2026-05-28 14:00:00,176.13472,30.318811,24212.12891,26.653862,62.931282,24.439617,48.316498,8.39823,1341.803589,0.957769,48.848099,127.286621,113.203438,908.3910206,1479.21989,4304.665097,0.076317
2026-05-28 16:00:00,175.972214,29.471025,24141.13477,26.553961,62.858437,24.414904,48.262672,8.323359,1335.403198,0.957607,48.80957,127.162644,113.113777,909.1349786,1464.679911,4296.344711,0.076961
2026-05-28 18:00:00,176.175934,28.624865,24209.10742,26.456617,62.774662,24.427986,48.493347,8.349959,1339.11731,0.957856,48.993351,127.182583,113.401272,915.0492454,1471.061826,4303.623249,0.076738
2026-05-28 20:00:00,176.300369,28.039526,24083.57812,26.427784,62.852428,24.554117,48.322083,8.334028,1337.099121,0.957265,49.216339,127.08403,113.447941,911.2976754,1469.292212,4328.899888,0.075672
2026-05-28 22:00:00,176.221649,27.730219,24224.72656,26.439369,62.7113,24.554384,48.399006,8.319311,1340.593018,0.95805,49.26487,126.956779,113.510349,916.2369405,1466.042703,4327.014039,0.074509
2026-05-29 00:00:00,176.215042,27.744587,24146.80664,26.477716,62.869122,24.427103,48.369793,8.346173,1339.422729,0.957867,49.353783,126.861259,113.34592,911.9671289,1470.721226,4304.422981,0.075249
2026-05-29 02:00:00,176.297409,28.17375,24176.28516,26.525972,62.920486,24.457197,48.564365,8.342976,1339.231812,0.957867,49.180069,127.11734,113.376923,911.4193876,1470.845052,4311.740463,0.074049
2026-05-29 04:00:00,176.231842,28.812466,24222.48633,26.513968,63.083355,24.434963,48.382999,8.327565,1338.876221,0.95767,49.384323,126.847519,113.148487,913.5745479,1467.582119,4306.218539,0.073655
2026-05-29 06:00:00,176.233185,29.590071,24129.36523,26.681929,63.013813,24.371302,48.427498,8.353048,1338.658936,0.957479,49.339367,126.893818,113.219372,904.3336122,1472.084253,4295.032174,0.079066
2026-05-29 08:00:00,175.952286,30.236368,24285.16211,26.707556,63.04884,24.443447,48.517879,8.37211,1343.233887,0.958582,48.809319,127.142967,112.903446,909.299305,1473.091893,4300.880377,0.077359
2026-05-29 10:00:00,176.120941,30.597244,24267.35156,26.770535,63.12841,24.492218,48.298771,8.384324,1343.826416,0.957548,48.983418,127.137523,112.992531,906.4948296,1476.655033,4313.592481,0.076269
2026-05-29 12:00:00,176.101135,30.61269,24287.43359,26.62269,63.090458,24.461412,48.614216,8.331138,1345.440186,0.957716,48.677898,127.423237,113.010677,912.2832289,1467.122858,4307.682417,0.075965
2026-05-29 14:00:00,176.161942,30.261854,24224.17773,26.641258,63.053574,24.473816,48.433704,8.337388,1342.98999,0.958107,48.957756,127.204186,113.108368,909.2730431,1468.730461,4311.354955,0.078329
2026-05-29 16:00:00,176.057144,29.57836,24153.55469,26.547676,62.863537,24.453241,48.501175,8.341728,1339.77478,0.957737,49.055199,127.001945,113.193607,909.8180454,1468.620808,4305.167772,0.075812
2026-05-29 18:00:00,176.185867,28.893179,24133.08984,26.472271,62.848976,24.432798,48.37537,8.313221,1337.210083,0.957903,49.095299,127.090568,113.336891,911.6365515,1464.672049,4304.713699,0.079268
2026-05-29 20:00:00,176.235199,28.11027,24181.98828,26.308594,62.837841,24.485462,48.354733,8.271159,1337.588989,0.957979,49.109634,127.125565,113.397358,919.1668806,1457.669352,4315.200268,0.074846
2026-05-29 22:00:00,176.106812,27.742645,24153.38672,26.348896,62.821407,24.530504,48.322773,8.29856,1333.231201,0.957256,49.329102,126.77771,113.285405,916.6754736,1461.432946,4319.988856,0.074247
2026-05-30 00:00:00,176.214142,27.724268,24246.83008,26.486488,62.812737,24.512487,48.413166,8.32552,1337.955078,0.957421,49.566479,126.647663,113.401405,915.4414915,1467.074364,4319.446865,0.074917
2026-05-30 02:00:00,175.925171,28.124464,24226.55664,26.522257,62.926743,24.428587,48.523266,8.305616,1340.583496,0.958161,49.190948,126.734223,112.998428,913.4424963,1461.166915,4297.603345,0.076726
2026-05-30 04:00:00,175.800842,28.785666,24087.64453,26.617245,62.941849,24.525148,48.159958,8.278845,1334.615967,0.957874,49.341087,126.459755,112.858993,904.9638507,1455.427922,4311.541669,0.078577
2026-05-30 06:00:00,176.034271,29.428219,24217.88867,26.714668,63.116261,24.450594,48.426979,8.350843,1339.588257,0.958371,48.954823,127.079448,112.91801,906.5390097,1470.03456,4304.14249,0.077662
2026-05-30 08:00:00,175.846191,30.138842,24104.35742,26.660965,63.029049,24.420532,48.318001,8.340714,1334.675415,0.958183,49.231503,126.614688,112.817142,904.1067126,1466.682787,4294.257534,0.080156
2026-05-30 10:00:00,175.948715,30.503923,24082.20508,26.765606,63.090027,24.417248,48.38649,8.371172,1336.818481,0.957768,48.745159,127.203556,112.858688,899.7444361,1472.896956,4296.183409,0.081274
2026-05-30 12:00:00,176.188293,30.558472,24155.48828,26.7386,63.062824,24.424173,48.298424,8.399374,1341.558105,0.958457,48.818336,127.369957,113.125469,903.3939055,1479.871367,4303.253349,0.08048
2026-05-30 14:00:00,175.992172,30.158154,24175.47461,26.52837,62.917522,24.398975,48.302429,8.304447,1340.883301,0.957996,48.702602,127.28957,113.07465,911.306447,1461.517665,4294.028605,0.075909
2026-05-30 16:00:00,176.018616,29.471645,24214.84375,26.43516,62.787022,24.537146,48.411819,8.349578,1341.014648,0.957353,48.984512,127.034104,113.231594,916.0089725,1469.681164,4318.99448,0.076433
2026-05-30 18:00:00,176.048737,28.827127,24094.93945,26.371258,62.790031,24.561892,48.235901,8.293874,1334.03833,0.957119,49.151043,126.897694,113.258706,913.681837,1460.126043,4324.090065,0.076579
2026-05-30 20:00:00,175.989517,28.047714,24145.08594,26.34037,62.704929,24.483318,48.246082,8.290822,1333.63855,0.957597,49.300716,126.688801,113.284588,916.657053,1459.097759,4308.807309,0.075609
2026-05-30 22:00:00,175.734543,27.782581,23991.14453,26.305944,62.751526,24.507257,48.267601,8.288425,1331.990967,0.957824,49.197201,126.537342,112.983017,912.0046987,1456.56258,4306.771609,0.074531
2026-05-31 00:00:00,176.119522,27.859129,23990.57617,26.375481,62.756969,24.532209,48.157101,8.302873,1333.179565,0.956833,49.045208,127.074314,113.362553,909.5787171,1462.298024,4320.600923,0.071385
2026-05-31 02:00:00,176.514923,28.129337,23665.20117,25.348091,62.859108,24.691936,47.824814,8.14067,1312.162354,0.956095,48.991879,127.523044,113.655815,933.6088139,1436.949738,4358.495182,0.073545
2026-05-31 04:00:00,175.957092,28.799604,23661.76758,25.547291,62.844261,24.627197,47.756927,8.181824,1315.89917,0.956435,49.543182,126.41391,113.112831,926.1947804,1439.649958,4333.329968,0.074452
2026-05-31 06:00:00,175.985672,29.560219,23821.42188,25.637255,63.001972,24.612532,48.125641,8.162767,1319.010742,0.95702,49.073975,126.911697,112.9837,929.1720925,1436.530036,4331.452984,0.075031
2026-05-31 08:00:00,176.126907,30.144396,23837.98047,25.542084,63.035614,24.578318,48.151173,8.163357,1319.522705,0.956001,48.827545,127.299362,113.091293,933.2825179,1437.786819,4328.903129,0.075735
2026-05-31 10:00:00,176.202698,30.555019,23712.68945,25.579147,63.043301,24.569963,47.990505,8.141861,1317.731079,0.95637,48.625137,127.577561,113.159397,927.0320646,1434.617875,4329.29377,0.076375
2026-05-31 12:00:00,175.93187,30.425262,23694.75391,25.575672,62.895065,24.605848,48.050488,8.167525,1316.131714,0.956423,48.694317,127.237553,113.036805,926.4567479,1436.927947,4328.952852,0.07577
2026-05-31 14:00:00,176.298691,30.255554,23781.16992,25.494656,62.880108,24.715191,47.957455,8.14986,1313.809204,0.95584,48.769585,127.529106,113.418583,932.7903825,1436.80965,4357.255821,0.072104
2026-05-31 16:00:00,175.813828,29.302586,23571.5957,25.368464,62.776226,24.658329,47.764999,8.092131,1309.010864,0.956064,48.838593,126.975235,113.037602,929.1692119,1422.708528,4335.275214,0.072461
2026-05-31 18:00:00,175.753967,28.655079,23670.16602,25.279026,62.612125,24.666536,47.792946,8.093781,1310.240723,0.956396,48.884613,126.869354,113.141842,936.3559346,1422.514119,4335.241554,0.072727
2026-05-31 20:00:00,175.817062,28.139662,23558.76367,25.289421,62.513943,24.663942,47.648674,8.049849,1307.852051,0.956171,49.214989,126.602073,113.303119,931.5659568,1415.300801,4336.34182,0.074363
2026-05-31 22:00:00,176.274323,27.68646,23603.17969,25.313694,62.629299,24.676304,47.780243,8.107133,1307.106323,0.956731,48.994122,127.280201,113.645024,932.4273134,1429.079381,4349.798782,0.072347
2026-06-01 00:00:00,176.114395,27.656775,23601.58594,25.247477,62.590015,24.76232,47.802753,8.075904,1309.696167,0.957134,49.341511,126.772884,113.52438,934.8096817,1422.282947,4361.001006,0.072981
2026-06-01 02:00:00,176.014297,28.176355,23625.31641,25.370829,62.556023,24.73213,47.943169,8.127124,1310.645996,0.956011,49.110996,126.903301,113.458274,931.2000174,1430.490017,4353.208475,0.071313
2026-06-01 04:00:00,175.923248,28.805044,23457.71875,25.410173,62.847546,24.667927,47.626404,8.117435,1305.071533,0.956,49.304169,126.619079,113.075702,923.1624968,1428.045531,4339.661839,0.076241
2026-06-01 06:00:00,175.93515,29.481131,23636.5625,25.489731,62.809414,24.650143,47.765694,8.146194,1310.100464,0.956066,49.013348,126.921802,113.125736,927.2974477,1433.201863,4336.826606,0.075731
2026-06-01 08:00:00,176.070175,30.063175,23723.62305,25.540791,62.844986,24.647375,47.835312,8.187358,1313.727173,0.957065,48.830349,127.239826,113.225189,928.8523228,1441.549556,4339.66763,0.074558
2026-06-01 10:00:00,176.068481,30.436472,23556.03125,25.545704,62.813457,24.606031,47.820629,8.119577,1307.991089,0.957045,48.769974,127.298507,113.255024,922.1132152,1429.601589,4332.346502,0.076824
2026-06-01 12:00:00,175.892212,30.641239,23699.38086,25.612251,62.867012,24.624086,47.90287,8.147882,1316.197266,0.956463,48.645733,127.246479,113.0252,925.3142513,1433.148988,4331.184955,0.073972
2026-06-01 14:00:00,175.914749,30.237301,23613.85352,25.412386,62.776604,24.701868,47.797062,8.141239,1308.469116,0.956167,48.847977,127.066772,113.138145,929.2261465,1432.164015,4345.422909,0.073196
2026-06-01 16:00:00,176.048141,29.450182,23567.49414,25.348879,62.739338,24.630093,47.762672,8.115705,1308.083252,0.956286,48.619724,127.428417,113.308803,929.7253003,1428.754778,4336.082085,0.072951
2026-06-01 18:00:00,175.898407,28.814104,23569.07812,25.2631,62.602531,24.731186,47.764854,8.06875,1308.435059,0.956691,48.869068,127.029339,113.295876,932.9448138,1419.280271,4350.176221,0.072212
2026-06-01 20:00:00,175.964355,28.268566,23644.0957,25.194769,62.476616,24.66324,47.898167,8.099424,1309.337036,0.956324,49.035099,126.929256,113.487739,938.4525694,1425.20992,4339.851119,0.073236
2026-06-01 22:00:00,176.01181,27.84984,23528.56641,25.272625,62.439445,24.646385,47.725517,8.126493,1306.554077,0.955782,48.934093,127.077717,113.572365,930.990208,1430.358742,4338.054834,0.071192
2026-06-02 00:00:00,175.800797,27.717907,23625.65039,25.24894,62.639793,24.721298,47.872902,8.047874,1311.157593,0.955683,49.033157,126.76764,113.161004,935.7086036,1414.822663,4346.023891,0.074531
2026-06-02 02:00:00,175.97052,28.270914,23466.92578,25.274374,62.626438,24.688334,47.724182,8.084771,1304.411499,0.95602,48.99781,126.97271,113.344082,928.4869244,1422.681357,4344.418972,0.071626
2026-06-02 04:00:00,175.801605,28.770613,23477.74609,25.445574,62.796291,24.60862,47.713936,8.156334,1308.658691,0.955833,49.186932,126.614673,113.005314,922.6652185,1433.896608,4326.234893,0.073798
2026-06-02 06:00:00,176.002625,29.559229,23488.64844,25.426825,62.810658,24.561317,47.670277,8.094167,1304.42688,0.956556,48.755661,127.246964,113.191967,923.7743382,1424.594639,4322.856265,0.076391
2026-06-02 08:00:00,175.895081,30.203699,23636.53516,25.516331,62.946682,24.606892,47.715981,8.116219,1311.220459,0.956184,48.731995,127.163086,112.948399,926.3296967,1427.602998,4328.231261,0.076741
2026-06-02 10:00:00,175.794769,30.631741,23608.83203,25.581564,62.836334,24.623007,47.744236,8.098941,1310.921387,0.956459,48.647228,127.147541,112.958435,922.8846223,1423.751462,4328.595828,0.077182
2026-06-02 12:00:00,176.122498,30.620443,23547.69141,25.499769,62.860809,24.629023,47.682396,8.142459,1310.230713,0.957092,48.670406,127.452092,113.261689,923.447244,1434.070219,4337.725054,0.075138
2026-06-02 14:00:00,175.855789,30.028147,23441.19727,25.401199,62.849667,24.733923,47.623936,8.105561,1307.708496,0.956965,48.496208,127.359581,113.006122,922.8382198,1425.409825,4349.603544,0.072948
2026-06-02 16:00:00,176.037292,29.53536,23606.49414,25.371292,62.621391,24.634499,47.756298,8.15764,1307.359497,0.95642,48.784866,127.252426,113.415901,930.4411514,1436.048855,4336.590494,0.073013
2026-06-02 18:00:00,176.060226,28.690645,23480.3418,25.271593,62.660698,24.678658,47.596668,8.09189,1306.59082,0.956467,48.828014,127.232212,113.399528,929.1199727,1424.659982,4344.930105,0.072882
2026-06-02 20:00:00,176.193619,28.090681,23595.92969,25.185856,62.518574,24.679697,47.876789,8.078653,1310.319458,0.956723,49.211903,126.981716,113.675045,936.8722543,1423.407109,4348.40513,0.071968
2026-06-02 22:00:00,175.966583,27.697199,23705.55664,25.322247,62.573112,24.66774,47.884445,8.080581,1315.477417,0.956508,49.198807,126.767776,113.393471,936.1553357,1421.912227,4340.697918,0.072305
2026-06-03 00:00:00,176.051239,27.841684,23767.4043,25.359442,62.720291,24.664873,47.848114,8.118815,1312.064209,0.955968,49.138119,126.91312,113.330948,937.2211067,1429.32744,4342.281451,0.071306
2026-06-03 02:00:00,176.24884,28.164547,23672.15039,25.39756,62.761162,24.62718,47.843983,8.104601,1314.282349,0.956023,49.111168,127.137672,113.487678,932.0639617,1428.426525,4340.511907,0.072894
2026-06-03 04:00:00,176.313599,28.802223,23671.5332,25.368572,62.853165,24.627996,47.896465,8.189907,1311.256958,0.956219,49.237537,127.076062,113.460434,933.1046778,1443.991979,4342.250611,0.072424
2026-06-03 06:00:00,176.04686,29.725229,23695.27539,25.569172,62.934746,24.613575,47.887753,8.178513,1314.573364,0.956757,49.040752,127.006108,113.112114,926.7126597,1439.801533,4333.142592,0.073191
2026-06-03 08:00:00,175.995895,30.13887,23622.10742,25.570011,63.074932,24.590958,47.950092,8.141478,1313.204224,0.956313,48.938072,127.057823,112.920963,923.8207767,1432.866707,4327.907662,0.075216
2026-06-03 10:00:00,176.301666,30.573547,23671.5332,25.548683,63.080658,24.674547,47.98727,8.178619,1311.1073,0.956748,48.685837,127.615829,113.221008,926.5265534,1441.904155,4350.163744,0.074457
2026-06-03 12:00:00,176.14505,30.577349,23784.77734,25.595381,62.949654,24.65918,48.029793,8.21405,1320.42981,0.956539,48.567459,127.577591,113.195396,929.2605312,1446.864248,4343.592494,0.072845
2026-06-03 14:00:00,176.318542,30.23592,23764.44336,25.538698,62.842373,24.62064,47.966118,8.186645,1316.914673,0.956479,48.631248,127.687294,113.476169,930.526817,1443.45731,4341.075348,0.076605
2026-06-03 16:00:00,176.263077,29.695097,23828.51758,25.427628,62.796074,24.617203,48.18071,8.141104,1318.188843,0.956768,48.683994,127.579083,113.467003,937.1113018,1434.976041,4339.103948,0.072112
2026-06-03 18:00:00,176.459671,28.674242,23727.08984,25.375216,62.7188,24.614632,47.950428,8.131855,1313.067627,0.95657,49.031506,127.428165,113.740871,935.0497684,1434.944458,4343.489865,0.070339
2026-06-03 20:00:00,176.220718,28.238707,23764.63477,25.374235,62.6805,24.68639,47.9048,8.12379,1313.94458,0.955953,49.176357,127.044361,113.540218,936.5655661,1431.580107,4350.253371,0.073529
2026-06-03 22:00:00,176.457458,27.900408,23736.87305,25.377733,62.643639,24.695442,47.974613,8.151423,1313.067261,0.956493,49.204475,127.252983,113.813819,935.3425323,1438.379382,4357.69492,0.070082
2026-06-04 00:00:00,176.295258,27.809782,24010.75977,25.440405,62.670658,24.672646,48.259068,8.147877,1321.996216,0.955767,49.345516,126.949742,113.6246,943.804148,1436.432078,4349.670492,0.068799
2026-06-04 02:00:00,176.551071,28.237619,23606.61133,24.798542,62.748894,24.74428,47.900944,8.002789,1302.747803,0.956079,49.160336,127.390735,113.802177,951.9354536,1412.900969,4368.629135,0.068905
2026-06-04 04:00:00,176.370621,28.993847,23566.59766,24.86726,62.866531,24.769661,47.789452,8.064969,1302.835693,0.955881,49.220104,127.150517,113.50409,947.6957918,1422.423591,4368.640493,0.069062
2026-06-04 06:00:00,176.660751,29.675825,23626.54102,24.868856,63.104736,24.694086,47.777828,8.036842,1305.351074,0.954923,49.079159,127.581592,113.556015,950.0453505,1419.794543,4362.475778,0.070108
2026-06-04 08:00:00,176.506912,30.252462,23759.26562,24.972683,63.073971,24.695057,48.023918,8.091705,1311.881836,0.955341,48.832054,127.674858,113.432941,951.4102119,1428.241862,4358.848253,0.069726
2026-06-04 10:00:00,176.60907,30.585295,23650.05273,24.962585,63.175709,24.736519,48.054348,8.055982,1307.477539,0.955542,48.923222,127.685848,113.433361,947.4200182,1422.759489,4368.693616,0.069118
2026-06-04 12:00:00,176.353256,30.630949,23772.70898,25.044691,63.061352,24.734354,47.95163,8.087882,1314.049927,0.955386,48.949589,127.403667,113.291904,949.2115109,1426.324325,4361.983863,0.071584
2026-06-04 14:00:00,176.478333,30.203932,23767.24609,24.932287,63.075329,24.718147,48.012371,8.050242,1309.786743,0.955566,48.801888,127.676445,113.403004,953.2717995,1420.693288,4362.217377,0.067068
2026-06-04 16:00:00,176.952576,29.559372,23770.08594,24.890739,62.964291,24.731636,47.843594,8.114614,1307.932007,0.955714,49.184822,127.767754,113.988285,954.9771077,1435.901851,4376.326699,0.067308
2026-06-04 18:00:00,176.692291,28.877422,23742.64453,24.8528,62.830414,24.791636,48.005089,8.078988,1306.669312,0.955834,49.01207,127.680221,113.861877,955.3307688,1427.494899,4380.490962,0.069869
2026-06-04 20:00:00,176.755112,28.163288,23843.0293,24.718946,62.706291,24.827917,48.214527,8.034017,1309.336426,0.955754,49.165054,127.590058,114.048821,964.5649656,1420.053575,4388.46125,0.066142
2026-06-04 22:00:00,176.784531,27.92417,23764.23828,24.730213,62.674385,24.780712,48.095028,8.042507,1310.313721,0.95501,49.113453,127.671078,114.110146,960.9394905,1421.790828,4380.846549,0.067424
2026-06-05 00:00:00,176.805832,28.031319,23701.41016,24.790436,62.781624,24.843576,47.785706,8.058438,1305.41272,0.955524,49.45668,127.349152,114.024208,956.0707265,1424.778835,4392.489125,0.06647
2026-06-05 02:00:00,176.737854,28.182726,23844.23242,24.849709,62.894318,24.73324,48.000385,8.08573,1310.28125,0.955283,49.325264,127.41259,113.843536,959.5376921,1429.054568,4371.29976,0.068952
2026-06-05 04:00:00,176.769882,28.901598,23887.49414,24.928392,63.0242,24.70425,48.174339,8.101463,1310.998779,0.955661,49.421909,127.347973,113.745682,958.2444845,1432.094659,4366.967357,0.069192
2026-06-05 06:00:00,176.640259,29.62072,23832.49805,25.034388,63.006489,24.730488,47.966202,8.095094,1310.291504,0.95575,49.150627,127.489632,113.63377,951.99044,1429.919501,4368.399806,0.069942
2026-06-05 08:00:00,176.618164,30.251005,23856.72461,25.052528,63.155647,24.723297,48.120968,8.05493,1313.971069,0.955945,49.160679,127.457485,113.462517,952.2681547,1422.646948,4366.583324,0.069122
2026-06-05 10:00:00,176.649261,30.764694,23886.94727,25.145967,63.185978,24.68413,48.12468,8.105753,1312.759766,0.955238,48.941315,127.707946,113.463283,949.9315443,1431.875277,4360.433323,0.069603
2026-06-05 12:00:00,176.546371,30.812071,23889.8418,24.989655,63.194469,24.748278,48.064796,8.074642,1313.789185,0.955059,48.635273,127.911098,113.351902,955.9892602,1425.548742,4369.218669,0.070807
2026-06-05 14:00:00,176.69342,30.371342,23775.91406,25.002859,63.005444,24.719076,47.951149,8.098788,1310.353027,0.955662,48.994465,127.698955,113.687976,950.9278144,1431.00255,4367.698078,0.069669
2026-06-05 16:00:00,176.77388,29.790262,23877.57227,24.87937,62.919369,24.728392,48.332207,8.069388,1312.711548,0.95612,48.928322,127.845558,113.854511,959.7337982,1426.457026,4371.3338,0.066471
2026-06-05 18:00:00,176.597214,29.016966,23731.29102,24.754601,62.727062,24.771643,48.157375,8.03544,1306.506714,0.954951,49.284447,127.312767,113.870152,958.6618268,1419.036317,4374.60314,0.068117
2026-06-05 20:00:00,176.747406,28.235537,23828.79492,24.804607,62.728897,24.791912,48.118225,8.043059,1309.260986,0.955298,49.1017,127.645706,114.018509,960.6600468,1421.589815,4381.906136,0.066007
2026-06-05 22:00:00,176.55336,27.907555,23644.5957,24.721596,62.706734,24.803585,47.876862,8.044166,1307.648682,0.955084,49.360809,127.192551,113.846626,956.4348395,1420.224536,4379.156272,0.06597
2026-06-06 00:00:00,176.796997,27.94009,23640.61133,24.860117,62.809982,24.732754,47.891434,8.067188,1305.582886,0.955653,49.205219,127.591778,113.987015,950.9452964,1426.254613,4372.676635,0.071002
2026-06-06 02:00:00,176.447479,28.2586,23938.42773,25.502234,62.931255,24.636812,48.290272,8.176818,1320.265625,0.956693,49.219482,127.227997,113.516224,938.6796362,1442.778922,4347.103368,0.070169
2026-06-06 04:00:00,176.698563,28.959587,23897.49023,25.615513,63.09996,24.642006,48.060471,8.210318,1323.500366,0.956369,49.235939,127.462624,113.598603,932.9303783,1450.751392,4354.20705,0.072171
2026-06-06 06:00:00,176.398239,29.664352,24016.80078,25.677662,63.11459,24.603409,48.250557,8.167569,1324.48584,0.956419,49.021534,127.376705,113.283649,935.3188301,1440.744789,4339.998021,0.072747
2026-06-06 08:00:00,176.53894,30.417475,24018.26953,25.707952,63.188084,24.628483,48.262566,8.19225,1324.326294,0.956435,49.17284,127.3661,113.350856,934.2739371,1446.251131,4347.886283,0.074207
2026-06-06 10:00:00,176.319397,30.81815,23957.00977,25.672749,63.186611,24.64904,48.055241,8.216534,1323.101318,0.957068,48.581081,127.738316,113.132786,933.1688541,1448.73432,4346.103869,0.074012
2026-06-06 12:00:00,176.178482,32.776707,23919.8457,25.745602,63.127201,24.641712,48.193302,8.224449,1323.839233,0.956128,48.860676,127.317806,113.051281,929.0847308,1448.97094,4341.339414,0.071474
2026-06-06 14:00:00,176.272888,30.440771,23751.53711,25.550724,62.977791,24.646387,48.078804,8.17855,1313.207764,0.956938,49.014595,127.258293,113.295097,929.5837217,1441.656628,4344.489815,0.07221
2026-06-06 16:00:00,176.754257,29.713617,23816.35352,25.493544,62.949425,24.62372,48.132282,8.176508,1317.977783,0.956417,48.863987,127.89027,113.804832,934.211168,1445.232596,4352.347333,0.072681
2026-06-06 18:00:00,176.486343,28.95212,23988.68359,25.498377,62.82391,24.688473,48.260288,8.202112,1322.926514,0.956429,49.029892,127.456451,113.662433,940.7925686,1447.560752,4357.178314,0.071431
2026-06-06 20:00:00,176.560593,28.186974,23802.79297,25.415831,62.70546,24.646116,47.916092,8.1575,1314.097412,0.956273,49.196693,127.3639,113.855133,936.5341219,1440.293037,4351.532856,0.070197
2026-06-06 22:00:00,176.394928,27.994799,23725.71484,25.420059,62.804848,24.564566,47.845833,8.152746,1313.177124,0.955838,49.363029,127.031899,113.59008,933.3461753,1438.103044,4333.064851,0.068762
2026-06-07 00:00:00,176.184341,28.020521,23751.88281,25.467588,62.80603,24.61865,47.977444,8.129389,1310.459229,0.956179,49.260506,126.923835,113.378311,932.6318147,1432.271044,4337.420627,0.071578
2026-06-07 02:00:00,176.444183,28.35887,23732.75586,25.586348,62.760128,24.588356,48.03207,8.220174,1315.758789,0.95608,49.331638,127.112545,113.684055,927.5554237,1450.401886,4338.472386,0.073427
2026-06-07 04:00:00,176.357117,29.137634,23898.54688,25.593115,62.877251,24.627499,48.107925,8.145761,1320.934326,0.956136,49.21933,127.137787,113.479866,933.7881252,1436.562926,4343.234723,0.072117
2026-06-07 06:00:00,176.289825,29.756723,23857.17383,25.717894,63.08411,24.626326,47.856644,8.218381,1318.693481,0.95727,49.011139,127.278686,113.205715,927.6488125,1448.816948,4341.370701,0.072568
2026-06-07 08:00:00,176.236511,30.59738,23819.40625,25.681698,63.053009,24.642254,48.022655,8.151225,1314.660156,0.957516,48.864941,127.37157,113.183502,927.4856456,1436.543454,4342.864868,0.07316
2026-06-07 10:00:00,176.514389,30.882708,23729.93164,25.559307,63.097042,24.678707,48.060387,8.175978,1315.184814,0.956643,48.805744,127.708645,113.417347,928.4262535,1443.177761,4356.146887,0.071969
2026-06-07 12:00:00,176.224289,30.786947,23714.73438,25.620419,62.949253,24.635954,47.878483,8.14093,1314.859375,0.956504,48.863415,127.360874,113.275036,925.6185223,1434.629601,4341.453477,0.075229
2026-06-07 14:00:00,176.124725,30.577112,23629.26367,25.608498,62.906422,24.631111,48.074085,8.159385,1314.237671,0.956506,48.689793,127.434932,113.218303,922.7118151,1437.069439,4338.147651,0.07398
2026-06-07 16:00:00,176.157806,29.830643,23735.84961,25.46702,62.734299,24.637526,48.044136,8.157835,1316.307861,0.956592,48.591358,127.566448,113.423507,932.0230482,1437.066315,4340.092525,0.073612
2026-06-07 18:00:00,176.357681,29.016907,23565.4043,25.311722,62.786983,24.693495,47.697956,8.133189,1309.495972,0.956992,48.81469,127.542991,113.570698,931.0075505,1434.350351,4354.887514,0.073837
2026-06-07 20:00:00,176.206955,28.436291,23625.36523,25.407749,62.682411,24.610096,47.814674,8.137377,1311.556763,0.955457,49.010643,127.196312,113.524544,929.8488124,1433.862423,4336.470078,0.072629
2026-06-07 22:00:00,176.314011,27.999529,23673.07422,25.241474,62.630661,24.6152,47.966988,8.111712,1311.734863,0.955965,49.179626,127.134385,113.68335,937.8641762,1430.208479,4340.004644,0.070768
2026-06-08 00:00:00,176.313858,28.159454,23700.65625,25.366751,62.755951,24.668358,47.903473,8.153258,1312.414307,0.956572,49.272427,127.041431,113.557907,934.319742,1437.532373,4349.37337,0.07037
2026-06-08 02:00:00,176.031387,28.39436,23608.78906,25.486654,62.739586,24.675854,47.688457,8.108676,1309.641846,0.956289,49.204739,126.826648,113.291801,926.3196755,1427.381483,4343.724805,0.07238
2026-06-08 04:00:00,176.384537,29.222576,23650.93555,25.550756,62.753559,24.602942,47.948921,8.169437,1312.829834,0.95677,48.957977,127.42656,113.630978,925.6452352,1440.962363,4339.578534,0.075455
2026-06-08 06:00:00,175.989609,29.873468,23778.76953,25.693844,62.942451,24.642172,48.116222,8.151731,1319.031738,0.956176,49.038174,126.951435,113.047158,925.4656302,1434.619951,4336.766215,0.075847
2026-06-08 08:00:00,176.189301,30.451487,23678.05078,25.554775,62.937767,24.704029,47.88586,8.161263,1312.07019,0.956681,48.723732,127.465569,113.251534,926.5607223,1437.927223,4352.585601,0.075877
2026-06-08 10:00:00,176.061722,30.883821,23760.12109,25.745501,62.959511,24.579924,47.94828,8.119859,1315.272705,0.95637,48.785721,127.276001,113.102211,922.8843942,1429.596358,4327.583746,0.075554
2026-06-08 12:00:00,175.892548,31.01996,23653.51367,25.597157,62.868942,24.598089,47.847733,8.123623,1315.284912,0.956881,48.825867,127.066681,113.023606,924.0679999,1428.884748,4326.62055,0.075348
2026-06-08 14:00:00,175.887222,30.675812,23623.48438,25.542759,62.953712,24.631016,47.785736,8.13541,1312.906494,0.95655,48.698879,127.188343,112.93351,924.8603244,1430.914665,4332.280979,0.074133
2026-06-08 16:00:00,175.996674,29.950933,23598.70508,25.294052,62.79509,24.685947,47.765755,8.091774,1310.162842,0.956733,48.607201,127.389473,113.201584,932.9744826,1424.125311,4344.644567,0.075175
2026-06-08 18:00:00,176.222168,29.130287,23591.04102,25.351786,62.561939,24.676899,47.828583,8.120594,1312.310913,0.956577,48.912937,127.309231,113.660229,930.5474974,1431.02868,4348.616641,0.072557
2026-06-08 20:00:00,176.241943,28.52335,23577.46094,25.155806,62.60144,24.668308,47.68158,8.133365,1306.021729,0.955754,48.916622,127.325321,113.640503,937.2572255,1433.440051,4347.590532,0.072182
2026-06-08 22:00:00,176.079163,28.193344,23470.84375,25.278345,62.540516,24.651606,47.542339,8.146148,1306.172974,0.95587,49.038246,127.040917,113.538647,928.4960606,1434.366922,4340.634151,0.072858
2026-06-09 00:00:00,176.282623,28.120874,23432.51758,25.25082,62.719948,24.711351,47.669487,8.09435,1305.579834,0.956127,49.275856,127.006767,113.562675,927.9903614,1426.893249,4356.181772,0.076725
2026-06-09 02:00:00,175.706024,28.459234,23737.79297,26.390385,62.792778,24.498919,47.827374,8.287666,1323.807739,0.956748,49.235203,126.470821,112.913246,899.4864216,1456.192841,4304.60765,0.079838
2026-06-09 04:00:00,175.942902,29.257534,23836.91797,26.511913,62.912083,24.412365,48.01511,8.376587,1328.456543,0.957861,49.19239,126.750512,113.030819,899.1021496,1473.801026,4295.182343,0.080607
2026-06-09 06:00:00,175.775131,29.871552,23907.82227,26.591711,62.986656,24.492374,47.998249,8.326207,1334.084229,0.957429,49.043022,126.732109,112.788475,899.070476,1463.540126,4305.150248,0.076842
2026-06-09 08:00:00,175.743622,30.788294,23794.14844,26.582399,63.023441,24.449045,48.003002,8.326371,1327.987549,0.956846,48.991718,126.751904,112.720181,895.1091449,1463.306598,4296.763723,0.082749
2026-06-09 10:00:00,175.754517,31.033436,23899.86523,26.554359,62.949551,24.449818,48.108967,8.282052,1331.142456,0.957523,48.756908,126.997609,112.804966,900.0354794,1455.608049,4297.165953,0.078979
2026-06-09 12:00:00,175.625412,31.04129,23855.93555,26.660946,62.949383,24.339916,47.93396,8.34133,1329.091675,0.957755,48.641457,126.983955,112.676029,894.7895377,1464.949518,4274.707776,0.080899
2026-06-09 14:00:00,176.015594,30.661047,23870.84375,26.54682,62.964626,24.454218,47.945778,8.340068,1326.509277,0.957467,48.415806,127.599788,113.050968,899.1978606,1467.982023,4304.323707,0.078405
2026-06-09 16:00:00,175.714264,29.97019,23911.27539,26.582325,62.887398,24.413984,47.991211,8.302221,1330.978516,0.95781,48.567646,127.146618,112.826866,899.5178334,1458.818653,4289.88523,0.079745
2026-06-09 18:00:00,175.710999,29.167425,23954.08398,26.474504,62.639122,24.474884,48.015442,8.245348,1332.341431,0.957584,48.850044,126.860955,113.071877,904.7982158,1448.798334,4300.506318,0.076631
2026-06-09 20:00:00,176.212418,28.699982,23958.87109,26.305777,62.688004,24.49435,48.220554,8.27009,1327.9823,0.957883,49.193787,127.018631,113.524414,910.7836311,1457.292556,4316.208641,0.075854
2026-06-09 22:00:00,175.703094,28.236113,23875.0293,26.379868,62.645775,24.515419,48.076992,8.271022,1332.197632,0.957193,49.216328,126.486766,113.057319,905.0473375,1453.244156,4307.434969,0.076198
2026-06-10 00:00:00,176.151596,28.295773,23746.08008,26.380388,62.784912,24.505987,47.886135,8.304044,1325.498413,0.957344,49.138252,127.013344,113.366684,900.1414262,1462.770604,4316.768722,0.077611
2026-06-10 02:00:00,176.210922,28.576162,23996.37305,26.529726,62.845081,24.489149,48.21323,8.408261,1332.927734,0.957251,49.148891,127.062031,113.365841,904.5088912,1481.627423,4315.255524,0.076337
2026-06-10 04:00:00,175.936813,29.179211,23932.23047,26.428123,62.873367,24.449898,48.042961,8.289666,1328.749878,0.958073,48.932678,127.004135,113.063446,905.5592207,1458.457417,4301.637132,0.077327
2026-06-10 06:00:00,175.805649,29.885166,24027.47461,26.665756,62.986465,24.408995,48.225945,8.299834,1338.049072,0.957617,49.133308,126.672341,112.819184,901.0610691,1459.157703,4291.239207,0.078079
2026-06-10 08:00:00,175.941483,30.771696,24165.38867,26.796677,63.097019,24.436285,48.383636,8.320586,1341.237793,0.957234,48.790436,127.151047,112.844464,901.8054243,1463.93624,4299.356222,0.07947
2026-06-10 10:00:00,176.070679,31.079653,24067.66992,26.726906,63.171391,24.425541,48.187172,8.346013,1338.442261,0.958176,48.531143,127.539536,112.899288,900.5034074,1469.488176,4300.621589,0.079896
2026-06-10 12:00:00,176.037704,31.091688,24048.29102,26.76362,63.092857,24.418613,48.180962,8.362504,1337.346069,0.957398,48.777119,127.260585,112.944847,898.5440316,1472.116004,4298.596567,0.079181
2026-06-10 14:00:00,176.041489,30.74906,24006.16797,26.677761,62.951744,24.432816,48.193405,8.374298,1333.612061,0.957492,48.656807,127.384682,113.089745,899.8569246,1474.223889,4301.189309,0.079067
2026-06-10 16:00:00,176.20369,30.091875,24044.58594,26.451244,62.909801,24.488756,48.189522,8.339499,1333.612549,0.957963,48.474323,127.729367,113.293889,909.0153166,1469.450497,4315.009171,0.079003
2026-06-10 18:00:00,176.087341,29.271362,23961.84961,26.506912,62.859921,24.457937,48.195137,8.346077,1331.330811,0.957026,48.956665,127.130676,113.22742,903.9849534,1469.638507,4306.733093,0.077527
2026-06-10 20:00:00,176.344315,28.73959,24131.82422,26.396835,62.825024,24.48274,48.252033,8.281771,1336.756226,0.957538,49.119045,127.22527,113.519291,914.1938501,1460.443234,4317.392015,0.074131
2026-06-10 22:00:00,176.22142,28.292007,24163.13281,26.283752,62.797489,24.531523,48.364933,8.254989,1335.158325,0.957125,49.105751,127.115669,113.423931,919.318247,1454.705884,4322.979818,0.074924
2026-06-11 00:00:00,176.261627,28.322393,24097.96289,26.488602,62.799706,24.46567,48.254745,8.362341,1335.719849,0.957416,49.323654,126.937973,113.461921,909.748385,1473.95983,4312.3588,0.073233
2026-06-11 02:00:00,176.053101,28.700117,24154.74023,26.527651,62.912251,24.493341,48.513157,8.332684,1338.170288,0.957944,49.293736,126.759365,113.14085,910.5495332,1466.994858,4312.128637,0.076246
2026-06-11 04:00:00,176.07048,29.352419,24016.33594,26.569572,63.048683,24.453447,48.268658,8.317348,1334.886108,0.956835,49.125393,126.945087,113.021797,903.9037564,1464.439455,4305.530151,0.075844
2026-06-11 06:00:00,176.262909,30.087761,24275.91211,26.770445,63.068756,24.36722,48.539585,8.390037,1345.848145,0.958093,49.036465,127.226444,113.194153,906.8176532,1478.852328,4295.037081,0.079212
2026-06-11 08:00:00,176.208252,30.842396,24161.9707,26.809212,63.250549,24.459391,48.467361,8.399991,1343.488281,0.957824,48.98027,127.227982,112.957703,901.256281,1480.147731,4309.946533,0.078325
2026-06-11 10:00:00,176.214691,31.104462,24248.09961,26.845873,63.26244,24.444235,48.464119,8.395539,1345.747559,0.957999,49.004635,127.210056,112.952251,903.2337898,1479.417311,4307.433317,0.078797
2026-06-11 12:00:00,176.246078,31.169851,24255.56836,26.77816,63.258282,24.405336,48.452179,8.356466,1343.136963,0.958132,48.813572,127.432506,112.987796,905.7966776,1472.794358,4301.344752,0.079304
2026-06-11 14:00:00,176.416885,30.695312,24092.16016,26.62929,63.124474,24.454893,48.338879,8.3424,1337.546997,0.957052,48.734421,127.682464,113.292411,904.7240898,1471.740221,4314.256046,0.07736
2026-06-11 16:00:00,176.395325,30.226217,24079.11133,26.60924,63.055588,24.475246,48.304665,8.326566,1336.029419,0.957036,48.965687,127.429638,113.339737,904.9154101,1468.767316,4317.318973,0.076676
2026-06-11 18:00:00,176.213943,29.500061,24215.74609,26.523424,62.974846,24.515028,48.400711,8.266144,1338.699341,0.957572,49.135044,127.078899,113.239097,912.994721,1456.609828,4319.889747,0.075243
2026-06-11 20:00:00,176.233719,28.767347,24218.16797,26.558451,62.845058,24.437813,48.531189,8.316959,1341.148682,0.95801,49.006023,127.227696,113.388661,911.881795,1465.728615,4306.766669,0.07349
2026-06-11 22:00:00,176.163559,28.392872,24136.49219,26.517624,62.919979,24.490652,48.3405,8.323342,1336.988159,0.958289,49.037384,127.126175,113.24358,910.2056877,1466.269549,4314.360419,0.075604
2026-06-12 00:00:00,176.221375,28.43721,24181.00977,26.59074,62.964943,24.427084,48.348652,8.359873,1340.490967,0.957676,49.385132,126.836243,113.256432,909.3770901,1473.188315,4304.57433,0.076563
2026-06-12 02:00:00,176.219849,28.836582,24209.78125,26.667538,62.943497,24.425594,48.372807,8.324175,1340.311646,0.957602,49.463757,126.756092,113.276352,907.8371333,1466.884862,4304.274486,0.076255
2026-06-12 04:00:00,176.51062,29.478825,24261.57227,26.697739,63.131104,24.405964,48.387962,8.430821,1343.427368,0.958536,49.180393,127.330227,113.379516,908.750073,1488.129442,4307.911837,0.077055
2026-06-12 06:00:00,176.379257,30.086878,24218.25977,26.811426,63.206802,24.419296,48.422169,8.414045,1341.23584,0.957697,49.123669,127.255588,113.172455,903.2813013,1484.063005,4307.057285,0.076633
2026-06-12 08:00:00,176.595428,30.780199,24355.23047,26.810287,63.298206,24.410095,48.542866,8.3936,1344.170166,0.957561,48.936001,127.659427,113.297222,908.4285621,1482.271384,4310.711174,0.074447
2026-06-12 10:00:00,176.436035,31.178419,24294.51172,26.804163,63.294258,24.480541,48.374035,8.377406,1344.950562,0.957788,48.953514,127.482521,113.141777,906.3708394,1478.076298,4319.249589,0.078752
2026-06-12 12:00:00,176.310104,31.239058,24094.16992,26.809475,63.273903,24.429928,48.155762,8.380374,1336.325317,0.958105,48.653034,127.65707,113.036201,898.7184539,1477.544611,4307.243146,0.077397
2026-06-12 14:00:00,176.409668,30.747663,24241.41992,26.826744,63.222668,24.427959,48.364708,8.433519,1342.612427,0.95752,48.854221,127.555447,113.187,903.6288534,1487.754287,4309.328137,0.076794
2026-06-12 16:00:00,176.309769,30.103291,24278.1582,26.728979,63.080551,24.38937,48.464363,8.317228,1344.508179,0.958709,48.831131,127.478638,113.229218,908.3084768,1466.408547,4300.084191,0.077188
2026-06-12 18:00:00,176.465042,29.379145,24206.09375,26.524366,63.059742,24.440023,48.363045,8.329355,1338.972412,0.957884,48.878174,127.586868,113.4053,912.5983916,1469.83998,4312.809685,0.075986
2026-06-12 20:00:00,176.271973,28.658207,24281.38281,26.616751,62.933056,24.434668,48.542145,8.400744,1344.151123,0.957769,49.450169,126.821804,113.338917,912.2594569,1480.81572,4307.147138,0.076773
2026-06-12 22:00:00,176.451309,28.453245,24262.40625,26.493073,63.02227,24.415518,48.551575,8.326605,1340.212158,0.958571,49.048744,127.402565,113.429039,915.8018872,1469.240352,4308.150111,0.074801
2026-06-13 00:00:00,176.457275,28.307329,24207.14258,26.629477,62.940964,24.40164,48.376961,8.348981,1339.144897,0.958048,49.378677,127.078598,113.516311,909.0355991,1473.238436,4305.8469,0.077708
2026-06-13 02:00:00,176.301682,28.840424,24398.22852,27.382799,63.031719,24.319124,48.47049,8.509214,1352.473267,0.958307,49.506088,126.795594,113.269963,891.0056461,1500.188741,4287.502466,0.079308
2026-06-13 04:00:00,175.998077,29.408575,24500.31055,27.52878,63.020546,24.286818,48.745106,8.535686,1356.725952,0.958659,49.169315,126.828762,112.977531,889.9889696,1502.264322,4274.433264,0.080044
2026-06-13 06:00:00,176.327896,30.212286,24496.64648,27.53441,63.102253,24.250391,48.705231,8.560302,1354.721191,0.959005,49.303844,127.024052,113.225643,889.6739202,1509.420041,4276.020422,0.0815
2026-06-13 08:00:00,176.094467,30.899004,24398.76172,27.523247,63.317913,24.30249,48.567825,8.548001,1355.478027,0.958674,48.831642,127.262825,112.776554,886.4783185,1505.25568,4279.534023,0.083431
2026-06-13 10:00:00,176.156281,31.309793,24415.70508,27.527037,63.301601,24.31089,48.799278,8.494339,1356.1427,0.958481,48.812595,127.343686,112.85468,886.9717826,1496.331168,4282.51597,0.08109
2026-06-13 12:00:00,175.984238,31.236555,24561.88086,27.594671,63.181377,24.265886,48.719929,8.48298,1361.949951,0.958528,48.789055,127.195183,112.802861,890.0950788,1492.870771,4270.413457,0.081026
2026-06-13 14:00:00,176.070099,30.753878,24298.81836,27.396122,63.177929,24.288834,48.655991,8.500071,1352.151733,0.959188,48.982605,127.087494,112.89217,886.94372,1496.608342,4276.537407,0.080248
2026-06-13 16:00:00,176.231598,30.240252,24225.38281,27.273439,63.056591,24.30442,48.351082,8.48572,1348.319092,0.958682,48.986847,127.244751,113.175007,888.2408563,1495.451996,4283.206775,0.07805
2026-06-13 18:00:00,176.33017,29.564985,24259.33008,27.219891,62.929104,24.280291,48.395592,8.508045,1348.655029,0.958353,49.057014,127.273156,113.401066,891.2353866,1500.225021,4281.34784,0.080067
2026-06-13 20:00:00,176.115295,28.738256,24234.86523,27.137875,62.766788,24.339289,48.518642,8.480835,1349.12561,0.95848,49.020771,127.094524,113.348507,893.0273735,1493.604758,4286.521062,0.078431
2026-06-13 22:00:00,176.197662,28.293259,24384.53711,27.245747,62.798431,24.361927,48.725433,8.453031,1352.757324,0.958622,49.015991,127.181671,113.399231,894.9850819,1489.404299,4292.514579,0.079414
2026-06-14 00:00:00,175.909622,28.432091,24202.80859,27.220631,62.877853,24.331032,48.268707,8.438905,1349.501099,0.959023,49.285339,126.624283,113.031769,889.1347373,1484.484589,4280.062642,0.079481
2026-06-14 02:00:00,175.962738,28.6917,24362.29492,27.28944,62.876526,24.322206,48.491737,8.480997,1350.155273,0.957878,49.230621,126.732117,113.086212,892.7370779,1492.339453,4279.801962,0.082907
2026-06-14 04:00:00,175.892548,29.444834,24370.13281,27.255638,62.992821,24.404509,48.572479,8.520847,1349.214966,0.958651,49.079193,126.813355,112.899727,894.1318054,1498.75349,4292.571271,0.082854
2026-06-14 06:00:00,175.970154,30.27459,24117.85156,27.476288,63.135872,24.253054,48.325687,8.494761,1349.45874,0.958999,49.091736,126.878418,112.834282,877.7696449,1494.824401,4267.813647,0.084153
2026-06-14 08:00:00,175.893295,30.882729,24280.92383,27.459558,63.241791,24.348677,48.2645,8.477991,1352.238037,0.959157,48.836369,127.056926,112.651504,884.2430686,1491.221772,4282.769026,0.082944
2026-06-14 10:00:00,175.850906,31.160402,24252.32031,27.492155,63.225578,24.306168,48.553951,8.520981,1351.240112,0.958046,48.717716,127.13319,112.625328,882.1542113,1498.422229,4274.261664,0.084008
2026-06-14 12:00:00,175.834137,31.146568,24178.99023,27.454243,63.106728,24.291441,48.274788,8.460947,1346.112793,0.959317,48.711716,127.122421,112.727409,880.7013996,1487.723314,4271.264565,0.083153
2026-06-14 14:00:00,175.843277,30.88212,24198.54492,27.422716,62.891201,24.299221,48.311962,8.4552,1349.401855,0.959232,48.783028,127.060249,112.952076,882.4269967,1486.790076,4272.854649,0.082196
2026-06-14 16:00:00,175.895676,30.212358,24113.47656,27.300486,62.847282,24.357098,48.368183,8.479999,1346.180908,0.957978,48.785355,127.110321,113.048394,883.2618057,1491.595157,4284.308218,0.083195
2026-06-14 18:00:00,175.806839,29.508253,24181.44727,27.123764,62.750328,24.367706,48.334332,8.446826,1343.443848,0.958676,48.86161,126.945229,113.056511,891.5225507,1485.009779,4284.009366,0.081909
2026-06-14 20:00:00,175.828491,28.851225,24129.37695,27.096937,62.740097,24.378719,48.463634,8.453838,1345.626343,0.958338,49.039261,126.78923,113.088394,890.483561,1486.425579,4286.473374,0.080462
2026-06-14 22:00:00,175.740982,28.406563,24003.40039,27.109152,62.611492,24.373325,48.254265,8.436781,1342.895996,0.958268,48.720505,127.020477,113.12949,885.4353095,1482.688178,4283.39207,0.080047
2026-06-15 00:00:00,175.740799,28.348135,24143.98438,27.184296,62.778625,24.371637,48.34156,8.409186,1343.410645,0.958014,49.198486,126.542313,112.962174,888.1592657,1477.837067,4283.090959,0.077504
2026-06-15 02:00:00,176.065582,28.847137,23785.4082,26.551928,62.881729,24.476122,48.126137,8.311448,1329.628296,0.957719,49.264603,126.800979,113.183853,895.8071972,1463.359929,4309.402665,0.07886
2026-06-15 04:00:00,175.587097,29.506655,23882.51367,26.491901,63.007557,24.492165,48.059898,8.300614,1330.075439,0.957606,49.108219,126.478878,112.57954,901.5024506,1457.480716,4300.508152,0.078162
2026-06-15 06:00:00,175.806686,30.195793,23885.69336,26.745016,62.937023,24.39641,48.02079,8.3805,1333.420532,0.957738,49.008316,126.79837,112.869663,893.0895147,1473.347932,4289.051992,0.079475
2026-06-15 08:00:00,176.022675,30.854889,23974.64062,26.688477,63.073177,24.407347,48.105057,8.371029,1335.249634,0.957308,48.784073,127.238602,112.949498,898.3143034,1473.490917,4296.246509,0.078852
2026-06-15 10:00:00,176.237137,31.209839,23959.41797,26.68976,62.990265,24.434242,48.187241,8.418257,1336.569336,0.957623,48.639378,127.597759,113.246872,897.700765,1483.609512,4306.220855,0.07718
2026-06-15 12:00:00,175.939575,31.214912,23900.91992,26.616396,63.05621,24.410427,48.021454,8.279392,1329.06189,0.957672,48.613838,127.325737,112.883365,897.977319,1456.67271,4294.760152,0.07877
2026-06-15 14:00:00,175.877777,30.764257,23976.69336,26.655806,62.94313,24.496758,48.109871,8.341877,1336.006714,0.957899,48.794151,127.083626,112.934647,899.4923417,1467.150783,4308.435341,0.080996
2026-06-15 16:00:00,175.814331,30.249941,24036.06641,26.48419,62.795952,24.452633,48.188774,8.315418,1332.63147,0.957332,48.648376,127.165955,113.018379,907.5628292,1461.969653,4299.123312,0.078066
2026-06-15 18:00:00,176.254349,29.545721,23770.03516,26.488586,62.675591,24.439016,47.966942,8.309451,1327.560669,0.957843,48.994968,127.259381,113.578758,897.3689708,1464.576877,4307.482855,0.079737
2026-06-15 20:00:00,175.993698,28.722055,24002.48047,26.395428,62.674953,24.466846,48.239498,8.279391,1330.866577,0.957342,48.875988,127.11771,113.318745,909.3423478,1457.120639,4306.010706,0.074946
2026-06-15 22:00:00,175.952423,28.449215,23800.64258,26.377398,62.654194,24.447912,47.981602,8.247357,1324.075317,0.956818,49.27639,126.676033,113.298229,902.3119937,1451.142447,4301.669354,0.076475
2026-06-16 00:00:00,175.808212,28.447477,23853.41211,26.473604,62.706635,24.502541,47.921623,8.318554,1328.734985,0.957716,49.287025,126.521187,113.101577,901.026249,1462.470105,4307.747923,0.076889
2026-06-16 02:00:00,175.867096,28.88352,23910.60938,26.470476,62.809582,24.45676,48.06749,8.302619,1326.328979,0.957309,49.21526,126.651836,113.057514,903.2935175,1460.157493,4301.139359,0.077529
2026-06-16 04:00:00,176.029083,29.505575,23906.4707,26.59197,62.953205,24.471375,48.120335,8.316825,1333.001709,0.957431,49.371464,126.657619,113.075878,899.0108933,1464.003078,4307.673701,0.079508
2026-06-16 06:00:00,175.984161,30.213602,23828.5332,26.603004,63.092991,24.399439,48.137413,8.418229,1329.537842,0.958032,48.818966,127.165195,112.89117,895.7083645,1481.474968,4293.914801,0.079753
2026-06-16 08:00:00,176.376938,30.752506,24005.8418,26.695099,63.061974,24.468393,48.06168,8.397491,1337.214478,0.958092,48.864582,127.512356,113.314964,899.2602649,1481.123749,4315.660235,0.079065
2026-06-16 10:00:00,175.75708,31.287045,23839.20117,26.686964,63.07906,24.476282,48.131588,8.324004,1330.855103,0.957644,48.803192,126.953888,112.67802,893.2901162,1463.002637,4301.879854,0.079697
2026-06-16 12:00:00,175.877319,31.247784,23751.9043,26.668112,63.022087,24.41902,47.959915,8.363022,1325.553833,0.957553,48.533844,127.343475,112.855232,890.648138,1470.865888,4294.75177,0.081047
2026-06-16 14:00:00,175.790054,30.831829,23876.63672,26.574085,62.930916,24.470997,48.078148,8.275687,1327.842773,0.957894,48.915302,126.874752,112.859138,898.4932772,1454.783465,4301.757884,0.07961
2026-06-16 16:00:00,175.890564,30.275187,23890.0332,26.481049,62.700333,24.465742,48.124325,8.312417,1330.124268,0.957726,48.980801,126.909763,113.190231,902.1558475,1462.075714,4303.293159,0.078587
2026-06-16 18:00:00,176.349838,29.483139,23852.28711,26.343126,62.785339,24.452269,47.998268,8.297503,1328.114624,0.957509,48.740562,127.609276,113.564499,905.4463433,1463.26331,4312.153677,0.077556
2026-06-16 20:00:00,175.952652,28.913248,23898.80078,26.528299,62.688576,24.504013,48.113804,8.315698,1329.621704,0.956883,48.854321,127.098331,113.264076,900.8795016,1463.169116,4311.546072,0.077716
2026-06-16 22:00:00,176.34465,28.341482,23910.36523,26.433109,62.846779,24.467657,48.163517,8.338032,1330.128906,0.957389,49.199654,127.144996,113.497871,904.5612165,1470.367335,4314.74041,0.076835
2026-06-17 00:00:00,176.034393,28.44689,23771.60547,26.429682,62.731579,24.461172,47.885067,8.267489,1326.177002,0.956953,49.121243,126.91315,113.302814,899.4283574,1455.362408,4306.007565,0.075943
2026-06-17 02:00:00,176.075546,28.713737,23874.98047,26.540035,62.874592,24.450806,48.022434,8.329933,1332.446777,0.956989,48.949753,127.125793,113.200954,899.583609,1466.697501,4305.189017,0.079015
2026-06-17 04:00:00,176.03418,29.418905,23993.58984,26.555992,62.940491,24.425041,48.21936,8.342183,1332.212036,0.957534,49.097412,126.936768,113.093689,903.5094544,1468.509344,4299.642064,0.077678
2026-06-17 06:00:00,176.035339,30.08497,24038.33984,26.696457,62.955803,24.38306,48.212406,8.323221,1336.275269,0.957678,48.974617,127.060722,113.079536,900.431838,1465.18103,4292.280233,0.079473
2026-06-17 08:00:00,176.053192,30.85775,24031.875,26.677582,62.995316,24.440174,48.342106,8.362311,1337.123047,0.957049,49.135677,126.917515,113.057876,900.8265817,1472.211544,4302.770646,0.0799
2026-06-17 10:00:00,175.924866,31.171398,24138.90234,26.784338,63.022594,24.460571,48.464493,8.389338,1339.307495,0.958121,49.004108,126.920758,112.902272,901.231994,1475.893163,4303.222675,0.079019
2026-06-17 12:00:00,176.210999,31.245089,24179.95898,26.764135,63.101189,24.373356,48.284409,8.403523,1341.955811,0.957681,48.651432,127.559567,113.10981,903.4463092,1480.793183,4294.85341,0.078362
2026-06-17 14:00:00,176.108673,30.791193,24009.11133,26.736206,62.904732,24.397465,48.284367,8.419787,1336.814453,0.958089,48.662415,127.446258,113.203941,897.9999379,1482.797516,4296.605186,0.079783
2026-06-17 16:00:00,176.293976,30.260113,23915.74805,26.56316,62.985973,24.440592,48.18388,8.335374,1332.688965,0.958356,48.800632,127.493344,113.308003,900.3352029,1469.476224,4308.729139,0.078129
2026-06-17 18:00:00,176.228546,29.52343,24036.81055,26.483543,62.878197,24.515585,48.250614,8.330276,1334.909424,0.957973,48.961632,127.266914,113.350349,907.6130995,1468.032427,4320.345899,0.077941
2026-06-17 20:00:00,176.134277,28.949629,24048.54297,26.469595,62.942627,24.425741,48.176422,8.322421,1334.308228,0.957222,49.129421,127.004856,113.19165,908.5346024,1465.863606,4302.210231,0.074715
2026-06-17 22:00:00,176.237213,28.52248,23936.93555,26.426695,62.865543,24.447504,48.045303,8.31182,1329.619995,0.95733,49.358883,126.87833,113.37167,905.7861964,1464.851992,4308.55997,0.074294
2026-06-18 00:00:00,176.522934,28.183783,24066.32422,26.579828,62.90332,24.481016,48.203461,8.371553,1337.991089,0.956955,49.550571,126.972363,113.619614,905.4356642,1477.771098,4321.460772,0.072283
2026-06-18 02:00:00,176.48259,28.742941,23852.71484,25.559587,62.979431,24.650652,48.11837,8.185584,1315.605469,0.957001,49.176315,127.306275,113.503159,933.2198851,1444.613065,4350.41091,0.070697
2026-06-18 04:00:00,176.403671,29.346716,23890.04688,25.662483,63.076355,24.632198,48.154663,8.221292,1321.605103,0.955356,49.127609,127.276062,113.327316,930.9327891,1450.266089,4345.210152,0.070918
2026-06-18 06:00:00,176.162521,30.134817,23938.79492,25.805025,63.153408,24.557035,48.049522,8.057775,1325.156494,0.956157,49.121998,127.040523,113.009113,927.6795865,1419.477958,4326.029194,0.073915
2026-06-18 08:00:00,176.853104,30.700312,23975.55859,25.788349,63.200108,24.582743,48.232357,8.238203,1326.208618,0.956555,49.166248,127.686856,113.652996,929.7050615,1456.951772,4347.534404,0.072425
2026-06-18 10:00:00,176.704056,31.238621,23942.00586,25.753939,63.235073,24.547916,48.187977,8.227071,1323.268311,0.956609,48.801056,127.903,113.468983,929.6444268,1453.756815,4337.716324,0.073817
2026-06-18 12:00:00,176.686142,31.247824,23959.88281,25.729279,63.249367,24.553116,48.256172,8.233725,1324.289062,0.956915,48.785461,127.900681,113.436775,931.230246,1454.785105,4338.19534,0.073531
2026-06-18 14:00:00,176.479401,30.809465,23796.74414,25.706924,63.154686,24.547112,48.173218,8.199861,1318.529053,0.956011,48.89983,127.579571,113.324715,925.6939547,1447.106558,4332.059622,0.07309
2026-06-18 16:00:00,176.508011,30.125219,23849.32227,25.639399,63.017078,24.571159,48.013092,8.19896,1319.502075,0.956127,48.704494,127.803517,113.490933,930.1825782,1447.182122,4337.006403,0.069221
2026-06-18 18:00:00,176.506638,29.370911,23985.06055,25.6203,62.87397,24.624321,48.076675,8.16754,1324.332397,0.956596,48.787128,127.71951,113.632668,936.1740708,1441.625026,4346.356113,0.072563
2026-06-18 20:00:00,176.637985,28.809475,24061.28125,25.607321,62.814461,24.573172,48.307564,8.197304,1327.495605,0.956737,49.305065,127.33292,113.823524,939.6250881,1447.955261,4340.555587,0.070661
2026-06-18 22:00:00,176.667816,28.28002,23957.74609,25.573557,62.864555,24.675701,48.179134,8.180113,1319.135376,0.956669,49.01852,127.649296,113.803261,936.817123,1445.162698,4359.402204,0.069334
2026-06-19 00:00:00,176.688538,28.295425,23990.94336,25.551809,62.97678,24.608093,48.212997,8.204527,1322.557983,0.956595,49.436096,127.252442,113.711758,938.9136933,1449.645881,4347.967975,0.070805
2026-06-19 02:00:00,176.708252,28.828411,24015.9375,25.617495,62.909763,24.633205,48.13805,8.196088,1320.574829,0.957214,49.32288,127.385372,113.798489,937.4818849,1448.316384,4352.890597,0.072956
2026-06-19 04:00:00,176.665848,29.339657,24021.57227,25.688833,63.155537,24.715111,48.234112,8.177752,1326.905396,0.956895,49.225445,127.440403,113.510311,935.0978406,1444.729492,4366.316043,0.071338
2026-06-19 06:00:00,176.585571,30.173508,24048.75,25.743382,63.171276,24.681519,48.352398,8.17617,1330.402466,0.957011,49.065132,127.520439,113.414295,934.1721301,1443.793648,4358.400126,0.071577
2026-06-19 08:00:00,176.596863,30.733713,24101.29297,25.856155,63.147575,24.621361,48.357853,8.231647,1326.504028,0.956204,49.09034,127.506523,113.449288,932.1298147,1453.683038,4348.055115,0.072788
2026-06-19 10:00:00,176.469345,31.114565,24057.72461,25.873528,63.379189,24.546467,48.146629,8.23848,1326.175049,0.956909,48.940926,127.528419,113.090156,929.8200311,1453.839169,4331.698954,0.073817
2026-06-19 12:00:00,176.789566,31.088549,24058.73828,25.907299,63.187939,24.607704,48.385601,8.256605,1329.098755,0.957465,48.902714,127.886852,113.601627,928.6471076,1459.681615,4350.38531,0.073286
2026-06-19 14:00:00,176.294495,30.75684,23934.56836,25.777327,63.082542,24.599873,48.246586,8.212236,1326.152832,0.957242,48.966301,127.328194,113.211953,928.5124233,1447.771998,4336.822188,0.074337
2026-06-19 16:00:00,176.620468,29.973736,24004.57031,25.6355,62.965004,24.539778,48.248375,8.216286,1325.684814,0.956963,48.790569,127.829899,113.655464,936.3800321,1451.164279,4334.227075,0.072959
2026-06-19 18:00:00,176.869431,29.239542,23846.10547,25.56587,62.849808,24.57123,48.098583,8.183121,1319.223999,0.956436,48.967491,127.90194,114.019623,932.7320161,1447.343955,4345.899469,0.070402
2026-06-19 20:00:00,176.609268,28.610641,23792.46289,25.518456,62.828651,24.711697,47.917309,8.180629,1316.270996,0.955893,49.126049,127.483219,113.780617,932.362949,1444.774899,4364.314718,0.069953
2026-06-19 22:00:00,176.904282,28.375164,23902.74609,25.494501,62.888012,24.590626,47.979717,8.183311,1318.404419,0.956506,49.319668,127.584614,114.01627,937.564775,1447.662757,4350.187036,0.069367
2026-06-20 00:00:00,176.437119,28.325298,23911.32617,25.522779,62.92844,24.628847,48.164303,8.126726,1320.506348,0.955797,49.566715,126.870404,113.508679,936.8621721,1433.856122,4345.442809,0.067572
2026-06-20 02:00:00,176.528091,28.684862,23980.92383,25.613403,62.89389,24.658545,48.193558,8.196614,1319.997559,0.956396,49.208702,127.319389,113.634201,936.2646513,1446.932622,4352.925876,0.071003
2026-06-20 04:00:00,176.70462,29.293287,23977.75781,25.780968,63.167992,24.61054,48.226898,8.198202,1325.835083,0.956586,49.176342,127.528278,113.536628,930.0565367,1448.660169,4348.796119,0.07185
2026-06-20 06:00:00,176.579559,30.067324,23921.47656,25.761864,63.186657,24.596668,48.086266,8.223598,1325.449829,0.956953,49.400898,127.178661,113.392902,928.5615576,1452.119308,4343.268788,0.072172
2026-06-20 08:00:00,176.525299,30.722189,23911.28125,25.82658,63.120235,24.556959,48.160168,8.21926,1322.946777,0.956387,49.182014,127.343285,113.405064,925.8400164,1450.907329,4334.92453,0.073214
2026-06-20 10:00:00,176.396072,31.039341,24005.25977,25.871832,63.253418,24.575153,48.293221,8.199229,1324.892578,0.957206,48.564598,127.831474,113.142654,927.8531094,1446.311789,4334.960458,0.074639
2026-06-20 12:00:00,176.648193,31.019806,23840.95703,25.75378,63.113468,24.584885,47.971428,8.219222,1317.571655,0.956702,48.958862,127.689331,113.534725,925.7265159,1451.910714,4342.87551,0.075633
2026-06-20 14:00:00,176.549591,30.612358,23948.50586,25.711014,63.006939,24.576452,48.158161,8.187346,1321.530518,0.956951,48.658138,127.891453,113.542652,931.4492948,1445.472588,4338.962549,0.07346
2026-06-20 16:00:00,176.834915,29.978222,23764.17773,25.451996,62.962482,24.705812,47.91227,8.210279,1317.217529,0.956828,48.893909,127.941006,113.872433,933.686212,1451.863989,4368.850165,0.071684
2026-06-20 18:00:00,176.418381,29.245173,23774.48828,25.496574,62.909431,24.650557,48.053207,8.174915,1318.562622,0.956584,49.144257,127.274124,113.50895,932.4581523,1442.205269,4348.811357,0.071117
2026-06-20 20:00:00,176.722321,28.548071,23809.86328,25.49691,62.736355,24.623661,48.05962,8.189266,1320.424438,0.956421,48.962334,127.759987,113.985966,933.8332873,1447.226095,4351.550523,0.071723
2026-06-20 22:00:00,176.26001,28.29866,23832.98242,25.496458,62.825012,24.670296,48.173405,8.128872,1318.551147,0.956122,48.942749,127.317261,113.434998,934.7566012,1432.79506,4348.38662,0.071231
2026-06-21 00:00:00,176.560455,28.253727,23859.09961,25.46736,62.792072,24.60811,47.97971,8.155648,1317.588745,0.956469,49.649395,126.91106,113.768383,936.8501332,1439.964922,4344.819098,0.069182
2026-06-21 02:00:00,176.498199,28.567936,23736.23047,25.647831,62.901478,24.595049,47.849899,8.185632,1317.275391,0.955777,49.182762,127.315437,113.596721,925.4673609,1444.749306,4340.981853,0.071106
2026-06-21 04:00:00,176.352905,29.197044,23826.83008,25.517864,62.917656,24.579113,48.034313,8.209988,1316.817749,0.956575,49.288704,127.064201,113.435249,933.7313687,1447.855234,4334.59798,0.073055
2026-06-21 06:00:00,176.19664,29.921755,23702.17188,25.653049,63.097805,24.59306,47.847374,8.19137,1317.008911,0.957284,49.067448,127.129192,113.098835,923.9514521,1443.291871,4333.214539,0.074007
2026-06-21 08:00:00,176.263107,30.554024,23741.61719,25.724451,63.074551,24.606804,47.938015,8.215556,1318.581421,0.957187,48.901627,127.36148,113.188556,922.9202671,1448.099426,4337.271726,0.0721
2026-06-21 10:00:00,176.45665,30.957449,23803.47461,25.618298,63.103745,24.601715,47.936985,8.179258,1316.123535,0.956624,48.714836,127.741814,113.352905,929.1590959,1443.284466,4341.136213,0.073081
2026-06-21 12:00:00,176.364578,31.044395,23736.86523,25.625408,63.031273,24.618567,48.012188,8.198592,1316.931396,0.956693,48.720463,127.644115,113.333305,926.3019435,1445.941218,4341.84318,0.072849
2026-06-21 14:00:00,176.309021,30.44009,23651.33789,25.573034,62.881622,24.596003,47.789299,8.18866,1315.61145,0.956344,48.728249,127.580772,113.427399,924.8545906,1443.734628,4336.497209,0.075543
2026-06-21 16:00:00,176.130356,29.923807,23633.07422,25.470028,62.737251,24.672047,47.866192,8.178581,1312.125977,0.956024,49.006489,127.123867,113.393105,927.8778264,1440.496383,4345.496421,0.073837
2026-06-21 18:00:00,176.284317,29.123999,23613.41992,25.402849,62.784122,24.68997,47.865925,8.136515,1311.640015,0.955887,49.126537,127.15778,113.500195,929.5579375,1434.33999,4352.454498,0.071638
2026-06-21 20:00:00,176.375198,28.439026,23629.93359,25.371799,62.701462,24.690701,47.889194,8.127593,1312.978271,0.956978,48.874683,127.500515,113.673736,931.3463974,1433.505825,4354.827278,0.069929
2026-06-21 22:00:00,176.016312,28.062948,23639.32031,25.388664,62.618805,24.604992,47.803299,8.108362,1311.261719,0.95545,49.108589,126.907723,113.397507,931.0974501,1427.203976,4330.879949,0.073255
2026-06-22 00:00:00,176.466537,28.074921,23606.61328,25.34446,62.725338,24.620274,47.822285,8.15508,1310.2146,0.956786,49.006973,127.459564,113.741199,931.4309037,1439.098727,4344.654493,0.06906
2026-06-22 02:00:00,176.405792,28.536854,23357.46484,24.722027,62.773647,24.803333,47.502205,7.962756,1297.735352,0.955111,49.317078,127.088714,113.632145,944.8037915,1404.676279,4375.451602,0.070104
2026-06-22 04:00:00,176.399292,29.098936,23513.25586,24.836683,62.893112,24.677389,47.729847,8.014175,1301.137085,0.95576,49.01722,127.382072,113.50618,946.7148193,1413.694796,4353.073948,0.068337
2026-06-22 06:00:00,176.105179,29.959892,23393.79883,24.902731,63.031513,24.699829,47.576714,8.063277,1299.358398,0.955822,49.178711,126.926468,113.073666,939.4069601,1419.984839,4349.767807,0.071903
2026-06-22 08:00:00,176.205353,30.522789,23409.68555,24.879719,62.988808,24.715675,47.719223,8.026263,1300.491943,0.955993,48.655167,127.550186,113.216545,940.9143868,1414.270505,4355.034238,0.07257
2026-06-22 10:00:00,176.165314,30.969215,23544.0332,24.969351,63.034294,24.721653,47.770275,8.051628,1303.879517,0.955962,48.674919,127.490395,113.13102,942.917307,1418.417575,4355.097763,0.072063
2026-06-22 12:00:00,176.13916,30.884502,23410.41797,24.799028,62.806042,24.766859,47.603378,8.031549,1299.933838,0.956292,48.83593,127.30323,113.333118,944.0054654,1414.670294,4362.41374,0.071495
2026-06-22 14:00:00,176.438568,30.415384,23609.85547,24.764639,62.90929,24.707296,47.785339,8.037498,1303.870239,0.955751,48.646984,127.791584,113.529278,953.3696602,1418.124637,4359.319925,0.071213
2026-06-22 16:00:00,176.392181,29.851566,23308.52148,24.72401,62.688667,24.777033,47.466576,8.048275,1295.374878,0.95555,48.877628,127.514553,113.703514,942.7484249,1419.652781,4370.47489,0.070846
2026-06-22 18:00:00,176.397659,29.125799,23330.39062,24.652534,62.6087,24.76561,47.495789,8.024385,1294.625122,0.955827,48.407299,127.99036,113.788959,946.3688652,1415.482729,4368.595628,0.067924
2026-06-22 20:00:00,176.255096,28.540625,23385.93555,24.583513,62.505753,24.790422,47.496868,8.023496,1297.224854,0.954908,49.134056,127.12104,113.749343,951.285341,1414.182058,4369.438209,0.069419
2026-06-22 22:00:00,176.411255,28.045137,23380.09375,24.535093,62.486732,24.785419,47.608311,8.049039,1295.91333,0.955603,48.967575,127.44368,113.924523,952.9246027,1419.941072,4372.426871,0.067545
2026-06-23 00:00:00,176.320602,28.139761,23334.67383,24.634588,62.574478,24.756462,47.460285,7.971093,1293.869385,0.954967,49.211426,127.109176,113.746124,947.2321529,1405.467916,4365.074283,0.067308
2026-06-23 02:00:00,176.09433,28.49288,23460.60156,24.687702,62.797165,24.796499,47.695564,7.992171,1301.329224,0.95474,49.070244,127.024086,113.297165,950.2950725,1407.375997,4366.522878,0.068895
2026-06-23 04:00:00,176.24202,29.099163,23515.79883,24.760025,62.774094,24.757887,47.623074,8.017991,1297.768433,0.955856,48.991913,127.250107,113.467926,949.7485898,1413.10693,4363.380016,0.069701
2026-06-23 06:00:00,176.047012,29.764832,23372.54102,24.948265,63.026726,24.688107,47.536369,8.017408,1299.427979,0.956304,48.906025,127.140987,113.020286,936.840338,1411.440722,4346.267469,0.069489
2026-06-23 08:00:00,176.086609,30.54888,23372.87109,24.905895,63.015453,24.776724,47.451973,8.061401,1297.268677,0.955675,48.788853,127.297756,113.071156,938.4473473,1419.504766,4362.849311,0.072416
2026-06-23 10:00:00,176.532776,30.860235,23393.69531,24.798244,63.037327,24.772799,47.544212,8.082787,1298.987183,0.956014,48.760307,127.772469,113.495449,943.3609618,1426.876827,4373.210977,0.072205
2026-06-23 12:00:00,176.456848,30.896711,23429.12109,24.907181,63.001469,24.76355,47.506046,8.067509,1302.293823,0.955255,48.741955,127.714893,113.455379,940.6572785,1423.567209,4369.697978,0.070231
2026-06-23 14:00:00,176.403717,30.571758,23515.92969,24.796532,62.879795,24.787333,47.723305,7.978423,1303.960938,0.955421,48.77145,127.632267,113.523922,948.3555881,1407.423473,4372.577676,0.070491
2026-06-23 16:00:00,176.340836,29.827448,23449.00195,24.709629,62.738388,24.708647,47.641396,7.969696,1297.926758,0.955569,48.881836,127.459,113.602448,948.9823564,1405.382855,4357.143468,0.070141
2026-06-23 18:00:00,176.293274,29.103128,23331.78516,24.595932,62.597599,24.786652,47.541756,7.965396,1296.361206,0.955385,48.798733,127.494541,113.695675,948.6034177,1404.24574,4369.720033,0.068899
2026-06-23 20:00:00,176.575607,28.333036,23394.09766,24.601028,62.561871,24.791134,47.728233,7.996869,1293.140747,0.955264,49.269775,127.305832,114.013736,950.9398411,1412.051998,4377.509534,0.067565
2026-06-23 22:00:00,176.286331,28.166584,23466.30273,24.579268,62.600208,24.72945,47.664288,8.008799,1294.698853,0.955419,49.210934,127.075397,113.686123,954.7193486,1411.841791,4359.464008,0.068204
2026-06-24 00:00:00,176.462784,28.061932,23517.74023,24.673897,62.625519,24.771818,47.739433,8.042352,1301.438721,0.95448,49.158066,127.304718,113.837265,953.1425147,1419.175824,4371.303969,0.070716
2026-06-24 02:00:00,176.1931,28.389723,23687.12891,25.478985,62.801273,24.676435,47.839039,8.147478,1312.554565,0.955643,49.195717,126.997383,113.391827,929.673176,1435.529406,4347.81758,0.073022
2026-06-24 04:00:00,176.34729,28.947575,23740.40625,25.519711,62.762859,24.671331,48.000809,8.181064,1313.827148,0.95623,49.276806,127.070484,113.584431,930.2772375,1442.708466,4350.722363,0.073601
2026-06-24 06:00:00,176.179825,29.791187,23706.66211,25.651041,62.879528,24.60074,47.820351,8.207192,1316.896484,0.956063,49.213173,126.966652,113.300297,924.1988311,1445.94165,4334.154068,0.075691
2026-06-24 08:00:00,176.291992,30.415968,23835.47852,25.622618,63.092731,24.589108,48.035061,8.182339,1320.562866,0.956786,48.808483,127.483509,113.199261,930.2514878,1442.480842,4334.862831,0.074117
2026-06-24 10:00:00,176.264114,30.80336,23848.9668,25.627632,63.075859,24.596622,48.066769,8.203178,1322.486206,0.956105,48.872856,127.391258,113.188255,930.5958037,1445.925902,4335.501784,0.07538
2026-06-24 12:00:00,176.191513,30.724222,23599.66211,25.711721,63.050064,24.60091,47.820862,8.217483,1310.624756,0.956554,48.685726,127.505787,113.141449,917.8561835,1447.850763,4334.471554,0.076197
2026-06-24 14:00:00,176.082565,30.315163,23682.39258,25.627714,63.026722,24.561363,47.845943,8.178191,1318.618896,0.95624,48.565998,127.516567,113.055843,924.0930571,1440.036848,4324.827797,0.074955
2026-06-24 16:00:00,176.189621,29.808582,23705.90625,25.442938,62.784851,24.602545,47.822258,8.168103,1312.118652,0.956935,48.970409,127.219212,113.40477,931.7283346,1439.134972,4334.713079,0.071107
2026-06-24 18:00:00,176.296722,28.836704,23706.07812,25.440001,62.84901,24.620289,47.898956,8.137878,1315.810669,0.955925,48.858936,127.437786,113.447712,931.842657,1434.681215,4340.476245,0.07257
2026-06-24 20:00:00,176.395248,28.38113,23765.375,25.351803,62.681873,24.680229,47.956127,8.166661,1316.301758,0.955777,48.866268,127.52898,113.713375,937.4234645,1440.560192,4353.475115,0.073443
2026-06-24 22:00:00,176.189301,28.037464,23738.27539,25.437166,62.627319,24.697168,48.030319,8.144129,1314.275513,0.956415,49.139008,127.050293,113.561982,933.2122687,1434.908396,4351.376767,0.070691
2026-06-25 00:00:00,176.205154,27.868536,23755.33398,25.439577,62.867619,24.650894,48.026443,8.099796,1316.384888,0.956439,49.313259,126.891895,113.337535,933.7943781,1427.225802,4343.614574,0.071243
2026-06-25 02:00:00,176.443665,28.40737,23770.0293,25.563105,62.767647,24.585371,47.980362,8.193855,1316.730713,0.956646,49.234581,127.209084,113.676018,929.8568893,1445.753807,4337.932965,0.071954
2026-06-25 04:00:00,176.550903,28.894663,23897.08203,25.627878,62.882122,24.613216,48.08028,8.20457,1320.537354,0.956029,49.160332,127.390571,113.668781,932.4643278,1448.524242,4345.485511,0.071536
2026-06-25 06:00:00,176.291626,29.704596,23952.46289,25.661505,63.049492,24.568901,48.097603,8.17726,1319.61853,0.956428,49.044518,127.247108,113.242134,933.4005504,1441.582462,4331.291506,0.071162
2026-06-25 08:00:00,176.343185,30.343676,23926.67383,25.721268,63.060013,24.578585,48.4464,8.156172,1323.664429,0.956317,48.912666,127.430519,113.283172,930.2291718,1438.285348,4334.265962,0.073008
2026-06-25 10:00:00,176.286728,30.697224,24100.85547,25.708912,63.196545,24.630068,48.466171,8.183206,1327.305664,0.957116,49.256268,127.03046,113.090183,937.451397,1442.59061,4341.954098,0.074796
2026-06-25 12:00:00,176.490311,30.690533,23966.86328,25.782915,63.063042,24.559498,48.27494,8.238277,1320.484985,0.957081,48.607285,127.883026,113.427269,929.563755,1453.97607,4334.51344,0.072633
2026-06-25 14:00:00,176.382217,30.308239,23989.26758,25.64876,62.953316,24.587561,48.265564,8.196087,1323.185913,0.956374,48.890156,127.492061,113.428901,935.2993119,1445.643996,4336.80852,0.073881
2026-06-25 16:00:00,176.346405,29.605495,23863.69922,25.632065,62.895527,24.620832,48.052685,8.196286,1320.416626,0.95659,48.670143,127.676262,113.450878,931.0096248,1445.38557,4341.795211,0.07258
2026-06-25 18:00:00,176.562927,29.051195,24018.90625,25.400398,62.827774,24.648149,48.295456,8.176134,1321.923584,0.956011,49.138725,127.424202,113.735153,945.6114133,1443.602151,4351.949333,0.071639
2026-06-25 20:00:00,176.377945,28.332052,23969.80469,25.497217,62.789574,24.605314,48.310902,8.200158,1320.189087,0.956275,49.089111,127.288834,113.588371,940.0949401,1446.327017,4339.834719,0.071068
2026-06-25 22:00:00,176.364349,27.873901,23855.91992,25.488607,62.691692,24.652624,48.048378,8.145699,1318.894653,0.956579,49.31348,127.050869,113.672657,935.9444367,1436.610901,4347.843983,0.071889
2026-06-26 00:00:00,176.230484,27.921545,23915.0332,25.530308,62.849487,24.573185,48.16695,8.121432,1320.513794,0.955817,49.495327,126.735157,113.380997,936.7310885,1431.243892,4330.544286,0.073251
2026-06-26 02:00:00,176.34726,28.121908,23939.32031,25.522041,62.978226,24.689547,48.126556,8.182985,1321.547241,0.956318,49.349998,126.997262,113.369034,937.9861239,1443.046983,4353.933964,0.072061
2026-06-26 04:00:00,176.561783,28.899368,23994.58398,25.603786,63.051205,24.592131,47.964714,8.195081,1321.314697,0.956092,49.262203,127.29958,113.510578,937.1498412,1446.938113,4342.030497,0.0738
2026-06-26 06:00:00,176.264938,29.659466,23932.32227,25.775671,63.104492,24.54076,48.076084,8.226413,1324.048584,0.957406,49.287041,126.977897,113.160446,928.4849371,1450.028177,4325.67554,0.07298
2026-06-26 08:00:00,176.453812,30.1723,24076.4668,25.7346,63.091995,24.617874,48.291595,8.190367,1322.730713,0.957092,49.036781,127.417031,113.361817,935.5679434,1445.221479,4343.917711,0.073778
2026-06-26 10:00:00,176.395248,30.655443,24160.00391,25.711451,63.124611,24.625332,48.441814,8.2384,1327.501709,0.956066,49.235443,127.159805,113.270637,939.6592945,1453.214611,4343.791545,0.073135
2026-06-26 12:00:00,176.456116,32.767937,24064.36523,25.63467,63.071346,24.601524,48.324947,8.178144,1325.100586,0.957051,49.050003,127.406113,113.38477,938.7429303,1443.083526,4341.089373,0.07266
2026-06-26 14:00:00,176.380249,30.248133,23953.41406,25.655289,62.934898,24.586226,48.259251,8.199667,1319.878662,0.956742,48.827591,127.552658,113.445351,933.6637783,1446.259307,4336.524664,0.074186
2026-06-26 16:00:00,176.57869,29.641644,23913.64062,25.535048,62.872589,24.630478,48.13958,8.176271,1321.85376,0.956789,48.995121,127.583569,113.706101,936.5026698,1443.755222,4349.217539,0.071751
2026-06-26 18:00:00,176.509155,28.858746,23990.41016,25.425892,62.831181,24.621311,48.264404,8.17513,1321.209351,0.956208,49.131657,127.377498,113.677974,943.5425178,1442.985288,4345.8868,0.069488
2026-06-26 20:00:00,176.615402,28.118998,23902.97852,25.336246,62.758247,24.694199,48.172569,8.14735,1317.717285,0.956678,49.451202,127.1642,113.857155,943.430156,1438.947495,4361.375883,0.069448
2026-06-26 22:00:00,176.198547,27.743025,23920.48242,25.442186,62.814526,24.660664,48.198208,8.100203,1317.918335,0.955649,49.457405,126.741142,113.384021,940.1897471,1427.243999,4345.173165,0.070442
2026-06-27 00:00:00,176.543823,27.807898,23985.75,25.477142,62.864738,24.661646,48.469936,8.178172,1323.058472,0.956288,49.14238,127.401443,113.679085,941.4615658,1443.80575,4353.861266,0.075534
2026-06-27 02:00:00,175.987335,28.084963,24220.11133,26.52935,62.955879,24.559429,48.335865,8.273097,1340.269165,0.9578,49.239357,126.747978,113.031456,912.9553241,1455.960293,4322.148459,0.076517
2026-06-27 04:00:00,176.025543,28.8885,24116.9375,26.652719,62.97456,24.396584,48.529034,8.331579,1338.611328,0.957613,49.101109,126.924434,113.050983,904.8584311,1466.570718,4294.421946,0.077216
2026-06-27 06:00:00,175.898422,29.623215,24271.93359,26.624931,63.055729,24.413153,48.520905,8.357147,1342.308716,0.95766,49.329552,126.56887,112.842693,911.6242815,1470.00897,4294.235089,0.078164
2026-06-27 08:00:00,176.005783,30.23147,24263.83789,26.653627,63.106133,24.396692,48.533737,8.374441,1342.585693,0.958935,48.860283,127.1455,112.89965,910.3390653,1473.950045,4293.958878,0.07661
2026-06-27 10:00:00,176.177841,30.572165,24176.85742,26.608133,63.219372,24.447842,48.474155,8.319361,1338.654785,0.957564,48.808064,127.369777,112.958469,908.6266001,1465.687059,4307.168021,0.076288
2026-06-27 12:00:00,176.067047,30.56304,24069.24219,26.53417,62.996536,24.458452,48.116856,8.312188,1332.911255,0.957413,48.755733,127.311314,113.070511,907.1036399,1463.502395,4306.327418,0.078016
2026-06-27 14:00:00,176.315842,30.165575,24182.10547,26.538818,62.902042,24.5257,48.473282,8.326975,1338.775391,0.957097,48.900497,127.415345,113.4138,911.1975322,1468.177608,4324.269446,0.077301
2026-06-27 16:00:00,175.867645,29.512789,24148.45898,26.43631,62.875217,24.41567,48.474442,8.279084,1337.69397,0.957993,48.745506,127.122139,112.992428,913.4580047,1456.023006,4293.926384,0.078612
2026-06-27 18:00:00,175.792297,28.817739,24028.60742,26.396255,62.7313,24.449785,48.237209,8.27974,1332.50415,0.957894,48.869511,126.922786,113.060997,910.3036557,1455.514513,4298.083866,0.074944
2026-06-27 20:00:00,176.050247,28.129414,24033.03711,26.279924,62.73542,24.481873,48.180908,8.260782,1330.326904,0.957153,49.361343,126.688904,113.314827,914.5017736,1454.312712,4310.039789,0.076628
2026-06-27 22:00:00,176.042709,27.822721,23993.48047,26.333973,62.616299,24.432169,48.256168,8.285686,1334.321045,0.95702,49.151127,126.891582,113.42641,911.1226957,1458.634609,4301.105218,0.075253
2026-06-28 00:00:00,175.922058,27.689987,23948.66602,26.364574,62.615681,24.474573,48.021744,8.327543,1330.89917,0.957137,49.253281,126.668777,113.306377,908.36537,1464.998503,4305.617251,0.078628
2026-06-28 02:00:00,175.881897,28.207968,23926.70898,26.395714,62.714264,24.450665,48.091648,8.310344,1329.620239,0.957552,49.174873,126.707024,113.167633,906.461897,1461.639067,4300.429343,0.077482
2026-06-28 04:00:00,175.788818,28.753927,24045.8418,26.576889,62.8591,24.414026,48.18734,8.335408,1336.272583,0.957476,49.291752,126.497066,112.929718,904.7651061,1465.27152,4291.712773,0.077073
2026-06-28 06:00:00,175.819153,29.482315,24030.76953,26.537153,62.970913,24.430553,48.125587,8.274562,1332.292603,0.957421,48.935089,126.884064,112.84824,905.551908,1454.826482,4295.359136,0.079106
2026-06-28 08:00:00,175.866577,30.18269,23910.88281,26.591301,63.030216,24.392942,48.175892,8.314729,1331.217285,0.957491,48.94025,126.926327,112.836361,899.1994341,1462.282928,4289.903212,0.078287
2026-06-28 10:00:00,175.894928,30.626497,23932.43359,26.63278,63.001617,24.452759,48.082672,8.386418,1333.977051,0.957398,48.855164,127.039764,112.893311,898.6081661,1475.12839,4301.116284,0.079329
2026-06-28 12:00:00,175.869934,30.541061,23995.41797,26.559961,63.030487,24.493795,48.172115,8.34803,1335.721191,0.957855,48.686516,127.183418,112.839447,903.4432682,1468.167485,4307.72211,0.079375
2026-06-28 14:00:00,175.565735,30.303457,23944.69922,26.530081,62.775578,24.488949,48.051826,8.29013,1331.80127,0.957823,48.683075,126.88266,112.790157,902.5490431,1455.462767,4299.420331,0.078981
2026-06-28 16:00:00,175.752304,29.39155,23883.78906,26.426245,62.710175,24.432199,48.080265,8.289958,1330.103882,0.956462,48.87212,126.880184,113.042129,903.7904955,1456.979219,4294.015266,0.077011
2026-06-28 18:00:00,175.618469,28.687885,23871.00781,26.343826,62.567429,24.457079,48.147678,8.264117,1330.499878,0.957056,48.852962,126.765507,113.05104,906.1329137,1451.331575,4295.11477,0.077047
2026-06-28 20:00:00,175.95752,28.107929,23927.66797,26.348906,62.488297,24.506788,48.04953,8.27497,1330.047485,0.957491,48.915028,127.042492,113.469223,908.1085935,1456.043199,4312.15364,0.076673
2026-06-28 22:00:00,176.068146,27.76347,23897.25,26.265968,62.53194,24.534229,48.084915,8.286756,1329.5271,0.957028,49.363186,126.70496,113.536206,909.817982,1459.033765,4319.696214,0.076151
2026-06-29 00:00:00,175.891861,27.805368,23822.6543,26.307077,62.650635,24.4342,47.914932,8.324753,1327.544067,0.95752,49.106712,126.785149,113.241226,905.5606709,1464.256298,4297.77691,0.076283
2026-06-29 02:00:00,175.956146,28.178432,23882.26172,26.275084,62.642433,24.500957,48.002716,8.272025,1326.937134,0.957445,49.136967,126.819179,113.313713,908.9318884,1455.513639,4311.093967,0.075703
2026-06-29 04:00:00,175.724716,28.750988,23983.63477,26.419094,62.786259,24.464083,48.171177,8.302994,1330.371216,0.95716,49.168011,126.556705,112.938457,907.8144302,1459.041263,4298.944037,0.076984
2026-06-29 06:00:00,175.683044,29.650661,23776.63867,26.471216,62.970844,24.459063,47.950577,8.290759,1325.456299,0.95763,49.009178,126.673866,112.7122,898.2072706,1456.545778,4297.042641,0.078207
2026-06-29 08:00:00,175.547791,30.280972,23818.8418,26.674553,62.858772,24.426289,48.092381,8.295167,1329.501709,0.95665,49.277103,126.270688,112.689019,892.9424908,1456.198243,4287.981076,0.081427
2026-06-29 10:00:00,175.383179,30.485346,23866.05859,26.645447,62.865112,24.422459,48.122246,8.335781,1330.726685,0.958076,48.85635,126.526829,112.518067,895.6899313,1461.955771,4283.288498,0.079065
2026-06-29 12:00:00,175.36203,30.59798,23796.97461,26.434883,62.791092,24.490307,47.999508,8.287149,1326.558472,0.957339,48.568623,126.793407,112.570938,900.2110813,1453.251272,4294.669951,0.081881
2026-06-29 14:00:00,175.489151,30.156464,23791.88867,26.424738,62.686794,24.457855,48.011513,8.278383,1326.930664,0.957453,48.677788,126.811363,112.802357,900.364222,1452.766404,4292.088209,0.07971
2026-06-29 16:00:00,175.748718,29.515781,23758.07227,26.263237,62.601288,24.444738,47.855278,8.261852,1324.567627,0.957599,48.826904,126.921814,113.14743,904.6132533,1452.009897,4296.131365,0.078778
2026-06-29 18:00:00,175.617615,28.848831,23753.28711,26.331167,62.597282,24.515747,47.919422,8.2778,1324.155151,0.956499,48.839207,126.778408,113.020333,902.0977729,1453.727493,4305.397018,0.078237
2026-06-29 20:00:00,175.496536,28.078783,23790.49609,26.218748,62.512066,24.499336,48.021309,8.254516,1323.987671,0.957783,48.933231,126.563305,112.98447,907.3849024,1448.638964,4299.548602,0.081025
2026-06-29 22:00:00,175.768341,27.892609,23728.68945,26.34234,62.553204,24.495899,47.96537,8.299543,1325.474487,0.957939,48.965935,126.802406,113.215137,900.7813829,1458.796904,4305.603529,0.077485
2026-06-30 00:00:00,175.710587,27.687113,23800.43359,26.241697,62.520115,24.448498,48.040321,8.243844,1326.214111,0.957023,48.992134,126.718453,113.190472,906.9700635,1448.530668,4295.859935,0.077366
2026-06-30 02:00:00,175.526093,28.100748,23772.67969,26.342976,62.674305,24.442654,47.831623,8.276642,1324.237793,0.957336,49.323845,126.202248,112.851788,902.429539,1452.766633,4290.323559,0.07959
2026-06-30 04:00:00,175.559479,28.721453,23812.36328,26.447996,62.876797,24.484739,47.898857,8.268913,1324.986938,0.957185,48.783768,126.775711,112.682682,900.3466002,1451.686058,4298.528022,0.079335
2026-06-30 06:00:00,175.593887,29.5534,23837.54297,26.469017,62.874557,24.393869,47.966286,8.263013,1329.728394,0.957278,48.970596,126.623291,112.71933,900.5828576,1450.934571,4283.414277,0.078796
2026-06-30 08:00:00,175.413345,30.154303,23869.33984,26.510838,62.87273,24.442841,48.038254,8.268943,1328.88623,0.957567,48.714397,126.698948,112.540615,900.3615745,1450.482951,4287.600501,0.078849
2026-06-30 10:00:00,175.38385,30.481483,23910.97852,26.510765,62.996845,24.438869,48.163174,8.245925,1331.075684,0.957758,48.781605,126.602245,112.387005,901.9346864,1446.202073,4286.182935,0.080697
2026-06-30 12:00:00,175.792252,30.611725,23872.60938,26.53109,62.867062,24.463184,48.051392,8.311508,1330.864502,0.957259,48.593357,127.198895,112.92519,899.7975347,1461.098709,4300.438206,0.080971
2026-06-30 14:00:00,175.759644,30.275246,23819.9082,26.382427,62.827526,24.494995,48.104271,8.31928,1327.567139,0.95805,48.624069,127.135575,112.932118,902.8702402,1462.193691,4305.231601,0.078998
2026-06-30 16:00:00,175.700943,29.577559,23931.28125,26.337641,62.79586,24.468451,48.162224,8.239091,1331.538452,0.957793,48.605286,127.095657,112.905083,908.6341958,1447.616058,4299.129914,0.078515
2026-06-30 18:00:00,175.856979,28.680584,23876.77148,26.271494,62.579891,24.495182,48.112598,8.282532,1327.350464,0.957811,48.975449,126.88153,113.277088,908.8471133,1456.541056,4307.648707,0.077349
2026-06-30 20:00:00,175.80397,28.113653,23904.19922,26.228189,62.487465,24.53023,48.154766,8.261568,1329.199097,0.957517,48.661793,127.142177,113.316505,911.3934332,1452.416453,4312.511819,0.079554
2026-06-30 22:00:00,175.781219,27.72802,23860.19727,26.277205,62.566906,24.479574,48.045345,8.266646,1329.985474,0.957464,49.14262,126.638599,113.214313,908.0188424,1453.121111,4303.049358,0.078257
2026-07-01 00:00:00,175.858978,27.79192,23902.96875,26.342594,62.679302,24.541687,48.084583,8.272609,1327.822021,0.957663,49.193047,126.665931,113.179676,907.3885719,1454.812564,4315.875994,0.07933
2026-07-01 02:00:00,175.383743,28.064482,24044.08789,27.108633,62.725258,24.366451,48.268375,8.353451,1343.091064,0.958078,49.008152,126.375591,112.658485,886.9531669,1465.059503,4273.47938,0.081738
2026-07-01 04:00:00,175.6483,28.821478,24045.6582,27.061838,62.797615,24.335711,48.237717,8.371739,1336.107056,0.95813,49.1371,126.5112,112.850685,888.5449023,1470.481723,4274.526266,0.082544
2026-07-01 06:00:00,175.460968,29.545637,24231.98438,27.204411,62.883148,24.330521,48.523148,8.413775,1344.944092,0.958719,48.880245,126.580723,112.57782,890.7373284,1476.289106,4269.056767,0.08196
2026-07-01 08:00:00,175.760376,30.343575,24150.5918,27.256702,62.921379,24.322247,48.276752,8.495185,1344.641479,0.958359,48.821846,126.93853,112.838997,886.0423318,1493.11691,4274.887278,0.080994
2026-07-01 10:00:00,175.79866,30.561401,24233.79492,27.323475,63.054329,24.372112,48.335995,8.456467,1351.380615,0.958036,48.870491,126.928169,112.744331,886.9221401,1486.635567,4284.584631,0.082531
2026-07-01 12:00:00,175.622009,30.660589,24198.75977,27.279804,62.972183,24.350878,48.481766,8.418881,1349.661987,0.958121,48.816029,126.80598,112.649826,887.0576844,1478.540795,4276.550115,0.08267
2026-07-01 14:00:00,175.584015,30.274454,24245.50195,27.290552,62.771973,24.339235,48.417614,8.396738,1349.919556,0.958242,49.001945,126.58207,112.812042,888.4210899,1474.332971,4273.580603,0.083642
2026-07-01 16:00:00,175.722778,29.716883,24201.99219,27.126059,62.751003,24.353142,48.317963,8.431479,1343.542114,0.958631,48.834515,126.888263,112.971775,892.2045104,1481.602913,4279.401765,0.081764
2026-07-01 18:00:00,175.900421,28.947832,24267.68555,27.027719,62.75771,24.344982,48.478207,8.430057,1346.861572,0.958517,48.739429,127.160992,113.142711,897.8813768,1482.850575,4282.292583,0.079321
2026-07-01 20:00:00,175.944748,28.246584,24193.22852,26.97761,62.660717,24.392561,48.372555,8.440786,1344.69458,0.957914,49.222519,126.722229,113.284031,896.7891713,1485.111966,4291.742998,0.081421
2026-07-01 22:00:00,175.722382,27.896723,24225.51172,27.022474,62.590797,24.378851,48.266472,8.405749,1346.501709,0.958192,49.051224,126.671158,113.131585,896.4949589,1477.078237,4283.909768,0.077849
2026-07-02 00:00:00,175.82724,27.784,24209.03906,27.051662,62.816452,24.413567,48.493725,8.390893,1345.884644,0.95798,49.350338,126.476902,113.010788,894.9187322,1475.347557,4292.570104,0.079888
2026-07-02 02:00:00,175.720474,28.251513,24315.37891,27.148962,62.828297,24.352522,48.583527,8.356371,1348.36145,0.958022,49.331551,126.388923,112.892177,895.6283082,1468.385473,4279.236709,0.081961
2026-07-02 04:00:00,175.767654,28.827417,24480.62109,27.281158,62.956078,24.337658,48.860847,8.459415,1352.659668,0.958187,49.251122,126.516532,112.811576,897.3453801,1486.891529,4277.773051,0.08128
2026-07-02 06:00:00,175.998352,29.46851,24346.49609,27.205042,63.03336,24.338137,48.590111,8.488565,1349.573364,0.957895,49.109131,126.889221,112.964992,894.9258779,1493.973451,4283.472003,0.084405
2026-07-02 08:00:00,175.661072,30.180737,24390.87891,27.428539,63.100983,24.357224,48.589905,8.425072,1352.358765,0.958449,48.985092,126.67598,112.560089,889.2518448,1479.957179,4278.616079,0.081466
2026-07-02 10:00:00,175.707748,30.66901,24331.96484,27.474833,63.043423,24.314445,48.473343,8.452867,1357.148071,0.959017,48.825401,126.882347,112.664325,885.6091989,1485.234225,4272.236375,0.083757
2026-07-02 12:00:00,175.973343,30.504442,24450.60352,27.322657,63.011219,24.331724,48.677612,8.457278,1352.500488,0.959192,48.98164,126.991703,112.962124,894.8838144,1488.255482,4281.734813,0.083559
2026-07-02 14:00:00,175.846756,30.201931,24501.91602,27.28998,62.882168,24.386864,48.715191,8.442829,1355.997192,0.958722,48.696388,127.150368,112.964588,897.8356164,1484.644091,4288.350923,0.079084
2026-07-02 16:00:00,176.064697,29.642927,24485.69922,27.228022,62.942627,24.333603,48.65826,8.472294,1354.721924,0.958082,48.884121,127.180576,113.12207,899.2830702,1491.671876,4284.288439,0.079965
2026-07-02 18:00:00,176.018356,28.934858,24249.19336,27.125799,62.782688,24.315617,48.415932,8.408501,1346.824463,0.95847,48.87022,127.148136,113.235668,893.9531462,1480.050522,4279.994929,0.078963
2026-07-02 20:00:00,175.738007,28.24151,24315.16406,27.108801,62.710709,24.330763,48.54591,8.400488,1348.525146,0.958759,49.136261,126.601746,113.027298,896.9472336,1476.285019,4275.839798,0.081531
2026-07-02 22:00:00,175.878082,27.852934,24448.76367,27.104605,62.651836,24.344212,48.541424,8.407171,1349.500488,0.958445,48.946999,126.931083,113.226246,902.0151252,1478.637111,4281.613314,0.078223
2026-07-03 00:00:00,175.866302,27.858738,24416.70117,27.093216,62.849216,24.400747,48.569813,8.443045,1350.765137,0.95872,49.637798,126.228504,113.017086,901.2108851,1484.847102,4291.269141,0.076578
2026-07-03 02:00:00,176.083649,28.111378,24187.30664,26.527952,62.961967,24.465397,48.338291,8.349888,1339.863281,0.957154,49.477894,126.605755,113.121682,911.7668277,1470.278748,4307.956378,0.077299
2026-07-03 04:00:00,176.011642,28.713152,24332.57227,26.643335,62.941658,24.492819,48.57515,8.30078,1344.98877,0.957728,49.109917,126.901725,113.069984,913.2705146,1461.033918,4311.021289,0.077649
2026-07-03 06:00:00,176.401657,29.54871,24242.62305,26.542732,63.088718,24.473835,48.495567,8.27511,1339.387207,0.957829,48.918045,127.483612,113.312939,913.3431723,1459.743116,4317.225047,0.074931
2026-07-03 08:00:00,176.370621,30.318684,24215.12109,26.675175,63.161301,24.42276,48.497002,8.355164,1340.849365,0.957714,49.057335,127.313286,113.20932,907.7774033,1473.605463,4307.457348,0.073942
2026-07-03 10:00:00,176.149033,30.730356,24331.47656,26.707006,63.207535,24.411293,48.567741,8.343905,1346.616699,0.956713,48.774452,127.374581,112.941498,911.0521996,1469.770797,4300.025656,0.075456
2026-07-03 12:00:00,176.221695,30.736542,24253.60742,26.704012,63.151421,24.40341,48.378826,8.3501,1343.328247,0.95766,49.05674,127.164955,113.070274,908.2383359,1471.468775,4300.410274,0.08
2026-07-03 14:00:00,176.178116,30.260065,24343.84766,26.529419,62.973217,24.444555,48.818489,8.355738,1344.481689,0.958224,48.706169,127.471947,113.204899,917.6170672,1472.098179,4306.595646,0.077368
2026-07-03 16:00:00,176.019485,29.711418,24264.32031,26.582396,62.817474,24.454178,48.561268,8.350959,1344.191162,0.956969,48.855011,127.164474,113.202011,912.7965858,1469.931502,4304.411818,0.07767
2026-07-03 18:00:00,176.273376,28.955564,24107.07812,26.450266,62.917645,24.441418,48.163639,8.327614,1334.046509,0.956953,48.819458,127.453918,113.355731,911.4115573,1467.936634,4308.371265,0.074815
2026-07-03 20:00:00,176.330902,28.349686,24170.83008,26.372175,62.694019,24.529953,48.358768,8.356343,1336.964722,0.957444,49.352757,126.978145,113.636883,916.5277448,1473.481499,4325.388739,0.074408
2026-07-03 22:00:00,176.088669,27.89934,24176.71875,26.483019,62.77895,24.417583,48.232922,8.314828,1337.882446,0.956795,49.518906,126.569763,113.309719,912.9139978,1464.146995,4299.659691,0.07594
2026-07-04 00:00:00,176.074158,27.926065,24310.44727,26.562183,62.693462,24.508467,48.641987,8.317665,1342.31958,0.957531,49.252121,126.822037,113.380696,915.2277607,1464.525861,4315.307691,0.077084
2026-07-04 02:00:00,176.038788,28.197598,24119.46094,26.478369,62.953159,24.460617,48.39045,8.256298,1335.491089,0.957879,49.252575,126.786213,113.085629,910.911882,1453.428693,4306.01737,0.076666
2026-07-04 04:00:00,175.884827,28.869787,24203.02539,26.603092,62.8904,24.479364,48.417419,8.292074,1342.21521,0.957362,49.025814,126.859013,112.994427,909.7824189,1458.450001,4305.548702,0.077514
2026-07-04 06:00:00,175.851425,29.601963,24259.95703,26.686592,62.992397,24.391634,48.4062,8.376143,1343.109619,0.957779,48.913742,126.937683,112.859028,909.0691322,1472.956683,4289.303597,0.078192
2026-07-04 08:00:00,176.15535,30.273895,24132.69727,26.686235,63.190392,24.360411,48.270313,8.389124,1341.35437,0.957654,49.137611,127.017739,112.964958,904.3125516,1477.789074,4291.216726,0.080913
2026-07-04 10:00:00,176.036316,30.677494,24235.67188,26.697744,63.037865,24.473083,48.329014,8.347037,1340.520874,0.958833,48.830448,127.205868,112.998451,907.7797688,1469.381643,4308.151372,0.077581
2026-07-04 12:00:00,176.161209,30.686214,24178.64062,26.729073,63.170704,24.415754,48.299026,8.398874,1340.091553,0.957674,48.901237,127.259972,112.990505,904.5820865,1479.555798,4301.108743,0.080278
2026-07-04 14:00:00,176.265564,30.315165,24012.39844,26.544483,63.051899,24.507534,48.284531,8.359904,1336.855957,0.958673,48.886681,127.378883,113.213665,904.6097616,1473.563194,4319.834303,0.079111
2026-07-04 16:00:00,176.03656,29.803755,24090.30664,26.528833,62.918064,24.497469,48.172901,8.304118,1337.243286,0.956836,49.146599,126.889961,113.118496,908.0801497,1461.828367,4312.450171,0.075136
2026-07-04 18:00:00,176.03981,28.967796,24014.61328,26.459084,62.689487,24.493687,48.254093,8.317749,1337.167114,0.957931,49.007561,127.032249,113.350323,907.6131767,1464.254954,4311.864006,0.075433
2026-07-04 20:00:00,176.089142,28.320223,23940.93555,26.365025,62.758884,24.425501,48.018509,8.279868,1328.494629,0.957415,49.052818,127.036324,113.330258,908.0566222,1457.994852,4301.065514,0.077828
2026-07-04 22:00:00,176.251678,27.975018,23991.06445,26.357042,62.764675,24.480762,48.214584,8.262505,1329.341675,0.957756,49.07621,127.175468,113.487003,910.2335707,1456.280371,4314.775381,0.075899
2026-07-05 00:00:00,176.03212,28.030695,24038.02344,26.326771,62.782986,24.48192,48.099205,8.258869,1330.817749,0.957142,49.374775,126.657345,113.249134,913.0638709,1453.826219,4309.604279,0.074223
2026-07-05 02:00:00,175.815536,28.399916,23995.4707,26.526464,62.826363,24.490053,48.262058,8.287067,1333.888672,0.957249,49.462452,126.353084,112.989173,904.5861033,1456.995126,4305.731795,0.079648
2026-07-05 04:00:00,175.969162,28.979816,24015.35547,26.626844,62.985279,24.399906,48.189583,8.309712,1336.027832,0.957918,48.938023,127.031139,112.983883,901.9227164,1462.253057,4293.631012,0.080374
2026-07-05 06:00:00,176.135223,29.720169,24186.80273,26.633808,62.918114,24.432716,48.52964,8.338033,1341.139282,0.957917,48.913181,127.222042,113.217109,908.124093,1468.621302,4303.461881,0.080586
2026-07-05 08:00:00,175.73349,30.438705,23945.37891,26.670837,62.997211,24.492886,48.154366,8.334502,1334.580811,0.957797,48.847477,126.886013,112.736279,897.8113025,1464.651124,4304.220337,0.081169
2026-07-05 10:00:00,175.879623,30.799471,24016.38867,26.729952,62.979645,24.375912,48.228333,8.313876,1335.37085,0.958401,48.635109,127.244514,112.899978,898.482297,1462.241377,4287.226213,0.079975
2026-07-05 12:00:00,175.900055,30.770485,23982.85352,26.603527,63.025585,24.438528,48.217319,8.292346,1333.890991,0.95822,48.868084,127.031971,112.87447,901.4915021,1458.624117,4298.738419,0.078888
2026-07-05 14:00:00,176.084732,30.416399,23926.42383,26.519304,62.833168,24.449644,48.188519,8.286233,1331.471558,0.95843,48.753319,127.331413,113.251564,902.2266885,1459.079117,4305.209011,0.080055
2026-07-05 16:00:00,176.041763,29.760151,23924.19336,26.43815,62.832142,24.453518,48.111893,8.338418,1331.485596,0.95732,48.849949,127.191814,113.209621,904.9117793,1467.909805,4304.84042,0.07769
2026-07-05 18:00:00,175.976654,29.13171,23956.62305,26.378012,62.656548,24.47776,48.12537,8.273857,1333.328491,0.957594,48.976223,127.000431,113.320106,908.2042668,1456.005671,4307.514302,0.078908
2026-07-05 20:00:00,176.039536,28.382521,23944.89844,26.387169,62.536446,24.506794,48.18084,8.299308,1332.249023,0.957211,49.193291,126.846245,113.50309,907.4447675,1461.006329,4314.164645,0.079435
2026-07-05 22:00:00,175.888794,27.969334,23809.70508,26.33049,62.748341,24.466814,48.059261,8.253839,1326.377319,0.956912,49.157372,126.731422,113.140453,904.2636532,1451.757788,4303.438407,0.076371
2026-07-06 00:00:00,175.987259,28.037275,23782.65234,26.294889,62.689838,24.484892,47.936729,8.236186,1323.550049,0.957544,49.400093,126.587166,113.297421,904.4591268,1449.463799,4309.02903,0.073431
2026-07-06 02:00:00,175.804108,28.33741,23583.01758,25.441319,62.721008,24.61261,47.511604,8.138192,1310.716919,0.956374,49.397038,126.40707,113.0831,926.9573475,1430.727585,4326.997947,0.074045
2026-07-06 04:00:00,176.193192,29.087242,23585.89258,25.454815,62.893085,24.625017,47.715637,8.162694,1310.760498,0.956048,48.931084,127.262108,113.300107,926.5788252,1438.211111,4338.760348,0.073284
2026-07-06 06:00:00,176.084915,29.855228,23581.63086,25.628092,62.988468,24.639549,47.810413,8.186478,1309.999268,0.956441,49.153503,126.931412,113.096447,920.1477371,1441.515283,4338.652891,0.074988
2026-07-06 08:00:00,176.020401,30.46699,23736.19922,25.527508,62.98838,24.683451,47.932007,8.158555,1312.890259,0.9564,48.852314,127.168087,113.032021,929.8282942,1436.072123,4344.790943,0.073813
2026-07-06 10:00:00,175.97139,30.915966,23619.1875,25.622818,63.052635,24.640831,47.933224,8.117718,1316.218872,0.956287,48.937023,127.034367,112.918755,921.8028829,1428.48612,4336.081282,0.074327
2026-07-06 12:00:00,175.988632,30.793936,23562.25391,25.512772,62.937462,24.6705,47.814541,8.099685,1309.431885,0.956383,48.461693,127.526939,113.05117,923.5473866,1425.452483,4341.727546,0.075129
2026-07-06 14:00:00,176.028595,30.555901,23791.62305,25.550034,62.883549,24.573156,48.014587,8.147806,1320.124146,0.957069,48.807228,127.221367,113.145046,931.1777451,1434.246843,4325.578125,0.074494
2026-07-06 16:00:00,176.171341,29.950584,23623.58398,25.491396,62.760582,24.521481,47.932648,8.163877,1310.64563,0.956438,48.698524,127.472817,113.410759,926.727747,1438.241159,4319.982191,0.073551
2026-07-06 18:00:00,176.016632,29.137951,23535.48828,25.334728,62.56554,24.672337,47.792286,8.116839,1304.960083,0.955952,48.910446,127.106186,113.451092,928.9812893,1428.698663,4342.741662,0.074131
2026-07-06 20:00:00,176.214188,28.446344,23508.81641,25.307968,62.661808,24.695837,47.713444,8.108455,1306.182495,0.956745,49.091873,127.122315,113.55238,928.909678,1428.824814,4351.756864,0.072238
2026-07-06 22:00:00,175.770248,28.102539,23482.51172,25.268503,62.536846,24.681417,47.622063,8.116335,1306.453735,0.956331,48.896252,126.873996,113.233402,929.3194662,1426.610216,4338.258787,0.072062
2026-07-07 00:00:00,175.980453,28.123119,23444.91406,25.267164,62.633999,24.737232,47.627712,8.10821,1304.577881,0.955948,49.236271,126.744182,113.346454,927.8807096,1426.886469,4353.269293,0.07252
2026-07-07 02:00:00,176.024536,28.557545,23728.70703,25.418789,62.730328,24.654024,47.875343,8.116016,1314.036499,0.956114,48.994862,127.029674,113.294208,933.5105237,1428.617951,4339.713135,0.072892
2026-07-07 04:00:00,175.971359,29.239182,23616.56445,25.501965,62.830807,24.657101,47.718098,8.125345,1312.04541,0.955753,48.932236,127.039123,113.140552,926.0684207,1429.828002,4338.943572,0.072277
2026-07-07 06:00:00,176.096115,29.890408,23653.17188,25.581446,62.973343,24.676208,47.900425,8.138367,1312.481201,0.955649,49.075504,127.020611,113.122772,924.6221607,1433.134811,4345.384362,0.076053
2026-07-07 08:00:00,176.223648,30.594204,23668.05078,25.691336,62.940643,24.528946,47.988949,8.171068,1317.796997,0.956715,48.669907,127.553741,113.283005,921.2463992,1439.935411,4322.580346,0.075979
2026-07-07 10:00:00,175.924026,30.996952,23634.33008,25.590567,63.062126,24.495834,47.769947,8.139571,1312.253418,0.955976,48.359356,127.56467,112.8619,923.5563275,1431.9461,4309.405738,0.073965
2026-07-07 12:00:00,175.995941,31.011173,23626.54492,25.592196,62.942581,24.597294,47.812649,8.163847,1311.251709,0.957043,48.772198,127.223743,113.05336,923.1933407,1436.803935,4329.023904,0.072632
2026-07-07 14:00:00,175.976624,30.544344,23626.08398,25.572454,62.932068,24.625607,47.786949,8.131439,1314.097046,0.955821,48.848007,127.128617,113.044556,923.8880236,1430.943183,4333.531184,0.074111
2026-07-07 16:00:00,176.209122,29.954624,23583.94727,25.409668,62.774906,24.581339,47.794754,8.150714,1310.826904,0.956993,48.858498,127.350624,113.434216,928.1485797,1436.230158,4331.456163,0.073284
2026-07-07 18:00:00,176.111969,29.144258,23586.96289,25.420673,62.679577,24.619558,47.712757,8.109567,1309.765747,0.956579,48.963757,127.148212,113.432392,927.8653988,1428.191812,4335.798835,0.0732
2026-07-07 20:00:00,176.158203,28.605762,23604.47266,25.42012,62.568542,24.644859,47.790913,8.160583,1308.036743,0.956067,48.869877,127.288326,113.589661,928.5743992,1437.553637,4341.394075,0.069354
2026-07-07 22:00:00,176.193375,28.187424,23534.60742,25.282265,62.587646,24.676519,47.716545,8.10022,1305.724976,0.955968,49.262749,126.930626,113.605729,930.874169,1427.2051,4347.839166,0.071897
2026-07-08 00:00:00,176.463745,28.033278,23720.62109,25.451094,62.721195,24.60504,47.884819,8.171596,1314.367554,0.95555,49.009327,127.454418,113.74255,932.0079166,1441.990433,4341.897504,0.070309
2026-07-08 02:00:00,176.273331,28.567936,23753.75,25.503,62.914146,24.617588,47.951637,8.175094,1314.348877,0.955959,49.267761,127.00557,113.359185,931.4100302,1441.051051,4339.424238,0.07267
2026-07-08 04:00:00,176.287582,29.232065,23732.76562,25.572678,62.991966,24.574463,47.903038,8.166452,1315.458862,0.956846,49.040539,127.247043,113.295616,928.0516348,1439.644077,4332.172661,0.07182
2026-07-08 06:00:00,175.375732,29.964373,23795.67383,25.673994,63.050209,24.604523,47.943737,7.875011,1318.519775,0.956766,49.016232,126.3595,112.325523,926.8395805,1381.085819,4315.036232,0.073683
2026-07-08 08:00:00,176.165207,30.627638,23784.09766,25.822786,63.063072,24.557104,47.895142,8.210308,1319.4104,0.956117,48.919632,127.245575,113.102135,921.0507982,1446.370608,4326.107309,0.076212
2026-07-08 10:00:00,176.070969,31.170467,23711.88867,25.658344,63.095066,24.629021,47.903233,8.13252,1317.168091,0.957346,48.410175,127.660794,112.975903,924.1394796,1431.900677,4336.455593,0.07429
2026-07-08 12:00:00,176.252029,31.054409,23690.2168,25.701334,63.088821,24.53841,47.854778,8.187729,1317.57373,0.956638,48.657246,127.594783,113.163208,921.750474,1443.103849,4324.944551,0.074141
2026-07-08 14:00:00,176.227707,30.655346,23814.03906,25.505608,62.908993,24.642038,48.126862,8.134681,1313.680176,0.956587,48.803612,127.424095,113.318714,933.6785487,1433.55618,4342.609853,0.07343
2026-07-08 16:00:00,176.48584,29.956102,23712.94531,25.426666,62.839329,24.650875,47.849499,8.168582,1312.30957,0.955668,48.879147,127.606693,113.646511,932.6014394,1441.639056,4350.530381,0.071594
2026-07-08 18:00:00,176.571579,29.241837,23816.16602,25.430859,62.801777,24.735172,48.056393,8.19811,1315.304688,0.955991,48.892197,127.679382,113.769802,936.5065496,1447.553228,4367.528377,0.069591
2026-07-08 20:00:00,176.358963,28.588961,23737.86523,25.381163,62.769238,24.657412,47.882568,8.089718,1311.265625,0.956429,49.095318,127.263645,113.589725,935.2552219,1426.694277,4348.555611,0.070132
2026-07-08 22:00:00,176.696793,28.291605,23794.67773,25.348574,62.75145,24.636497,47.956444,8.189959,1314.419678,0.956093,49.157829,127.538964,113.945343,938.6988686,1447.13949,4353.190011,0.070999
2026-07-09 00:00:00,176.623276,28.266069,23795.125,25.403006,62.78915,24.725563,47.996616,8.148542,1314.251709,0.956236,49.312634,127.310642,113.834126,936.7050892,1439.222183,4367.109938,0.070281
2026-07-09 02:00:00,176.553802,28.686468,23873.00391,25.578733,62.957424,24.623528,48.013687,8.171697,1320.04248,0.955886,49.15218,127.401622,113.596378,933.3145589,1442.744174,4347.377487,0.07109
2026-07-09 04:00:00,176.419617,29.200708,23972.81836,25.681179,63.114819,24.628477,48.350399,8.200001,1322.713135,0.956069,49.269321,127.150296,113.304798,933.478107,1446.641036,4344.94648,0.070373
2026-07-09 06:00:00,176.457703,30.087317,23914.47461,25.762297,63.211311,24.596428,47.955975,8.240257,1320.283447,0.955918,49.470844,126.986859,113.246392,928.2741601,1454.056822,4340.229187,0.074485
2026-07-09 08:00:00,176.592392,30.82753,24016.00195,25.816347,63.159912,24.546932,48.152161,8.256123,1324.544556,0.956812,48.746891,127.845501,113.43248,930.2633697,1457.968509,4334.801438,0.073231
2026-07-09 10:00:00,176.549698,31.094818,23939.11719,25.82192,63.195656,24.569311,48.286945,8.202043,1326.390747,0.95688,49.236046,127.313652,113.354042,927.0850962,1448.068215,4337.704437,0.073833
2026-07-09 12:00:00,176.416199,31.122135,24013.86523,25.716225,63.085011,24.629858,48.193783,8.230136,1325.690063,0.957336,48.846222,127.569977,113.331188,933.8021126,1451.92931,4345.10593,0.073924
2026-07-09 14:00:00,176.543869,30.708199,23988.52148,25.679918,63.121513,24.653238,48.260078,8.172275,1324.6698,0.956135,48.830734,127.713135,113.422356,934.1354394,1442.765047,4352.37802,0.072752
2026-07-09 16:00:00,176.646896,30.072996,23948.47656,25.649054,62.983078,24.665798,48.008919,8.222855,1323.530273,0.95589,48.793774,127.853122,113.663818,933.6982394,1452.541812,4357.136654,0.072108
2026-07-09 18:00:00,176.7453,29.305815,23932.39062,25.596115,62.912674,24.693542,48.178627,8.199987,1324.770874,0.956692,48.916676,127.828624,113.832626,935.0009025,1449.309162,4364.467489,0.069826
2026-07-09 20:00:00,176.516541,28.629095,23924.48438,25.57934,62.964241,24.69009,48.053078,8.146721,1320.498779,0.955967,49.124653,127.391888,113.5523,935.3049913,1438.031011,4358.209284,0.07206
2026-07-09 22:00:00,176.48703,28.326626,23940.37305,25.574057,62.886208,24.640039,48.087101,8.17268,1323.44751,0.957091,49.195473,127.291557,113.600822,936.1194842,1442.37202,4348.647302,0.069829
2026-07-10 00:00:00,176.70192,28.374002,23949.22461,25.622498,62.857147,24.598259,48.178108,8.176995,1325.275635,0.956707,49.28027,127.42165,113.844773,934.6951499,1444.890716,4346.559594,0.069035
2026-07-10 02:00:00,176.824219,28.714832,23819.89258,24.838541,63.029175,24.708055,47.980137,8.085998,1310.103394,0.95535,49.402687,127.421532,113.795044,958.9892006,1429.800281,4368.982528,0.068472
2026-07-10 04:00:00,176.638031,29.276777,23902.24414,25.04921,63.065659,24.731028,48.072769,8.109529,1315.859497,0.954996,49.021736,127.616295,113.572372,954.2114957,1432.451235,4368.440091,0.068991
2026-07-10 06:00:00,177.008209,30.032677,23754.85547,25.138842,63.313194,24.670544,47.975208,8.123914,1308.614746,0.955763,49.043037,127.965172,113.695015,944.9462895,1437.999467,4366.888808,0.072185
2026-07-10 08:00:00,177.045944,30.72514,23900.87109,25.154552,63.214085,24.71623,48.164604,8.136194,1319.707031,0.955872,48.796856,128.249088,113.831859,950.1608732,1440.480147,4375.908272,0.067761
2026-07-10 10:00:00,176.772125,31.192904,23925.76562,25.12026,63.230865,24.711128,48.049057,8.122231,1317.69751,0.955837,48.838108,127.934017,113.54126,952.4489645,1435.784034,4368.238608,0.069724
2026-07-10 12:00:00,176.963303,31.23497,23835.26758,25.150988,63.101261,24.635866,47.965107,8.150557,1311.336914,0.956426,48.805584,128.157719,113.862042,947.6871278,1442.349488,4359.64422,0.069894
2026-07-10 14:00:00,176.68721,30.662996,23825.76562,25.021627,63.215847,24.760616,48.09375,8.07089,1314.296631,0.95576,48.890411,127.796799,113.471363,952.2068899,1426.023036,4374.884159,0.068559
2026-07-10 16:00:00,176.755035,30.160488,23789.16602,24.949738,63.01469,24.76664,48.054474,8.086286,1315.436035,0.955747,48.727871,128.027164,113.740345,953.4836003,1429.291765,4377.62832,0.070356
2026-07-10 18:00:00,176.945663,29.371984,23811.69336,24.861286,62.99612,24.766422,48.014378,8.057672,1309.188721,0.956537,49.162411,127.783252,113.949543,957.7820455,1425.770114,4382.310961,0.067915
2026-07-10 20:00:00,177.086151,28.6444,23672.14648,24.815884,62.847168,24.800041,47.79945,8.057369,1303.818848,0.956138,49.110451,127.9757,114.238983,953.911071,1426.848463,4391.743805,0.067526
2026-07-10 22:00:00,176.997482,28.411329,23699.6543,24.867872,62.950138,24.757261,47.989136,8.067886,1308.40979,0.955889,49.185268,127.812214,114.047344,953.0230129,1427.995507,4381.972858,0.065575
2026-07-11 00:00:00,176.820312,28.286861,23778.74219,24.86916,63.019794,24.698477,47.983372,8.080778,1309.643066,0.955705,49.296124,127.524188,113.800518,956.1538141,1428.845687,4367.192409,0.066314
2026-07-11 02:00:00,176.889542,28.852652,23778.42383,24.918304,63.090881,24.778158,47.885872,8.101373,1307.324097,0.955534,49.424065,127.465477,113.798661,954.2553068,1433.04816,4382.99702,0.066897
2026-07-11 04:00:00,176.796783,29.431314,23936.35938,25.043919,62.97068,24.719217,48.294128,8.092867,1316.585693,0.955529,49.154449,127.642334,113.826103,955.7753072,1430.792851,4370.278044,0.070611
2026-07-11 06:00:00,176.94165,30.205334,23814.88477,25.088818,63.245914,24.728693,48.065399,8.124125,1312.621094,0.956767,48.968662,127.972988,113.695736,949.2230669,1437.496082,4375.535742,0.069992
2026-07-11 08:00:00,176.689804,30.73671,23691.65234,25.158567,63.238087,24.730307,47.883038,8.143103,1307.953857,0.955751,49.000999,127.688805,113.451717,941.6932349,1438.803273,4369.593097,0.069143
2026-07-11 10:00:00,176.630188,31.199579,23751.67383,25.17322,63.192825,24.762197,47.859318,8.102871,1312.78418,0.955887,48.839428,127.79076,113.437363,943.5294264,1431.211628,4373.751511,0.073014
2026-07-11 12:00:00,176.569519,31.238611,23867.07617,25.044933,63.069427,24.723026,48.170326,8.076248,1313.209595,0.955825,48.714031,127.855488,113.500092,952.9702544,1426.019225,4365.332809,0.070287
2026-07-11 14:00:00,176.562805,30.717018,23790.13672,25.025576,63.02924,24.733913,47.771973,8.053021,1309.962891,0.955972,48.677212,127.885593,113.533565,950.6329332,1421.863976,4367.089058,0.070529
2026-07-11 16:00:00,176.911484,30.17201,23700.7793,24.967155,62.922459,24.707272,47.948017,8.128986,1308.498535,0.956358,48.67482,128.236664,113.989025,949.2783338,1438.110977,4371.000155,0.068641
2026-07-11 18:00:00,176.834122,29.448854,23684.6582,24.858158,62.894966,24.729019,47.777046,8.03863,1305.34375,0.955337,49.164162,127.66996,113.939156,952.792166,1421.504078,4372.934363,0.068124
2026-07-11 20:00:00,176.43396,28.671471,23730.86914,24.794901,62.845303,24.747648,47.939957,8.017271,1306.671997,0.954389,49.088108,127.345852,113.588657,957.0866664,1414.518871,4366.325537,0.068781
2026-07-11 22:00:00,176.982254,28.346699,23799.13477,24.798244,62.773918,24.768444,47.989666,8.041075,1310.166382,0.955321,49.245918,127.736336,114.208336,959.7104846,1423.127578,4383.575047,0.068037
2026-07-12 00:00:00,176.871857,28.353855,23530.08789,24.753481,62.842445,24.770348,47.665558,8.039207,1301.141357,0.95503,49.211109,127.660748,114.029412,950.5769266,1421.909471,4381.177449,0.070521
2026-07-12 02:00:00,176.259537,28.681242,23766.36133,25.660559,63.056572,24.635946,48.092194,8.183496,1317.012451,0.956483,49.039665,127.219872,113.202965,926.182525,1442.419216,4342.320436,0.071727
2026-07-12 04:00:00,176.638458,29.389532,23807.99805,25.664354,63.019806,24.669254,47.993015,8.234151,1318.996582,0.956522,49.114937,127.523521,113.618652,927.667926,1454.467736,4357.538987,0.072836
2026-07-12 06:00:00,176.453812,30.200806,23828.6582,25.737032,62.969948,24.653826,47.975094,8.174197,1317.229126,0.956667,49.039555,127.414257,113.483864,925.851054,1442.368221,4350.261578,0.073496
2026-07-12 08:00:00,176.590744,30.898548,23729.31445,25.746857,63.096859,24.548317,48.041397,8.258833,1315.89917,0.956919,48.787617,127.803127,113.493885,921.6392686,1458.433464,4335.005563,0.073719
2026-07-12 10:00:00,176.321518,31.239355,23735.90625,25.829912,63.180092,24.493513,48.040699,8.223083,1320.192261,0.956333,48.935051,127.386467,113.141426,918.9309762,1449.906477,4318.733393,0.07362
2026-07-12 12:00:00,176.716019,31.242567,23637.28711,25.698603,63.164654,24.594769,47.729282,8.207729,1312.593506,0.95666,48.908596,127.807423,113.551365,919.7887959,1450.437194,4346.289666,0.073577
2026-07-12 14:00:00,176.570389,30.93008,23901.69727,25.594994,62.907154,24.679213,48.139778,8.22388,1321.020508,0.95663,48.602173,127.968216,113.663235,933.8426595,1452.093691,4357.61824,0.073973
2026-07-12 16:00:00,176.243179,30.258884,23757.78125,25.525267,62.839771,24.560829,47.843426,8.148946,1316.532349,0.956667,48.746178,127.497001,113.403408,930.7554452,1436.196149,4328.678582,0.074073
2026-07-12 18:00:00,176.206207,29.405989,23436.25781,25.525429,62.760521,24.626438,47.671062,8.168653,1306.981201,0.955892,48.857204,127.349003,113.445686,918.1533369,1439.367361,4339.331232,0.075152
2026-07-12 20:00:00,176.180435,28.726351,23612.58594,25.437733,62.586174,24.665316,47.890522,8.100301,1311.550293,0.956598,49.090149,127.090286,113.594261,928.2504042,1427.114554,4345.546102,0.07166
2026-07-12 22:00:00,176.337952,28.232763,23664.75,25.438845,62.600063,24.61894,47.772301,8.147453,1310.681641,0.956898,49.024925,127.313027,113.737889,930.2603951,1436.705176,4341.25346,0.070934
2026-07-13 00:00:00,176.405838,28.46744,23677.01172,25.380058,62.711296,24.679344,48.097023,8.150491,1312.082397,0.956046,48.888325,127.517513,113.694542,932.898251,1437.794195,4353.58036,0.072712
2026-07-13 02:00:00,176.190247,28.886711,23532.01172,25.482433,62.803619,24.603209,47.604389,8.16952,1306.417236,0.956202,48.954105,127.236142,113.386628,923.4601625,1439.389747,4334.845471,0.07235
2026-07-13 04:00:00,176.100952,29.533566,23603.90625,25.655167,62.952053,24.652182,47.895332,8.200146,1313.827393,0.956344,49.042881,127.058071,113.148899,920.044927,1444.053517,4341.272719,0.074468
2026-07-13 06:00:00,176.389694,30.212399,23694.91992,25.641987,62.979416,24.595095,47.971088,8.206335,1316.545898,0.956234,49.066574,127.32312,113.410278,924.0672309,1447.51292,4338.321281,0.074364
2026-07-13 08:00:00,176.442734,30.796312,23629.98828,25.604748,63.060848,24.633394,47.936058,8.209006,1313.904541,0.956436,48.851971,127.590763,113.381886,922.8752527,1448.419462,4346.383385,0.074741
2026-07-13 10:00:00,176.057983,31.202431,23666.28516,25.677217,63.067913,24.647879,47.773872,8.201094,1316.544312,0.956697,48.725197,127.332786,112.99007,921.6841979,1443.868068,4339.455862,0.074249
2026-07-13 12:00:00,176.066208,31.244055,23691.23047,25.639885,62.95768,24.601721,47.87265,8.200191,1314.905518,0.956196,48.451714,127.614494,113.108528,923.9990924,1443.776534,4331.531727,0.074878
2026-07-13 14:00:00,176.083221,30.895472,23707.51367,25.577562,62.984295,24.660511,47.88184,8.123894,1315.769043,0.956892,48.740696,127.342525,113.098926,926.8871549,1430.481423,4342.302208,0.074159
2026-07-13 16:00:00,176.252045,30.37499,23471.74414,25.401852,62.808815,24.645781,47.586994,8.138778,1305.468628,0.956766,48.785603,127.466442,113.44323,924.0170418,1434.476266,4343.869302,0.07376
2026-07-13 18:00:00,176.480759,29.467436,23599.56641,25.369562,62.7062,24.666441,47.725441,8.130366,1310.177856,0.956251,48.582672,127.898087,113.774559,930.2315273,1434.853163,4353.15223,0.072977
2026-07-13 20:00:00,176.197113,28.791822,23560.48828,25.363035,62.678844,24.639128,47.857475,8.107794,1307.713013,0.956007,49.103359,127.093754,113.518269,928.9301647,1428.569896,4341.34322,0.072013
2026-07-13 22:00:00,176.099426,28.441608,23536.26172,25.41223,62.682133,24.67837,47.789509,8.068661,1311.318604,0.956447,48.951889,127.147537,113.417293,926.1785258,1420.886571,4345.846792,0.073423
2026-07-14 00:00:00,175.897171,28.479586,23478.32227,25.412483,62.657585,24.688211,47.612823,8.091508,1307.09314,0.95663,49.0481,126.849071,113.239586,923.8893447,1423.273366,4342.586472,0.071855
2026-07-14 02:00:00,176.379654,29.012886,23571.26367,25.453463,62.857822,24.629717,47.77121,8.176933,1308.939941,0.956757,49.054989,127.324665,113.521832,926.0533104,1442.244613,4344.180963,0.07361
2026-07-14 04:00:00,176.241608,29.421957,23588.76758,25.618645,63.019642,24.653894,47.739433,8.179661,1313.462769,0.956025,49.181248,127.06036,113.221966,920.7656212,1441.596608,4345.041922,0.074866
2026-07-14 06:00:00,176.46846,30.158007,23546.25977,25.627468,62.989193,24.590986,47.728313,8.205103,1308.290894,0.956758,48.876205,127.592255,113.479267,918.7899392,1447.941891,4339.533429,0.075785
2026-07-14 08:00:00,176.188019,30.758217,23507.44336,25.722872,63.046387,24.562939,47.521679,8.204484,1310.090698,0.956133,48.708603,127.479416,113.141632,913.8732004,1445.531783,4327.695563,0.07632
2026-07-14 10:00:00,176.094955,31.171526,23693.53125,25.632748,63.07008,24.547836,47.985397,8.179549,1317.079346,0.95664,49.004181,127.090774,113.024875,924.3461236,1440.377313,4322.750076,0.075877
2026-07-14 12:00:00,176.534241,31.21784,23671.67773,25.657427,62.969635,24.574104,47.952934,8.219237,1313.865112,0.956313,48.424629,128.109612,113.564606,922.6052844,1450.976765,4338.170798,0.072128
2026-07-14 14:00:00,176.466202,30.782541,23591.5,25.529522,62.895012,24.582323,47.946068,8.173723,1315.387573,0.95702,48.773167,127.693035,113.57119,924.0870236,1442.385854,4337.949176,0.07494
2026-07-14 16:00:00,176.214447,30.300289,23634.86914,25.381397,62.779694,24.661034,47.754711,8.11642,1309.369873,0.956504,48.73138,127.483067,113.434753,931.1886631,1430.230462,4345.630469,0.072065
2026-07-14 18:00:00,176.339737,29.525633,23539.14258,25.381542,62.695473,24.663239,47.69936,8.118011,1310.393677,0.956893,48.901463,127.438274,113.644264,927.4118404,1431.527925,4349.109079,0.074538
2026-07-14 20:00:00,176.345749,28.680229,23623.04297,25.404549,62.706078,24.67082,47.875919,8.114077,1308.664307,0.95662,49.089233,127.256516,113.639671,929.8745264,1430.882986,4350.594231,0.071388
2026-07-14 22:00:00,176.197479,28.422588,23678.62305,25.453875,62.673298,24.656311,48.004871,8.16125,1312.302734,0.956631,48.920292,127.277187,113.524181,930.256122,1437.991675,4344.37984,0.072551
2026-07-15 00:00:00,176.329468,28.44762,23682.97852,25.361027,62.814491,24.640503,47.832687,8.171954,1312.091919,0.956217,49.060577,127.268891,113.514977,933.8335753,1440.956301,4344.846785,0.077512
2026-07-15 02:00:00,176.39624,28.799736,23953.74414,26.497313,62.906559,24.412663,48.183136,8.369393,1333.13623,0.957513,49.491676,126.904564,113.489681,904.0065361,1476.329456,4306.301962,0.077063
2026-07-15 04:00:00,176.243179,29.463501,24099.58203,26.643106,62.977192,24.421856,48.341278,8.423277,1335.215942,0.957175,49.176453,127.066726,113.265987,904.5335041,1484.545116,4304.185539,0.079498
2026-07-15 06:00:00,176.270508,30.274593,24076.63086,26.767431,63.039219,24.48749,48.442596,8.391641,1338.438965,0.957444,48.933361,127.337147,113.231289,899.4748453,1479.198822,4316.422302,0.077574
2026-07-15 08:00:00,175.93335,30.920576,24028.88281,26.690098,63.009216,24.469927,48.018093,8.35373,1336.432007,0.957914,48.844353,127.088997,112.924134,900.2920413,1469.699704,4305.076231,0.079503
2026-07-15 10:00:00,176.192429,31.336201,24037.75195,26.709623,63.185005,24.369726,48.246761,8.383158,1336.432983,0.958027,48.681114,127.511315,113.007424,899.9659768,1477.048971,4293.761218,0.080752
2026-07-15 12:00:00,176.003723,31.281946,24050.54102,26.655302,63.179298,24.462427,48.102222,8.329454,1335.264526,0.958581,48.774288,127.229435,112.824425,902.2798172,1466.014915,4305.478226,0.077373
2026-07-15 14:00:00,176.150848,30.802282,23985.54883,26.580059,63.021458,24.44046,48.114937,8.305358,1336.709229,0.957918,48.895359,127.255489,113.12939,902.3888483,1462.995855,4305.207755,0.078443
2026-07-15 16:00:00,176.07605,30.211054,24150.50977,26.691,62.902687,24.40951,48.237537,8.33443,1342.05188,0.958164,49.012711,127.063339,113.173363,904.8184694,1467.493513,4297.930103,0.078972
2026-07-15 18:00:00,176.348465,29.48827,24204.93359,26.462084,62.881382,24.477118,48.389927,8.346768,1340.903076,0.957632,48.870636,127.477829,113.467083,914.7024699,1471.939725,4316.502187,0.076268
2026-07-15 20:00:00,176.053131,28.799284,24065.43359,26.37365,62.828896,24.454098,48.062866,8.301195,1328.819092,0.957754,49.033894,127.019237,113.224235,912.4802063,1461.451371,4305.220519,0.075532
2026-07-15 22:00:00,176.479279,28.386963,24102.63867,26.402281,62.802071,24.466539,48.433083,8.353094,1334.997925,0.957997,49.056129,127.42315,113.677208,912.8998616,1474.148007,4317.837162,0.074917
2026-07-16 00:00:00,176.374954,28.455015,24184.12305,26.546999,62.851761,24.492445,48.373142,8.379104,1338.924561,0.957097,49.319077,127.055877,113.523193,910.9927283,1477.864083,4319.85386,0.075656
2026-07-16 02:00:00,176.208527,28.745718,24166.75977,26.620283,62.973686,24.503805,48.405651,8.377034,1337.512695,0.957294,49.301273,126.907254,113.234841,907.8325638,1476.104822,4317.779385,0.076503
2026-07-16 04:00:00,176.170837,29.474926,24103.97656,26.733059,63.065681,24.437983,48.295464,8.369928,1338.789795,0.957455,49.35804,126.812797,113.105156,901.6542612,1474.537221,4305.25992,0.077095
2026-07-16 06:00:00,176.08638,30.142467,24277.41602,26.834173,63.17844,24.39271,48.269196,8.370628,1344.074829,0.957553,49.233253,126.853127,112.90794,904.7201125,1473.953583,4295.224002,0.077549
2026-07-16 08:00:00,176.158615,30.820959,24154.19141,26.916986,63.245583,24.3426,48.327026,8.371044,1340.25354,0.957752,49.164612,126.994003,112.913032,897.3586941,1474.631517,4288.158701,0.078959
2026-07-16 10:00:00,175.941635,31.214039,24293.15039,26.901596,63.145584,24.372051,48.475319,8.384546,1344.645142,0.958442,48.830368,127.111267,112.796051,903.0375146,1475.190732,4288.058501,0.077289
2026-07-16 12:00:00,176.512192,31.249693,24168.85352,26.773233,63.191734,24.407484,48.203911,8.409375,1343.056396,0.958339,49.048054,127.464138,113.320458,902.7245053,1484.357215,4308.218502,0.078486
2026-07-16 14:00:00,176.668335,30.760061,24221.01172,26.695694,63.110321,24.41544,48.226799,8.361418,1338.140869,0.957902,48.663006,128.005329,113.558014,907.3003204,1477.197796,4313.435133,0.075195
2026-07-16 16:00:00,176.381531,30.098272,24172.50195,26.640493,62.953091,24.432289,48.28648,8.344601,1339.444702,0.958131,48.980671,127.40086,113.42844,907.3594078,1471.8335,4309.40454,0.07359
2026-07-16 18:00:00,176.364395,29.399185,24158.85938,26.570257,62.942936,24.451748,48.45554,8.35903,1339.710327,0.957474,49.161476,127.202919,113.421459,909.2444749,1474.235269,4312.417743,0.07444
2026-07-16 20:00:00,176.510864,28.736408,24231.4375,26.608023,62.875778,24.45372,48.457844,8.367121,1339.713867,0.958199,49.260654,127.25021,113.635086,910.6816204,1476.887757,4316.347245,0.073851
2026-07-16 22:00:00,176.314697,28.427925,24153.51758,26.488241,62.808552,24.482185,48.407131,8.318792,1336.376343,0.957653,49.12756,127.187137,113.506145,911.8581176,1466.725291,4316.56903,0.07563
