Date,Time,Dryer Air Temperature,Cooler Air Temperature,Air Flow Rate,Wet Product Feed Rate,Product Inlet Temperature,Residence Time,Vacuum,Steam Pressure,Fan Speed,Product Density,Final Product Temp,Final Moisture (%H2O),Operating Regime,Disturbance State,Data Source
2026-07-14,21:00:00,176.376678,28.620651,23689.187500,25.411697,62.689777,24.626358,47.754421,8.129782,1314.369629,,,,normal-low,normal,synthetic_prototype
2026-07-14,21:00:05,176.385788,28.620441,23680.376953,25.407175,62.688309,24.624556,47.741173,8.129364,1314.332886,,,,normal-low,normal,synthetic_prototype
2026-07-14,21:00:10,176.363815,28.613327,23674.935547,25.408672,62.687119,24.624870,47.739170,8.127553,1314.398804,,,,normal-low,normal,synthetic_prototype
2026-07-14,21:00:15,176.356018,28.607317,23668.730469,25.407364,62.693336,24.628466,47.744102,8.126785,1314.421509,,,,normal-low,normal,synthetic_prototype
2026-07-14,21:00:20,176.342514,28.597176,23673.617188,25.400085,62.694260,24.629446,47.752525,8.124506,1314.457520,,,,normal-low,normal,synthetic_prototype
2026-07-14,21:00:25,176.344086,28.594431,23665.791016,25.401440,62.695248,24.633102,47.758980,8.125916,1314.066406,,,,normal-low,normal,synthetic_prototype
2026-07-14,21:00:30,176.327896,28.603237,23667.240234,25.402494,62.688427,24.631653,47.762573,8.125188,1313.978394,,,,normal-low,normal,synthetic_prototype
2026-07-14,21:00:35,176.328430,28.599560,23665.876953,25.404152,62.686798,24.633541,47.762596,8.124578,1313.972168,,,,normal-low,normal,synthetic_prototype
2026-07-14,21:00:40,176.324036,28.602299,23667.740234,25.406662,62.686169,24.635088,47.772652,8.126087,1314.013672,,,,normal-low,normal,synthetic_prototype
2026-07-14,21:00:45,176.311798,28.600992,23674.810547,25.404638,62.687420,24.635334,47.773815,8.127199,1314.033325,,,,normal-low,normal,synthetic_prototype
2026-07-14,21:00:50,176.311539,28.603067,23679.351562,25.405519,62.686333,24.633923,47.769493,8.127458,1314.454468,,,,normal-low,normal,synthetic_prototype
2026-07-14,21:00:55,176.317368,28.607327,23682.339844,25.406860,62.682484,24.633221,47.782200,8.129919,1314.381104,,,,normal-low,normal,synthetic_prototype
2026-07-14,21:01:00,176.308701,28.608330,23678.898438,25.407608,62.678799,24.632252,47.777081,8.128173,1314.532104,,,,normal-low,normal,synthetic_prototype
2026-07-14,21:01:05,176.300522,28.608839,23671.724609,25.404510,62.675377,24.633427,47.771484,8.129534,1314.264526,,,,normal-low,normal,synthetic_prototype
2026-07-14,21:01:10,176.293472,28.614679,23671.558594,25.399319,62.672527,24.631023,47.764801,8.128991,1314.173584,,,,normal-low,normal,synthetic_prototype
2026-07-14,21:01:15,176.297531,28.617653,23675.234375,25.401823,62.669239,24.628374,47.780403,8.132227,1314.505005,,,,normal-low,normal,synthetic_prototype
2026-07-14,21:01:20,176.283127,28.617361,23671.628906,25.403351,62.657768,24.630426,47.767826,8.130058,1314.501221,,,,normal-low,normal,synthetic_prototype
2026-07-14,21:01:25,176.282379,28.623201,23683.484375,25.402283,62.659191,24.631281,47.789001,8.133463,1314.614136,,,,normal-low,normal,synthetic_prototype
2026-07-14,21:01:30,176.277176,28.629854,23694.849609,25.403078,62.663776,24.629175,47.806187,8.133698,1314.979492,,,,normal-low,normal,synthetic_prototype
2026-07-14,21:01:35,176.284088,28.634544,23686.941406,25.401648,62.662014,24.629520,47.803516,8.136046,1314.548096,,,,normal-low,normal,synthetic_prototype
2026-07-14,21:01:40,176.270782,28.638090,23690.652344,25.399759,62.659344,24.626734,47.814411,8.135973,1314.669189,,,,normal-low,normal,synthetic_prototype
2026-07-14,21:01:45,176.280457,28.637566,23699.539062,25.396360,62.658947,24.634068,47.818813,8.135654,1315.112183,,,,normal-low,normal,synthetic_prototype
2026-07-14,21:01:50,176.257004,28.635000,23706.810547,25.400080,62.654377,24.633429,47.813889,8.135878,1315.322754,,,,normal-low,normal,synthetic_prototype
2026-07-14,21:01:55,176.286682,28.637094,23722.429688,25.399042,62.657547,24.633938,47.833683,8.137621,1315.625854,,,,normal-low,normal,synthetic_prototype
2026-07-14,21:02:00,176.283905,28.631824,23728.099609,25.400347,62.658981,24.636162,47.838341,8.139295,1315.913208,,,,normal-low,normal,synthetic_prototype
2026-07-14,21:02:05,176.281067,28.625385,23746.449219,25.401405,62.662121,24.639807,47.856716,8.137743,1316.548828,,,,normal-low,normal,synthetic_prototype
2026-07-14,21:02:10,176.292313,28.629250,23741.130859,25.406857,62.659271,24.641859,47.862606,8.138247,1316.593018,,,,normal-low,normal,synthetic_prototype
2026-07-14,21:02:15,176.297119,28.628935,23738.662109,25.404888,62.664448,24.639162,47.862061,8.137979,1316.331055,,,,normal-low,normal,synthetic_prototype
2026-07-14,21:02:20,176.292938,28.625195,23747.119141,25.395971,62.662956,24.642916,47.867523,8.137347,1316.271484,,,,normal-low,normal,synthetic_prototype
2026-07-14,21:02:25,176.309753,28.621334,23750.152344,25.393225,62.658081,24.645451,47.872559,8.137736,1316.365234,,,,normal-low,normal,synthetic_prototype
2026-07-14,21:02:30,176.299286,28.614462,23756.685547,25.394688,62.657745,24.641781,47.879158,8.138507,1316.418335,,,,normal-low,normal,synthetic_prototype
2026-07-14,21:02:35,176.311691,28.621119,23759.123047,25.392628,62.654186,24.644262,47.876553,8.142365,1316.294800,,,,normal-low,normal,synthetic_prototype
2026-07-14,21:02:40,176.306061,28.621557,23765.119141,25.390415,62.660439,24.649580,47.882080,8.140731,1316.178955,,,,normal-low,normal,synthetic_prototype
2026-07-14,21:02:45,176.313629,28.617128,23764.347656,25.391500,62.665123,24.649628,47.890202,8.140736,1315.784790,,,,normal-low,normal,synthetic_prototype
2026-07-14,21:02:50,176.290970,28.625069,23769.814453,25.399317,62.665070,24.649027,47.892387,8.139079,1316.266479,,,,normal-low,normal,synthetic_prototype
2026-07-14,21:02:55,176.285965,28.628584,23779.763672,25.396404,62.668488,24.653507,47.906689,8.140316,1316.723999,,,,normal-low,normal,synthetic_prototype
2026-07-14,21:03:00,176.298111,28.643509,23783.693359,25.398909,62.666061,24.652794,47.913601,8.144331,1316.858032,,,,normal-low,normal,synthetic_prototype
2026-07-14,21:03:05,176.294586,28.643955,23774.580078,25.400154,62.663773,24.653105,47.907787,8.145126,1316.800171,,,,normal-low,normal,synthetic_prototype
2026-07-14,21:03:10,176.285004,28.643229,23775.505859,25.397015,62.666096,24.654202,47.895199,8.142660,1316.733765,,,,normal-low,normal,synthetic_prototype
2026-07-14,21:03:15,176.283096,28.646498,23757.296875,25.397551,62.665012,24.655205,47.873245,8.142962,1316.019775,,,,normal-low,normal,synthetic_prototype
2026-07-14,21:03:20,176.278931,28.649132,23760.517578,25.404598,62.669285,24.657551,47.873123,8.144331,1316.142700,,,,normal-low,normal,synthetic_prototype
2026-07-14,21:03:25,176.280121,28.643349,23762.703125,25.406786,62.667702,24.659872,47.872391,8.145973,1316.278809,,,,normal-low,normal,synthetic_prototype
2026-07-14,21:03:30,176.283051,28.649290,23777.705078,25.409784,62.664295,24.659679,47.887665,8.148156,1316.700073,,,,normal-low,normal,synthetic_prototype
2026-07-14,21:03:35,176.278397,28.651644,23786.003906,25.413013,62.668137,24.656067,47.914829,8.147083,1316.731812,,,,normal-low,normal,synthetic_prototype
2026-07-14,21:03:40,176.277695,28.651850,23787.003906,25.412865,62.664673,24.657717,47.918507,8.146983,1316.694824,,,,normal-low,normal,synthetic_prototype
2026-07-14,21:03:45,176.256363,28.650194,23795.951172,25.414856,62.667576,24.659889,47.928780,8.143741,1317.174072,,,,normal-low,normal,synthetic_prototype
2026-07-14,21:03:50,176.256760,28.647680,23804.160156,25.409346,62.667885,24.658356,47.923561,8.139766,1317.175659,,,,normal-low,normal,synthetic_prototype
2026-07-14,21:03:55,176.280746,28.649254,23799.726562,25.405537,62.668568,24.661062,47.919418,8.137672,1316.964355,,,,normal-low,normal,synthetic_prototype
2026-07-14,21:04:00,176.272247,28.646410,23796.562500,25.403044,62.662384,24.659361,47.920574,8.134840,1316.810913,,,,normal-low,normal,synthetic_prototype
2026-07-14,21:04:05,176.283920,28.642467,23803.865234,25.400539,62.662182,24.658813,47.925247,8.134312,1316.910034,,,,normal-low,normal,synthetic_prototype
2026-07-14,21:04:10,176.285294,28.642977,23797.535156,25.398701,62.661427,24.655022,47.910427,8.133979,1316.886475,,,,normal-low,normal,synthetic_prototype
2026-07-14,21:04:15,176.260361,28.638340,23802.222656,25.401457,62.659824,24.657679,47.916740,8.130740,1317.275513,,,,normal-low,normal,synthetic_prototype
2026-07-14,21:04:20,176.278381,28.636229,23784.875000,25.399736,62.659336,24.660456,47.887806,8.126998,1316.603271,,,,normal-low,normal,synthetic_prototype
2026-07-14,21:04:25,176.275970,28.641468,23781.029297,25.401134,62.661076,24.657368,47.890060,8.129080,1316.577759,,,,normal-low,normal,synthetic_prototype
2026-07-14,21:04:30,176.267654,28.639404,23779.894531,25.396049,62.655800,24.658951,47.887005,8.127017,1316.421631,,,,normal-low,normal,synthetic_prototype
2026-07-14,21:04:35,176.270264,28.637934,23768.505859,25.390060,62.666798,24.655319,47.877674,8.125484,1316.010132,,,,normal-low,normal,synthetic_prototype
2026-07-14,21:04:40,176.264618,28.639656,23763.806641,25.388540,62.663036,24.659092,47.877163,8.125738,1315.910522,,,,normal-low,normal,synthetic_prototype
2026-07-14,21:04:45,176.288803,28.642164,23761.111328,25.390165,62.661766,24.658949,47.868584,8.126340,1315.861938,,,,normal-low,normal,synthetic_prototype
2026-07-14,21:04:50,176.285004,28.630869,23752.181641,25.388193,62.657543,24.657177,47.866501,8.126036,1315.851807,,,,normal-low,normal,synthetic_prototype
2026-07-14,21:04:55,176.270111,28.633108,23750.765625,25.392200,62.655918,24.655935,47.859283,8.125556,1316.014771,,,,normal-low,normal,synthetic_prototype
2026-07-14,21:05:00,176.267258,28.631359,23751.509766,25.394684,62.656845,24.655247,47.866283,8.123276,1316.170044,,,,normal-low,normal,synthetic_prototype
2026-07-14,21:05:05,176.273407,28.624165,23747.810547,25.393230,62.647461,24.655085,47.874653,8.122808,1316.031250,,,,normal-low,normal,synthetic_prototype
2026-07-14,21:05:10,176.269348,28.632233,23751.173828,25.394979,62.640537,24.647398,47.877037,8.126307,1316.335693,,,,normal-low,normal,synthetic_prototype
2026-07-14,21:05:15,176.278625,28.634844,23738.322266,25.393902,62.640453,24.646496,47.859383,8.126876,1316.075562,,,,normal-low,normal,synthetic_prototype
2026-07-14,21:05:20,176.279007,28.638008,23740.240234,25.397940,62.644669,24.647520,47.856445,8.127910,1316.317261,,,,normal-low,normal,synthetic_prototype
2026-07-14,21:05:25,176.259293,28.639593,23737.892578,25.404648,62.646339,24.647890,47.847733,8.127852,1316.344971,,,,normal-low,normal,synthetic_prototype
2026-07-14,21:05:30,176.265182,28.637316,23727.308594,25.405664,62.646389,24.642960,47.832474,8.131977,1316.068237,,,,normal-low,normal,synthetic_prototype
2026-07-14,21:05:35,176.244370,28.625319,23731.421875,25.406647,62.650681,24.638418,47.827221,8.130177,1316.080322,,,,normal-low,normal,synthetic_prototype
2026-07-14,21:05:40,176.245544,28.623400,23728.998047,25.402231,62.655144,24.642513,47.819607,8.130359,1315.982422,,,,normal-low,normal,synthetic_prototype
2026-07-14,21:05:45,176.232956,28.613813,23737.107422,25.400707,62.661007,24.646399,47.823215,8.130104,1316.440918,,,,normal-low,normal,synthetic_prototype
2026-07-14,21:05:50,176.230133,28.617599,23751.095703,25.402153,62.671127,24.645727,47.833458,8.132297,1316.966553,,,,normal-low,normal,synthetic_prototype
2026-07-14,21:05:55,176.234619,28.622368,23748.349609,25.397089,62.673229,24.648060,47.841091,8.133936,1316.907349,,,,normal-low,normal,synthetic_prototype
2026-07-14,21:06:00,176.243668,28.623711,23746.923828,25.398127,62.668404,24.647030,47.850132,8.135503,1316.909302,,,,normal-low,normal,synthetic_prototype
2026-07-14,21:06:05,176.237137,28.621595,23752.205078,25.395905,62.662773,24.648849,47.858368,8.130995,1316.942261,,,,normal-low,normal,synthetic_prototype
2026-07-14,21:06:10,176.223495,28.611553,23751.189453,25.394386,62.661453,24.653919,47.851341,8.127320,1316.836792,,,,normal-low,normal,synthetic_prototype
2026-07-14,21:06:15,176.228760,28.609495,23754.376953,25.393118,62.661602,24.659597,47.850048,8.126400,1317.082520,,,,normal-low,normal,synthetic_prototype
2026-07-14,21:06:20,176.219193,28.607044,23759.546875,25.390331,62.667313,24.656858,47.858219,8.122945,1317.091064,,,,normal-low,normal,synthetic_prototype
2026-07-14,21:06:25,176.242340,28.612770,23759.027344,25.388388,62.675797,24.652761,47.842659,8.122071,1317.022705,,,,normal-low,normal,synthetic_prototype
2026-07-14,21:06:30,176.242447,28.608992,23772.111328,25.385984,62.672516,24.647839,47.848534,8.124722,1317.445801,,,,normal-low,normal,synthetic_prototype
2026-07-14,21:06:35,176.260284,28.606777,23777.859375,25.384501,62.673985,24.652224,47.870171,8.125077,1317.797119,,,,normal-low,normal,synthetic_prototype
2026-07-14,21:06:40,176.229614,28.607487,23776.572266,25.388189,62.677944,24.649292,47.871620,8.123354,1317.629639,,,,normal-low,normal,synthetic_prototype
2026-07-14,21:06:45,176.241470,28.605921,23775.562500,25.394297,62.681240,24.643887,47.877930,8.121175,1317.947754,,,,normal-low,normal,synthetic_prototype
2026-07-14,21:06:50,176.226761,28.605162,23773.031250,25.395853,62.685661,24.642794,47.882175,8.119724,1317.882202,,,,normal-low,normal,synthetic_prototype
2026-07-14,21:06:55,176.241898,28.611223,23764.328125,25.392887,62.680603,24.646618,47.879768,8.123013,1317.645508,,,,normal-low,normal,synthetic_prototype
2026-07-14,21:07:00,176.250595,28.609280,23764.914062,25.391920,62.684044,24.649406,47.877930,8.123182,1317.595459,,,,normal-low,normal,synthetic_prototype
2026-07-14,21:07:05,176.240814,28.602859,23754.603516,25.393076,62.684875,24.647310,47.869900,8.119678,1317.364624,,,,normal-low,normal,synthetic_prototype
2026-07-14,21:07:10,176.230988,28.604410,23766.791016,25.396389,62.686302,24.648447,47.882523,8.122056,1317.554199,,,,normal-low,normal,synthetic_prototype
2026-07-14,21:07:15,176.237503,28.597334,23765.578125,25.395041,62.683910,24.651072,47.878925,8.127388,1317.278198,,,,normal-low,normal,synthetic_prototype
2026-07-14,21:07:20,176.230774,28.600641,23772.740234,25.396059,62.686028,24.653456,47.887726,8.126686,1317.472778,,,,normal-low,normal,synthetic_prototype
2026-07-14,21:07:25,176.230698,28.601137,23778.613281,25.399811,62.685314,24.653540,47.897194,8.126842,1317.786865,,,,normal-low,normal,synthetic_prototype
2026-07-14,21:07:30,176.228165,28.596502,23774.548828,25.398085,62.693676,24.651373,47.893681,8.125871,1317.779663,,,,normal-low,normal,synthetic_prototype
2026-07-14,21:07:35,176.217270,28.595575,23772.031250,25.402143,62.691631,24.652189,47.896137,8.126088,1318.125000,,,,normal-low,normal,synthetic_prototype
2026-07-14,21:07:40,176.211349,28.597321,23772.679688,25.402695,62.687408,24.651424,47.892548,8.124959,1317.781006,,,,normal-low,normal,synthetic_prototype
2026-07-14,21:07:45,176.206207,28.597752,23780.974609,25.406013,62.681576,24.648651,47.891151,8.127358,1317.884155,,,,normal-low,normal,synthetic_prototype
2026-07-14,21:07:50,176.200974,28.594772,23790.814453,25.403408,62.676582,24.656637,47.919720,8.128017,1318.148926,,,,normal-low,normal,synthetic_prototype
2026-07-14,21:07:55,176.213440,28.590961,23795.841797,25.400837,62.672386,24.652699,47.916637,8.130848,1318.044556,,,,normal-low,normal,synthetic_prototype
2026-07-14,21:08:00,176.242325,28.591404,23790.935547,25.403910,62.675911,24.647160,47.918674,8.134161,1317.768677,,,,normal-low,normal,synthetic_prototype
2026-07-14,21:08:05,176.226959,28.589088,23806.552734,25.414776,62.673328,24.640226,47.945515,8.137321,1318.324951,,,,normal-low,normal,synthetic_prototype
2026-07-14,21:08:10,176.231873,28.593950,23814.363281,25.410610,62.669491,24.643684,47.945808,8.137657,1318.134033,,,,normal-low,normal,synthetic_prototype
2026-07-14,21:08:15,176.234421,28.589760,23814.570312,25.411219,62.672112,24.643675,47.954414,8.139180,1318.390625,,,,normal-low,normal,synthetic_prototype
2026-07-14,21:08:20,176.215118,28.596373,23813.917969,25.409021,62.670685,24.645758,47.954884,8.138283,1318.367065,,,,normal-low,normal,synthetic_prototype
2026-07-14,21:08:25,176.224258,28.600445,23811.408203,25.405422,62.668072,24.646845,47.947548,8.138228,1318.339722,,,,normal-low,normal,synthetic_prototype
2026-07-14,21:08:30,176.224579,28.597225,23811.087891,25.406397,62.667217,24.651924,47.946613,8.140162,1318.116821,,,,normal-low,normal,synthetic_prototype
2026-07-14,21:08:35,176.235001,28.591639,23803.099609,25.405884,62.660095,24.656490,47.943913,8.140733,1317.974976,,,,normal-low,normal,synthetic_prototype
2026-07-14,21:08:40,176.214966,28.587027,23796.724609,25.406738,62.662930,24.660484,47.934277,8.136016,1317.771484,,,,normal-low,normal,synthetic_prototype
2026-07-14,21:08:45,176.217865,28.583603,23806.691406,25.404095,62.665630,24.662233,47.949711,8.138793,1317.983398,,,,normal-low,normal,synthetic_prototype
2026-07-14,21:08:50,176.231216,28.579025,23814.675781,25.406281,62.671120,24.659567,47.950722,8.141795,1318.191772,,,,normal-low,normal,synthetic_prototype
2026-07-14,21:08:55,176.237900,28.578419,23812.048828,25.400467,62.669575,24.660000,47.937344,8.142844,1317.945923,,,,normal-low,normal,synthetic_prototype
2026-07-14,21:09:00,176.229492,28.579153,23814.599609,25.400742,62.666210,24.665684,47.948456,8.143892,1318.104248,,,,normal-low,normal,synthetic_prototype
2026-07-14,21:09:05,176.231018,28.579878,23825.697266,25.399858,62.662754,24.668966,47.962543,8.145873,1318.178223,,,,normal-low,normal,synthetic_prototype
2026-07-14,21:09:10,176.248032,28.584053,23827.232422,25.399435,62.668079,24.667274,47.945183,8.147470,1318.040771,,,,normal-low,normal,synthetic_prototype
2026-07-14,21:09:15,176.247772,28.586536,23829.835938,25.403269,62.664593,24.669640,47.953068,8.149518,1318.064453,,,,normal-low,normal,synthetic_prototype
2026-07-14,21:09:20,176.238373,28.591682,23817.343750,25.402956,62.656746,24.667910,47.931995,8.145659,1317.572144,,,,normal-low,normal,synthetic_prototype
2026-07-14,21:09:25,176.255402,28.591532,23810.449219,25.401360,62.656658,24.665424,47.922001,8.142950,1317.542114,,,,normal-low,normal,synthetic_prototype
2026-07-14,21:09:30,176.251572,28.591497,23816.531250,25.398565,62.657146,24.672770,47.927326,8.140222,1317.558716,,,,normal-low,normal,synthetic_prototype
2026-07-14,21:09:35,176.255661,28.580441,23826.753906,25.397877,62.650898,24.670792,47.947323,8.137885,1317.594604,,,,normal-low,normal,synthetic_prototype
2026-07-14,21:09:40,176.247772,28.577747,23820.369141,25.398073,62.654552,24.671700,47.945538,8.133466,1317.461792,,,,normal-low,normal,synthetic_prototype
2026-07-14,21:09:45,176.249542,28.574825,23830.332031,25.394060,62.655685,24.679695,47.965611,8.133900,1317.457886,,,,normal-low,normal,synthetic_prototype
2026-07-14,21:09:50,176.253815,28.570261,23829.041016,25.392149,62.659271,24.679115,47.959194,8.133761,1317.102295,,,,normal-low,normal,synthetic_prototype
2026-07-14,21:09:55,176.257980,28.564775,23837.675781,25.393242,62.657467,24.679138,47.966324,8.129815,1317.172363,,,,normal-low,normal,synthetic_prototype
2026-07-14,21:10:00,176.253189,28.564528,23846.166016,25.397465,62.652710,24.675806,47.985413,8.129860,1317.559448,,,,normal-low,normal,synthetic_prototype
2026-07-14,21:10:05,176.247147,28.562103,23836.037109,25.391832,62.652576,24.674683,47.979771,8.127995,1317.391113,,,,normal-low,normal,synthetic_prototype
2026-07-14,21:10:10,176.255676,28.553135,23824.009766,25.393486,62.650894,24.676346,47.971317,8.127480,1317.201538,,,,normal-low,normal,synthetic_prototype
2026-07-14,21:10:15,176.267334,28.541920,23825.193359,25.401363,62.651516,24.676027,47.971657,8.128031,1317.393433,,,,normal-low,normal,synthetic_prototype
2026-07-14,21:10:20,176.255035,28.545502,23833.902344,25.403097,62.648006,24.677679,47.997566,8.129309,1317.547729,,,,normal-low,normal,synthetic_prototype
2026-07-14,21:10:25,176.262817,28.543032,23829.527344,25.408525,62.644279,24.674278,47.998917,8.131989,1317.646118,,,,normal-low,normal,synthetic_prototype
2026-07-14,21:10:30,176.260696,28.544964,23833.345703,25.416159,62.644543,24.677572,48.021240,8.135264,1318.086914,,,,normal-low,normal,synthetic_prototype
2026-07-14,21:10:35,176.256500,28.561096,23836.759766,25.416164,62.643295,24.677717,48.031517,8.135738,1317.839478,,,,normal-low,normal,synthetic_prototype
2026-07-14,21:10:40,176.268494,28.563786,23817.150391,25.419634,62.643986,24.672529,48.013390,8.142216,1317.124512,,,,normal-low,normal,synthetic_prototype
2026-07-14,21:10:45,176.253906,28.566717,23817.253906,25.419897,62.637863,24.673826,47.996326,8.141700,1317.312378,,,,normal-low,normal,synthetic_prototype
2026-07-14,21:10:50,176.258545,28.563765,23812.070312,25.416668,62.633919,24.669731,47.999905,8.136170,1317.236328,,,,normal-low,normal,synthetic_prototype
2026-07-14,21:10:55,176.245239,28.565464,23817.634766,25.417383,62.635738,24.667877,48.008926,8.132632,1317.494751,,,,normal-low,normal,synthetic_prototype
2026-07-14,21:11:00,176.222687,28.560476,23815.761719,25.422239,62.635513,24.660881,47.994095,8.132780,1317.373779,,,,normal-low,normal,synthetic_prototype
2026-07-14,21:11:05,176.206512,28.556810,23812.566406,25.420679,62.636913,24.659273,47.998550,8.129726,1317.597412,,,,normal-low,normal,synthetic_prototype
2026-07-14,21:11:10,176.210632,28.553596,23817.236328,25.419598,62.638542,24.660860,48.004681,8.130527,1317.684937,,,,normal-low,normal,synthetic_prototype
2026-07-14,21:11:15,176.213150,28.553492,23813.824219,25.421761,62.644958,24.659578,48.001041,8.131683,1317.557007,,,,normal-low,normal,synthetic_prototype
2026-07-14,21:11:20,176.219391,28.566423,23818.414062,25.417627,62.645184,24.658155,48.017448,8.131735,1317.644165,,,,normal-low,normal,synthetic_prototype
2026-07-14,21:11:25,176.203583,28.566046,23811.173828,25.414049,62.641594,24.657919,48.008511,8.130154,1317.509155,,,,normal-low,normal,synthetic_prototype
2026-07-14,21:11:30,176.217270,28.564426,23808.148438,25.420856,62.639599,24.658882,47.998978,8.133965,1317.577759,,,,normal-low,normal,synthetic_prototype
2026-07-14,21:11:35,176.201385,28.563713,23794.728516,25.425636,62.640396,24.657686,47.991692,8.131128,1317.208984,,,,normal-low,normal,synthetic_prototype
2026-07-14,21:11:40,176.198593,28.556047,23794.593750,25.429949,62.642906,24.655384,47.990845,8.134189,1317.170654,,,,normal-low,normal,synthetic_prototype
2026-07-14,21:11:45,176.181183,28.557354,23784.148438,25.429232,62.642986,24.653215,47.971085,8.133598,1316.597534,,,,normal-low,normal,synthetic_prototype
2026-07-14,21:11:50,176.179260,28.558336,23783.748047,25.433525,62.643101,24.649422,47.976646,8.131662,1316.492310,,,,normal-low,normal,synthetic_prototype
2026-07-14,21:11:55,176.186432,28.560394,23781.392578,25.433966,62.644875,24.645332,47.963844,8.132800,1316.683472,,,,normal-low,normal,synthetic_prototype
2026-07-14,21:12:00,176.193726,28.558687,23776.769531,25.435007,62.645256,24.642916,47.955391,8.134358,1316.438232,,,,normal-low,normal,synthetic_prototype
2026-07-14,21:12:05,176.173645,28.556175,23780.062500,25.438402,62.644230,24.639914,47.965603,8.133340,1316.705688,,,,normal-low,normal,synthetic_prototype
2026-07-14,21:12:10,176.165848,28.552631,23768.382812,25.432362,62.640366,24.639582,47.956001,8.130771,1316.341309,,,,normal-low,normal,synthetic_prototype
2026-07-14,21:12:15,176.172943,28.551626,23783.841797,25.430408,62.639847,24.644442,47.968201,8.131159,1316.584961,,,,normal-low,normal,synthetic_prototype
2026-07-14,21:12:20,176.165909,28.557844,23777.248047,25.431482,62.642143,24.644716,47.958584,8.132003,1316.606689,,,,normal-low,normal,synthetic_prototype
2026-07-14,21:12:25,176.180527,28.555357,23760.966797,25.431282,62.635750,24.644915,47.944782,8.132841,1316.083130,,,,normal-low,normal,synthetic_prototype
2026-07-14,21:12:30,176.176575,28.551449,23755.755859,25.425743,62.635475,24.644674,47.932720,8.127571,1315.989624,,,,normal-low,normal,synthetic_prototype
2026-07-14,21:12:35,176.186752,28.548933,23763.117188,25.422859,62.643215,24.647902,47.940975,8.127478,1316.077148,,,,normal-low,normal,synthetic_prototype
2026-07-14,21:12:40,176.199646,28.554344,23758.263672,25.422245,62.646168,24.648106,47.939331,8.130848,1315.702393,,,,normal-low,normal,synthetic_prototype
2026-07-14,21:12:45,176.188934,28.549803,23762.404297,25.419724,62.647240,24.647558,47.941780,8.130441,1315.608398,,,,normal-low,normal,synthetic_prototype
2026-07-14,21:12:50,176.166946,28.545258,23770.527344,25.419329,62.648064,24.649652,47.940422,8.130440,1315.796753,,,,normal-low,normal,synthetic_prototype
2026-07-14,21:12:55,176.164948,28.542599,23770.832031,25.418154,62.644844,24.650585,47.950951,8.128990,1315.909424,,,,normal-low,normal,synthetic_prototype
2026-07-14,21:13:00,176.181976,28.542585,23775.960938,25.420467,62.645325,24.653204,47.940887,8.135174,1316.042358,,,,normal-low,normal,synthetic_prototype
2026-07-14,21:13:05,176.165344,28.543066,23774.175781,25.416855,62.643295,24.651848,47.929939,8.128959,1315.989624,,,,normal-low,normal,synthetic_prototype
2026-07-14,21:13:10,176.154373,28.541016,23770.187500,25.416517,62.643097,24.652529,47.921398,8.128773,1315.596313,,,,normal-low,normal,synthetic_prototype
2026-07-14,21:13:15,176.156754,28.541433,23773.033203,25.415432,62.646072,24.648846,47.916912,8.131130,1315.718750,,,,normal-low,normal,synthetic_prototype
2026-07-14,21:13:20,176.147461,28.536697,23778.353516,25.417452,62.644875,24.651445,47.919189,8.134745,1315.966797,,,,normal-low,normal,synthetic_prototype
2026-07-14,21:13:25,176.142044,28.533958,23771.927734,25.415091,62.648888,24.652163,47.917389,8.134512,1315.659058,,,,normal-low,normal,synthetic_prototype
2026-07-14,21:13:30,176.154678,28.534796,23774.253906,25.412191,62.642872,24.651421,47.912731,8.137070,1315.509644,,,,normal-low,normal,synthetic_prototype
2026-07-14,21:13:35,176.166275,28.531080,23769.765625,25.409069,62.645676,24.647238,47.899918,8.136855,1315.226074,,,,normal-low,normal,synthetic_prototype
2026-07-14,21:13:40,176.170731,28.526779,23766.361328,25.414450,62.645042,24.645992,47.900074,8.135579,1315.009766,,,,normal-low,normal,synthetic_prototype
2026-07-14,21:13:45,176.185074,28.526737,23772.263672,25.411398,62.644615,24.648609,47.911861,8.136209,1315.032227,,,,normal-low,normal,synthetic_prototype
2026-07-14,21:13:50,176.195038,28.518265,23776.107422,25.404905,62.646652,24.649324,47.922256,8.133297,1315.054688,,,,normal-low,normal,synthetic_prototype
2026-07-14,21:13:55,176.184906,28.514057,23776.037109,25.408047,62.650017,24.652073,47.918266,8.132236,1315.263794,,,,normal-low,normal,synthetic_prototype
2026-07-14,21:14:00,176.190460,28.513926,23772.763672,25.404861,62.653839,24.653091,47.906517,8.134852,1314.865479,,,,normal-low,normal,synthetic_prototype
2026-07-14,21:14:05,176.218811,28.519421,23776.898438,25.403860,62.646732,24.650517,47.913120,8.139310,1315.112915,,,,normal-low,normal,synthetic_prototype
2026-07-14,21:14:10,176.214066,28.518171,23783.175781,25.404732,62.649620,24.651459,47.924522,8.136730,1315.247192,,,,normal-low,normal,synthetic_prototype
2026-07-14,21:14:15,176.203049,28.515818,23778.191406,25.405449,62.641392,24.650665,47.933178,8.134833,1314.757324,,,,normal-low,normal,synthetic_prototype
2026-07-14,21:14:20,176.195282,28.516064,23777.826172,25.408140,62.644173,24.649199,47.949791,8.131449,1314.931396,,,,normal-low,normal,synthetic_prototype
2026-07-14,21:14:25,176.189438,28.517765,23787.837891,25.405354,62.643608,24.650503,47.968803,8.126559,1315.260498,,,,normal-low,normal,synthetic_prototype
2026-07-14,21:14:30,176.191010,28.514206,23797.265625,25.401346,62.641918,24.651457,47.979763,8.123910,1315.411743,,,,normal-low,normal,synthetic_prototype
2026-07-14,21:14:35,176.192352,28.515366,23793.927734,25.403111,62.647499,24.653332,47.981796,8.123937,1315.700439,,,,normal-low,normal,synthetic_prototype
2026-07-14,21:14:40,176.173431,28.520275,23788.861328,25.406172,62.637611,24.651365,47.972378,8.122661,1315.467285,,,,normal-low,normal,synthetic_prototype
2026-07-14,21:14:45,176.162567,28.527937,23780.308594,25.403406,62.629040,24.653894,47.963116,8.120947,1315.456909,,,,normal-low,normal,synthetic_prototype
2026-07-14,21:14:50,176.174057,28.525158,23771.376953,25.399845,62.630550,24.652943,47.959183,8.117378,1315.377319,,,,normal-low,normal,synthetic_prototype
2026-07-14,21:14:55,176.169037,28.514738,23776.003906,25.398912,62.634686,24.653276,47.968033,8.114355,1315.483398,,,,normal-low,normal,synthetic_prototype
2026-07-14,21:15:00,176.143707,28.514687,23771.935547,25.400095,62.642811,24.650597,47.960182,8.113157,1315.234375,,,,normal-low,normal,synthetic_prototype
2026-07-14,21:15:05,176.167374,28.518789,23772.166016,25.398993,62.645576,24.654339,47.967922,8.114375,1315.239502,,,,normal-low,normal,synthetic_prototype
2026-07-14,21:15:10,176.165253,28.522047,23777.128906,25.403706,62.650307,24.652002,47.967449,8.114647,1315.384399,,,,normal-low,normal,synthetic_prototype
2026-07-14,21:15:15,176.158554,28.525175,23786.728516,25.407253,62.648094,24.656033,47.993362,8.112758,1315.555542,,,,normal-low,normal,synthetic_prototype
2026-07-14,21:15:20,176.159546,28.518450,23789.503906,25.404238,62.651352,24.657600,47.986412,8.107597,1315.647095,,,,normal-low,normal,synthetic_prototype
2026-07-14,21:15:25,176.161270,28.518023,23789.560547,25.401703,62.650471,24.656191,47.980698,8.114450,1315.561768,,,,normal-low,normal,synthetic_prototype
2026-07-14,21:15:30,176.169632,28.523046,23778.476562,25.402836,62.650249,24.655783,47.982170,8.113932,1315.236694,,,,normal-low,normal,synthetic_prototype
2026-07-14,21:15:35,176.161407,28.528366,23781.216797,25.401421,62.648289,24.656767,47.982494,8.113816,1315.351807,,,,normal-low,normal,synthetic_prototype
2026-07-14,21:15:40,176.167084,28.530415,23761.880859,25.397682,62.647179,24.659485,47.964622,8.113400,1314.852173,,,,normal-low,normal,synthetic_prototype
2026-07-14,21:15:45,176.162552,28.520720,23766.976562,25.403755,62.654942,24.658407,47.963493,8.114499,1315.249756,,,,normal-low,normal,synthetic_prototype
2026-07-14,21:15:50,176.148315,28.521885,23764.808594,25.406485,62.650013,24.661810,47.954483,8.114580,1315.422607,,,,normal-low,normal,synthetic_prototype
2026-07-14,21:15:55,176.123337,28.523062,23763.423828,25.407694,62.639149,24.661974,47.951378,8.114103,1315.397461,,,,normal-low,normal,synthetic_prototype
2026-07-14,21:16:00,176.134888,28.526117,23757.791016,25.409319,62.638496,24.663387,47.953415,8.112612,1315.265259,,,,normal-low,normal,synthetic_prototype
2026-07-14,21:16:05,176.138733,28.524185,23756.947266,25.412207,62.639275,24.662498,47.934803,8.113643,1315.312256,,,,normal-low,normal,synthetic_prototype
2026-07-14,21:16:10,176.143524,28.525009,23768.595703,25.409117,62.634518,24.665236,47.946121,8.112651,1315.801514,,,,normal-low,normal,synthetic_prototype
2026-07-14,21:16:15,176.139816,28.527975,23759.462891,25.408669,62.628944,24.669149,47.936100,8.111513,1315.770386,,,,normal-low,normal,synthetic_prototype
2026-07-14,21:16:20,176.157486,28.522205,23759.240234,25.402359,62.627693,24.673428,47.927826,8.109177,1315.853882,,,,normal-low,normal,synthetic_prototype
2026-07-14,21:16:25,176.160431,28.520542,23757.398438,25.408663,62.622574,24.673849,47.931259,8.109840,1315.945435,,,,normal-low,normal,synthetic_prototype
2026-07-14,21:16:30,176.160278,28.516768,23761.373047,25.412592,62.620350,24.675997,47.928658,8.111176,1316.082886,,,,normal-low,normal,synthetic_prototype
2026-07-14,21:16:35,176.163315,28.515390,23755.189453,25.416889,62.611866,24.673836,47.928349,8.116066,1315.916748,,,,normal-low,normal,synthetic_prototype
2026-07-14,21:16:40,176.169998,28.511299,23757.548828,25.419538,62.613235,24.673229,47.934185,8.114411,1316.115967,,,,normal-low,normal,synthetic_prototype
2026-07-14,21:16:45,176.188934,28.516727,23758.843750,25.422235,62.614532,24.673174,47.931171,8.111508,1316.236694,,,,normal-low,normal,synthetic_prototype
2026-07-14,21:16:50,176.193634,28.516247,23759.929688,25.422007,62.611588,24.671978,47.931274,8.110605,1316.253662,,,,normal-low,normal,synthetic_prototype
2026-07-14,21:16:55,176.176331,28.512560,23757.171875,25.427589,62.611042,24.678478,47.918045,8.110953,1316.216431,,,,normal-low,normal,synthetic_prototype
2026-07-14,21:17:00,176.170212,28.520533,23765.806641,25.424297,62.615913,24.672899,47.922642,8.110047,1316.151855,,,,normal-low,normal,synthetic_prototype
2026-07-14,21:17:05,176.165588,28.521637,23765.410156,25.419151,62.617558,24.671345,47.926346,8.109074,1316.157593,,,,normal-low,normal,synthetic_prototype
2026-07-14,21:17:10,176.163193,28.523306,23771.605469,25.419163,62.617645,24.674082,47.931591,8.105733,1316.266724,,,,normal-low,normal,synthetic_prototype
2026-07-14,21:17:15,176.166138,28.524830,23779.289062,25.422009,62.619282,24.671217,47.931423,8.104267,1316.357056,,,,normal-low,normal,synthetic_prototype
2026-07-14,21:17:20,176.140335,28.524897,23787.867188,25.417910,62.614681,24.671125,47.933540,8.101799,1316.726807,,,,normal-low,normal,synthetic_prototype
2026-07-14,21:17:25,176.139465,28.523275,23789.408203,25.415895,62.616219,24.668358,47.930016,8.100281,1316.643555,,,,normal-low,normal,synthetic_prototype
2026-07-14,21:17:30,176.125107,28.525663,23796.066406,25.416153,62.616951,24.668383,47.938370,8.098120,1316.761230,,,,normal-low,normal,synthetic_prototype
2026-07-14,21:17:35,176.131454,28.524965,23789.728516,25.414619,62.614834,24.670094,47.941422,8.096128,1317.174316,,,,normal-low,normal,synthetic_prototype
2026-07-14,21:17:40,176.111115,28.524235,23788.082031,25.414421,62.614704,24.671547,47.939751,8.092899,1317.151489,,,,normal-low,normal,synthetic_prototype
2026-07-14,21:17:45,176.119125,28.524839,23784.408203,25.406395,62.613953,24.669107,47.925209,8.092578,1316.836548,,,,normal-low,normal,synthetic_prototype
2026-07-14,21:17:50,176.102402,28.520433,23803.867188,25.404299,62.614857,24.668192,47.947941,8.095773,1317.590942,,,,normal-low,normal,synthetic_prototype
2026-07-14,21:17:55,176.081772,28.519535,23793.205078,25.407755,62.622345,24.668180,47.935814,8.098340,1317.314209,,,,normal-low,normal,synthetic_prototype
2026-07-14,21:18:00,176.109482,28.514816,23792.773438,25.405010,62.625111,24.668547,47.950241,8.103786,1317.389648,,,,normal-low,normal,synthetic_prototype
2026-07-14,21:18:05,176.088669,28.512964,23790.048828,25.405491,62.629864,24.667488,47.943291,8.101112,1317.243652,,,,normal-low,normal,synthetic_prototype
2026-07-14,21:18:10,176.075821,28.506098,23779.083984,25.405506,62.624939,24.663584,47.935642,8.098739,1316.940796,,,,normal-low,normal,synthetic_prototype
2026-07-14,21:18:15,176.055252,28.504889,23775.966797,25.405853,62.634064,24.663818,47.929531,8.099963,1316.927490,,,,normal-low,normal,synthetic_prototype
2026-07-14,21:18:20,176.061813,28.504261,23773.982422,25.411932,62.631233,24.660753,47.916664,8.103074,1316.861084,,,,normal-low,normal,synthetic_prototype
2026-07-14,21:18:25,176.064819,28.498537,23776.539062,25.410828,62.628815,24.661076,47.916687,8.101044,1316.872314,,,,normal-low,normal,synthetic_prototype
2026-07-14,21:18:30,176.070694,28.500002,23783.437500,25.414207,62.630058,24.661551,47.926155,8.105200,1317.098267,,,,normal-low,normal,synthetic_prototype
2026-07-14,21:18:35,176.073227,28.496243,23785.302734,25.417780,62.626881,24.664579,47.927067,8.106175,1317.217285,,,,normal-low,normal,synthetic_prototype
2026-07-14,21:18:40,176.098083,28.503269,23782.109375,25.417385,62.622051,24.665232,47.923199,8.110867,1317.337891,,,,normal-low,normal,synthetic_prototype
2026-07-14,21:18:45,176.073502,28.505390,23788.394531,25.417631,62.615154,24.669018,47.926052,8.108543,1317.604126,,,,normal-low,normal,synthetic_prototype
2026-07-14,21:18:50,176.083847,28.504370,23795.884766,25.413084,62.618931,24.672188,47.949497,8.108349,1317.576416,,,,normal-low,normal,synthetic_prototype
2026-07-14,21:18:55,176.095901,28.502571,23795.236328,25.413403,62.617386,24.675272,47.958263,8.108693,1317.783325,,,,normal-low,normal,synthetic_prototype
2026-07-14,21:19:00,176.094757,28.498686,23793.312500,25.415329,62.613590,24.677505,47.961983,8.110812,1317.698608,,,,normal-low,normal,synthetic_prototype
2026-07-14,21:19:05,176.096237,28.496897,23793.531250,25.411638,62.621143,24.683327,47.967747,8.112761,1317.444824,,,,normal-low,normal,synthetic_prototype
2026-07-14,21:19:10,176.082794,28.493494,23801.937500,25.413441,62.628433,24.681610,47.977680,8.112440,1317.529419,,,,normal-low,normal,synthetic_prototype
2026-07-14,21:19:15,176.091751,28.495718,23821.367188,25.416933,62.626259,24.680511,47.995960,8.112581,1318.078735,,,,normal-low,normal,synthetic_prototype
2026-07-14,21:19:20,176.107880,28.496206,23823.820312,25.419930,62.623100,24.682886,48.008766,8.115764,1318.271362,,,,normal-low,normal,synthetic_prototype
2026-07-14,21:19:25,176.105942,28.483776,23821.533203,25.414761,62.626904,24.687561,48.002609,8.114945,1318.074829,,,,normal-low,normal,synthetic_prototype
2026-07-14,21:19:30,176.107391,28.481058,23806.886719,25.413206,62.629520,24.687454,47.969662,8.116337,1317.786865,,,,normal-low,normal,synthetic_prototype
2026-07-14,21:19:35,176.097916,28.485260,23808.898438,25.414440,62.630486,24.687605,47.969887,8.118107,1317.580078,,,,normal-low,normal,synthetic_prototype
2026-07-14,21:19:40,176.110458,28.487160,23803.849609,25.412210,62.622795,24.691164,47.965549,8.118798,1317.462646,,,,normal-low,normal,synthetic_prototype
2026-07-14,21:19:45,176.125839,28.496941,23796.335938,25.417366,62.620850,24.686829,47.958370,8.125371,1317.069336,,,,normal-low,normal,synthetic_prototype
2026-07-14,21:19:50,176.111847,28.499716,23795.701172,25.417967,62.618401,24.684828,47.974121,8.124567,1317.244751,,,,normal-low,normal,synthetic_prototype
2026-07-14,21:19:55,176.112823,28.502529,23790.970703,25.418692,62.617958,24.680229,47.967545,8.123685,1317.261597,,,,normal-low,normal,synthetic_prototype
2026-07-14,21:20:00,176.095627,28.501245,23796.878906,25.422001,62.618877,24.676121,47.974331,8.122830,1317.434448,,,,normal-low,normal,synthetic_prototype
2026-07-14,21:20:05,176.068451,28.491705,23798.150391,25.420982,62.610260,24.676559,47.960434,8.122490,1317.365601,,,,normal-low,normal,synthetic_prototype
2026-07-14,21:20:10,176.066650,28.489906,23802.117188,25.422400,62.610367,24.673939,47.961319,8.120754,1317.529785,,,,normal-low,normal,synthetic_prototype
2026-07-14,21:20:15,176.073746,28.492832,23805.812500,25.424826,62.610939,24.671803,47.962715,8.120551,1317.510986,,,,normal-low,normal,synthetic_prototype
2026-07-14,21:20:20,176.077652,28.497213,23803.320312,25.429087,62.611225,24.671047,47.965347,8.123858,1317.463257,,,,normal-low,normal,synthetic_prototype
2026-07-14,21:20:25,176.061386,28.487846,23795.716797,25.430443,62.612648,24.668692,47.973705,8.121641,1317.323975,,,,normal-low,normal,synthetic_prototype
2026-07-14,21:20:30,176.048538,28.491842,23792.220703,25.436092,62.616005,24.672056,47.979557,8.121932,1317.459473,,,,normal-low,normal,synthetic_prototype
2026-07-14,21:20:35,176.040207,28.493137,23772.478516,25.435459,62.615147,24.674522,47.961464,8.121785,1316.732422,,,,normal-low,normal,synthetic_prototype
2026-07-14,21:20:40,176.046173,28.490871,23774.845703,25.437836,62.613235,24.675508,47.969700,8.125555,1316.801758,,,,normal-low,normal,synthetic_prototype
2026-07-14,21:20:45,176.071152,28.489862,23772.640625,25.436357,62.615116,24.680103,47.964157,8.129369,1316.700562,,,,normal-low,normal,synthetic_prototype
2026-07-14,21:20:50,176.062073,28.494144,23785.359375,25.435211,62.615730,24.680561,47.975189,8.128199,1316.845337,,,,normal-low,normal,synthetic_prototype
2026-07-14,21:20:55,176.052063,28.491037,23779.380859,25.435516,62.616352,24.681160,47.960346,8.124960,1316.641846,,,,normal-low,normal,synthetic_prototype
2026-07-14,21:21:00,176.054749,28.485577,23793.972656,25.438490,62.624985,24.683756,47.977760,8.123680,1317.066406,,,,normal-low,normal,synthetic_prototype
2026-07-14,21:21:05,176.061646,28.482603,23784.123047,25.435488,62.630104,24.682949,47.956516,8.124230,1316.711792,,,,normal-low,normal,synthetic_prototype
2026-07-14,21:21:10,176.050995,28.485321,23786.912109,25.437531,62.632751,24.680876,47.949017,8.126958,1316.786987,,,,normal-low,normal,synthetic_prototype
2026-07-14,21:21:15,176.079514,28.485809,23786.701172,25.434340,62.637955,24.677532,47.948563,8.132166,1316.571533,,,,normal-low,normal,synthetic_prototype
2026-07-14,21:21:20,176.086182,28.487640,23793.214844,25.434744,62.641098,24.676571,47.961517,8.131475,1316.460205,,,,normal-low,normal,synthetic_prototype
2026-07-14,21:21:25,176.095627,28.488409,23790.390625,25.432228,62.636200,24.675137,47.949928,8.132111,1316.259399,,,,normal-low,normal,synthetic_prototype
2026-07-14,21:21:30,176.096771,28.489424,23790.289062,25.432831,62.638474,24.675650,47.933453,8.130831,1316.223022,,,,normal-low,normal,synthetic_prototype
2026-07-14,21:21:35,176.088608,28.494268,23787.132812,25.431641,62.638111,24.675207,47.930843,8.125905,1316.337280,,,,normal-low,normal,synthetic_prototype
2026-07-14,21:21:40,176.096863,28.497026,23790.294922,25.436388,62.637333,24.677389,47.941406,8.126057,1316.258301,,,,normal-low,normal,synthetic_prototype
2026-07-14,21:21:45,176.086334,28.501141,23794.923828,25.437662,62.640869,24.678450,47.941055,8.123356,1316.454590,,,,normal-low,normal,synthetic_prototype
2026-07-14,21:21:50,176.083450,28.501543,23798.708984,25.436491,62.643162,24.679045,47.944180,8.120641,1316.639771,,,,normal-low,normal,synthetic_prototype
2026-07-14,21:21:55,176.099991,28.492161,23783.216797,25.437210,62.646732,24.681660,47.937702,8.124682,1316.283569,,,,normal-low,normal,synthetic_prototype
2026-07-14,21:22:00,176.113159,28.486122,23778.500000,25.435331,62.644703,24.683384,47.937035,8.126023,1315.978271,,,,normal-low,normal,synthetic_prototype
2026-07-14,21:22:05,176.119675,28.491726,23775.791016,25.435205,62.645954,24.684608,47.940975,8.125643,1315.699585,,,,normal-low,normal,synthetic_prototype
2026-07-14,21:22:10,176.113724,28.487272,23770.388672,25.433769,62.648899,24.686516,47.948437,8.123896,1315.774902,,,,normal-low,normal,synthetic_prototype
2026-07-14,21:22:15,176.103485,28.487892,23766.775391,25.432920,62.648483,24.683889,47.961357,8.121128,1315.703247,,,,normal-low,normal,synthetic_prototype
2026-07-14,21:22:20,176.109848,28.489265,23772.566406,25.431581,62.650059,24.680876,47.969368,8.119209,1315.718384,,,,normal-low,normal,synthetic_prototype
2026-07-14,21:22:25,176.111649,28.483397,23783.724609,25.430462,62.643066,24.675295,47.979164,8.120358,1315.730835,,,,normal-low,normal,synthetic_prototype
2026-07-14,21:22:30,176.130600,28.476549,23775.650391,25.426792,62.637482,24.677176,47.985825,8.123933,1315.430664,,,,normal-low,normal,synthetic_prototype
2026-07-14,21:22:35,176.121582,28.484173,23776.933594,25.420101,62.639118,24.677837,47.996048,8.121576,1315.325073,,,,normal-low,normal,synthetic_prototype
2026-07-14,21:22:40,176.130997,28.488255,23788.847656,25.419144,62.640217,24.675322,48.002525,8.120570,1315.794312,,,,normal-low,normal,synthetic_prototype
2026-07-14,21:22:45,176.146439,28.494274,23781.972656,25.418850,62.636036,24.677963,47.995380,8.121696,1315.373657,,,,normal-low,normal,synthetic_prototype
2026-07-14,21:22:50,176.144058,28.495415,23779.082031,25.413561,62.632835,24.681374,48.010326,8.121684,1315.214478,,,,normal-low,normal,synthetic_prototype
2026-07-14,21:22:55,176.140182,28.490921,23787.623047,25.417318,62.629337,24.680445,48.019886,8.116245,1315.496826,,,,normal-low,normal,synthetic_prototype
2026-07-14,21:23:00,176.116684,28.492216,23796.480469,25.416948,62.635960,24.680916,48.027927,8.111913,1315.785889,,,,normal-low,normal,synthetic_prototype
2026-07-14,21:23:05,176.122040,28.487694,23802.132812,25.414297,62.634590,24.680984,48.056217,8.112644,1316.219971,,,,normal-low,normal,synthetic_prototype
2026-07-14,21:23:10,176.138718,28.483183,23810.771484,25.415970,62.625641,24.680002,48.075855,8.115385,1316.356079,,,,normal-low,normal,synthetic_prototype
2026-07-14,21:23:15,176.126175,28.481535,23813.962891,25.412867,62.622894,24.684635,48.073822,8.115161,1316.383301,,,,normal-low,normal,synthetic_prototype
2026-07-14,21:23:20,176.114731,28.483194,23804.462891,25.409615,62.622818,24.680164,48.072132,8.110800,1315.929810,,,,normal-low,normal,synthetic_prototype
2026-07-14,21:23:25,176.125412,28.483477,23810.443359,25.409050,62.622749,24.685820,48.076706,8.114202,1316.068726,,,,normal-low,normal,synthetic_prototype
2026-07-14,21:23:30,176.128555,28.484617,23815.242188,25.409496,62.623669,24.680925,48.086174,8.117772,1316.390137,,,,normal-low,normal,synthetic_prototype
2026-07-14,21:23:35,176.122849,28.481821,23812.494141,25.411743,62.619667,24.679319,48.079784,8.118336,1316.278320,,,,normal-low,normal,synthetic_prototype
2026-07-14,21:23:40,176.111221,28.484501,23814.275391,25.411423,62.618637,24.679630,48.077286,8.114233,1316.122070,,,,normal-low,normal,synthetic_prototype
2026-07-14,21:23:45,176.105667,28.491526,23821.326172,25.412621,62.623512,24.682447,48.089439,8.113134,1316.420166,,,,normal-low,normal,synthetic_prototype
2026-07-14,21:23:50,176.105240,28.483866,23821.701172,25.414099,62.622959,24.684015,48.094177,8.113243,1316.344971,,,,normal-low,normal,synthetic_prototype
2026-07-14,21:23:55,176.092072,28.482975,23802.816406,25.412973,62.621841,24.677980,48.082127,8.114738,1315.853516,,,,normal-low,normal,synthetic_prototype
2026-07-14,21:24:00,176.093353,28.476391,23795.115234,25.411963,62.626606,24.675650,48.084469,8.114980,1315.678589,,,,normal-low,normal,synthetic_prototype
2026-07-14,21:24:05,176.075119,28.472773,23793.935547,25.410915,62.627132,24.677900,48.092094,8.109734,1315.427124,,,,normal-low,normal,synthetic_prototype
2026-07-14,21:24:10,176.048325,28.476479,23799.285156,25.407955,62.626514,24.676706,48.107388,8.108093,1315.652344,,,,normal-low,normal,synthetic_prototype
2026-07-14,21:24:15,176.029617,28.471684,23802.708984,25.404402,62.618576,24.674112,48.117523,8.110447,1315.621338,,,,normal-low,normal,synthetic_prototype
2026-07-14,21:24:20,176.043915,28.475950,23808.068359,25.405491,62.627808,24.674231,48.135761,8.109567,1315.916626,,,,normal-low,normal,synthetic_prototype
2026-07-14,21:24:25,176.045029,28.476233,23813.488281,25.405674,62.624844,24.675346,48.135452,8.111947,1316.222656,,,,normal-low,normal,synthetic_prototype
2026-07-14,21:24:30,176.046005,28.473240,23826.251953,25.407791,62.626862,24.670918,48.155376,8.112304,1316.477417,,,,normal-low,normal,synthetic_prototype
2026-07-14,21:24:35,176.039581,28.478245,23816.908203,25.406250,62.630188,24.665718,48.145302,8.114252,1316.052612,,,,normal-low,normal,synthetic_prototype
2026-07-14,21:24:40,176.038101,28.479845,23810.708984,25.413935,62.639027,24.662781,48.144184,8.115733,1316.017334,,,,normal-low,normal,synthetic_prototype
2026-07-14,21:24:45,176.036469,28.480949,23812.105469,25.417862,62.639481,24.661160,48.142651,8.113998,1316.220581,,,,normal-low,normal,synthetic_prototype
2026-07-14,21:24:50,176.026794,28.479013,23807.326172,25.413866,62.639866,24.662283,48.130135,8.113071,1316.404053,,,,normal-low,normal,synthetic_prototype
2026-07-14,21:24:55,176.034790,28.474543,23820.507812,25.417305,62.640888,24.662664,48.144543,8.115659,1316.877563,,,,normal-low,normal,synthetic_prototype
2026-07-14,21:25:00,176.038559,28.466095,23822.134766,25.420122,62.640690,24.662279,48.141098,8.114153,1317.020752,,,,normal-low,normal,synthetic_prototype
2026-07-14,21:25:05,176.046387,28.463476,23826.185547,25.421080,62.646938,24.665655,48.140862,8.117339,1317.153809,,,,normal-low,normal,synthetic_prototype
2026-07-14,21:25:10,176.047028,28.462080,23822.687500,25.419291,62.642979,24.668226,48.134861,8.117548,1316.870361,,,,normal-low,normal,synthetic_prototype
2026-07-14,21:25:15,176.042130,28.459673,23822.373047,25.417885,62.640141,24.667948,48.133194,8.115902,1316.785889,,,,normal-low,normal,synthetic_prototype
2026-07-14,21:25:20,176.037476,28.454857,23811.785156,25.415689,62.636478,24.665497,48.101917,8.114908,1316.317749,,,,normal-low,normal,synthetic_prototype
2026-07-14,21:25:25,176.039734,28.456371,23817.396484,25.412931,62.639294,24.663811,48.105694,8.115966,1316.337891,,,,normal-low,normal,synthetic_prototype
2026-07-14,21:25:30,176.040482,28.449865,23814.611328,25.408131,62.638489,24.665098,48.100109,8.109709,1316.322998,,,,normal-low,normal,synthetic_prototype
2026-07-14,21:25:35,176.042007,28.447563,23817.044922,25.409283,62.636959,24.662794,48.101833,8.109067,1316.372925,,,,normal-low,normal,synthetic_prototype
2026-07-14,21:25:40,176.048126,28.450611,23815.869141,25.407429,62.640003,24.664282,48.092796,8.109336,1316.226929,,,,normal-low,normal,synthetic_prototype
2026-07-14,21:25:45,176.031540,28.450624,23800.417969,25.404247,62.638695,24.662855,48.070129,8.108188,1315.698486,,,,normal-low,normal,synthetic_prototype
2026-07-14,21:25:50,176.031998,28.452303,23805.134766,25.400600,62.647945,24.661100,48.087246,8.109295,1315.574463,,,,normal-low,normal,synthetic_prototype
2026-07-14,21:25:55,176.016281,28.454096,23793.542969,25.394857,62.650852,24.664595,48.075256,8.107515,1315.107544,,,,normal-low,normal,synthetic_prototype
2026-07-14,21:26:00,176.012054,28.456821,23781.839844,25.394562,62.653301,24.667944,48.066635,8.108135,1314.676392,,,,normal-low,normal,synthetic_prototype
2026-07-14,21:26:05,176.023758,28.463383,23762.925781,25.392008,62.655041,24.670305,48.052410,8.107834,1314.182129,,,,normal-low,normal,synthetic_prototype
2026-07-14,21:26:10,176.034042,28.465523,23766.566406,25.395435,62.651100,24.668039,48.054863,8.108765,1314.363159,,,,normal-low,normal,synthetic_prototype
2026-07-14,21:26:15,176.036758,28.467907,23773.949219,25.392345,62.650803,24.669907,48.055630,8.110648,1314.454834,,,,normal-low,normal,synthetic_prototype
2026-07-14,21:26:20,176.024048,28.464407,23767.677734,25.390123,62.651428,24.672445,48.051205,8.109106,1314.248779,,,,normal-low,normal,synthetic_prototype
2026-07-14,21:26:25,176.020798,28.461773,23774.578125,25.391165,62.651142,24.672960,48.072353,8.108086,1314.574463,,,,normal-low,normal,synthetic_prototype
2026-07-14,21:26:30,176.027603,28.459032,23762.240234,25.385040,62.660145,24.667734,48.069000,8.106877,1314.242310,,,,normal-low,normal,synthetic_prototype
2026-07-14,21:26:35,176.033920,28.458212,23766.367188,25.390343,62.661732,24.666355,48.066975,8.111150,1314.459595,,,,normal-low,normal,synthetic_prototype
2026-07-14,21:26:40,176.042618,28.454765,23769.726562,25.390839,62.669937,24.669664,48.083408,8.114273,1314.819580,,,,normal-low,normal,synthetic_prototype
2026-07-14,21:26:45,176.052612,28.445869,23766.152344,25.390106,62.671154,24.669083,48.071415,8.113099,1314.805786,,,,normal-low,normal,synthetic_prototype
2026-07-14,21:26:50,176.053772,28.445242,23764.511719,25.390766,62.671326,24.667627,48.077145,8.110590,1314.744507,,,,normal-low,normal,synthetic_prototype
2026-07-14,21:26:55,176.048615,28.443754,23768.251953,25.390404,62.674290,24.666023,48.082619,8.110971,1314.643066,,,,normal-low,normal,synthetic_prototype
2026-07-14,21:27:00,176.053726,28.442917,23764.015625,25.394360,62.676456,24.668509,48.081604,8.109771,1314.838013,,,,normal-low,normal,synthetic_prototype
2026-07-14,21:27:05,176.060959,28.442316,23762.050781,25.394516,62.674625,24.670210,48.080700,8.111377,1315.029175,,,,normal-low,normal,synthetic_prototype
2026-07-14,21:27:10,176.076157,28.452351,23757.023438,25.393234,62.678501,24.671690,48.073006,8.111649,1314.806885,,,,normal-low,normal,synthetic_prototype
2026-07-14,21:27:15,176.062027,28.453537,23759.595703,25.389652,62.671707,24.674109,48.081863,8.107956,1314.875732,,,,normal-low,normal,synthetic_prototype
2026-07-14,21:27:20,176.059448,28.456259,23751.955078,25.390310,62.674343,24.674559,48.082298,8.113254,1314.638306,,,,normal-low,normal,synthetic_prototype
2026-07-14,21:27:25,176.072815,28.466358,23751.148438,25.389877,62.668201,24.670723,48.071747,8.113017,1314.669067,,,,normal-low,normal,synthetic_prototype
2026-07-14,21:27:30,176.052322,28.461803,23755.476562,25.389332,62.665035,24.674631,48.080688,8.112299,1315.072266,,,,normal-low,normal,synthetic_prototype
2026-07-14,21:27:35,176.047318,28.456772,23752.298828,25.389072,62.664837,24.671408,48.086010,8.112741,1314.699463,,,,normal-low,normal,synthetic_prototype
2026-07-14,21:27:40,176.058273,28.456638,23755.943359,25.387331,62.665257,24.670166,48.085106,8.112363,1314.862915,,,,normal-low,normal,synthetic_prototype
2026-07-14,21:27:45,176.048065,28.460508,23758.824219,25.387283,62.668102,24.670223,48.077843,8.109125,1314.868774,,,,normal-low,normal,synthetic_prototype
2026-07-14,21:27:50,176.047821,28.459921,23770.205078,25.385387,62.669266,24.666134,48.094631,8.107357,1315.291870,,,,normal-low,normal,synthetic_prototype
2026-07-14,21:27:55,176.046967,28.465843,23775.048828,25.387156,62.667774,24.666399,48.092426,8.110858,1315.181885,,,,normal-low,normal,synthetic_prototype
2026-07-14,21:28:00,176.037354,28.464039,23777.703125,25.398026,62.670925,24.660944,48.094803,8.111028,1315.376587,,,,normal-low,normal,synthetic_prototype
2026-07-14,21:28:05,176.034760,28.461779,23772.085938,25.404156,62.674160,24.662737,48.086624,8.112561,1315.057007,,,,normal-low,normal,synthetic_prototype
2026-07-14,21:28:10,176.032745,28.460871,23776.312500,25.401848,62.679752,24.662428,48.079914,8.110863,1315.074219,,,,normal-low,normal,synthetic_prototype
2026-07-14,21:28:15,176.037384,28.459846,23766.517578,25.407541,62.677933,24.664902,48.070305,8.115855,1315.140381,,,,normal-low,normal,synthetic_prototype
2026-07-14,21:28:20,176.028259,28.464773,23762.886719,25.411131,62.677906,24.662825,48.070049,8.117471,1315.004517,,,,normal-low,normal,synthetic_prototype
2026-07-14,21:28:25,176.028336,28.459435,23767.257812,25.406569,62.679211,24.661827,48.068604,8.118035,1315.313721,,,,normal-low,normal,synthetic_prototype
2026-07-14,21:28:30,176.018738,28.458046,23772.367188,25.406590,62.680470,24.664209,48.080147,8.115958,1315.402832,,,,normal-low,normal,synthetic_prototype
2026-07-14,21:28:35,176.017181,28.456181,23768.662109,25.410236,62.678970,24.662308,48.080032,8.116557,1315.437622,,,,normal-low,normal,synthetic_prototype
2026-07-14,21:28:40,176.022766,28.458342,23751.560547,25.414637,62.674007,24.659014,48.061287,8.121621,1314.981079,,,,normal-low,normal,synthetic_prototype
2026-07-14,21:28:45,176.021408,28.457575,23742.572266,25.410671,62.672970,24.660967,48.056499,8.119714,1314.826782,,,,normal-low,normal,synthetic_prototype
2026-07-14,21:28:50,176.025040,28.463251,23736.900391,25.407450,62.673702,24.662088,48.054310,8.120201,1314.285278,,,,normal-low,normal,synthetic_prototype
2026-07-14,21:28:55,176.036026,28.464830,23735.505859,25.405636,62.680515,24.660864,48.046944,8.118372,1314.353760,,,,normal-low,normal,synthetic_prototype
2026-07-14,21:29:00,176.040985,28.463142,23738.826172,25.403728,62.676456,24.658401,48.053532,8.116590,1314.398438,,,,normal-low,normal,synthetic_prototype
2026-07-14,21:29:05,176.029816,28.458742,23742.724609,25.409433,62.674152,24.656096,48.063114,8.116116,1314.717041,,,,normal-low,normal,synthetic_prototype
2026-07-14,21:29:10,176.031570,28.459984,23739.052734,25.410736,62.681557,24.656548,48.068649,8.118112,1314.805664,,,,normal-low,normal,synthetic_prototype
2026-07-14,21:29:15,176.019135,28.461706,23733.369141,25.410196,62.676846,24.653275,48.053699,8.117356,1314.396484,,,,normal-low,normal,synthetic_prototype
2026-07-14,21:29:20,176.039200,28.459246,23742.681641,25.412956,62.674225,24.654827,48.057369,8.120687,1314.449219,,,,normal-low,normal,synthetic_prototype
2026-07-14,21:29:25,176.047470,28.458408,23747.664062,25.412676,62.670391,24.648138,48.062225,8.121616,1314.800659,,,,normal-low,normal,synthetic_prototype
2026-07-14,21:29:30,176.037766,28.456934,23745.378906,25.416649,62.661915,24.650057,48.060677,8.121214,1314.725220,,,,normal-low,normal,synthetic_prototype
2026-07-14,21:29:35,176.045593,28.452665,23744.070312,25.412844,62.664074,24.647717,48.051968,8.120368,1314.625000,,,,normal-low,normal,synthetic_prototype
2026-07-14,21:29:40,176.057510,28.455599,23739.683594,25.410492,62.666832,24.646822,48.046951,8.120509,1314.357666,,,,normal-low,normal,synthetic_prototype
2026-07-14,21:29:45,176.055099,28.460272,23742.585938,25.409777,62.669418,24.648914,48.052776,8.122507,1314.309082,,,,normal-low,normal,synthetic_prototype
2026-07-14,21:29:50,176.066803,28.461420,23746.005859,25.408323,62.671333,24.647108,48.042210,8.124605,1314.414062,,,,normal-low,normal,synthetic_prototype
2026-07-14,21:29:55,176.066025,28.450790,23741.939453,25.405245,62.676800,24.647646,48.033260,8.126449,1314.116821,,,,normal-low,normal,synthetic_prototype
2026-07-14,21:30:00,176.066574,28.445847,23745.263672,25.410223,62.680027,24.645222,48.030647,8.129570,1314.260986,,,,normal-low,normal,synthetic_prototype
2026-07-14,21:30:05,176.068832,28.441031,23736.820312,25.410110,62.684845,24.645123,48.018921,8.128742,1313.919556,,,,normal-low,normal,synthetic_prototype
2026-07-14,21:30:10,176.075684,28.439739,23723.447266,25.411072,62.688175,24.646650,48.008671,8.129336,1313.265991,,,,normal-low,normal,synthetic_prototype
2026-07-14,21:30:15,176.066315,28.437233,23714.259766,25.411478,62.680763,24.646994,48.005566,8.130769,1312.749756,,,,normal-low,normal,synthetic_prototype
2026-07-14,21:30:20,176.080231,28.441708,23715.919922,25.406866,62.676548,24.643976,48.006660,8.132375,1312.556274,,,,normal-low,normal,synthetic_prototype
2026-07-14,21:30:25,176.074417,28.442423,23710.630859,25.411558,62.679764,24.643867,48.000534,8.134257,1312.230835,,,,normal-low,normal,synthetic_prototype
2026-07-14,21:30:30,176.079086,28.440527,23699.830078,25.418587,62.679504,24.636395,47.993118,8.141824,1311.990967,,,,normal-low,normal,synthetic_prototype
2026-07-14,21:30:35,176.080338,28.440161,23707.076172,25.423401,62.681187,24.636957,47.994617,8.142068,1312.296753,,,,normal-low,normal,synthetic_prototype
2026-07-14,21:30:40,176.065353,28.444536,23705.617188,25.423069,62.679955,24.639471,47.999378,8.141335,1312.455322,,,,normal-low,normal,synthetic_prototype
2026-07-14,21:30:45,176.069931,28.450253,23702.810547,25.423204,62.675510,24.644619,48.002560,8.143283,1312.138062,,,,normal-low,normal,synthetic_prototype
2026-07-14,21:30:50,176.076187,28.446478,23711.806641,25.426889,62.674984,24.645239,48.020786,8.142353,1312.199463,,,,normal-low,normal,synthetic_prototype
2026-07-14,21:30:55,176.073593,28.443638,23710.388672,25.428230,62.673256,24.642488,48.017441,8.142118,1312.081909,,,,normal-low,normal,synthetic_prototype
2026-07-14,21:31:00,176.075851,28.443537,23715.347656,25.431170,62.670712,24.639431,48.024578,8.144446,1312.201416,,,,normal-low,normal,synthetic_prototype
2026-07-14,21:31:05,176.070068,28.443619,23725.748047,25.437639,62.666401,24.639292,48.039467,8.141208,1312.618896,,,,normal-low,normal,synthetic_prototype
2026-07-14,21:31:10,176.079391,28.442244,23721.671875,25.440107,62.668388,24.640141,48.015919,8.140616,1312.481445,,,,normal-low,normal,synthetic_prototype
2026-07-14,21:31:15,176.083817,28.448399,23721.275391,25.436859,62.670853,24.644051,48.016708,8.140657,1312.184082,,,,normal-low,normal,synthetic_prototype
2026-07-14,21:31:20,176.091446,28.443871,23730.644531,25.437069,62.668354,24.645237,48.025188,8.143149,1312.422974,,,,normal-low,normal,synthetic_prototype
2026-07-14,21:31:25,176.090805,28.436157,23729.050781,25.437309,62.669579,24.646605,48.021950,8.146308,1312.389771,,,,normal-low,normal,synthetic_prototype
2026-07-14,21:31:30,176.104736,28.439499,23731.183594,25.437614,62.665012,24.649136,48.027115,8.151087,1312.332397,,,,normal-low,normal,synthetic_prototype
2026-07-14,21:31:35,176.099640,28.438913,23737.289062,25.436422,62.671688,24.651220,48.034626,8.150623,1312.393921,,,,normal-low,normal,synthetic_prototype
2026-07-14,21:31:40,176.092957,28.433483,23748.115234,25.435896,62.672333,24.647776,48.059246,8.149348,1312.452637,,,,normal-low,normal,synthetic_prototype
2026-07-14,21:31:45,176.090439,28.432663,23732.150391,25.434162,62.670155,24.650681,48.030426,8.145028,1311.977661,,,,normal-low,normal,synthetic_prototype
2026-07-14,21:31:50,176.099289,28.434757,23724.015625,25.430307,62.666969,24.650087,48.036018,8.142645,1311.730103,,,,normal-low,normal,synthetic_prototype
2026-07-14,21:31:55,176.120346,28.435198,23715.164062,25.426941,62.658661,24.647583,48.030460,8.144522,1311.541504,,,,normal-low,normal,synthetic_prototype
2026-07-14,21:32:00,176.125626,28.441601,23712.994141,25.428450,62.656384,24.646111,48.030396,8.143583,1311.084473,,,,normal-low,normal,synthetic_prototype
2026-07-14,21:32:05,176.124115,28.437876,23720.263672,25.431396,62.655651,24.644293,48.039238,8.141628,1311.353394,,,,normal-low,normal,synthetic_prototype
2026-07-14,21:32:10,176.117340,28.440912,23726.121094,25.428253,62.649693,24.646442,48.052769,8.139558,1311.442993,,,,normal-low,normal,synthetic_prototype
2026-07-14,21:32:15,176.092102,28.439188,23717.458984,25.430935,62.651268,24.650301,48.028191,8.135950,1311.137329,,,,normal-low,normal,synthetic_prototype
2026-07-14,21:32:20,176.100037,28.434370,23715.404297,25.429552,62.653667,24.652945,48.029160,8.138436,1311.123291,,,,normal-low,normal,synthetic_prototype
2026-07-14,21:32:25,176.112122,28.440420,23708.800781,25.429514,62.654793,24.650040,48.018040,8.140699,1311.068970,,,,normal-low,normal,synthetic_prototype
2026-07-14,21:32:30,176.127884,28.436602,23705.283203,25.430674,62.654255,24.650717,48.010433,8.142893,1310.991211,,,,normal-low,normal,synthetic_prototype
2026-07-14,21:32:35,176.140808,28.439449,23705.484375,25.428831,62.660366,24.648924,48.009453,8.147504,1310.968628,,,,normal-low,normal,synthetic_prototype
2026-07-14,21:32:40,176.152298,28.434000,23706.685547,25.429358,62.658005,24.647642,48.018745,8.145331,1311.120239,,,,normal-low,normal,synthetic_prototype
2026-07-14,21:32:45,176.154785,28.437757,23700.742188,25.433149,62.661476,24.654190,48.014507,8.144803,1311.125488,,,,normal-low,normal,synthetic_prototype
2026-07-14,21:32:50,176.150101,28.436329,23699.650391,25.435837,62.656654,24.652174,48.009628,8.143625,1311.338867,,,,normal-low,normal,synthetic_prototype
2026-07-14,21:32:55,176.136597,28.427595,23696.873047,25.441895,62.659847,24.654022,48.014462,8.145313,1311.422852,,,,normal-low,normal,synthetic_prototype
2026-07-14,21:33:00,176.144989,28.426861,23696.876953,25.442358,62.660789,24.654766,48.015709,8.144590,1311.608398,,,,normal-low,normal,synthetic_prototype
2026-07-14,21:33:05,176.134171,28.431080,23697.669922,25.439766,62.657215,24.654690,48.017895,8.140338,1311.852051,,,,normal-low,normal,synthetic_prototype
2026-07-14,21:33:10,176.139374,28.432648,23695.216797,25.438200,62.655666,24.653490,48.016663,8.136727,1311.753296,,,,normal-low,normal,synthetic_prototype
2026-07-14,21:33:15,176.120300,28.431616,23693.716797,25.442801,62.661579,24.648043,48.016415,8.138434,1311.966431,,,,normal-low,normal,synthetic_prototype
2026-07-14,21:33:20,176.117126,28.436935,23697.630859,25.440029,62.667297,24.649862,48.017464,8.137297,1312.159668,,,,normal-low,normal,synthetic_prototype
2026-07-14,21:33:25,176.105820,28.429646,23693.964844,25.440409,62.669975,24.647276,48.035591,8.135635,1312.149170,,,,normal-low,normal,synthetic_prototype
2026-07-14,21:33:30,176.080872,28.432747,23699.458984,25.440676,62.673386,24.645586,48.049530,8.132504,1312.668457,,,,normal-low,normal,synthetic_prototype
2026-07-14,21:33:35,176.065384,28.431250,23703.714844,25.440676,62.669323,24.653944,48.059616,8.132217,1312.611694,,,,normal-low,normal,synthetic_prototype
2026-07-14,21:33:40,176.073120,28.429152,23708.623047,25.438725,62.667923,24.657553,48.069530,8.132538,1312.710327,,,,normal-low,normal,synthetic_prototype
2026-07-14,21:33:45,176.097000,28.429335,23713.021484,25.436693,62.668621,24.655676,48.070374,8.135848,1312.828125,,,,normal-low,normal,synthetic_prototype
2026-07-14,21:33:50,176.094727,28.432964,23711.603516,25.433289,62.671803,24.653202,48.082050,8.134087,1312.921143,,,,normal-low,normal,synthetic_prototype
2026-07-14,21:33:55,176.099243,28.438251,23714.431641,25.436213,62.674717,24.650843,48.073177,8.135122,1312.901123,,,,normal-low,normal,synthetic_prototype
2026-07-14,21:34:00,176.093994,28.431223,23722.843750,25.440239,62.680103,24.652975,48.079460,8.137850,1313.088135,,,,normal-low,normal,synthetic_prototype
2026-07-14,21:34:05,176.096222,28.426735,23718.029297,25.446211,62.681080,24.650311,48.063995,8.142111,1313.327637,,,,normal-low,normal,synthetic_prototype
2026-07-14,21:34:10,176.092484,28.419073,23712.107422,25.444019,62.674953,24.651522,48.060703,8.139665,1312.948120,,,,normal-low,normal,synthetic_prototype
2026-07-14,21:34:15,176.097351,28.421179,23709.898438,25.446033,62.671265,24.657078,48.053581,8.142099,1312.846191,,,,normal-low,normal,synthetic_prototype
2026-07-14,21:34:20,176.121460,28.429060,23709.525391,25.442448,62.665371,24.663027,48.042053,8.148067,1312.555542,,,,normal-low,normal,synthetic_prototype
2026-07-14,21:34:25,176.113388,28.424809,23707.919922,25.442051,62.660748,24.663702,48.031933,8.145930,1312.646973,,,,normal-low,normal,synthetic_prototype
2026-07-14,21:34:30,176.114716,28.424238,23704.078125,25.443565,62.664185,24.664448,48.025627,8.145811,1312.584351,,,,normal-low,normal,synthetic_prototype
2026-07-14,21:34:35,176.111115,28.423901,23698.794922,25.445133,62.668598,24.664394,48.035397,8.145325,1312.199829,,,,normal-low,normal,synthetic_prototype
2026-07-14,21:34:40,176.123596,28.424891,23705.332031,25.442080,62.672901,24.662992,48.029812,8.147320,1312.383545,,,,normal-low,normal,synthetic_prototype
2026-07-14,21:34:45,176.130890,28.419380,23703.781250,25.446917,62.674377,24.660027,48.029438,8.148342,1312.460327,,,,normal-low,normal,synthetic_prototype
2026-07-14,21:34:50,176.142807,28.418985,23703.404297,25.443350,62.676033,24.654406,48.035160,8.151204,1312.734619,,,,normal-low,normal,synthetic_prototype
2026-07-14,21:34:55,176.160767,28.422304,23692.966797,25.443335,62.674583,24.654428,48.027309,8.155149,1312.441406,,,,normal-low,normal,synthetic_prototype
2026-07-14,21:35:00,176.181595,28.433043,23688.359375,25.444513,62.680244,24.652056,48.024979,8.158409,1312.305176,,,,normal-low,normal,synthetic_prototype
2026-07-14,21:35:05,176.176498,28.429483,23693.205078,25.448105,62.671661,24.655796,48.031078,8.160033,1312.742065,,,,normal-low,normal,synthetic_prototype
2026-07-14,21:35:10,176.192184,28.423470,23692.607422,25.448452,62.671581,24.655420,48.033398,8.159330,1313.056152,,,,normal-low,normal,synthetic_prototype
2026-07-14,21:35:15,176.193512,28.422461,23681.498047,25.451191,62.671570,24.657812,48.009956,8.162340,1312.484253,,,,normal-low,normal,synthetic_prototype
2026-07-14,21:35:20,176.197479,28.422588,23678.623047,25.453875,62.673298,24.656311,48.004871,8.161250,1312.302734,,,,normal-low,normal,synthetic_prototype
2026-07-14,21:35:25,176.182419,28.423216,23673.466797,25.453840,62.668839,24.658014,47.984028,8.155974,1312.168945,,,,normal-low,normal,synthetic_prototype
2026-07-14,21:35:30,176.189468,28.422880,23674.656250,25.457577,62.666897,24.656975,47.993420,8.156181,1312.098022,,,,normal-low,normal,synthetic_prototype
2026-07-14,21:35:35,176.194702,28.427305,23687.205078,25.462807,62.668789,24.657877,48.011913,8.155378,1312.629639,,,,normal-low,normal,synthetic_prototype
2026-07-14,21:35:40,176.172394,28.436460,23691.996094,25.459198,62.671696,24.659761,48.001591,8.154921,1312.810059,,,,normal-low,normal,synthetic_prototype
2026-07-14,21:35:45,176.169128,28.431749,23691.416016,25.461088,62.674374,24.656445,48.002289,8.154528,1312.853271,,,,normal-low,normal,synthetic_prototype
2026-07-14,21:35:50,176.164993,28.431097,23693.529297,25.459877,62.670570,24.659044,48.004208,8.152066,1312.879639,,,,normal-low,normal,synthetic_prototype
2026-07-14,21:35:55,176.175339,28.432682,23703.837891,25.457609,62.666397,24.659391,48.025311,8.152770,1313.268433,,,,normal-low,normal,synthetic_prototype
2026-07-14,21:36:00,176.192902,28.432680,23706.291016,25.459843,62.668644,24.657335,48.016411,8.157051,1313.637695,,,,normal-low,normal,synthetic_prototype
2026-07-14,21:36:05,176.203400,28.438391,23700.308594,25.464912,62.668789,24.656626,48.001122,8.158539,1313.554077,,,,normal-low,normal,synthetic_prototype
2026-07-14,21:36:10,176.203064,28.435318,23697.175781,25.467243,62.660774,24.660334,47.998932,8.159845,1313.503174,,,,normal-low,normal,synthetic_prototype
2026-07-14,21:36:15,176.220734,28.446802,23702.539062,25.465740,62.660809,24.664282,48.000717,8.163247,1313.553223,,,,normal-low,normal,synthetic_prototype
2026-07-14,21:36:20,176.230759,28.455532,23694.498047,25.461033,62.662560,24.666012,47.997807,8.164424,1313.220947,,,,normal-low,normal,synthetic_prototype
2026-07-14,21:36:25,176.215240,28.455706,23692.074219,25.458538,62.662552,24.664444,47.993286,8.159431,1312.947021,,,,normal-low,normal,synthetic_prototype
2026-07-14,21:36:30,176.218307,28.454445,23697.830078,25.458111,62.666092,24.664768,48.005543,8.161537,1313.122070,,,,normal-low,normal,synthetic_prototype
2026-07-14,21:36:35,176.244507,28.458784,23696.121094,25.455811,62.673561,24.664680,48.002510,8.164351,1312.900024,,,,normal-low,normal,synthetic_prototype
2026-07-14,21:36:40,176.244873,28.462545,23694.421875,25.455610,62.666691,24.666096,48.001709,8.164211,1312.871460,,,,normal-low,normal,synthetic_prototype
2026-07-14,21:36:45,176.248413,28.462521,23690.945312,25.456411,62.666492,24.661959,47.995655,8.163729,1312.656006,,,,normal-low,normal,synthetic_prototype
2026-07-14,21:36:50,176.236435,28.467272,23693.767578,25.460037,62.671875,24.664152,48.004078,8.163618,1312.657959,,,,normal-low,normal,synthetic_prototype
2026-07-14,21:36:55,176.244980,28.470070,23692.171875,25.455202,62.672966,24.664831,48.001148,8.162476,1312.738037,,,,normal-low,normal,synthetic_prototype
2026-07-14,21:37:00,176.241135,28.474970,23694.222656,25.454845,62.672611,24.666613,48.001137,8.162374,1312.873657,,,,normal-low,normal,synthetic_prototype
2026-07-14,21:37:05,176.220398,28.473757,23699.822266,25.453587,62.667385,24.664141,48.000023,8.161499,1312.995239,,,,normal-low,normal,synthetic_prototype
2026-07-14,21:37:10,176.208450,28.476040,23703.716797,25.454344,62.670551,24.666569,48.005951,8.156675,1313.209473,,,,normal-low,normal,synthetic_prototype
2026-07-14,21:37:15,176.213654,28.474451,23701.968750,25.456640,62.663872,24.665886,47.986214,8.160000,1313.214722,,,,normal-low,normal,synthetic_prototype
2026-07-14,21:37:20,176.204422,28.477186,23707.437500,25.456358,62.666687,24.664164,47.990669,8.158150,1313.119995,,,,normal-low,normal,synthetic_prototype
2026-07-14,21:37:25,176.217789,28.476627,23704.238281,25.453474,62.673897,24.660246,47.995911,8.161736,1313.059204,,,,normal-low,normal,synthetic_prototype
2026-07-14,21:37:30,176.210999,28.465857,23716.042969,25.452888,62.677330,24.658703,48.009174,8.157778,1313.412476,,,,normal-low,normal,synthetic_prototype
2026-07-14,21:37:35,176.193039,28.462641,23712.892578,25.449493,62.677643,24.657583,47.999752,8.153116,1313.443237,,,,normal-low,normal,synthetic_prototype
2026-07-14,21:37:40,176.183807,28.464014,23724.841797,25.451578,62.687012,24.660480,47.999756,8.150793,1313.394165,,,,normal-low,normal,synthetic_prototype
2026-07-14,21:37:45,176.189468,28.465597,23721.619141,25.453480,62.685810,24.663214,47.983032,8.149145,1313.186646,,,,normal-low,normal,synthetic_prototype
2026-07-14,21:37:50,176.200745,28.468958,23734.472656,25.456795,62.680916,24.664631,47.997513,8.153243,1313.758057,,,,normal-low,normal,synthetic_prototype
2026-07-14,21:37:55,176.213165,28.463224,23729.574219,25.458996,62.682011,24.667530,47.996300,8.154573,1313.692749,,,,normal-low,normal,synthetic_prototype
2026-07-14,21:38:00,176.228394,28.462502,23714.365234,25.453215,62.676460,24.667225,47.982658,8.154460,1313.340576,,,,normal-low,normal,synthetic_prototype
2026-07-14,21:38:05,176.242447,28.462486,23713.585938,25.454262,62.674744,24.663488,47.988415,8.153836,1313.467285,,,,normal-low,normal,synthetic_prototype
2026-07-14,21:38:10,176.242554,28.461941,23707.912109,25.455414,62.677425,24.664280,47.982090,8.151484,1313.846069,,,,normal-low,normal,synthetic_prototype
2026-07-14,21:38:15,176.230438,28.450251,23706.876953,25.459167,62.674927,24.663492,48.001060,8.148190,1313.995728,,,,normal-low,normal,synthetic_prototype
2026-07-14,21:38:20,176.224472,28.463339,23715.175781,25.459126,62.679462,24.667419,48.017254,8.150536,1313.977661,,,,normal-low,normal,synthetic_prototype
2026-07-14,21:38:25,176.220078,28.465096,23715.570312,25.457142,62.679188,24.670412,48.024406,8.146229,1314.367188,,,,normal-low,normal,synthetic_prototype
2026-07-14,21:38:30,176.232773,28.471172,23721.419922,25.452503,62.680660,24.672466,48.037045,8.147646,1314.526001,,,,normal-low,normal,synthetic_prototype
2026-07-14,21:38:35,176.241119,28.470232,23716.699219,25.450949,62.678062,24.676771,48.027023,8.146552,1314.576050,,,,normal-low,normal,synthetic_prototype
2026-07-14,21:38:40,176.243652,28.470551,23717.416016,25.449903,62.681667,24.675102,48.030838,8.148576,1314.965576,,,,normal-low,normal,synthetic_prototype
2026-07-14,21:38:45,176.260590,28.468559,23720.974609,25.445843,62.681396,24.673359,48.032959,8.149941,1314.548584,,,,normal-low,normal,synthetic_prototype
2026-07-14,21:38:50,176.265961,28.467144,23721.644531,25.441427,62.672153,24.674168,48.018929,8.151806,1314.241333,,,,normal-low,normal,synthetic_prototype
2026-07-14,21:38:55,176.283112,28.467808,23729.125000,25.442823,62.668644,24.670681,48.014626,8.153851,1314.208130,,,,normal-low,normal,synthetic_prototype
2026-07-14,21:39:00,176.284302,28.466240,23721.455078,25.444962,62.666550,24.671257,48.001160,8.150627,1314.280396,,,,normal-low,normal,synthetic_prototype
2026-07-14,21:39:05,176.272400,28.462530,23722.294922,25.445185,62.670898,24.669956,48.011189,8.152257,1314.356689,,,,normal-low,normal,synthetic_prototype
2026-07-14,21:39:10,176.272339,28.462427,23713.144531,25.441961,62.666813,24.665520,48.006226,8.155789,1313.890747,,,,normal-low,normal,synthetic_prototype
2026-07-14,21:39:15,176.264801,28.462904,23713.898438,25.442394,62.674717,24.664892,48.022190,8.153919,1314.041504,,,,normal-low,normal,synthetic_prototype
2026-07-14,21:39:20,176.285309,28.459656,23711.974609,25.436403,62.676411,24.661001,48.009750,8.155046,1313.733398,,,,normal-low,normal,synthetic_prototype
2026-07-14,21:39:25,176.281311,28.462017,23705.078125,25.436878,62.676792,24.659796,47.987801,8.152534,1313.396362,,,,normal-low,normal,synthetic_prototype
2026-07-14,21:39:30,176.279343,28.456806,23707.628906,25.437689,62.678871,24.661795,47.995178,8.155241,1313.554443,,,,normal-low,normal,synthetic_prototype
2026-07-14,21:39:35,176.304016,28.456087,23712.384766,25.437357,62.681198,24.658661,48.004292,8.158140,1313.715576,,,,normal-low,normal,synthetic_prototype
2026-07-14,21:39:40,176.282425,28.449869,23702.283203,25.437469,62.688625,24.662645,48.004536,8.156130,1313.378418,,,,normal-low,normal,synthetic_prototype
2026-07-14,21:39:45,176.267548,28.449120,23697.589844,25.441273,62.682503,24.661901,48.004463,8.156603,1313.222534,,,,normal-low,normal,synthetic_prototype
2026-07-14,21:39:50,176.258957,28.450171,23691.439453,25.439037,62.682724,24.659948,47.989899,8.152611,1313.061157,,,,normal-low,normal,synthetic_prototype
2026-07-14,21:39:55,176.258530,28.453215,23691.919922,25.436728,62.680901,24.660051,47.990185,8.155402,1313.084839,,,,normal-low,normal,synthetic_prototype
2026-07-14,21:40:00,176.262848,28.448305,23686.337891,25.438414,62.683342,24.654013,47.993870,8.156013,1312.896729,,,,normal-low,normal,synthetic_prototype
2026-07-14,21:40:05,176.274689,28.445377,23694.210938,25.438776,62.687256,24.654631,47.998245,8.158024,1313.149780,,,,normal-low,normal,synthetic_prototype
2026-07-14,21:40:10,176.270721,28.440849,23697.966797,25.439756,62.686871,24.651293,47.989784,8.159233,1313.176880,,,,normal-low,normal,synthetic_prototype
2026-07-14,21:40:15,176.266144,28.440996,23698.306641,25.437984,62.683674,24.656298,47.997375,8.158422,1313.168335,,,,normal-low,normal,synthetic_prototype
2026-07-14,21:40:20,176.267242,28.444143,23699.787109,25.440659,62.690811,24.649267,48.000553,8.157446,1313.344849,,,,normal-low,normal,synthetic_prototype
2026-07-14,21:40:25,176.278168,28.447697,23695.419922,25.437582,62.692043,24.650936,47.994415,8.157676,1313.361084,,,,normal-low,normal,synthetic_prototype
2026-07-14,21:40:30,176.278458,28.447805,23702.902344,25.435638,62.699532,24.647581,48.005741,8.155842,1313.600708,,,,normal-low,normal,synthetic_prototype
2026-07-14,21:40:35,176.273605,28.447067,23692.164062,25.433172,62.702629,24.653698,47.988121,8.154295,1313.572266,,,,normal-low,normal,synthetic_prototype
2026-07-14,21:40:40,176.276993,28.447393,23694.332031,25.431362,62.698704,24.655970,47.996193,8.153448,1313.518921,,,,normal-low,normal,synthetic_prototype
2026-07-14,21:40:45,176.290466,28.451118,23685.591797,25.434093,62.693375,24.655310,47.980083,8.157535,1312.967285,,,,normal-low,normal,synthetic_prototype
2026-07-14,21:40:50,176.284348,28.453415,23687.564453,25.430332,62.690807,24.661055,47.986675,8.155438,1313.018555,,,,normal-low,normal,synthetic_prototype
2026-07-14,21:40:55,176.276657,28.456501,23688.998047,25.425560,62.686382,24.665398,47.991074,8.153605,1313.161987,,,,normal-low,normal,synthetic_prototype
2026-07-14,21:41:00,176.295883,28.455652,23681.521484,25.422182,62.691223,24.667150,47.995911,8.154569,1313.058105,,,,normal-low,normal,synthetic_prototype
2026-07-14,21:41:05,176.298920,28.450323,23678.539062,25.420303,62.687698,24.667820,47.989315,8.156165,1312.848267,,,,normal-low,normal,synthetic_prototype
2026-07-14,21:41:10,176.292191,28.449594,23669.013672,25.422352,62.694042,24.664072,47.984306,8.157822,1312.622314,,,,normal-low,normal,synthetic_prototype
2026-07-14,21:41:15,176.304153,28.451210,23666.041016,25.423109,62.687809,24.663315,47.968582,8.157378,1312.208862,,,,normal-low,normal,synthetic_prototype
2026-07-14,21:41:20,176.292068,28.451408,23658.867188,25.418800,62.690170,24.664913,47.954395,8.156332,1312.286865,,,,normal-low,normal,synthetic_prototype
2026-07-14,21:41:25,176.302414,28.453903,23647.677734,25.420158,62.685524,24.665771,47.946255,8.155276,1311.868774,,,,normal-low,normal,synthetic_prototype
2026-07-14,21:41:30,176.299164,28.455025,23650.263672,25.418684,62.686127,24.665569,47.948132,8.155710,1311.879639,,,,normal-low,normal,synthetic_prototype
2026-07-14,21:41:35,176.310608,28.456238,23643.064453,25.416294,62.686893,24.667221,47.928677,8.155294,1311.508545,,,,normal-low,normal,synthetic_prototype
2026-07-14,21:41:40,176.328445,28.459391,23649.662109,25.412445,62.691700,24.672905,47.936043,8.155371,1311.604248,,,,normal-low,normal,synthetic_prototype
2026-07-14,21:41:45,176.344452,28.461964,23663.554688,25.414452,62.689915,24.667271,47.951771,8.157494,1312.211792,,,,normal-low,normal,synthetic_prototype
2026-07-14,21:41:50,176.359543,28.461884,23660.996094,25.406549,62.695385,24.672157,47.943661,8.160182,1312.114868,,,,normal-low,normal,synthetic_prototype
2026-07-14,21:41:55,176.363785,28.461817,23669.308594,25.406483,62.689693,24.673803,47.958801,8.160353,1312.489136,,,,normal-low,normal,synthetic_prototype
2026-07-14,21:42:00,176.352036,28.463675,23670.140625,25.402460,62.694321,24.676033,47.960693,8.157110,1312.314209,,,,normal-low,normal,synthetic_prototype
2026-07-14,21:42:05,176.359161,28.466084,23673.474609,25.399435,62.689735,24.675293,47.956860,8.156566,1312.342285,,,,normal-low,normal,synthetic_prototype
2026-07-14,21:42:10,176.345474,28.468487,23676.050781,25.398781,62.682583,24.676525,47.966316,8.157543,1312.492065,,,,normal-low,normal,synthetic_prototype
2026-07-14,21:42:15,176.353424,28.468689,23672.906250,25.400379,62.683998,24.675423,47.965797,8.158828,1312.580933,,,,normal-low,normal,synthetic_prototype
2026-07-14,21:42:20,176.371017,28.468319,23676.628906,25.390482,62.681843,24.677488,47.970425,8.158943,1312.619141,,,,normal-low,normal,synthetic_prototype
2026-07-14,21:42:25,176.392029,28.465775,23667.281250,25.390404,62.685085,24.677788,47.975094,8.158646,1312.723145,,,,normal-low,normal,synthetic_prototype
2026-07-14,21:42:30,176.373383,28.465382,23671.873047,25.390438,62.683746,24.679552,47.978912,8.157535,1312.883545,,,,normal-low,normal,synthetic_prototype
2026-07-14,21:42:35,176.366455,28.472702,23670.787109,25.391024,62.688755,24.678091,47.977547,8.155609,1313.005005,,,,normal-low,normal,synthetic_prototype
2026-07-14,21:42:40,176.362823,28.476589,23666.125000,25.386686,62.679115,24.675196,47.966846,8.153051,1312.675171,,,,normal-low,normal,synthetic_prototype
2026-07-14,21:42:45,176.345535,28.483175,23664.671875,25.385544,62.676052,24.677021,47.955845,8.147914,1312.770874,,,,normal-low,normal,synthetic_prototype
2026-07-14,21:42:50,176.342484,28.483179,23671.544922,25.386015,62.670021,24.679913,47.959358,8.146213,1313.306152,,,,normal-low,normal,synthetic_prototype
2026-07-14,21:42:55,176.362732,28.480204,23672.933594,25.383451,62.666740,24.678677,47.965656,8.150199,1313.395020,,,,normal-low,normal,synthetic_prototype
2026-07-14,21:43:00,176.373627,28.480597,23674.804688,25.387760,62.667580,24.676521,47.965179,8.154258,1313.374268,,,,normal-low,normal,synthetic_prototype
2026-07-14,21:43:05,176.366302,28.478907,23675.507812,25.383425,62.669262,24.673283,47.966148,8.153585,1313.439453,,,,normal-low,normal,synthetic_prototype
2026-07-14,21:43:10,176.365738,28.478962,23690.730469,25.381897,62.665844,24.675594,47.980591,8.157578,1313.677734,,,,normal-low,normal,synthetic_prototype
2026-07-14,21:43:15,176.375259,28.482424,23687.439453,25.379477,62.666534,24.676884,47.961605,8.158697,1313.855103,,,,normal-low,normal,synthetic_prototype
2026-07-14,21:43:20,176.385178,28.481081,23687.949219,25.374819,62.673145,24.675966,47.959702,8.160515,1313.952515,,,,normal-low,normal,synthetic_prototype
2026-07-14,21:43:25,176.379974,28.484011,23698.021484,25.375755,62.675968,24.678221,47.966717,8.157849,1314.306396,,,,normal-low,normal,synthetic_prototype
2026-07-14,21:43:30,176.356918,28.488214,23691.087891,25.376112,62.681206,24.679319,47.955795,8.155203,1314.132812,,,,normal-low,normal,synthetic_prototype
2026-07-14,21:43:35,176.352051,28.493975,23704.013672,25.373457,62.686581,24.680199,47.978695,8.155368,1314.678101,,,,normal-low,normal,synthetic_prototype
2026-07-14,21:43:40,176.366287,28.500378,23706.199219,25.365707,62.691025,24.686035,47.990482,8.155728,1314.918701,,,,normal-low,normal,synthetic_prototype
2026-07-14,21:43:45,176.382782,28.496344,23713.478516,25.367128,62.687126,24.687859,47.998409,8.157564,1314.938477,,,,normal-low,normal,synthetic_prototype
2026-07-14,21:43:50,176.368027,28.498146,23711.394531,25.369656,62.685871,24.683840,48.003716,8.156332,1314.890503,,,,normal-low,normal,synthetic_prototype
2026-07-14,21:43:55,176.367935,28.494621,23725.804688,25.370377,62.686039,24.687088,48.014076,8.155778,1315.291016,,,,normal-low,normal,synthetic_prototype
2026-07-14,21:44:00,176.350235,28.491314,23722.347656,25.368635,62.681213,24.690781,47.998787,8.154555,1315.033203,,,,normal-low,normal,synthetic_prototype
2026-07-14,21:44:05,176.360291,28.485847,23721.291016,25.371737,62.683220,24.688866,47.998528,8.156388,1315.447144,,,,normal-low,normal,synthetic_prototype
2026-07-14,21:44:10,176.357635,28.493219,23706.941406,25.365887,62.679214,24.686184,47.976490,8.156175,1314.870117,,,,normal-low,normal,synthetic_prototype
2026-07-14,21:44:15,176.352982,28.502573,23714.533203,25.366575,62.679958,24.686077,47.978054,8.152722,1315.154053,,,,normal-low,normal,synthetic_prototype
2026-07-14,21:44:20,176.356125,28.506779,23709.341797,25.366085,62.682690,24.688526,47.973644,8.151118,1314.879150,,,,normal-low,normal,synthetic_prototype
2026-07-14,21:44:25,176.352066,28.510614,23713.439453,25.367008,62.687496,24.693592,47.977413,8.149483,1315.047485,,,,normal-low,normal,synthetic_prototype
2026-07-14,21:44:30,176.326828,28.506170,23715.367188,25.364836,62.686764,24.697618,47.978779,8.143804,1314.935059,,,,normal-low,normal,synthetic_prototype
2026-07-14,21:44:35,176.326096,28.506830,23709.457031,25.364935,62.679966,24.692875,47.972458,8.143974,1314.791870,,,,normal-low,normal,synthetic_prototype
2026-07-14,21:44:40,176.318130,28.503590,23712.283203,25.365192,62.675560,24.692036,47.971703,8.143708,1314.838989,,,,normal-low,normal,synthetic_prototype
2026-07-14,21:44:45,176.292267,28.507193,23707.642578,25.362923,62.680080,24.689884,47.966305,8.138540,1314.722900,,,,normal-low,normal,synthetic_prototype
2026-07-14,21:44:50,176.288956,28.509916,23717.130859,25.364082,62.678070,24.692680,47.978905,8.138363,1315.018311,,,,normal-low,normal,synthetic_prototype
2026-07-14,21:44:55,176.288391,28.509550,23711.486328,25.369122,62.683636,24.691908,47.964615,8.141326,1315.222656,,,,normal-low,normal,synthetic_prototype
2026-07-14,21:45:00,176.283844,28.514753,23718.675781,25.368908,62.685837,24.696976,47.966946,8.143219,1315.451172,,,,normal-low,normal,synthetic_prototype
2026-07-14,21:45:05,176.260834,28.515213,23712.013672,25.363714,62.681633,24.698481,47.954197,8.139973,1315.048340,,,,normal-low,normal,synthetic_prototype
2026-07-14,21:45:10,176.243164,28.513163,23713.230469,25.365055,62.682030,24.696545,47.965881,8.140621,1315.038330,,,,normal-low,normal,synthetic_prototype
2026-07-14,21:45:15,176.243469,28.509720,23711.037109,25.363089,62.681015,24.696253,47.957432,8.139714,1315.100464,,,,normal-low,normal,synthetic_prototype
2026-07-14,21:45:20,176.246613,28.513206,23708.365234,25.362865,62.683895,24.695627,47.946190,8.143349,1314.930908,,,,normal-low,normal,synthetic_prototype
2026-07-14,21:45:25,176.253128,28.514933,23689.826172,25.361029,62.683834,24.693583,47.931919,8.146012,1314.528076,,,,normal-low,normal,synthetic_prototype
2026-07-14,21:45:30,176.257553,28.508196,23690.273438,25.358511,62.686905,24.690228,47.936039,8.143660,1314.700195,,,,normal-low,normal,synthetic_prototype
2026-07-14,21:45:35,176.267120,28.512077,23696.962891,25.358164,62.686520,24.691933,47.953030,8.143632,1314.622681,,,,normal-low,normal,synthetic_prototype
2026-07-14,21:45:40,176.268478,28.515469,23688.605469,25.359442,62.691402,24.692595,47.948658,8.149059,1314.212891,,,,normal-low,normal,synthetic_prototype
2026-07-14,21:45:45,176.274384,28.514393,23697.464844,25.357830,62.692997,24.693167,47.960968,8.151235,1314.401978,,,,normal-low,normal,synthetic_prototype
2026-07-14,21:45:50,176.277939,28.518658,23693.986328,25.357038,62.693848,24.687237,47.956440,8.151020,1314.162720,,,,normal-low,normal,synthetic_prototype
2026-07-14,21:45:55,176.293182,28.520403,23696.777344,25.362875,62.703415,24.688271,47.953735,8.156161,1314.043213,,,,normal-low,normal,synthetic_prototype
2026-07-14,21:46:00,176.294098,28.523239,23706.041016,25.361675,62.700733,24.690676,47.962376,8.158366,1314.014038,,,,normal-low,normal,synthetic_prototype
2026-07-14,21:46:05,176.305084,28.526482,23712.585938,25.362143,62.700855,24.690090,47.980892,8.162702,1314.426147,,,,normal-low,normal,synthetic_prototype
2026-07-14,21:46:10,176.314224,28.523565,23720.888672,25.364094,62.703106,24.692991,47.999611,8.163648,1314.612061,,,,normal-low,normal,synthetic_prototype
2026-07-14,21:46:15,176.317245,28.521912,23721.505859,25.365080,62.703014,24.690834,47.979870,8.161856,1314.586792,,,,normal-low,normal,synthetic_prototype
2026-07-14,21:46:20,176.329376,28.522066,23730.996094,25.366135,62.705433,24.688549,47.977100,8.162648,1314.697998,,,,normal-low,normal,synthetic_prototype
2026-07-14,21:46:25,176.329285,28.524681,23727.009766,25.366373,62.701019,24.690472,47.983486,8.162396,1314.539185,,,,normal-low,normal,synthetic_prototype
2026-07-14,21:46:30,176.306717,28.526751,23724.824219,25.363781,62.702381,24.691603,47.989948,8.161255,1314.068848,,,,normal-low,normal,synthetic_prototype
2026-07-14,21:46:35,176.306625,28.527021,23728.429688,25.364248,62.704170,24.692457,47.992355,8.160240,1314.331665,,,,normal-low,normal,synthetic_prototype
2026-07-14,21:46:40,176.317398,28.524776,23738.726562,25.365450,62.702656,24.694334,48.001339,8.160005,1314.726929,,,,normal-low,normal,synthetic_prototype
2026-07-14,21:46:45,176.319473,28.527500,23726.726562,25.364216,62.704956,24.696970,47.983036,8.158465,1314.578003,,,,normal-low,normal,synthetic_prototype
2026-07-14,21:46:50,176.327347,28.523294,23737.607422,25.362497,62.703281,24.696138,47.992416,8.157585,1314.540405,,,,normal-low,normal,synthetic_prototype
2026-07-14,21:46:55,176.336655,28.518991,23749.437500,25.364014,62.705803,24.694246,48.005699,8.158150,1314.470093,,,,normal-low,normal,synthetic_prototype
2026-07-14,21:47:00,176.343521,28.520350,23741.720703,25.361357,62.700943,24.694920,47.994160,8.156240,1314.191284,,,,normal-low,normal,synthetic_prototype
2026-07-14,21:47:05,176.357681,28.516037,23730.412109,25.366882,62.697853,24.697035,47.996250,8.159720,1313.765381,,,,normal-low,normal,synthetic_prototype
2026-07-14,21:47:10,176.359421,28.516027,23730.564453,25.367485,62.696678,24.697891,47.999596,8.160523,1313.794312,,,,normal-low,normal,synthetic_prototype
2026-07-14,21:47:15,176.351395,28.505346,23740.152344,25.370337,62.701561,24.694614,48.011307,8.159304,1314.187866,,,,normal-low,normal,synthetic_prototype
2026-07-14,21:47:20,176.332474,28.507471,23742.488281,25.370554,62.704750,24.695692,48.014133,8.158793,1314.104980,,,,normal-low,normal,synthetic_prototype
2026-07-14,21:47:25,176.351517,28.500914,23732.742188,25.373236,62.705795,24.697327,48.008408,8.160563,1313.929810,,,,normal-low,normal,synthetic_prototype
2026-07-14,21:47:30,176.336243,28.504385,23735.761719,25.379820,62.703896,24.701694,47.994389,8.161084,1314.219116,,,,normal-low,normal,synthetic_prototype
2026-07-14,21:47:35,176.334381,28.500027,23735.728516,25.384171,62.706436,24.699181,47.992680,8.161312,1314.306152,,,,normal-low,normal,synthetic_prototype
2026-07-14,21:47:40,176.330124,28.497284,23745.816406,25.382088,62.707069,24.700798,48.009319,8.162692,1314.494873,,,,normal-low,normal,synthetic_prototype
2026-07-14,21:47:45,176.328812,28.492010,23750.144531,25.385340,62.704716,24.698111,48.017288,8.166605,1314.490601,,,,normal-low,normal,synthetic_prototype
2026-07-14,21:47:50,176.317566,28.492447,23744.226562,25.382332,62.710110,24.699453,48.019428,8.164218,1314.264282,,,,normal-low,normal,synthetic_prototype
2026-07-14,21:47:55,176.315994,28.490488,23745.460938,25.380833,62.702042,24.700022,48.025158,8.164383,1314.200562,,,,normal-low,normal,synthetic_prototype
2026-07-14,21:48:00,176.325790,28.491306,23746.593750,25.382660,62.706638,24.700579,48.025658,8.171298,1314.528809,,,,normal-low,normal,synthetic_prototype
2026-07-14,21:48:05,176.322632,28.490168,23739.816406,25.384104,62.699669,24.696209,48.026398,8.172714,1314.644653,,,,normal-low,normal,synthetic_prototype
2026-07-14,21:48:10,176.325821,28.494904,23744.072266,25.382391,62.697411,24.698374,48.017838,8.176164,1314.746826,,,,normal-low,normal,synthetic_prototype
2026-07-14,21:48:15,176.336975,28.495966,23742.734375,25.387072,62.697750,24.696400,48.012451,8.177417,1314.835449,,,,normal-low,normal,synthetic_prototype
2026-07-14,21:48:20,176.340439,28.492992,23756.414062,25.390036,62.697754,24.700947,48.016750,8.173209,1315.381714,,,,normal-low,normal,synthetic_prototype
2026-07-14,21:48:25,176.342728,28.489843,23756.261719,25.388199,62.693710,24.707117,48.014771,8.174163,1315.110596,,,,normal-low,normal,synthetic_prototype
2026-07-14,21:48:30,176.338486,28.492628,23756.960938,25.384869,62.694466,24.705513,48.016411,8.170851,1315.250122,,,,normal-low,normal,synthetic_prototype
2026-07-14,21:48:35,176.341125,28.489552,23764.220703,25.388620,62.695271,24.701876,48.039139,8.167317,1315.496094,,,,normal-low,normal,synthetic_prototype
2026-07-14,21:48:40,176.361404,28.487209,23772.302734,25.389751,62.696896,24.698984,48.044094,8.170548,1315.476318,,,,normal-low,normal,synthetic_prototype
2026-07-14,21:48:45,176.347580,28.488447,23773.867188,25.388424,62.696236,24.705107,48.036839,8.168459,1315.678467,,,,normal-low,normal,synthetic_prototype
2026-07-14,21:48:50,176.340469,28.488491,23775.080078,25.386152,62.700684,24.703815,48.051941,8.165000,1315.842529,,,,normal-low,normal,synthetic_prototype
2026-07-14,21:48:55,176.351181,28.488377,23774.537109,25.393944,62.700657,24.704742,48.036572,8.167585,1315.949219,,,,normal-low,normal,synthetic_prototype
2026-07-14,21:49:00,176.359802,28.491423,23774.992188,25.387648,62.703594,24.706501,48.036346,8.163802,1315.806519,,,,normal-low,normal,synthetic_prototype
2026-07-14,21:49:05,176.375366,28.489517,23783.621094,25.389959,62.697216,24.703392,48.035854,8.165499,1316.185303,,,,normal-low,normal,synthetic_prototype
2026-07-14,21:49:10,176.380997,28.489412,23798.187500,25.393169,62.702179,24.700571,48.056019,8.167704,1316.814697,,,,normal-low,normal,synthetic_prototype
2026-07-14,21:49:15,176.371857,28.486187,23806.154297,25.388191,62.702698,24.700369,48.060440,8.163330,1316.930054,,,,normal-low,normal,synthetic_prototype
2026-07-14,21:49:20,176.371719,28.497931,23806.632812,25.386335,62.707188,24.695419,48.069813,8.164759,1316.754150,,,,normal-low,normal,synthetic_prototype
2026-07-14,21:49:25,176.380692,28.487499,23798.636719,25.389277,62.703171,24.694813,48.055996,8.163427,1316.504150,,,,normal-low,normal,synthetic_prototype
2026-07-14,21:49:30,176.369232,28.490143,23781.150391,25.386126,62.705261,24.695625,48.046730,8.161104,1316.231323,,,,normal-low,normal,synthetic_prototype
2026-07-14,21:49:35,176.348480,28.489967,23773.390625,25.389833,62.704292,24.692282,48.037460,8.164095,1316.283936,,,,normal-low,normal,synthetic_prototype
2026-07-14,21:49:40,176.352814,28.491348,23768.625000,25.387671,62.706894,24.690958,48.029213,8.164212,1316.085449,,,,normal-low,normal,synthetic_prototype
2026-07-14,21:49:45,176.349731,28.490082,23767.113281,25.385548,62.705547,24.688292,48.022797,8.164534,1316.166504,,,,normal-low,normal,synthetic_prototype
2026-07-14,21:49:50,176.351822,28.488230,23763.998047,25.379894,62.706345,24.689573,48.015015,8.164119,1316.316528,,,,normal-low,normal,synthetic_prototype
2026-07-14,21:49:55,176.355911,28.491655,23753.568359,25.378887,62.705341,24.691223,48.017635,8.167050,1316.297729,,,,normal-low,normal,synthetic_prototype
2026-07-14,21:50:00,176.362198,28.485077,23750.105469,25.380428,62.706196,24.691366,48.020630,8.167430,1316.276733,,,,normal-low,normal,synthetic_prototype
2026-07-14,21:50:05,176.336166,28.482325,23740.107422,25.383841,62.709698,24.689932,47.998608,8.165797,1316.147217,,,,normal-low,normal,synthetic_prototype
2026-07-14,21:50:10,176.330093,28.483652,23745.613281,25.385973,62.709538,24.687336,48.011406,8.165593,1316.344360,,,,normal-low,normal,synthetic_prototype
2026-07-14,21:50:15,176.331223,28.484095,23736.474609,25.384529,62.705688,24.685614,47.998432,8.167892,1316.118408,,,,normal-low,normal,synthetic_prototype
2026-07-14,21:50:20,176.330368,28.484776,23729.423828,25.385000,62.701752,24.686041,47.986301,8.169799,1316.054199,,,,normal-low,normal,synthetic_prototype
2026-07-14,21:50:25,176.323013,28.489197,23730.625000,25.384630,62.696068,24.685747,47.989246,8.169715,1316.178589,,,,normal-low,normal,synthetic_prototype
2026-07-14,21:50:30,176.303162,28.491858,23729.427734,25.383350,62.702095,24.683292,47.992023,8.169258,1316.216797,,,,normal-low,normal,synthetic_prototype
2026-07-14,21:50:35,176.306396,28.497681,23728.167969,25.383770,62.693752,24.682261,47.989681,8.169533,1316.036133,,,,normal-low,normal,synthetic_prototype
2026-07-14,21:50:40,176.304031,28.498655,23719.773438,25.383116,62.696262,24.678932,47.971420,8.167725,1315.766235,,,,normal-low,normal,synthetic_prototype
2026-07-14,21:50:45,176.299377,28.501549,23721.205078,25.388266,62.699104,24.680408,47.965973,8.167112,1316.119995,,,,normal-low,normal,synthetic_prototype
2026-07-14,21:50:50,176.316666,28.504889,23729.263672,25.390219,62.695293,24.682161,47.973202,8.170177,1316.326782,,,,normal-low,normal,synthetic_prototype
2026-07-14,21:50:55,176.306976,28.501673,23717.292969,25.386013,62.700867,24.680696,47.959492,8.165427,1315.745361,,,,normal-low,normal,synthetic_prototype
2026-07-14,21:51:00,176.306610,28.501724,23743.601562,25.384176,62.699791,24.679497,47.983032,8.169426,1316.329102,,,,normal-low,normal,synthetic_prototype
2026-07-14,21:51:05,176.320480,28.505415,23749.730469,25.387787,62.702766,24.675869,47.993221,8.167703,1316.267578,,,,normal-low,normal,synthetic_prototype
2026-07-14,21:51:10,176.326416,28.508394,23754.869141,25.384487,62.700047,24.675922,48.004051,8.166939,1316.008789,,,,normal-low,normal,synthetic_prototype
2026-07-14,21:51:15,176.317307,28.516256,23765.111328,25.383871,62.698040,24.675867,48.006771,8.166262,1316.186279,,,,normal-low,normal,synthetic_prototype
2026-07-14,21:51:20,176.322647,28.512909,23764.716797,25.378923,62.699951,24.676325,48.009129,8.166588,1316.198486,,,,normal-low,normal,synthetic_prototype
2026-07-14,21:51:25,176.329376,28.511398,23760.242188,25.374405,62.691719,24.676111,48.016212,8.168667,1316.094971,,,,normal-low,normal,synthetic_prototype
2026-07-14,21:51:30,176.332352,28.504902,23753.015625,25.372089,62.690308,24.677233,48.011616,8.168548,1316.070068,,,,normal-low,normal,synthetic_prototype
2026-07-14,21:51:35,176.326202,28.508415,23754.875000,25.375605,62.692894,24.674738,48.021084,8.173146,1316.491821,,,,normal-low,normal,synthetic_prototype
2026-07-14,21:51:40,176.322571,28.499605,23758.072266,25.375254,62.687748,24.675781,48.014343,8.171969,1316.578613,,,,normal-low,normal,synthetic_prototype
2026-07-14,21:51:45,176.291199,28.494083,23756.318359,25.372969,62.692558,24.671288,48.005798,8.167221,1316.468994,,,,normal-low,normal,synthetic_prototype
2026-07-14,21:51:50,176.298782,28.494164,23767.062500,25.376123,62.692204,24.673727,48.010921,8.168363,1316.490234,,,,normal-low,normal,synthetic_prototype
2026-07-14,21:51:55,176.309128,28.491140,23757.380859,25.374899,62.688576,24.674358,47.998482,8.169173,1316.081665,,,,normal-low,normal,synthetic_prototype
2026-07-14,21:52:00,176.329437,28.497011,23764.046875,25.374863,62.684990,24.673868,48.015957,8.170204,1316.373291,,,,normal-low,normal,synthetic_prototype
2026-07-14,21:52:05,176.346207,28.498051,23758.601562,25.376402,62.674480,24.678192,47.996464,8.169213,1316.080933,,,,normal-low,normal,synthetic_prototype
2026-07-14,21:52:10,176.356247,28.498941,23752.712891,25.378975,62.667778,24.679413,47.982861,8.170989,1316.104492,,,,normal-low,normal,synthetic_prototype
2026-07-14,21:52:15,176.352707,28.494663,23763.195312,25.373869,62.673180,24.679262,47.984993,8.167896,1315.952271,,,,normal-low,normal,synthetic_prototype
2026-07-14,21:52:20,176.348297,28.499973,23765.953125,25.374170,62.673183,24.674992,47.984837,8.166557,1315.807373,,,,normal-low,normal,synthetic_prototype
2026-07-14,21:52:25,176.357620,28.497583,23772.664062,25.379391,62.668152,24.678600,47.994919,8.166947,1315.956665,,,,normal-low,normal,synthetic_prototype
2026-07-14,21:52:30,176.333038,28.501802,23776.085938,25.379580,62.666756,24.677095,48.003746,8.163495,1315.750244,,,,normal-low,normal,synthetic_prototype
2026-07-14,21:52:35,176.318466,28.497023,23782.066406,25.374540,62.672302,24.680758,48.013172,8.157136,1315.728027,,,,normal-low,normal,synthetic_prototype
2026-07-14,21:52:40,176.318146,28.496475,23772.273438,25.371202,62.677204,24.676588,47.991291,8.155800,1315.223389,,,,normal-low,normal,synthetic_prototype
2026-07-14,21:52:45,176.312393,28.496317,23779.320312,25.370142,62.682640,24.673769,48.000076,8.156050,1315.409302,,,,normal-low,normal,synthetic_prototype
2026-07-14,21:52:50,176.307846,28.494072,23773.212891,25.369583,62.683624,24.677376,47.986629,8.155358,1314.987061,,,,normal-low,normal,synthetic_prototype
2026-07-14,21:52:55,176.287659,28.496454,23764.644531,25.369268,62.683811,24.680407,47.971859,8.153651,1314.833862,,,,normal-low,normal,synthetic_prototype
2026-07-14,21:53:00,176.278000,28.495546,23770.431641,25.369377,62.679836,24.680193,47.984169,8.149858,1315.061523,,,,normal-low,normal,synthetic_prototype
2026-07-14,21:53:05,176.268051,28.502747,23776.425781,25.369265,62.675499,24.677111,48.001953,8.148687,1315.282593,,,,normal-low,normal,synthetic_prototype
2026-07-14,21:53:10,176.258728,28.501694,23778.699219,25.370607,62.674721,24.673002,48.020302,8.148006,1315.750122,,,,normal-low,normal,synthetic_prototype
2026-07-14,21:53:15,176.272552,28.507082,23780.292969,25.369921,62.674007,24.669371,48.017159,8.147912,1315.841431,,,,normal-low,normal,synthetic_prototype
2026-07-14,21:53:20,176.268448,28.506859,23776.753906,25.370693,62.672424,24.667715,48.012764,8.147365,1315.816895,,,,normal-low,normal,synthetic_prototype
2026-07-14,21:53:25,176.277039,28.502754,23777.511719,25.367838,62.672020,24.668200,48.008690,8.147098,1315.695557,,,,normal-low,normal,synthetic_prototype
2026-07-14,21:53:30,176.271301,28.496574,23776.375000,25.372194,62.665169,24.666052,48.014133,8.148561,1315.684570,,,,normal-low,normal,synthetic_prototype
2026-07-14,21:53:35,176.262161,28.495789,23773.498047,25.370386,62.666271,24.666319,47.996056,8.144814,1315.400879,,,,normal-low,normal,synthetic_prototype
2026-07-14,21:53:40,176.267807,28.494722,23787.429688,25.368746,62.665646,24.667385,48.030594,8.144592,1315.507568,,,,normal-low,normal,synthetic_prototype
2026-07-14,21:53:45,176.268417,28.491503,23785.339844,25.369310,62.666023,24.660589,48.017399,8.144601,1315.158325,,,,normal-low,normal,synthetic_prototype
2026-07-14,21:53:50,176.279037,28.489101,23781.494141,25.372612,62.665215,24.656963,48.004787,8.146414,1315.049927,,,,normal-low,normal,synthetic_prototype
2026-07-14,21:53:55,176.282028,28.496304,23779.650391,25.370319,62.665710,24.657511,48.004299,8.145390,1315.016846,,,,normal-low,normal,synthetic_prototype
2026-07-14,21:54:00,176.289642,28.494797,23791.099609,25.369568,62.664577,24.659071,48.013012,8.145458,1315.328369,,,,normal-low,normal,synthetic_prototype
2026-07-14,21:54:05,176.308533,28.492361,23791.730469,25.372597,62.665287,24.660604,48.014973,8.145469,1315.419556,,,,normal-low,normal,synthetic_prototype
2026-07-14,21:54:10,176.315689,28.493723,23792.806641,25.371519,62.664520,24.662924,48.019180,8.144489,1315.597168,,,,normal-low,normal,synthetic_prototype
2026-07-14,21:54:15,176.314804,28.491665,23793.660156,25.370182,62.669720,24.662945,48.032551,8.144483,1315.532349,,,,normal-low,normal,synthetic_prototype
2026-07-14,21:54:20,176.305557,28.492151,23787.570312,25.374281,62.670204,24.663361,48.030468,8.142342,1315.405884,,,,normal-low,normal,synthetic_prototype
2026-07-14,21:54:25,176.299515,28.488110,23792.251953,25.369572,62.672493,24.662287,48.033710,8.140338,1315.506714,,,,normal-low,normal,synthetic_prototype
2026-07-14,21:54:30,176.289963,28.488676,23786.162109,25.369768,62.673416,24.665506,48.020042,8.143096,1315.258423,,,,normal-low,normal,synthetic_prototype
2026-07-14,21:54:35,176.303436,28.486467,23795.931641,25.369581,62.666241,24.664505,48.036438,8.145213,1315.381714,,,,normal-low,normal,synthetic_prototype
2026-07-14,21:54:40,176.306442,28.486305,23791.892578,25.367649,62.662140,24.671043,48.015453,8.149176,1315.245850,,,,normal-low,normal,synthetic_prototype
2026-07-14,21:54:45,176.299698,28.479362,23784.052734,25.371027,62.659431,24.672113,48.002766,8.146637,1314.747559,,,,normal-low,normal,synthetic_prototype
2026-07-14,21:54:50,176.303574,28.476320,23792.154297,25.372070,62.661251,24.671450,48.010296,8.149851,1315.057007,,,,normal-low,normal,synthetic_prototype
2026-07-14,21:54:55,176.303452,28.476686,23789.976562,25.368526,62.660316,24.675009,48.022614,8.150459,1315.056519,,,,normal-low,normal,synthetic_prototype
2026-07-14,21:55:00,176.291672,28.472548,23786.916016,25.367403,62.660305,24.668087,48.013073,8.148963,1314.815430,,,,normal-low,normal,synthetic_prototype
2026-07-14,21:55:05,176.288132,28.464785,23781.783203,25.366339,62.660946,24.672750,48.019268,8.150555,1314.663940,,,,normal-low,normal,synthetic_prototype
2026-07-14,21:55:10,176.283508,28.460777,23776.253906,25.370924,62.660110,24.673286,48.013664,8.147054,1314.674805,,,,normal-low,normal,synthetic_prototype
2026-07-14,21:55:15,176.271164,28.466188,23785.414062,25.369514,62.658710,24.673721,48.017956,8.146146,1314.808350,,,,normal-low,normal,synthetic_prototype
2026-07-14,21:55:20,176.270645,28.468756,23789.724609,25.373716,62.660145,24.673899,48.025631,8.148571,1314.822876,,,,normal-low,normal,synthetic_prototype
2026-07-14,21:55:25,176.281982,28.472298,23804.107422,25.373646,62.664261,24.669823,48.041866,8.151387,1315.482910,,,,normal-low,normal,synthetic_prototype
2026-07-14,21:55:30,176.284653,28.473970,23802.458984,25.373957,62.663517,24.670507,48.027039,8.154045,1315.325195,,,,normal-low,normal,synthetic_prototype
2026-07-14,21:55:35,176.267380,28.474991,23797.798828,25.370975,62.663006,24.672884,48.029057,8.149337,1315.023315,,,,normal-low,normal,synthetic_prototype
2026-07-14,21:55:40,176.264313,28.467476,23797.349609,25.369841,62.665581,24.669683,48.015915,8.144490,1314.882935,,,,normal-low,normal,synthetic_prototype
2026-07-14,21:55:45,176.260513,28.462086,23792.609375,25.371252,62.670517,24.670382,48.015606,8.144475,1315.052368,,,,normal-low,normal,synthetic_prototype
2026-07-14,21:55:50,176.237091,28.472269,23793.322266,25.367867,62.675934,24.672115,48.021568,8.145058,1314.879761,,,,normal-low,normal,synthetic_prototype
2026-07-14,21:55:55,176.247406,28.473408,23791.406250,25.364214,62.683960,24.674530,48.029518,8.142822,1314.844238,,,,normal-low,normal,synthetic_prototype
2026-07-14,21:56:00,176.246445,28.476469,23793.853516,25.372917,62.679115,24.670961,48.024456,8.143952,1315.125244,,,,normal-low,normal,synthetic_prototype
2026-07-14,21:56:05,176.255341,28.474283,23782.460938,25.373989,62.678020,24.669594,48.008839,8.148668,1314.762817,,,,normal-low,normal,synthetic_prototype
2026-07-14,21:56:10,176.260178,28.471191,23780.714844,25.372608,62.677738,24.668535,48.010052,8.149842,1314.643311,,,,normal-low,normal,synthetic_prototype
2026-07-14,21:56:15,176.265457,28.467455,23778.451172,25.377209,62.677990,24.670515,48.010235,8.150708,1314.356445,,,,normal-low,normal,synthetic_prototype
2026-07-14,21:56:20,176.264557,28.468765,23776.865234,25.379723,62.677238,24.670095,48.009758,8.146395,1314.422119,,,,normal-low,normal,synthetic_prototype
2026-07-14,21:56:25,176.274750,28.469442,23765.484375,25.377365,62.678246,24.668894,48.004280,8.144951,1314.213257,,,,normal-low,normal,synthetic_prototype
2026-07-14,21:56:30,176.267471,28.463308,23765.056641,25.375788,62.674976,24.672455,47.999935,8.143856,1313.895020,,,,normal-low,normal,synthetic_prototype
2026-07-14,21:56:35,176.262848,28.466562,23773.822266,25.372166,62.675430,24.674072,48.000912,8.141843,1314.028320,,,,normal-low,normal,synthetic_prototype
2026-07-14,21:56:40,176.232758,28.465700,23770.992188,25.372959,62.678181,24.674387,47.987621,8.139927,1313.998413,,,,normal-low,normal,synthetic_prototype
2026-07-14,21:56:45,176.236267,28.461441,23766.498047,25.376268,62.680252,24.675318,47.964443,8.138713,1313.483765,,,,normal-low,normal,synthetic_prototype
2026-07-14,21:56:50,176.236465,28.448225,23767.980469,25.374142,62.679554,24.674656,47.970348,8.137517,1313.475830,,,,normal-low,normal,synthetic_prototype
2026-07-14,21:56:55,176.254303,28.448790,23757.558594,25.372957,62.683216,24.678511,47.956387,8.140789,1313.046509,,,,normal-low,normal,synthetic_prototype
2026-07-14,21:57:00,176.274078,28.451574,23752.093750,25.375975,62.686531,24.678312,47.946938,8.141050,1312.945923,,,,normal-low,normal,synthetic_prototype
2026-07-14,21:57:05,176.261139,28.446886,23760.044922,25.376108,62.685184,24.682116,47.963726,8.140364,1313.064941,,,,normal-low,normal,synthetic_prototype
2026-07-14,21:57:10,176.253326,28.448292,23757.482422,25.376310,62.685818,24.679075,47.955116,8.139292,1312.817139,,,,normal-low,normal,synthetic_prototype
2026-07-14,21:57:15,176.252609,28.448090,23756.832031,25.372021,62.683979,24.684036,47.950508,8.137945,1312.947998,,,,normal-low,normal,synthetic_prototype
2026-07-14,21:57:20,176.222702,28.451729,23741.416016,25.373535,62.686981,24.684343,47.929550,8.132622,1312.379028,,,,normal-low,normal,synthetic_prototype
2026-07-14,21:57:25,176.221695,28.448172,23744.226562,25.374126,62.689453,24.681540,47.925995,8.130455,1312.400391,,,,normal-low,normal,synthetic_prototype
2026-07-14,21:57:30,176.221573,28.448221,23745.681641,25.367338,62.682320,24.681759,47.930000,8.129066,1312.328735,,,,normal-low,normal,synthetic_prototype
2026-07-14,21:57:35,176.208557,28.456253,23749.869141,25.368309,62.678562,24.681063,47.941521,8.130295,1312.447998,,,,normal-low,normal,synthetic_prototype
2026-07-14,21:57:40,176.210175,28.460709,23742.986328,25.373358,62.679371,24.684624,47.932663,8.130023,1312.076416,,,,normal-low,normal,synthetic_prototype
2026-07-14,21:57:45,176.211868,28.461054,23738.683594,25.376101,62.678944,24.685596,47.928276,8.134294,1311.862793,,,,normal-low,normal,synthetic_prototype
2026-07-14,21:57:50,176.201035,28.462114,23732.187500,25.375145,62.675098,24.686033,47.914650,8.130933,1311.561768,,,,normal-low,normal,synthetic_prototype
2026-07-14,21:57:55,176.192719,28.464180,23743.833984,25.377064,62.680492,24.681479,47.917835,8.132430,1311.981323,,,,normal-low,normal,synthetic_prototype
2026-07-14,21:58:00,176.187057,28.465002,23739.037109,25.378498,62.682259,24.680128,47.908482,8.135174,1311.742065,,,,normal-low,normal,synthetic_prototype
2026-07-14,21:58:05,176.179443,28.461096,23735.437500,25.377722,62.684338,24.683508,47.898212,8.135370,1311.553833,,,,normal-low,normal,synthetic_prototype
2026-07-14,21:58:10,176.172623,28.455170,23729.623047,25.373064,62.684391,24.682400,47.887634,8.133898,1311.573608,,,,normal-low,normal,synthetic_prototype
2026-07-14,21:58:15,176.157715,28.454739,23738.173828,25.372641,62.686893,24.684813,47.900776,8.131682,1312.000488,,,,normal-low,normal,synthetic_prototype
2026-07-14,21:58:20,176.137085,28.461176,23729.267578,25.372589,62.680687,24.682093,47.902290,8.124971,1311.899536,,,,normal-low,normal,synthetic_prototype
2026-07-14,21:58:25,176.129257,28.463480,23719.669922,25.375158,62.682793,24.680445,47.905148,8.127153,1311.730835,,,,normal-low,normal,synthetic_prototype
2026-07-14,21:58:30,176.133041,28.460787,23718.978516,25.372717,62.683750,24.681259,47.901386,8.128467,1311.390503,,,,normal-low,normal,synthetic_prototype
2026-07-14,21:58:35,176.135162,28.462584,23716.263672,25.373789,62.678459,24.681377,47.906101,8.125109,1311.310547,,,,normal-low,normal,synthetic_prototype
2026-07-14,21:58:40,176.120499,28.461002,23706.773438,25.369993,62.674992,24.679909,47.901978,8.120223,1311.040161,,,,normal-low,normal,synthetic_prototype
2026-07-14,21:58:45,176.133942,28.456072,23713.037109,25.367048,62.672436,24.683460,47.896748,8.119838,1311.342773,,,,normal-low,normal,synthetic_prototype
2026-07-14,21:58:50,176.137543,28.451956,23716.335938,25.368311,62.671970,24.681513,47.903488,8.122586,1311.342529,,,,normal-low,normal,synthetic_prototype
2026-07-14,21:58:55,176.150635,28.450607,23711.587891,25.365698,62.671421,24.676441,47.904526,8.120919,1311.257324,,,,normal-low,normal,synthetic_prototype
2026-07-14,21:59:00,176.168259,28.449961,23722.484375,25.375298,62.674473,24.672295,47.921871,8.125217,1311.561890,,,,normal-low,normal,synthetic_prototype
2026-07-14,21:59:05,176.174530,28.449839,23714.546875,25.373302,62.671902,24.675495,47.918442,8.124067,1311.228271,,,,normal-low,normal,synthetic_prototype
2026-07-14,21:59:10,176.184784,28.452641,23715.669922,25.374620,62.670288,24.673948,47.916733,8.121994,1311.320923,,,,normal-low,normal,synthetic_prototype
2026-07-14,21:59:15,176.199142,28.449396,23706.154297,25.371225,62.668720,24.678131,47.888626,8.123956,1310.960571,,,,normal-low,normal,synthetic_prototype
2026-07-14,21:59:20,176.188171,28.447655,23717.263672,25.372885,62.673744,24.677864,47.885666,8.123575,1311.306885,,,,normal-low,normal,synthetic_prototype
2026-07-14,21:59:25,176.177185,28.441460,23709.472656,25.374172,62.677841,24.679945,47.884239,8.122792,1310.910278,,,,normal-low,normal,synthetic_prototype
2026-07-14,21:59:30,176.168671,28.443756,23713.873047,25.375458,62.686062,24.672277,47.880604,8.122406,1310.980957,,,,normal-low,normal,synthetic_prototype
2026-07-14,21:59:35,176.145233,28.443027,23701.558594,25.373455,62.681755,24.669949,47.866741,8.118433,1310.371460,,,,normal-low,normal,synthetic_prototype
2026-07-14,21:59:40,176.159363,28.453274,23692.207031,25.372988,62.680332,24.670496,47.856773,8.117448,1310.152466,,,,normal-low,normal,synthetic_prototype
2026-07-14,21:59:45,176.148819,28.454826,23698.404297,25.369154,62.677677,24.666552,47.849564,8.117408,1310.508911,,,,normal-low,normal,synthetic_prototype
2026-07-14,21:59:50,176.150696,28.462221,23686.712891,25.368578,62.676376,24.665401,47.838203,8.122288,1310.242188,,,,normal-low,normal,synthetic_prototype
2026-07-14,21:59:55,176.143845,28.454792,23697.617188,25.372997,62.678116,24.664511,47.839046,8.125777,1310.779297,,,,normal-low,normal,synthetic_prototype
2026-07-14,22:00:00,176.154785,28.450825,23706.640625,25.368229,62.675751,24.665062,47.853542,8.123534,1311.002319,0.956217,49.060577,0.072551,normal-low,normal,synthetic_prototype
2026-07-14,22:00:05,176.155258,28.445971,23708.396484,25.366280,62.676395,24.661127,47.858109,8.125169,1311.188354,,,,normal-low,normal,synthetic_prototype
2026-07-14,22:00:10,176.144608,28.449598,23696.826172,25.363075,62.678768,24.657921,47.844818,8.124051,1310.767212,,,,normal-low,normal,synthetic_prototype
2026-07-14,22:00:15,176.131424,28.448244,23697.498047,25.362566,62.681572,24.654984,47.850327,8.122007,1311.008789,,,,normal-low,normal,synthetic_prototype
2026-07-14,22:00:20,176.135712,28.444338,23702.767578,25.368187,62.679375,24.655678,47.839344,8.122350,1311.313721,,,,normal-low,normal,synthetic_prototype
2026-07-14,22:00:25,176.150009,28.442490,23691.521484,25.363983,62.682678,24.660402,47.829845,8.125481,1310.771484,,,,normal-low,normal,synthetic_prototype
2026-07-14,22:00:30,176.146973,28.442310,23697.261719,25.365261,62.677334,24.660227,47.830719,8.125988,1310.773804,,,,normal-low,normal,synthetic_prototype
2026-07-14,22:00:35,176.130356,28.445333,23705.404297,25.369638,62.674194,24.660700,47.841774,8.126092,1310.941650,,,,normal-low,normal,synthetic_prototype
2026-07-14,22:00:40,176.138184,28.442717,23698.441406,25.368279,62.675636,24.664097,47.835434,8.125508,1310.398682,,,,normal-low,normal,synthetic_prototype
2026-07-14,22:00:45,176.132843,28.444925,23690.953125,25.368908,62.683350,24.666395,47.815159,8.126432,1310.193604,,,,normal-low,normal,synthetic_prototype
2026-07-14,22:00:50,176.132370,28.438986,23684.437500,25.362146,62.686741,24.667074,47.805443,8.125510,1309.864380,,,,normal-low,normal,synthetic_prototype
2026-07-14,22:00:55,176.145065,28.437473,23680.777344,25.358692,62.680984,24.663565,47.806374,8.127268,1309.822632,,,,normal-low,normal,synthetic_prototype
2026-07-14,22:01:00,176.134079,28.444920,23675.679688,25.360748,62.679489,24.661737,47.803989,8.128363,1309.931641,,,,normal-low,normal,synthetic_prototype
2026-07-14,22:01:05,176.137283,28.447248,23678.234375,25.353590,62.678097,24.661562,47.807789,8.126460,1309.826660,,,,normal-low,normal,synthetic_prototype
2026-07-14,22:01:10,176.137344,28.446419,23688.964844,25.351318,62.678196,24.660358,47.820244,8.126800,1309.938599,,,,normal-low,normal,synthetic_prototype
2026-07-14,22:01:15,176.138931,28.449621,23677.189453,25.351021,62.674694,24.659466,47.810059,8.128313,1309.388550,,,,normal-low,normal,synthetic_prototype
2026-07-14,22:01:20,176.143753,28.448639,23674.820312,25.353157,62.671631,24.654140,47.810173,8.127911,1309.467529,,,,normal-low,normal,synthetic_prototype
2026-07-14,22:01:25,176.151703,28.450922,23669.226562,25.349649,62.672989,24.657038,47.809978,8.126687,1309.188721,,,,normal-low,normal,synthetic_prototype
2026-07-14,22:01:30,176.141449,28.459404,23660.650391,25.345768,62.672474,24.656054,47.800735,8.121845,1308.997070,,,,normal-low,normal,synthetic_prototype
2026-07-14,22:01:35,176.145340,28.461828,23661.021484,25.342888,62.679100,24.657103,47.787022,8.120661,1308.936646,,,,normal-low,normal,synthetic_prototype
2026-07-14,22:01:40,176.143326,28.461025,23664.425781,25.345217,62.683979,24.656830,47.791508,8.126324,1309.438110,,,,normal-low,normal,synthetic_prototype
2026-07-14,22:01:45,176.133865,28.459084,23662.896484,25.348318,62.677708,24.649660,47.785820,8.128373,1309.504150,,,,normal-low,normal,synthetic_prototype
2026-07-14,22:01:50,176.115646,28.462957,23679.439453,25.348541,62.674767,24.652925,47.800304,8.126224,1309.860840,,,,normal-low,normal,synthetic_prototype
2026-07-14,22:01:55,176.119690,28.466696,23676.828125,25.343683,62.670422,24.654816,47.801994,8.124640,1309.507080,,,,normal-low,normal,synthetic_prototype
2026-07-14,22:02:00,176.110062,28.469643,23665.273438,25.343746,62.668037,24.654053,47.793694,8.123856,1309.389771,,,,normal-low,normal,synthetic_prototype
2026-07-14,22:02:05,176.102325,28.460648,23661.648438,25.341320,62.664711,24.650013,47.811066,8.122671,1309.342407,,,,normal-low,normal,synthetic_prototype
2026-07-14,22:02:10,176.121490,28.463268,23660.964844,25.342287,62.666000,24.648956,47.805218,8.120757,1309.186646,,,,normal-low,normal,synthetic_prototype
2026-07-14,22:02:15,176.114609,28.464525,23660.160156,25.341635,62.665276,24.648586,47.806629,8.121632,1309.203003,,,,normal-low,normal,synthetic_prototype
2026-07-14,22:02:20,176.099655,28.465038,23647.009766,25.336554,62.666405,24.652960,47.790890,8.122081,1308.539185,,,,normal-low,normal,synthetic_prototype
2026-07-14,22:02:25,176.085480,28.459730,23650.896484,25.340961,62.674835,24.659233,47.800560,8.117807,1308.761353,,,,normal-low,normal,synthetic_prototype
2026-07-14,22:02:30,176.099564,28.459843,23645.591797,25.341379,62.673874,24.657808,47.794003,8.117405,1308.646362,,,,normal-low,normal,synthetic_prototype
2026-07-14,22:02:35,176.113708,28.458971,23641.771484,25.340305,62.674419,24.653517,47.791199,8.118559,1308.547974,,,,normal-low,normal,synthetic_prototype
2026-07-14,22:02:40,176.111954,28.458889,23646.867188,25.340954,62.672184,24.656967,47.798885,8.119401,1308.694458,,,,normal-low,normal,synthetic_prototype
2026-07-14,22:02:45,176.135849,28.463425,23645.828125,25.340532,62.678902,24.654345,47.794903,8.124732,1308.572144,,,,normal-low,normal,synthetic_prototype
2026-07-14,22:02:50,176.141251,28.460602,23643.408203,25.343357,62.681820,24.654690,47.789894,8.124764,1308.402588,,,,normal-low,normal,synthetic_prototype
2026-07-14,22:02:55,176.119354,28.468950,23650.253906,25.345842,62.679508,24.655735,47.802494,8.125330,1308.632202,,,,normal-low,normal,synthetic_prototype
2026-07-14,22:03:00,176.104523,28.472708,23654.796875,25.344645,62.672367,24.657877,47.805954,8.123205,1308.740356,,,,normal-low,normal,synthetic_prototype
2026-07-14,22:03:05,176.102844,28.477007,23657.376953,25.343502,62.671898,24.656385,47.801945,8.121749,1308.649170,,,,normal-low,normal,synthetic_prototype
2026-07-14,22:03:10,176.094925,28.476759,23643.375000,25.340895,62.671551,24.655216,47.778675,8.117686,1308.169800,,,,normal-low,normal,synthetic_prototype
2026-07-14,22:03:15,176.101456,28.475191,23646.744141,25.339128,62.670753,24.655466,47.780235,8.118488,1308.001343,,,,normal-low,normal,synthetic_prototype
2026-07-14,22:03:20,176.097168,28.475004,23641.716797,25.343489,62.676880,24.655310,47.767731,8.121837,1307.783447,,,,normal-low,normal,synthetic_prototype
2026-07-14,22:03:25,176.095200,28.477453,23632.023438,25.344465,62.680096,24.653433,47.738338,8.121992,1307.616089,,,,normal-low,normal,synthetic_prototype
2026-07-14,22:03:30,176.100342,28.471514,23650.896484,25.337196,62.680454,24.652374,47.750652,8.123273,1308.071167,,,,normal-low,normal,synthetic_prototype
2026-07-14,22:03:35,176.103195,28.470814,23643.609375,25.338455,62.682262,24.653458,47.741100,8.121979,1307.593628,,,,normal-low,normal,synthetic_prototype
2026-07-14,22:03:40,176.105484,28.470238,23632.226562,25.338608,62.678596,24.650137,47.715431,8.119481,1307.189575,,,,normal-low,normal,synthetic_prototype
2026-07-14,22:03:45,176.122177,28.472647,23624.451172,25.336174,62.680222,24.655148,47.711254,8.120364,1306.955078,,,,normal-low,normal,synthetic_prototype
2026-07-14,22:03:50,176.106339,28.473364,23612.144531,25.334444,62.679337,24.657818,47.703365,8.120155,1306.497559,,,,normal-low,normal,synthetic_prototype
2026-07-14,22:03:55,176.113831,28.471205,23599.736328,25.332722,62.676422,24.652161,47.698429,8.121910,1305.976685,,,,normal-low,normal,synthetic_prototype
2026-07-14,22:04:00,176.118408,28.471634,23601.835938,25.340229,62.673820,24.649916,47.702808,8.121552,1306.098511,,,,normal-low,normal,synthetic_prototype
2026-07-14,22:04:05,176.113785,28.463959,23603.863281,25.336182,62.669720,24.647427,47.690903,8.121808,1306.103638,,,,normal-low,normal,synthetic_prototype
2026-07-14,22:04:10,176.114395,28.460909,23612.552734,25.337322,62.674225,24.653055,47.701191,8.117229,1306.623413,,,,normal-low,normal,synthetic_prototype
2026-07-14,22:04:15,176.110641,28.455130,23623.328125,25.332840,62.675426,24.657228,47.720272,8.115751,1307.291504,,,,normal-low,normal,synthetic_prototype
2026-07-14,22:04:20,176.104813,28.463587,23610.320312,25.331852,62.676178,24.655386,47.706547,8.116097,1307.039673,,,,normal-low,normal,synthetic_prototype
2026-07-14,22:04:25,176.116180,28.468012,23610.322266,25.330402,62.674950,24.658358,47.701733,8.117929,1307.030029,,,,normal-low,normal,synthetic_prototype
2026-07-14,22:04:30,176.127014,28.468470,23606.226562,25.337711,62.671928,24.656912,47.684814,8.122593,1306.867188,,,,normal-low,normal,synthetic_prototype
2026-07-14,22:04:35,176.110413,28.464121,23596.464844,25.335228,62.677284,24.660919,47.673164,8.117622,1306.748535,,,,normal-low,normal,synthetic_prototype
2026-07-14,22:04:40,176.122833,28.470867,23603.949219,25.338978,62.678410,24.661343,47.685032,8.116929,1306.809326,,,,normal-low,normal,synthetic_prototype
2026-07-14,22:04:45,176.127396,28.473768,23609.675781,25.338757,62.684853,24.664257,47.687027,8.118714,1307.187500,,,,normal-low,normal,synthetic_prototype
2026-07-14,22:04:50,176.131927,28.474653,23605.429688,25.339943,62.687729,24.662239,47.674980,8.120178,1306.959961,,,,normal-low,normal,synthetic_prototype
2026-07-14,22:04:55,176.134369,28.474451,23599.398438,25.337097,62.685417,24.667534,47.669071,8.119588,1306.823364,,,,normal-low,normal,synthetic_prototype
2026-07-14,22:05:00,176.129761,28.474125,23585.101562,25.329903,62.690521,24.671431,47.646992,8.114817,1306.481567,,,,normal-low,normal,synthetic_prototype
2026-07-14,22:05:05,176.127319,28.477751,23581.517578,25.331024,62.686432,24.669767,47.640976,8.114579,1306.315186,,,,normal-low,normal,synthetic_prototype
2026-07-14,22:05:10,176.117737,28.478401,23582.466797,25.331875,62.686535,24.672321,47.631981,8.115424,1306.367798,,,,normal-low,normal,synthetic_prototype
2026-07-14,22:05:15,176.100311,28.481186,23568.414062,25.334852,62.690414,24.667938,47.622120,8.116467,1306.160156,,,,normal-low,normal,synthetic_prototype
2026-07-14,22:05:20,176.100845,28.486658,23563.281250,25.329725,62.693008,24.671303,47.617805,8.113638,1306.129028,,,,normal-low,normal,synthetic_prototype
2026-07-14,22:05:25,176.114624,28.492193,23560.919922,25.328758,62.697155,24.672760,47.625271,8.115350,1305.966675,,,,normal-low,normal,synthetic_prototype
2026-07-14,22:05:30,176.119354,28.491905,23568.947266,25.327839,62.697460,24.669291,47.630322,8.115782,1306.245239,,,,normal-low,normal,synthetic_prototype
2026-07-14,22:05:35,176.107330,28.490086,23564.841797,25.333633,62.693356,24.666693,47.629410,8.116170,1306.235107,,,,normal-low,normal,synthetic_prototype
2026-07-14,22:05:40,176.126999,28.488010,23558.201172,25.330362,62.696636,24.663935,47.629604,8.115095,1305.895874,,,,normal-low,normal,synthetic_prototype
2026-07-14,22:05:45,176.114746,28.489016,23560.140625,25.332710,62.698490,24.660799,47.636055,8.116705,1305.718262,,,,normal-low,normal,synthetic_prototype
2026-07-14,22:05:50,176.095840,28.489637,23548.414062,25.334513,62.691418,24.663980,47.624413,8.116587,1305.396851,,,,normal-low,normal,synthetic_prototype
2026-07-14,22:05:55,176.098495,28.496138,23557.085938,25.331390,62.683102,24.666502,47.637882,8.118687,1305.162964,,,,normal-low,normal,synthetic_prototype
2026-07-14,22:06:00,176.093475,28.501631,23556.753906,25.333807,62.682587,24.663986,47.642410,8.113419,1305.150879,,,,normal-low,normal,synthetic_prototype
2026-07-14,22:06:05,176.088593,28.494688,23544.373047,25.333000,62.681423,24.670212,47.623909,8.112994,1304.922974,,,,normal-low,normal,synthetic_prototype
2026-07-14,22:06:10,176.094284,28.494196,23539.013672,25.334524,62.682758,24.667740,47.613182,8.115054,1304.430542,,,,normal-low,normal,synthetic_prototype
2026-07-14,22:06:15,176.083435,28.491125,23537.859375,25.331852,62.680649,24.666222,47.615562,8.112163,1304.476929,,,,normal-low,normal,synthetic_prototype
2026-07-14,22:06:20,176.079254,28.496408,23529.089844,25.334892,62.682442,24.671362,47.602921,8.113786,1303.973755,,,,normal-low,normal,synthetic_prototype
2026-07-14,22:06:25,176.076706,28.496796,23533.728516,25.333851,62.681767,24.670580,47.601711,8.110626,1303.967163,,,,normal-low,normal,synthetic_prototype
2026-07-14,22:06:30,176.077866,28.493948,23534.404297,25.334017,62.686863,24.672235,47.603004,8.110004,1303.964966,,,,normal-low,normal,synthetic_prototype
2026-07-14,22:06:35,176.089951,28.492287,23537.466797,25.333332,62.687687,24.668756,47.611591,8.110250,1304.019775,,,,normal-low,normal,synthetic_prototype
2026-07-14,22:06:40,176.083038,28.497805,23544.212891,25.333216,62.686520,24.670879,47.628227,8.109156,1304.354736,,,,normal-low,normal,synthetic_prototype
2026-07-14,22:06:45,176.084366,28.496170,23547.343750,25.331661,62.683521,24.671684,47.627464,8.112844,1304.350342,,,,normal-low,normal,synthetic_prototype
2026-07-14,22:06:50,176.083267,28.495665,23551.730469,25.329197,62.676704,24.676657,47.629868,8.112511,1304.261963,,,,normal-low,normal,synthetic_prototype
2026-07-14,22:06:55,176.071686,28.495485,23554.148438,25.324362,62.673565,24.677271,47.645851,8.112574,1304.199707,,,,normal-low,normal,synthetic_prototype
2026-07-14,22:07:00,176.078369,28.500309,23560.380859,25.325060,62.678356,24.678679,47.658195,8.111467,1304.553955,,,,normal-low,normal,synthetic_prototype
2026-07-14,22:07:05,176.094818,28.498398,23551.722656,25.325581,62.680794,24.682959,47.641232,8.111667,1304.246582,,,,normal-low,normal,synthetic_prototype
2026-07-14,22:07:10,176.096954,28.491875,23550.888672,25.324965,62.680485,24.687725,47.636578,8.110627,1304.209961,,,,normal-low,normal,synthetic_prototype
2026-07-14,22:07:15,176.102036,28.492893,23552.142578,25.328348,62.677582,24.684378,47.655010,8.111135,1304.544067,,,,normal-low,normal,synthetic_prototype
2026-07-14,22:07:20,176.100082,28.490076,23540.812500,25.325342,62.677490,24.678453,47.648071,8.106480,1304.468628,,,,normal-low,normal,synthetic_prototype
2026-07-14,22:07:25,176.091629,28.489025,23525.226562,25.323881,62.685455,24.678408,47.627148,8.104496,1304.133423,,,,normal-low,normal,synthetic_prototype
2026-07-14,22:07:30,176.074677,28.484438,23532.587891,25.326595,62.681927,24.676168,47.635437,8.104357,1304.699219,,,,normal-low,normal,synthetic_prototype
2026-07-14,22:07:35,176.099014,28.486506,23523.544922,25.324627,62.682724,24.678165,47.634964,8.107887,1304.491699,,,,normal-low,normal,synthetic_prototype
2026-07-14,22:07:40,176.100983,28.485365,23514.750000,25.325331,62.683666,24.679052,47.619827,8.109924,1303.931152,,,,normal-low,normal,synthetic_prototype
2026-07-14,22:07:45,176.112900,28.482903,23513.529297,25.323355,62.687847,24.683561,47.625111,8.109716,1304.105713,,,,normal-low,normal,synthetic_prototype
2026-07-14,22:07:50,176.098587,28.488461,23509.121094,25.326637,62.689648,24.683821,47.623089,8.107789,1303.871094,,,,normal-low,normal,synthetic_prototype
2026-07-14,22:07:55,176.084473,28.487566,23498.058594,25.324278,62.691811,24.682083,47.605419,8.108318,1303.578369,,,,normal-low,normal,synthetic_prototype
2026-07-14,22:08:00,176.078247,28.491093,23489.880859,25.328362,62.695354,24.680729,47.604332,8.110312,1303.560181,,,,normal-low,normal,synthetic_prototype
2026-07-14,22:08:05,176.086090,28.492270,23492.587891,25.328241,62.691200,24.680124,47.611515,8.109972,1303.706177,,,,normal-low,normal,synthetic_prototype
2026-07-14,22:08:10,176.086670,28.492477,23492.255859,25.330770,62.690369,24.680571,47.610622,8.110414,1303.469482,,,,normal-low,normal,synthetic_prototype
2026-07-14,22:08:15,176.071915,28.494864,23493.931641,25.328619,62.686356,24.683752,47.617104,8.108326,1303.703613,,,,normal-low,normal,synthetic_prototype
2026-07-14,22:08:20,176.063065,28.498638,23496.490234,25.325972,62.687263,24.682226,47.629818,8.105910,1303.618774,,,,normal-low,normal,synthetic_prototype
2026-07-14,22:08:25,176.065674,28.499390,23487.404297,25.323771,62.681709,24.678644,47.636581,8.105456,1303.650879,,,,normal-low,normal,synthetic_prototype
2026-07-14,22:08:30,176.057846,28.504246,23487.591797,25.321115,62.676849,24.677368,47.630917,8.103961,1303.731201,,,,normal-low,normal,synthetic_prototype
2026-07-14,22:08:35,176.057205,28.506245,23486.160156,25.318314,62.679897,24.677574,47.626190,8.106055,1303.609131,,,,normal-low,normal,synthetic_prototype
2026-07-14,22:08:40,176.057617,28.507423,23489.365234,25.316021,62.677486,24.681818,47.634682,8.107607,1303.809570,,,,normal-low,normal,synthetic_prototype
2026-07-14,22:08:45,176.047577,28.506414,23490.183594,25.321152,62.678349,24.683945,47.632114,8.106912,1303.718506,,,,normal-low,normal,synthetic_prototype
2026-07-14,22:08:50,176.042389,28.502466,23483.408203,25.319855,62.672768,24.680210,47.623180,8.105415,1303.613281,,,,normal-low,normal,synthetic_prototype
2026-07-14,22:08:55,176.044052,28.505737,23482.884766,25.318846,62.678913,24.676422,47.619358,8.106661,1303.720825,,,,normal-low,normal,synthetic_prototype
2026-07-14,22:09:00,176.042236,28.507469,23478.484375,25.319588,62.675438,24.678749,47.611549,8.110527,1303.654297,,,,normal-low,normal,synthetic_prototype
2026-07-14,22:09:05,176.045578,28.498299,23468.867188,25.323278,62.679779,24.681665,47.598473,8.114680,1303.376953,,,,normal-low,normal,synthetic_prototype
2026-07-14,22:09:10,176.046997,28.500864,23463.958984,25.324524,62.682472,24.679977,47.596767,8.115924,1303.362549,,,,normal-low,normal,synthetic_prototype
2026-07-14,22:09:15,176.052750,28.503717,23467.902344,25.321930,62.678127,24.678198,47.605030,8.117644,1303.601074,,,,normal-low,normal,synthetic_prototype
2026-07-14,22:09:20,176.054581,28.499302,23455.388672,25.325045,62.682270,24.675440,47.588306,8.116895,1303.211670,,,,normal-low,normal,synthetic_prototype
2026-07-14,22:09:25,176.032990,28.498041,23461.607422,25.323925,62.680065,24.677252,47.585602,8.115061,1303.122192,,,,normal-low,normal,synthetic_prototype
2026-07-14,22:09:30,176.048279,28.485342,23448.800781,25.325817,62.677246,24.670380,47.577511,8.115809,1303.018433,,,,normal-low,normal,synthetic_prototype
2026-07-14,22:09:35,176.064651,28.485830,23460.566406,25.323524,62.677254,24.670610,47.598782,8.116227,1303.510986,,,,normal-low,normal,synthetic_prototype
2026-07-14,22:09:40,176.078766,28.488729,23455.824219,25.326956,62.673019,24.666864,47.587978,8.116038,1303.467529,,,,normal-low,normal,synthetic_prototype
2026-07-14,22:09:45,176.079727,28.501768,23465.724609,25.328674,62.668148,24.667297,47.599468,8.115816,1303.324341,,,,normal-low,normal,synthetic_prototype
2026-07-14,22:09:50,176.062210,28.505310,23474.330078,25.331799,62.665520,24.666054,47.601276,8.114630,1303.360352,,,,normal-low,normal,synthetic_prototype
2026-07-14,22:09:55,176.076035,28.497820,23474.609375,25.325762,62.666431,24.667158,47.614666,8.117611,1302.921509,,,,normal-low,normal,synthetic_prototype
2026-07-14,22:10:00,176.087372,28.491205,23464.248047,25.324718,62.667442,24.667614,47.600124,8.120461,1302.672241,,,,normal-low,normal,synthetic_prototype
2026-07-14,22:10:05,176.104996,28.489254,23478.980469,25.324997,62.667171,24.667187,47.620247,8.125401,1303.433716,,,,normal-low,normal,synthetic_prototype
2026-07-14,22:10:10,176.108261,28.493336,23479.324219,25.323708,62.664009,24.673445,47.609509,8.126247,1303.040161,,,,normal-low,normal,synthetic_prototype
2026-07-14,22:10:15,176.120514,28.488901,23475.316406,25.323782,62.661598,24.671669,47.602169,8.128654,1302.995361,,,,normal-low,normal,synthetic_prototype
2026-07-14,22:10:20,176.113266,28.487829,23483.113281,25.324898,62.661224,24.674835,47.610428,8.128630,1303.328979,,,,normal-low,normal,synthetic_prototype
2026-07-14,22:10:25,176.107422,28.480398,23489.761719,25.327040,62.664608,24.676016,47.624348,8.126963,1303.526489,,,,normal-low,normal,synthetic_prototype
2026-07-14,22:10:30,176.097580,28.486383,23496.957031,25.328978,62.665352,24.671623,47.631462,8.126501,1303.920654,,,,normal-low,normal,synthetic_prototype
2026-07-14,22:10:35,176.118134,28.485077,23501.751953,25.329878,62.667397,24.672701,47.643059,8.126816,1304.004883,,,,normal-low,normal,synthetic_prototype
2026-07-14,22:10:40,176.120178,28.482235,23508.281250,25.330116,62.662766,24.675241,47.646740,8.125710,1304.022705,,,,normal-low,normal,synthetic_prototype
2026-07-14,22:10:45,176.142899,28.477915,23492.849609,25.324690,62.668331,24.675503,47.643444,8.122479,1303.608398,,,,normal-low,normal,synthetic_prototype
2026-07-14,22:10:50,176.164459,28.476692,23495.310547,25.322681,62.664909,24.674936,47.642673,8.121004,1303.856445,,,,normal-low,normal,synthetic_prototype
2026-07-14,22:10:55,176.161926,28.480373,23488.455078,25.321556,62.661583,24.671432,47.642677,8.118566,1303.924927,,,,normal-low,normal,synthetic_prototype
2026-07-14,22:11:00,176.165619,28.479183,23486.310547,25.318939,62.660294,24.667173,47.636112,8.122434,1303.725708,,,,normal-low,normal,synthetic_prototype
2026-07-14,22:11:05,176.175308,28.477507,23487.691406,25.322681,62.667305,24.666771,47.644966,8.123845,1303.612427,,,,normal-low,normal,synthetic_prototype
2026-07-14,22:11:10,176.158585,28.471994,23471.367188,25.321522,62.663265,24.668016,47.631325,8.120166,1302.861816,,,,normal-low,normal,synthetic_prototype
2026-07-14,22:11:15,176.149841,28.468475,23472.148438,25.325813,62.668686,24.666323,47.639175,8.119136,1303.017944,,,,normal-low,normal,synthetic_prototype
2026-07-14,22:11:20,176.149902,28.469793,23473.681641,25.316622,62.673531,24.666025,47.626789,8.115767,1303.037231,,,,normal-low,normal,synthetic_prototype
2026-07-14,22:11:25,176.144119,28.470469,23465.878906,25.313053,62.670807,24.671555,47.619762,8.116916,1302.649048,,,,normal-low,normal,synthetic_prototype
2026-07-14,22:11:30,176.144653,28.477552,23473.861328,25.311983,62.674885,24.672661,47.635353,8.117966,1303.033203,,,,normal-low,normal,synthetic_prototype
2026-07-14,22:11:35,176.137939,28.476238,23488.560547,25.319681,62.676426,24.669674,47.654648,8.120029,1303.576904,,,,normal-low,normal,synthetic_prototype
2026-07-14,22:11:40,176.153381,28.477240,23484.800781,25.316811,62.677692,24.673983,47.664936,8.121880,1303.459229,,,,normal-low,normal,synthetic_prototype
2026-07-14,22:11:45,176.143936,28.476467,23485.816406,25.314751,62.679497,24.669874,47.661873,8.121833,1303.197144,,,,normal-low,normal,synthetic_prototype
2026-07-14,22:11:50,176.137848,28.478924,23495.060547,25.316696,62.678234,24.671890,47.674606,8.119995,1303.407837,,,,normal-low,normal,synthetic_prototype
2026-07-14,22:11:55,176.151779,28.479448,23485.724609,25.314415,62.678741,24.670155,47.661137,8.123184,1303.158447,,,,normal-low,normal,synthetic_prototype
2026-07-14,22:12:00,176.171936,28.476233,23490.673828,25.320168,62.687458,24.666092,47.676567,8.125106,1303.419067,,,,normal-low,normal,synthetic_prototype
2026-07-14,22:12:05,176.179779,28.471338,23495.111328,25.324972,62.690662,24.664995,47.682026,8.127143,1303.527710,,,,normal-low,normal,synthetic_prototype
2026-07-14,22:12:10,176.180573,28.469757,23487.218750,25.326748,62.698334,24.665632,47.684986,8.128675,1303.263672,,,,normal-low,normal,synthetic_prototype
2026-07-14,22:12:15,176.178574,28.468840,23481.234375,25.333406,62.701603,24.664663,47.677914,8.130507,1303.334839,,,,normal-low,normal,synthetic_prototype
2026-07-14,22:12:20,176.179932,28.471937,23484.121094,25.326227,62.705879,24.670469,47.674103,8.128844,1303.384521,,,,normal-low,normal,synthetic_prototype
2026-07-14,22:12:25,176.165741,28.467993,23494.175781,25.327042,62.703068,24.672066,47.678368,8.127930,1303.673584,,,,normal-low,normal,synthetic_prototype
2026-07-14,22:12:30,176.169067,28.462601,23490.328125,25.322456,62.704006,24.672897,47.665318,8.125993,1303.327881,,,,normal-low,normal,synthetic_prototype
2026-07-14,22:12:35,176.179092,28.463200,23501.025391,25.328035,62.707291,24.675493,47.682461,8.126031,1303.734863,,,,normal-low,normal,synthetic_prototype
2026-07-14,22:12:40,176.200409,28.468212,23502.650391,25.326761,62.710293,24.674742,47.680046,8.129521,1303.527222,,,,normal-low,normal,synthetic_prototype
2026-07-14,22:12:45,176.210037,28.466986,23508.394531,25.322073,62.708038,24.672312,47.680092,8.128578,1303.509277,,,,normal-low,normal,synthetic_prototype
2026-07-14,22:12:50,176.193573,28.465609,23503.576172,25.323318,62.704845,24.671604,47.680099,8.127618,1303.725098,,,,normal-low,normal,synthetic_prototype
2026-07-14,22:12:55,176.200699,28.467419,23496.687500,25.321037,62.707340,24.668079,47.676907,8.126756,1303.443237,,,,normal-low,normal,synthetic_prototype
2026-07-14,22:13:00,176.199829,28.466572,23484.755859,25.317148,62.708485,24.666643,47.664394,8.123831,1303.165039,,,,normal-low,normal,synthetic_prototype
2026-07-14,22:13:05,176.204514,28.465740,23479.228516,25.318905,62.705696,24.668385,47.652275,8.126229,1302.715820,,,,normal-low,normal,synthetic_prototype
2026-07-14,22:13:10,176.202606,28.467175,23477.283203,25.321163,62.699055,24.670811,47.661049,8.126169,1302.502197,,,,normal-low,normal,synthetic_prototype
2026-07-14,22:13:15,176.195389,28.460676,23484.664062,25.321943,62.704956,24.670319,47.668709,8.123276,1302.601929,,,,normal-low,normal,synthetic_prototype
2026-07-14,22:13:20,176.215637,28.461044,23480.625000,25.319307,62.704762,24.671890,47.655155,8.124230,1302.531372,,,,normal-low,normal,synthetic_prototype
2026-07-14,22:13:25,176.219940,28.458656,23485.154297,25.316484,62.709473,24.675112,47.655949,8.122260,1302.886597,,,,normal-low,normal,synthetic_prototype
2026-07-14,22:13:30,176.217133,28.468775,23494.353516,25.320307,62.708115,24.676195,47.654797,8.118990,1303.449219,,,,normal-low,normal,synthetic_prototype
2026-07-14,22:13:35,176.217789,28.469017,23497.970703,25.320444,62.706417,24.677305,47.662224,8.115709,1303.518555,,,,normal-low,normal,synthetic_prototype
2026-07-14,22:13:40,176.206146,28.467033,23508.298828,25.317108,62.696407,24.677084,47.657146,8.113506,1303.608276,,,,normal-low,normal,synthetic_prototype
2026-07-14,22:13:45,176.191315,28.471502,23517.759766,25.319033,62.703594,24.676296,47.660702,8.111380,1303.992676,,,,normal-low,normal,synthetic_prototype
2026-07-14,22:13:50,176.168228,28.479237,23513.126953,25.320541,62.708527,24.676533,47.650597,8.110139,1304.049927,,,,normal-low,normal,synthetic_prototype
2026-07-14,22:13:55,176.164658,28.474243,23521.410156,25.321978,62.705856,24.675018,47.667564,8.110826,1304.425781,,,,normal-low,normal,synthetic_prototype
2026-07-14,22:14:00,176.153214,28.477650,23521.923828,25.326700,62.712646,24.669516,47.668808,8.106995,1304.400513,,,,normal-low,normal,synthetic_prototype
2026-07-14,22:14:05,176.149475,28.480309,23514.941406,25.327868,62.710239,24.670782,47.655220,8.110258,1304.200073,,,,normal-low,normal,synthetic_prototype
2026-07-14,22:14:10,176.136200,28.483725,23508.980469,25.331575,62.710911,24.670759,47.642742,8.106075,1304.200317,,,,normal-low,normal,synthetic_prototype
2026-07-14,22:14:15,176.153473,28.483952,23502.025391,25.330656,62.707790,24.673056,47.647018,8.106281,1303.791138,,,,normal-low,normal,synthetic_prototype
2026-07-14,22:14:20,176.158844,28.487419,23485.771484,25.336372,62.706390,24.668726,47.624649,8.109595,1303.737305,,,,normal-low,normal,synthetic_prototype
2026-07-14,22:14:25,176.171539,28.486765,23486.390625,25.331112,62.702518,24.673615,47.622948,8.110737,1303.778687,,,,normal-low,normal,synthetic_prototype
2026-07-14,22:14:30,176.170303,28.483269,23487.857422,25.326443,62.708237,24.672710,47.622192,8.110002,1303.735840,,,,normal-low,normal,synthetic_prototype
2026-07-14,22:14:35,176.173706,28.479134,23475.845703,25.324923,62.711346,24.677109,47.625237,8.111719,1303.540039,,,,normal-low,normal,synthetic_prototype
2026-07-14,22:14:40,176.155930,28.478815,23472.279297,25.322382,62.713985,24.673689,47.634350,8.111716,1303.592651,,,,normal-low,normal,synthetic_prototype
2026-07-14,22:14:45,176.157196,28.476137,23470.466797,25.323765,62.710526,24.668997,47.632191,8.111823,1303.625732,,,,normal-low,normal,synthetic_prototype
2026-07-14,22:14:50,176.178665,28.474480,23474.576172,25.323105,62.711357,24.669933,47.641895,8.117665,1303.941162,,,,normal-low,normal,synthetic_prototype
2026-07-14,22:14:55,176.183823,28.474075,23474.835938,25.323288,62.711700,24.670925,47.642944,8.119781,1303.911133,,,,normal-low,normal,synthetic_prototype
2026-07-14,22:15:00,176.204376,28.474703,23475.886719,25.321308,62.711567,24.670893,47.648296,8.121452,1303.751709,,,,normal-low,normal,synthetic_prototype
2026-07-14,22:15:05,176.226120,28.471531,23474.261719,25.320532,62.714157,24.672405,47.647297,8.126224,1303.673340,,,,normal-low,normal,synthetic_prototype
2026-07-14,22:15:10,176.240768,28.478117,23472.164062,25.322918,62.710903,24.669392,47.656555,8.127538,1303.624023,,,,normal-low,normal,synthetic_prototype
2026-07-14,22:15:15,176.245300,28.470118,23470.785156,25.326151,62.716339,24.666296,47.661617,8.129835,1303.752075,,,,normal-low,normal,synthetic_prototype
2026-07-14,22:15:20,176.229065,28.467810,23471.218750,25.329498,62.715336,24.667686,47.651436,8.130723,1303.865601,,,,normal-low,normal,synthetic_prototype
2026-07-14,22:15:25,176.205734,28.465256,23466.298828,25.326368,62.715694,24.663851,47.646446,8.128566,1303.516602,,,,normal-low,normal,synthetic_prototype
2026-07-14,22:15:30,176.206131,28.460987,23477.453125,25.329847,62.717346,24.659639,47.650890,8.129036,1303.746582,,,,normal-low,normal,synthetic_prototype
2026-07-14,22:15:35,176.208191,28.459583,23474.652344,25.333750,62.715141,24.666321,47.654621,8.130780,1303.830566,,,,normal-low,normal,synthetic_prototype
2026-07-14,22:15:40,176.208344,28.465193,23481.294922,25.332319,62.712475,24.670244,47.655598,8.127116,1304.011108,,,,normal-low,normal,synthetic_prototype
2026-07-14,22:15:45,176.225296,28.464138,23493.287109,25.330973,62.715115,24.674049,47.664658,8.127874,1304.333984,,,,normal-low,normal,synthetic_prototype
2026-07-14,22:15:50,176.231766,28.470160,23504.455078,25.325855,62.715057,24.676979,47.673103,8.129498,1304.759033,,,,normal-low,normal,synthetic_prototype
2026-07-14,22:15:55,176.222183,28.481640,23508.914062,25.327595,62.711380,24.676846,47.679008,8.132367,1304.780273,,,,normal-low,normal,synthetic_prototype
2026-07-14,22:16:00,176.237320,28.480700,23504.802734,25.327370,62.712864,24.674044,47.673252,8.130501,1304.773926,,,,normal-low,normal,synthetic_prototype
2026-07-14,22:16:05,176.244522,28.481247,23498.869141,25.326115,62.712967,24.678963,47.653881,8.129455,1304.602051,,,,normal-low,normal,synthetic_prototype
2026-07-14,22:16:10,176.248062,28.485680,23513.392578,25.329103,62.712955,24.680441,47.665100,8.131127,1305.028809,,,,normal-low,normal,synthetic_prototype
2026-07-14,22:16:15,176.246567,28.492241,23525.183594,25.331635,62.708771,24.671835,47.680946,8.127124,1305.245117,,,,normal-low,normal,synthetic_prototype
2026-07-14,22:16:20,176.260010,28.496471,23529.048828,25.333168,62.708103,24.668570,47.685234,8.129573,1305.411499,,,,normal-low,normal,synthetic_prototype
2026-07-14,22:16:25,176.262115,28.497499,23518.685547,25.334394,62.710163,24.672188,47.675701,8.131441,1305.128540,,,,normal-low,normal,synthetic_prototype
2026-07-14,22:16:30,176.261688,28.503843,23518.375000,25.331497,62.707817,24.675652,47.683563,8.127780,1304.936035,,,,normal-low,normal,synthetic_prototype
2026-07-14,22:16:35,176.280472,28.503073,23518.074219,25.332468,62.712173,24.675394,47.685246,8.126941,1304.806152,,,,normal-low,normal,synthetic_prototype
2026-07-14,22:16:40,176.275696,28.506721,23530.160156,25.337532,62.714367,24.667915,47.687851,8.127957,1305.279785,,,,normal-low,normal,synthetic_prototype
2026-07-14,22:16:45,176.278076,28.505592,23535.154297,25.342693,62.709450,24.669935,47.697319,8.130515,1305.526489,,,,normal-low,normal,synthetic_prototype
2026-07-14,22:16:50,176.280090,28.512863,23536.871094,25.347576,62.701706,24.668793,47.702641,8.132342,1305.414307,,,,normal-low,normal,synthetic_prototype
2026-07-14,22:16:55,176.273651,28.512577,23537.730469,25.347864,62.703503,24.668089,47.705463,8.128284,1305.351807,,,,normal-low,normal,synthetic_prototype
2026-07-14,22:17:00,176.267883,28.512037,23532.984375,25.346294,62.703495,24.664970,47.691307,8.125442,1305.160889,,,,normal-low,normal,synthetic_prototype
2026-07-14,22:17:05,176.274536,28.507727,23534.019531,25.346004,62.696766,24.664177,47.697102,8.125897,1305.036133,,,,normal-low,normal,synthetic_prototype
2026-07-14,22:17:10,176.262375,28.503971,23529.232422,25.346786,62.693867,24.662449,47.699409,8.123912,1304.421753,,,,normal-low,normal,synthetic_prototype
2026-07-14,22:17:15,176.263824,28.502707,23529.000000,25.346304,62.690525,24.660578,47.705063,8.125695,1304.442017,,,,normal-low,normal,synthetic_prototype
2026-07-14,22:17:20,176.257172,28.496147,23533.841797,25.347536,62.688293,24.655725,47.710117,8.125419,1304.715088,,,,normal-low,normal,synthetic_prototype
2026-07-14,22:17:25,176.246002,28.487616,23530.003906,25.341286,62.687805,24.651863,47.706356,8.122436,1304.779907,,,,normal-low,normal,synthetic_prototype
2026-07-14,22:17:30,176.257858,28.488152,23539.550781,25.335495,62.682468,24.651751,47.719688,8.125669,1304.850586,,,,normal-low,normal,synthetic_prototype
2026-07-14,22:17:35,176.237854,28.483549,23528.800781,25.334146,62.683151,24.652498,47.715496,8.125487,1304.538330,,,,normal-low,normal,synthetic_prototype
2026-07-14,22:17:40,176.250641,28.483004,23535.601562,25.338865,62.682510,24.646753,47.721390,8.128407,1304.820801,,,,normal-low,normal,synthetic_prototype
2026-07-14,22:17:45,176.271820,28.479074,23535.644531,25.336802,62.682755,24.647457,47.721039,8.127673,1304.766846,,,,normal-low,normal,synthetic_prototype
2026-07-14,22:17:50,176.281662,28.473406,23533.408203,25.334854,62.679741,24.645075,47.711533,8.124762,1304.695312,,,,normal-low,normal,synthetic_prototype
2026-07-14,22:17:55,176.290237,28.477144,23537.410156,25.328537,62.675564,24.647909,47.714092,8.125865,1304.499756,,,,normal-low,normal,synthetic_prototype
2026-07-14,22:18:00,176.285873,28.483624,23530.058594,25.322956,62.672821,24.647383,47.717972,8.125898,1304.157715,,,,normal-low,normal,synthetic_prototype
2026-07-14,22:18:05,176.303619,28.488987,23522.218750,25.320971,62.668461,24.647724,47.709118,8.125503,1304.003296,,,,normal-low,normal,synthetic_prototype
2026-07-14,22:18:10,176.301270,28.487616,23531.589844,25.317720,62.666740,24.650917,47.720806,8.126196,1304.006226,,,,normal-low,normal,synthetic_prototype
2026-07-14,22:18:15,176.308838,28.483969,23535.320312,25.320093,62.660431,24.651224,47.721615,8.127796,1304.250610,,,,normal-low,normal,synthetic_prototype
2026-07-14,22:18:20,176.303329,28.489632,23519.740234,25.314346,62.656029,24.652998,47.717365,8.128698,1303.827271,,,,normal-low,normal,synthetic_prototype
2026-07-14,22:18:25,176.304260,28.489239,23520.953125,25.311445,62.661346,24.654547,47.708466,8.128886,1303.689819,,,,normal-low,normal,synthetic_prototype
2026-07-14,22:18:30,176.308197,28.495174,23512.425781,25.309217,62.654495,24.657341,47.701118,8.128649,1303.348633,,,,normal-low,normal,synthetic_prototype
2026-07-14,22:18:35,176.310379,28.498594,23506.658203,25.310297,62.656815,24.657915,47.701744,8.129348,1303.356323,,,,normal-low,normal,synthetic_prototype
2026-07-14,22:18:40,176.310471,28.490892,23504.472656,25.305183,62.657059,24.661434,47.693619,8.126987,1303.256958,,,,normal-low,normal,synthetic_prototype
2026-07-14,22:18:45,176.332382,28.495028,23503.601562,25.303555,62.653202,24.667162,47.688969,8.129963,1303.088867,,,,normal-low,normal,synthetic_prototype
2026-07-14,22:18:50,176.334305,28.496365,23501.466797,25.300514,62.656147,24.670820,47.680340,8.128531,1303.124512,,,,normal-low,normal,synthetic_prototype
2026-07-14,22:18:55,176.330322,28.495743,23499.042969,25.301937,62.656120,24.671328,47.679653,8.130357,1303.142212,,,,normal-low,normal,synthetic_prototype
2026-07-14,22:19:00,176.326691,28.497227,23496.539062,25.304976,62.658680,24.671801,47.672928,8.131152,1302.973755,,,,normal-low,normal,synthetic_prototype
2026-07-14,22:19:05,176.310455,28.494087,23491.529297,25.302349,62.661274,24.671261,47.668697,8.130398,1302.916992,,,,normal-low,normal,synthetic_prototype
2026-07-14,22:19:10,176.296616,28.498993,23505.728516,25.306889,62.663944,24.667639,47.680141,8.127698,1303.101562,,,,normal-low,normal,synthetic_prototype
2026-07-14,22:19:15,176.305542,28.502348,23511.195312,25.303770,62.666637,24.672045,47.685780,8.128867,1303.253662,,,,normal-low,normal,synthetic_prototype
2026-07-14,22:19:20,176.309387,28.507690,23504.212891,25.303211,62.671471,24.676399,47.684494,8.127153,1303.357788,,,,normal-low,normal,synthetic_prototype
2026-07-14,22:19:25,176.323349,28.507599,23511.880859,25.299522,62.670979,24.679995,47.684967,8.124923,1303.407471,,,,normal-low,normal,synthetic_prototype
2026-07-14,22:19:30,176.324295,28.507568,23519.384766,25.294828,62.675228,24.679829,47.685394,8.123781,1303.594116,,,,normal-low,normal,synthetic_prototype
2026-07-14,22:19:35,176.318237,28.514374,23522.806641,25.287794,62.680080,24.676804,47.687592,8.124888,1303.905762,,,,normal-low,normal,synthetic_prototype
2026-07-14,22:19:40,176.331833,28.513239,23523.255859,25.289694,62.682541,24.676781,47.681210,8.129555,1303.635864,,,,normal-low,normal,synthetic_prototype
2026-07-14,22:19:45,176.343826,28.506737,23524.781250,25.287279,62.683853,24.678839,47.679497,8.131305,1303.763794,,,,normal-low,normal,synthetic_prototype
2026-07-14,22:19:50,176.326187,28.507631,23522.480469,25.289221,62.678795,24.673607,47.686623,8.128707,1303.835693,,,,normal-low,normal,synthetic_prototype
2026-07-14,22:19:55,176.312759,28.504725,23515.843750,25.284269,62.676014,24.679090,47.679272,8.129334,1303.811890,,,,normal-low,normal,synthetic_prototype
2026-07-14,22:20:00,176.307602,28.505724,23530.785156,25.286848,62.674347,24.681274,47.703506,8.127895,1304.213867,,,,normal-low,normal,synthetic_prototype
2026-07-14,22:20:05,176.295593,28.506119,23527.511719,25.288067,62.675636,24.683672,47.699764,8.124159,1304.121704,,,,normal-low,normal,synthetic_prototype
2026-07-14,22:20:10,176.323303,28.506882,23529.767578,25.287252,62.678604,24.685291,47.711937,8.126636,1304.110229,,,,normal-low,normal,synthetic_prototype
2026-07-14,22:20:15,176.311920,28.507551,23522.400391,25.283718,62.684177,24.683893,47.709312,8.125218,1304.080322,,,,normal-low,normal,synthetic_prototype
2026-07-14,22:20:20,176.293533,28.496613,23517.255859,25.276989,62.688000,24.688492,47.708851,8.122580,1303.891113,,,,normal-low,normal,synthetic_prototype
2026-07-14,22:20:25,176.305328,28.491922,23501.664062,25.273621,62.686340,24.691889,47.676292,8.121294,1303.527588,,,,normal-low,normal,synthetic_prototype
2026-07-14,22:20:30,176.310715,28.489126,23487.341797,25.272150,62.689137,24.691387,47.662865,8.122749,1302.977173,,,,normal-low,normal,synthetic_prototype
2026-07-14,22:20:35,176.329514,28.486689,23482.158203,25.269783,62.693584,24.697567,47.666142,8.125173,1303.098022,,,,normal-low,normal,synthetic_prototype
2026-07-14,22:20:40,176.334732,28.486753,23490.175781,25.276203,62.691036,24.692581,47.667004,8.127265,1303.281494,,,,normal-low,normal,synthetic_prototype
2026-07-14,22:20:45,176.339203,28.477139,23486.884766,25.277142,62.694656,24.691456,47.661621,8.127992,1303.153687,,,,normal-low,normal,synthetic_prototype
2026-07-14,22:20:50,176.343903,28.467552,23490.660156,25.273922,62.699284,24.690990,47.670937,8.126994,1303.375366,,,,normal-low,normal,synthetic_prototype
2026-07-14,22:20:55,176.344177,28.461874,23490.234375,25.273329,62.706627,24.690319,47.660023,8.123712,1303.430664,,,,normal-low,normal,synthetic_prototype
2026-07-14,22:21:00,176.341202,28.457886,23493.724609,25.275036,62.706253,24.692894,47.672237,8.119470,1303.453369,,,,normal-low,normal,synthetic_prototype
2026-07-14,22:21:05,176.325623,28.451818,23498.466797,25.275110,62.711025,24.692171,47.678406,8.116725,1303.524902,,,,normal-low,normal,synthetic_prototype
2026-07-14,22:21:10,176.334290,28.454151,23503.152344,25.276743,62.713329,24.689987,47.680824,8.118656,1303.850464,,,,normal-low,normal,synthetic_prototype
2026-07-14,22:21:15,176.328384,28.453106,23506.689453,25.277912,62.717308,24.685104,47.687046,8.122932,1304.416382,,,,normal-low,normal,synthetic_prototype
2026-07-14,22:21:20,176.344208,28.449371,23508.175781,25.279324,62.718914,24.688719,47.686455,8.123720,1304.169312,,,,normal-low,normal,synthetic_prototype
2026-07-14,22:21:25,176.343109,28.446743,23505.716797,25.278503,62.724266,24.690163,47.686901,8.125612,1304.159668,,,,normal-low,normal,synthetic_prototype
2026-07-14,22:21:30,176.350830,28.449877,23499.166016,25.279379,62.722633,24.690910,47.691753,8.126695,1304.036255,,,,normal-low,normal,synthetic_prototype
2026-07-14,22:21:35,176.343842,28.440924,23501.246094,25.278311,62.716843,24.687439,47.685177,8.119460,1304.178223,,,,normal-low,normal,synthetic_prototype
2026-07-14,22:21:40,176.327621,28.440182,23500.675781,25.277927,62.710396,24.689613,47.670635,8.113317,1303.693359,,,,normal-low,normal,synthetic_prototype
2026-07-14,22:21:45,176.331635,28.445469,23503.152344,25.277065,62.711460,24.691036,47.677795,8.111272,1303.633423,,,,normal-low,normal,synthetic_prototype
2026-07-14,22:21:50,176.301956,28.439623,23506.742188,25.281107,62.715858,24.686802,47.669357,8.104855,1303.747559,,,,normal-low,normal,synthetic_prototype
2026-07-14,22:21:55,176.287155,28.436773,23509.757812,25.287659,62.715870,24.686493,47.669067,8.104828,1304.218018,,,,normal-low,normal,synthetic_prototype
2026-07-14,22:22:00,176.286942,28.433443,23511.929688,25.291752,62.717403,24.687693,47.677631,8.105361,1304.201538,,,,normal-low,normal,synthetic_prototype
2026-07-14,22:22:05,176.271225,28.431458,23513.148438,25.288881,62.720741,24.693718,47.686249,8.103681,1304.232300,,,,normal-low,normal,synthetic_prototype
2026-07-14,22:22:10,176.277786,28.427904,23515.484375,25.288208,62.715145,24.688660,47.695465,8.103267,1304.372437,,,,normal-low,normal,synthetic_prototype
2026-07-14,22:22:15,176.289780,28.436893,23512.435547,25.295923,62.715591,24.682409,47.692757,8.105215,1304.338379,,,,normal-low,normal,synthetic_prototype
2026-07-14,22:22:20,176.291794,28.432077,23516.015625,25.294342,62.720089,24.683304,47.694630,8.105695,1304.284180,,,,normal-low,normal,synthetic_prototype
2026-07-14,22:22:25,176.297363,28.438017,23510.933594,25.289846,62.722687,24.684349,47.692825,8.105127,1304.162720,,,,normal-low,normal,synthetic_prototype
2026-07-14,22:22:30,176.293152,28.437565,23514.472656,25.290854,62.724148,24.683315,47.692200,8.102695,1304.257202,,,,normal-low,normal,synthetic_prototype
2026-07-14,22:22:35,176.299530,28.434774,23505.634766,25.289539,62.725231,24.685122,47.691734,8.102429,1304.124878,,,,normal-low,normal,synthetic_prototype
2026-07-14,22:22:40,176.296417,28.427614,23498.419922,25.286749,62.724018,24.686514,47.689335,8.097408,1303.823242,,,,normal-low,normal,synthetic_prototype
2026-07-14,22:22:45,176.287750,28.424625,23493.876953,25.282871,62.722256,24.687519,47.687603,8.098081,1303.591431,,,,normal-low,normal,synthetic_prototype
2026-07-14,22:22:50,176.289337,28.424843,23493.476562,25.289383,62.724388,24.684376,47.694771,8.100612,1303.700317,,,,normal-low,normal,synthetic_prototype
2026-07-14,22:22:55,176.282959,28.421755,23494.601562,25.288395,62.732185,24.687901,47.700546,8.098229,1303.728271,,,,normal-low,normal,synthetic_prototype
2026-07-14,22:23:00,176.297424,28.422485,23496.000000,25.284983,62.729851,24.686768,47.702774,8.096135,1303.716064,,,,normal-low,normal,synthetic_prototype
2026-07-14,22:23:05,176.307465,28.423973,23495.853516,25.285362,62.724846,24.688440,47.693363,8.100401,1303.624390,,,,normal-low,normal,synthetic_prototype
2026-07-14,22:23:10,176.290207,28.421759,23495.957031,25.283787,62.726368,24.688246,47.679790,8.099004,1303.670654,,,,normal-low,normal,synthetic_prototype
2026-07-14,22:23:15,176.277191,28.421625,23501.482422,25.282511,62.734600,24.688156,47.684330,8.092733,1303.747559,,,,normal-low,normal,synthetic_prototype
2026-07-14,22:23:20,176.266571,28.425461,23506.894531,25.286942,62.736820,24.689806,47.697796,8.090191,1303.843384,,,,normal-low,normal,synthetic_prototype
2026-07-14,22:23:25,176.239304,28.426184,23516.691406,25.287432,62.733006,24.691095,47.713879,8.087909,1304.411621,,,,normal-low,normal,synthetic_prototype
2026-07-14,22:23:30,176.221390,28.422277,23513.228516,25.289932,62.737129,24.690510,47.716869,8.087811,1304.493164,,,,normal-low,normal,synthetic_prototype
2026-07-14,22:23:35,176.207809,28.425562,23503.246094,25.287771,62.736633,24.690332,47.710407,8.086344,1304.289551,,,,normal-low,normal,synthetic_prototype
2026-07-14,22:23:40,176.197571,28.416859,23509.613281,25.289728,62.733841,24.689491,47.727875,8.085700,1304.564819,,,,normal-low,normal,synthetic_prototype
2026-07-14,22:23:45,176.178619,28.413086,23516.716797,25.294724,62.739563,24.681469,47.729507,8.084961,1304.801636,,,,normal-low,normal,synthetic_prototype
2026-07-14,22:23:50,176.171387,28.419708,23509.033203,25.294649,62.746727,24.683311,47.727024,8.081947,1304.805542,,,,normal-low,normal,synthetic_prototype
2026-07-14,22:23:55,176.181137,28.421026,23512.718750,25.298597,62.742603,24.685940,47.725281,8.085587,1304.861450,,,,normal-low,normal,synthetic_prototype
2026-07-14,22:24:00,176.170670,28.427073,23512.925781,25.296421,62.734207,24.687773,47.725815,8.083516,1305.159180,,,,normal-low,normal,synthetic_prototype
2026-07-14,22:24:05,176.202576,28.425253,23504.162109,25.295187,62.738842,24.686350,47.710049,8.085398,1304.801025,,,,normal-low,normal,synthetic_prototype
2026-07-14,22:24:10,176.195251,28.423428,23506.160156,25.301239,62.741730,24.684891,47.719563,8.087234,1304.886841,,,,normal-low,normal,synthetic_prototype
2026-07-14,22:24:15,176.212189,28.422514,23510.832031,25.302450,62.738598,24.681452,47.729935,8.090338,1304.904419,,,,normal-low,normal,synthetic_prototype
2026-07-14,22:24:20,176.201569,28.422935,23511.267578,25.306772,62.741611,24.676851,47.721931,8.092927,1304.996216,,,,normal-low,normal,synthetic_prototype
2026-07-14,22:24:25,176.218475,28.419888,23507.800781,25.308527,62.740341,24.677172,47.718956,8.093475,1305.033203,,,,normal-low,normal,synthetic_prototype
2026-07-14,22:24:30,176.214401,28.419262,23521.417969,25.311659,62.740692,24.673706,47.742630,8.087944,1305.381592,,,,normal-low,normal,synthetic_prototype
2026-07-14,22:24:35,176.201187,28.414057,23517.585938,25.311249,62.747276,24.673466,47.736706,8.084294,1305.206665,,,,normal-low,normal,synthetic_prototype
2026-07-14,22:24:40,176.226151,28.410736,23515.724609,25.311855,62.750946,24.667923,47.728901,8.087136,1305.088257,,,,normal-low,normal,synthetic_prototype
2026-07-14,22:24:45,176.215836,28.406700,23519.585938,25.313431,62.752159,24.671314,47.738235,8.082856,1305.276978,,,,normal-low,normal,synthetic_prototype
2026-07-14,22:24:50,176.199692,28.408289,23531.285156,25.312973,62.753025,24.675512,47.750534,8.083007,1305.620483,,,,normal-low,normal,synthetic_prototype
2026-07-14,22:24:55,176.197311,28.406328,23529.812500,25.313486,62.755672,24.670893,47.751144,8.081525,1305.696899,,,,normal-low,normal,synthetic_prototype
2026-07-14,22:25:00,176.204956,28.403542,23528.773438,25.311790,62.746765,24.669613,47.749725,8.081188,1305.700928,,,,normal-low,normal,synthetic_prototype
2026-07-14,22:25:05,176.185989,28.402647,23527.019531,25.315020,62.749367,24.665234,47.751984,8.080795,1305.625610,,,,normal-low,normal,synthetic_prototype
2026-07-14,22:25:10,176.192703,28.410643,23530.988281,25.309076,62.749218,24.665804,47.757648,8.080037,1305.507568,,,,normal-low,normal,synthetic_prototype
2026-07-14,22:25:15,176.172501,28.400991,23521.589844,25.315407,62.745010,24.664137,47.748623,8.082718,1305.295532,,,,normal-low,normal,synthetic_prototype
2026-07-14,22:25:20,176.170288,28.399719,23519.853516,25.317266,62.736267,24.663906,47.742828,8.083303,1305.233643,,,,normal-low,normal,synthetic_prototype
2026-07-14,22:25:25,176.173340,28.397203,23517.738281,25.312046,62.743336,24.664230,47.734234,8.082495,1305.378906,,,,normal-low,normal,synthetic_prototype
2026-07-14,22:25:30,176.170654,28.399134,23527.445312,25.314552,62.741844,24.658989,47.725124,8.081829,1305.830688,,,,normal-low,normal,synthetic_prototype
2026-07-14,22:25:35,176.180588,28.400253,23533.156250,25.314545,62.742210,24.659407,47.735134,8.084649,1306.307983,,,,normal-low,normal,synthetic_prototype
2026-07-14,22:25:40,176.169617,28.400267,23528.621094,25.314657,62.735229,24.656290,47.727280,8.085176,1306.177734,,,,normal-low,normal,synthetic_prototype
2026-07-14,22:25:45,176.172195,28.399794,23543.730469,25.312744,62.743992,24.660749,47.737858,8.083550,1306.475342,,,,normal-low,normal,synthetic_prototype
2026-07-14,22:25:50,176.155472,28.401920,23549.027344,25.310946,62.733852,24.659822,47.741215,8.084151,1306.481812,,,,normal-low,normal,synthetic_prototype
2026-07-14,22:25:55,176.166702,28.399599,23536.384766,25.314209,62.735081,24.656698,47.718246,8.086138,1306.127808,,,,normal-low,normal,synthetic_prototype
2026-07-14,22:26:00,176.156662,28.401602,23532.703125,25.314699,62.729462,24.657059,47.710461,8.081739,1306.260742,,,,normal-low,normal,synthetic_prototype
2026-07-14,22:26:05,176.161896,28.391615,23534.769531,25.315182,62.731770,24.654835,47.701908,8.085802,1305.898560,,,,normal-low,normal,synthetic_prototype
2026-07-14,22:26:10,176.177673,28.381845,23533.384766,25.317520,62.732952,24.654957,47.706276,8.090217,1305.917114,,,,normal-low,normal,synthetic_prototype
2026-07-14,22:26:15,176.208054,28.382612,23528.769531,25.319496,62.732395,24.657742,47.703918,8.091809,1305.759399,,,,normal-low,normal,synthetic_prototype
2026-07-14,22:26:20,176.203003,28.385221,23538.240234,25.319113,62.725597,24.658190,47.705494,8.090192,1305.994995,,,,normal-low,normal,synthetic_prototype
2026-07-14,22:26:25,176.213501,28.373999,23540.021484,25.315954,62.720741,24.660320,47.701862,8.092413,1305.876831,,,,normal-low,normal,synthetic_prototype
2026-07-14,22:26:30,176.205811,28.371672,23547.107422,25.316751,62.722977,24.661671,47.712570,8.087831,1305.887451,,,,normal-low,normal,synthetic_prototype
2026-07-14,22:26:35,176.217010,28.370188,23560.433594,25.318218,62.720810,24.665915,47.715008,8.090792,1306.462402,,,,normal-low,normal,synthetic_prototype
2026-07-14,22:26:40,176.209564,28.363426,23554.691406,25.316353,62.724087,24.665531,47.711281,8.091177,1306.303101,,,,normal-low,normal,synthetic_prototype
2026-07-14,22:26:45,176.200928,28.361923,23563.707031,25.318275,62.723801,24.668783,47.722092,8.088749,1306.390137,,,,normal-low,normal,synthetic_prototype
2026-07-14,22:26:50,176.191528,28.361271,23562.607422,25.312819,62.730839,24.668213,47.718220,8.091290,1306.389771,,,,normal-low,normal,synthetic_prototype
2026-07-14,22:26:55,176.188232,28.355335,23549.025391,25.311554,62.729992,24.666100,47.706604,8.089540,1306.087280,,,,normal-low,normal,synthetic_prototype
2026-07-14,22:27:00,176.176743,28.352499,23545.396484,25.310598,62.728416,24.662479,47.697754,8.089494,1305.660522,,,,normal-low,normal,synthetic_prototype
2026-07-14,22:27:05,176.187363,28.351620,23541.621094,25.314688,62.728821,24.660879,47.689568,8.090929,1305.768188,,,,normal-low,normal,synthetic_prototype
2026-07-14,22:27:10,176.193954,28.351847,23551.251953,25.312414,62.728725,24.661499,47.694324,8.091815,1306.133423,,,,normal-low,normal,synthetic_prototype
2026-07-14,22:27:15,176.199295,28.358433,23554.757812,25.314711,62.728077,24.659435,47.699802,8.094031,1306.088867,,,,normal-low,normal,synthetic_prototype
2026-07-14,22:27:20,176.181152,28.355364,23564.404297,25.319353,62.729298,24.656036,47.717030,8.096188,1306.534546,,,,normal-low,normal,synthetic_prototype
2026-07-14,22:27:25,176.193604,28.350334,23562.367188,25.320253,62.733089,24.659582,47.717613,8.100802,1306.838257,,,,normal-low,normal,synthetic_prototype
2026-07-14,22:27:30,176.209229,28.352859,23561.626953,25.317411,62.734467,24.658583,47.717278,8.100154,1306.951660,,,,normal-low,normal,synthetic_prototype
2026-07-14,22:27:35,176.194626,28.357426,23553.173828,25.318048,62.734169,24.658648,47.707531,8.096224,1306.947266,,,,normal-low,normal,synthetic_prototype
2026-07-14,22:27:40,176.194107,28.353634,23565.253906,25.318346,62.729141,24.661951,47.718075,8.097935,1307.523315,,,,normal-low,normal,synthetic_prototype
2026-07-14,22:27:45,176.188553,28.350683,23559.082031,25.321516,62.725319,24.661507,47.712955,8.097742,1307.214722,,,,normal-low,normal,synthetic_prototype
2026-07-14,22:27:50,176.194855,28.339893,23564.535156,25.321854,62.724426,24.663578,47.712555,8.098563,1307.403198,,,,normal-low,normal,synthetic_prototype
2026-07-14,22:27:55,176.186462,28.343729,23576.031250,25.317160,62.728420,24.665428,47.725994,8.096142,1307.734863,,,,normal-low,normal,synthetic_prototype
2026-07-14,22:28:00,176.181641,28.347036,23567.822266,25.323690,62.725750,24.660843,47.717434,8.095675,1307.548706,,,,normal-low,normal,synthetic_prototype
2026-07-14,22:28:05,176.191376,28.346598,23570.021484,25.318844,62.727955,24.660675,47.735893,8.094994,1307.425171,,,,normal-low,normal,synthetic_prototype
2026-07-14,22:28:10,176.199677,28.344311,23575.609375,25.319620,62.725033,24.657084,47.746296,8.095942,1307.570801,,,,normal-low,normal,synthetic_prototype
2026-07-14,22:28:15,176.203384,28.353905,23573.818359,25.323923,62.721443,24.652899,47.726288,8.100566,1307.428101,,,,normal-low,normal,synthetic_prototype
2026-07-14,22:28:20,176.199890,28.350185,23578.419922,25.326658,62.719433,24.654184,47.736439,8.102868,1307.403931,,,,normal-low,normal,synthetic_prototype
2026-07-14,22:28:25,176.198792,28.349543,23580.000000,25.325245,62.714642,24.656717,47.742760,8.103545,1307.209717,,,,normal-low,normal,synthetic_prototype
2026-07-14,22:28:30,176.201874,28.348408,23564.500000,25.327751,62.715759,24.654068,47.733757,8.104151,1306.664795,,,,normal-low,normal,synthetic_prototype
2026-07-14,22:28:35,176.195831,28.347937,23564.431641,25.330235,62.720577,24.652456,47.724270,8.103490,1306.829468,,,,normal-low,normal,synthetic_prototype
2026-07-14,22:28:40,176.193436,28.347017,23566.472656,25.332514,62.718872,24.655882,47.740654,8.104086,1306.846558,,,,normal-low,normal,synthetic_prototype
2026-07-14,22:28:45,176.201096,28.354252,23572.783203,25.330545,62.721222,24.656778,47.741783,8.105231,1307.269165,,,,normal-low,normal,synthetic_prototype
2026-07-14,22:28:50,176.203049,28.350386,23564.689453,25.331303,62.720028,24.651936,47.723438,8.105045,1306.981323,,,,normal-low,normal,synthetic_prototype
2026-07-14,22:28:55,176.212952,28.355154,23561.330078,25.330008,62.716560,24.654436,47.705341,8.104368,1306.997681,,,,normal-low,normal,synthetic_prototype
2026-07-14,22:29:00,176.195114,28.352526,23556.863281,25.333937,62.717903,24.658648,47.702423,8.099922,1306.798950,,,,normal-low,normal,synthetic_prototype
2026-07-14,22:29:05,176.194138,28.347952,23562.222656,25.335876,62.717068,24.660002,47.705723,8.099029,1306.999390,,,,normal-low,normal,synthetic_prototype
2026-07-14,22:29:10,176.173172,28.343628,23555.789062,25.332108,62.721359,24.659676,47.704433,8.095440,1306.873657,,,,normal-low,normal,synthetic_prototype
2026-07-14,22:29:15,176.181702,28.347443,23552.554688,25.336212,62.720947,24.659746,47.707104,8.094693,1307.121704,,,,normal-low,normal,synthetic_prototype
2026-07-14,22:29:20,176.165085,28.358274,23556.644531,25.337858,62.719810,24.659363,47.716774,8.092452,1307.358398,,,,normal-low,normal,synthetic_prototype
2026-07-14,22:29:25,176.173721,28.353418,23563.226562,25.341991,62.714809,24.661831,47.709034,8.091413,1307.692993,,,,normal-low,normal,synthetic_prototype
2026-07-14,22:29:30,176.170593,28.359358,23556.765625,25.343374,62.719055,24.662395,47.707695,8.091536,1307.499512,,,,normal-low,normal,synthetic_prototype
2026-07-14,22:29:35,176.167953,28.362671,23563.503906,25.348726,62.722530,24.664122,47.714169,8.092128,1307.697632,,,,normal-low,normal,synthetic_prototype
2026-07-14,22:29:40,176.189911,28.360954,23556.130859,25.349838,62.717968,24.659805,47.709194,8.097253,1307.534302,,,,normal-low,normal,synthetic_prototype
2026-07-14,22:29:45,176.209473,28.356407,23563.734375,25.355778,62.711479,24.662571,47.711189,8.100871,1307.573608,,,,normal-low,normal,synthetic_prototype
2026-07-14,22:29:50,176.238541,28.353283,23556.962891,25.355558,62.717865,24.662325,47.707752,8.104402,1307.396118,,,,normal-low,normal,synthetic_prototype
2026-07-14,22:29:55,176.238541,28.351246,23560.603516,25.355015,62.714378,24.662601,47.706005,8.104658,1307.774536,,,,normal-low,normal,synthetic_prototype
2026-07-14,22:30:00,176.219238,28.354797,23557.876953,25.358818,62.710320,24.659725,47.716637,8.103694,1307.683960,,,,normal-low,normal,synthetic_prototype
2026-07-14,22:30:05,176.229660,28.358166,23562.896484,25.362957,62.710583,24.654118,47.719002,8.103618,1307.751587,,,,normal-low,normal,synthetic_prototype
2026-07-14,22:30:10,176.222702,28.367624,23557.171875,25.365021,62.711945,24.654377,47.722412,8.100927,1307.712402,,,,normal-low,normal,synthetic_prototype
2026-07-14,22:30:15,176.224487,28.363802,23572.117188,25.361162,62.716995,24.661064,47.741821,8.098942,1308.187256,,,,normal-low,normal,synthetic_prototype
2026-07-14,22:30:20,176.220703,28.367146,23592.617188,25.357405,62.720249,24.661724,47.783321,8.098673,1308.969849,,,,normal-low,normal,synthetic_prototype
2026-07-14,22:30:25,176.230667,28.369312,23591.306641,25.355759,62.716423,24.658941,47.778694,8.096438,1308.826782,,,,normal-low,normal,synthetic_prototype
2026-07-14,22:30:30,176.238861,28.360769,23579.332031,25.357220,62.719799,24.654991,47.774925,8.100490,1308.424072,,,,normal-low,normal,synthetic_prototype
2026-07-14,22:30:35,176.231827,28.362001,23590.591797,25.354416,62.715878,24.655403,47.794109,8.102411,1309.013184,,,,normal-low,normal,synthetic_prototype
2026-07-14,22:30:40,176.228180,28.367630,23598.212891,25.351597,62.714020,24.660471,47.785904,8.102417,1309.339478,,,,normal-low,normal,synthetic_prototype
2026-07-14,22:30:45,176.225616,28.364491,23599.228516,25.349825,62.720604,24.663473,47.795856,8.103278,1309.401489,,,,normal-low,normal,synthetic_prototype
2026-07-14,22:30:50,176.219345,28.359756,23591.732422,25.350609,62.724094,24.664125,47.787029,8.106256,1309.352783,,,,normal-low,normal,synthetic_prototype
2026-07-14,22:30:55,176.208298,28.360382,23603.837891,25.355236,62.719223,24.652330,47.796669,8.108454,1309.384521,,,,normal-low,normal,synthetic_prototype
2026-07-14,22:31:00,176.213501,28.364574,23614.333984,25.357000,62.726120,24.652967,47.807320,8.106496,1309.572754,,,,normal-low,normal,synthetic_prototype
2026-07-14,22:31:05,176.210739,28.365320,23626.134766,25.361280,62.725449,24.651764,47.814480,8.107699,1310.051025,,,,normal-low,normal,synthetic_prototype
2026-07-14,22:31:10,176.216141,28.368237,23633.398438,25.367409,62.729084,24.653811,47.816391,8.109202,1310.221680,,,,normal-low,normal,synthetic_prototype
2026-07-14,22:31:15,176.222000,28.369543,23644.568359,25.362417,62.725555,24.653210,47.839085,8.105246,1310.412231,,,,normal-low,normal,synthetic_prototype
2026-07-14,22:31:20,176.235153,28.372299,23646.335938,25.362322,62.723396,24.657038,47.835682,8.106468,1310.743408,,,,normal-low,normal,synthetic_prototype
2026-07-14,22:31:25,176.230713,28.370636,23656.953125,25.362597,62.719841,24.656309,47.832275,8.107560,1310.791870,,,,normal-low,normal,synthetic_prototype
2026-07-14,22:31:30,176.211411,28.364128,23645.210938,25.358877,62.724125,24.652164,47.829491,8.107848,1310.513916,,,,normal-low,normal,synthetic_prototype
2026-07-14,22:31:35,176.221756,28.361555,23651.324219,25.360210,62.725513,24.652344,47.835030,8.112729,1310.899658,,,,normal-low,normal,synthetic_prototype
2026-07-14,22:31:40,176.226624,28.361490,23660.564453,25.363398,62.720585,24.651300,47.852634,8.113354,1311.189941,,,,normal-low,normal,synthetic_prototype
2026-07-14,22:31:45,176.219162,28.352200,23654.511719,25.365017,62.722229,24.652258,47.845661,8.108951,1310.847900,,,,normal-low,normal,synthetic_prototype
2026-07-14,22:31:50,176.218445,28.356194,23637.197266,25.363131,62.726772,24.655964,47.811264,8.106883,1310.559326,,,,normal-low,normal,synthetic_prototype
2026-07-14,22:31:55,176.243546,28.354660,23638.712891,25.368618,62.723568,24.650549,47.821777,8.110557,1310.687378,,,,normal-low,normal,synthetic_prototype
2026-07-14,22:32:00,176.225693,28.353460,23645.095703,25.369736,62.721428,24.651346,47.832283,8.107743,1310.786133,,,,normal-low,normal,synthetic_prototype
2026-07-14,22:32:05,176.223267,28.355219,23649.591797,25.368231,62.723335,24.655346,47.839970,8.108057,1310.839722,,,,normal-low,normal,synthetic_prototype
2026-07-14,22:32:10,176.246597,28.357704,23652.031250,25.367916,62.725056,24.652651,47.839893,8.112568,1310.924194,,,,normal-low,normal,synthetic_prototype
2026-07-14,22:32:15,176.256027,28.353863,23646.408203,25.363016,62.719822,24.648991,47.839214,8.111142,1310.483154,,,,normal-low,normal,synthetic_prototype
2026-07-14,22:32:20,176.235748,28.358854,23652.390625,25.365671,62.723934,24.650707,47.841389,8.106246,1310.861084,,,,normal-low,normal,synthetic_prototype
2026-07-14,22:32:25,176.239838,28.356588,23644.041016,25.364292,62.725788,24.645508,47.836273,8.104580,1310.525757,,,,normal-low,normal,synthetic_prototype
2026-07-14,22:32:30,176.256287,28.356380,23642.082031,25.359978,62.723339,24.647169,47.834351,8.110034,1310.205078,,,,normal-low,normal,synthetic_prototype
2026-07-14,22:32:35,176.246506,28.352734,23645.638672,25.364403,62.726368,24.645359,47.841370,8.110099,1310.361084,,,,normal-low,normal,synthetic_prototype
2026-07-14,22:32:40,176.249832,28.354258,23647.724609,25.367542,62.726608,24.645123,47.841785,8.109961,1310.374023,,,,normal-low,normal,synthetic_prototype
2026-07-14,22:32:45,176.251495,28.357075,23647.787109,25.370405,62.724461,24.638340,47.849377,8.111167,1310.504028,,,,normal-low,normal,synthetic_prototype
2026-07-14,22:32:50,176.242950,28.354624,23633.126953,25.368633,62.728497,24.635923,47.831993,8.108707,1310.224731,,,,normal-low,normal,synthetic_prototype
2026-07-14,22:32:55,176.237839,28.355938,23634.169922,25.367197,62.730259,24.633020,47.828709,8.106906,1310.139526,,,,normal-low,normal,synthetic_prototype
2026-07-14,22:33:00,176.223419,28.358780,23631.160156,25.367237,62.734375,24.628908,47.826214,8.104407,1310.105835,,,,normal-low,normal,synthetic_prototype
2026-07-14,22:33:05,176.217163,28.360056,23633.177734,25.365936,62.737808,24.630297,47.828659,8.104008,1310.007080,,,,normal-low,normal,synthetic_prototype
2026-07-14,22:33:10,176.235214,28.361620,23631.974609,25.361595,62.733479,24.631474,47.829895,8.102715,1309.511475,,,,normal-low,normal,synthetic_prototype
2026-07-14,22:33:15,176.221069,28.363165,23630.324219,25.359020,62.723465,24.630384,47.827663,8.101129,1309.685791,,,,normal-low,normal,synthetic_prototype
2026-07-14,22:33:20,176.227402,28.361712,23625.542969,25.361834,62.718716,24.632729,47.833138,8.108955,1309.773804,,,,normal-low,normal,synthetic_prototype
2026-07-14,22:33:25,176.233688,28.360254,23633.009766,25.358156,62.717903,24.631605,47.847092,8.108347,1309.941650,,,,normal-low,normal,synthetic_prototype
2026-07-14,22:33:30,176.244690,28.368286,23620.328125,25.354181,62.718422,24.633291,47.842651,8.107151,1309.500122,,,,normal-low,normal,synthetic_prototype
2026-07-14,22:33:35,176.240234,28.373053,23617.095703,25.356796,62.712395,24.633539,47.839130,8.112551,1309.323364,,,,normal-low,normal,synthetic_prototype
2026-07-14,22:33:40,176.240997,28.375309,23633.048828,25.361326,62.711418,24.629539,47.852707,8.114294,1309.911011,,,,normal-low,normal,synthetic_prototype
2026-07-14,22:33:45,176.245071,28.382164,23632.078125,25.363705,62.712109,24.625885,47.837967,8.115702,1310.035278,,,,normal-low,normal,synthetic_prototype
2026-07-14,22:33:50,176.248932,28.378241,23628.083984,25.358929,62.708584,24.628353,47.832317,8.112917,1309.984131,,,,normal-low,normal,synthetic_prototype
2026-07-14,22:33:55,176.234177,28.369682,23613.734375,25.362295,62.709148,24.626829,47.809116,8.113315,1309.522217,,,,normal-low,normal,synthetic_prototype
2026-07-14,22:34:00,176.226669,28.376417,23610.388672,25.363792,62.710350,24.623430,47.797211,8.113639,1309.442627,,,,normal-low,normal,synthetic_prototype
2026-07-14,22:34:05,176.234131,28.374556,23613.929688,25.366713,62.706924,24.627064,47.797901,8.110443,1309.583618,,,,normal-low,normal,synthetic_prototype
2026-07-14,22:34:10,176.229492,28.373358,23620.205078,25.362207,62.708466,24.632652,47.804630,8.112699,1309.436157,,,,normal-low,normal,synthetic_prototype
2026-07-14,22:34:15,176.242096,28.374149,23618.466797,25.367020,62.706078,24.632627,47.798603,8.118729,1309.371948,,,,normal-low,normal,synthetic_prototype
2026-07-14,22:34:20,176.254654,28.370640,23612.794922,25.363497,62.706917,24.632326,47.782810,8.117279,1309.146118,,,,normal-low,normal,synthetic_prototype
2026-07-14,22:34:25,176.269379,28.365631,23607.757812,25.361471,62.702679,24.636316,47.770042,8.121826,1308.603882,,,,normal-low,normal,synthetic_prototype
2026-07-14,22:34:30,176.285873,28.366680,23607.439453,25.355097,62.700611,24.637011,47.768375,8.124137,1308.441040,,,,normal-low,normal,synthetic_prototype
2026-07-14,22:34:35,176.307388,28.372541,23602.550781,25.357410,62.701004,24.638237,47.767845,8.125687,1308.450806,,,,normal-low,normal,synthetic_prototype
2026-07-14,22:34:40,176.316711,28.375778,23609.357422,25.357708,62.701893,24.636822,47.769855,8.125188,1308.440308,,,,normal-low,normal,synthetic_prototype
2026-07-14,22:34:45,176.308701,28.383059,23601.460938,25.358591,62.711880,24.638052,47.763252,8.123146,1307.837646,,,,normal-low,normal,synthetic_prototype
2026-07-14,22:34:50,176.310715,28.380077,23602.130859,25.353140,62.708691,24.638947,47.757332,8.123934,1307.663208,,,,normal-low,normal,synthetic_prototype
2026-07-14,22:34:55,176.297394,28.377283,23600.361328,25.353506,62.712906,24.639385,47.762077,8.124002,1307.957031,,,,normal-low,normal,synthetic_prototype
2026-07-14,22:35:00,176.300110,28.376337,23598.146484,25.357653,62.713207,24.633009,47.757984,8.124533,1307.642944,,,,normal-low,normal,synthetic_prototype
2026-07-14,22:35:05,176.294373,28.378311,23605.796875,25.358259,62.719856,24.635235,47.758823,8.127079,1307.851929,,,,normal-low,normal,synthetic_prototype
2026-07-14,22:35:10,176.301453,28.375948,23612.888672,25.363960,62.712933,24.635681,47.763611,8.126392,1308.053589,,,,normal-low,normal,synthetic_prototype
2026-07-14,22:35:15,176.299088,28.379898,23611.392578,25.365772,62.712559,24.636612,47.759102,8.127980,1307.882812,,,,normal-low,normal,synthetic_prototype
2026-07-14,22:35:20,176.292252,28.371887,23609.613281,25.364632,62.708561,24.635159,47.753010,8.129195,1307.992554,,,,normal-low,normal,synthetic_prototype
2026-07-14,22:35:25,176.284363,28.378574,23611.068359,25.368521,62.712330,24.627312,47.746029,8.128546,1308.080444,,,,normal-low,normal,synthetic_prototype
2026-07-14,22:35:30,176.273285,28.374950,23617.998047,25.368412,62.715584,24.627161,47.763287,8.125537,1308.412842,,,,normal-low,normal,synthetic_prototype
2026-07-14,22:35:35,176.271133,28.382320,23627.408203,25.365135,62.712906,24.628876,47.784081,8.124748,1308.728271,,,,normal-low,normal,synthetic_prototype
2026-07-14,22:35:40,176.273972,28.380299,23622.722656,25.366516,62.719936,24.627474,47.763226,8.123708,1308.388428,,,,normal-low,normal,synthetic_prototype
2026-07-14,22:35:45,176.266571,28.386707,23624.742188,25.368315,62.717239,24.620953,47.768181,8.122289,1308.452515,,,,normal-low,normal,synthetic_prototype
2026-07-14,22:35:50,176.257431,28.389647,23632.048828,25.367817,62.725426,24.621342,47.781254,8.120795,1308.553833,,,,normal-low,normal,synthetic_prototype
2026-07-14,22:35:55,176.231567,28.392000,23633.308594,25.370527,62.724308,24.623747,47.787750,8.118314,1308.793091,,,,normal-low,normal,synthetic_prototype
2026-07-14,22:36:00,176.228729,28.393295,23637.757812,25.370476,62.728130,24.621021,47.801315,8.117353,1308.738647,,,,normal-low,normal,synthetic_prototype
2026-07-14,22:36:05,176.236603,28.392178,23641.794922,25.372839,62.729530,24.620079,47.800495,8.115760,1308.950317,,,,normal-low,normal,synthetic_prototype
2026-07-14,22:36:10,176.229965,28.387310,23647.585938,25.370895,62.725201,24.619225,47.809155,8.117311,1309.200073,,,,normal-low,normal,synthetic_prototype
2026-07-14,22:36:15,176.236237,28.395863,23644.027344,25.363680,62.729591,24.623209,47.820602,8.116385,1309.180054,,,,normal-low,normal,synthetic_prototype
2026-07-14,22:36:20,176.237320,28.396561,23649.058594,25.367798,62.731182,24.623312,47.832455,8.116305,1309.207275,,,,normal-low,normal,synthetic_prototype
2026-07-14,22:36:25,176.249619,28.400038,23639.099609,25.373386,62.725986,24.616261,47.820740,8.116944,1308.979126,,,,normal-low,normal,synthetic_prototype
2026-07-14,22:36:30,176.243225,28.396954,23643.539062,25.372173,62.727585,24.614466,47.827888,8.119272,1309.125000,,,,normal-low,normal,synthetic_prototype
2026-07-14,22:36:35,176.231979,28.393658,23637.632812,25.371712,62.725044,24.613039,47.833603,8.120933,1308.950684,,,,normal-low,normal,synthetic_prototype
2026-07-14,22:36:40,176.226715,28.394888,23637.455078,25.372778,62.729614,24.614000,47.833023,8.122175,1308.831665,,,,normal-low,normal,synthetic_prototype
2026-07-14,22:36:45,176.222183,28.399004,23636.031250,25.372679,62.729256,24.616072,47.842815,8.121482,1308.771484,,,,normal-low,normal,synthetic_prototype
2026-07-14,22:36:50,176.234512,28.403738,23618.212891,25.378473,62.724457,24.613243,47.827694,8.124670,1308.251221,,,,normal-low,normal,synthetic_prototype
2026-07-14,22:36:55,176.230026,28.403719,23615.576172,25.374214,62.727982,24.615074,47.824844,8.122750,1308.195557,,,,normal-low,normal,synthetic_prototype
2026-07-14,22:37:00,176.222855,28.401089,23632.181641,25.376995,62.730774,24.618155,47.848663,8.128730,1308.634033,,,,normal-low,normal,synthetic_prototype
2026-07-14,22:37:05,176.215515,28.397209,23627.650391,25.373821,62.731541,24.617729,47.844418,8.125839,1308.448975,,,,normal-low,normal,synthetic_prototype
2026-07-14,22:37:10,176.220642,28.399532,23635.833984,25.378462,62.737858,24.616901,47.854702,8.126797,1308.637573,,,,normal-low,normal,synthetic_prototype
2026-07-14,22:37:15,176.212082,28.390383,23638.626953,25.380844,62.730816,24.618574,47.868134,8.125987,1308.719604,,,,normal-low,normal,synthetic_prototype
2026-07-14,22:37:20,176.220230,28.386738,23639.494141,25.381735,62.727959,24.616295,47.863010,8.126015,1308.924683,,,,normal-low,normal,synthetic_prototype
2026-07-14,22:37:25,176.222275,28.380283,23635.996094,25.380524,62.731220,24.616774,47.858761,8.125612,1308.879272,,,,normal-low,normal,synthetic_prototype
2026-07-14,22:37:30,176.218155,28.383053,23626.382812,25.380980,62.731396,24.615555,47.856007,8.124364,1308.856812,,,,normal-low,normal,synthetic_prototype
2026-07-14,22:37:35,176.203705,28.381336,23626.576172,25.379747,62.733910,24.614702,47.848042,8.123461,1308.953247,,,,normal-low,normal,synthetic_prototype
2026-07-14,22:37:40,176.202682,28.384785,23628.468750,25.384102,62.728546,24.617418,47.839890,8.124399,1308.579102,,,,normal-low,normal,synthetic_prototype
2026-07-14,22:37:45,176.196045,28.386467,23629.613281,25.382572,62.724991,24.612448,47.841007,8.122581,1308.728149,,,,normal-low,normal,synthetic_prototype
2026-07-14,22:37:50,176.190460,28.386148,23639.376953,25.381008,62.725716,24.613077,47.852455,8.125461,1308.958008,,,,normal-low,normal,synthetic_prototype
2026-07-14,22:37:55,176.187286,28.380756,23645.591797,25.387842,62.721554,24.615047,47.861156,8.127158,1309.121216,,,,normal-low,normal,synthetic_prototype
2026-07-14,22:38:00,176.170654,28.379473,23644.970703,25.388405,62.722752,24.616991,47.864307,8.122286,1309.216919,,,,normal-low,normal,synthetic_prototype
2026-07-14,22:38:05,176.180740,28.383057,23650.757812,25.387184,62.729481,24.615763,47.856113,8.122841,1309.283813,,,,normal-low,normal,synthetic_prototype
2026-07-14,22:38:10,176.186356,28.387375,23638.746094,25.392897,62.723793,24.618731,47.836170,8.120644,1309.070068,,,,normal-low,normal,synthetic_prototype
2026-07-14,22:38:15,176.159607,28.386084,23636.238281,25.396961,62.730225,24.621471,47.831253,8.120862,1309.009766,,,,normal-low,normal,synthetic_prototype
2026-07-14,22:38:20,176.161560,28.388329,23637.140625,25.393309,62.731304,24.625013,47.837650,8.120057,1309.059570,,,,normal-low,normal,synthetic_prototype
2026-07-14,22:38:25,176.160889,28.387720,23635.996094,25.389793,62.728642,24.623182,47.828854,8.120869,1309.371460,,,,normal-low,normal,synthetic_prototype
2026-07-14,22:38:30,176.156265,28.384039,23645.558594,25.393150,62.733509,24.624199,47.837715,8.120055,1309.542847,,,,normal-low,normal,synthetic_prototype
2026-07-14,22:38:35,176.157578,28.384806,23656.232422,25.395611,62.733204,24.625008,47.844532,8.118852,1310.056885,,,,normal-low,normal,synthetic_prototype
2026-07-14,22:38:40,176.162994,28.396675,23664.982422,25.394024,62.731808,24.623816,47.849731,8.120043,1310.255859,,,,normal-low,normal,synthetic_prototype
2026-07-14,22:38:45,176.167328,28.400377,23666.054688,25.400040,62.732395,24.620419,47.844883,8.119350,1310.301270,,,,normal-low,normal,synthetic_prototype
2026-07-14,22:38:50,176.164886,28.398752,23664.068359,25.394171,62.733257,24.622465,47.837135,8.119250,1310.115723,,,,normal-low,normal,synthetic_prototype
2026-07-14,22:38:55,176.165131,28.391766,23669.533203,25.394030,62.735149,24.623177,47.830051,8.116350,1310.095093,,,,normal-low,normal,synthetic_prototype
2026-07-14,22:39:00,176.169785,28.394075,23663.074219,25.394129,62.739815,24.627102,47.824371,8.115995,1309.965576,,,,normal-low,normal,synthetic_prototype
2026-07-14,22:39:05,176.166122,28.385338,23657.238281,25.390701,62.739765,24.627785,47.820972,8.113513,1309.875732,,,,normal-low,normal,synthetic_prototype
2026-07-14,22:39:10,176.177536,28.384886,23661.904297,25.391851,62.743393,24.629171,47.834404,8.115171,1309.910278,,,,normal-low,normal,synthetic_prototype
2026-07-14,22:39:15,176.160461,28.384876,23648.966797,25.393646,62.742413,24.629419,47.829227,8.116820,1309.546265,,,,normal-low,normal,synthetic_prototype
2026-07-14,22:39:20,176.158340,28.385401,23651.292969,25.394804,62.742958,24.629192,47.831108,8.116306,1309.950806,,,,normal-low,normal,synthetic_prototype
2026-07-14,22:39:25,176.161026,28.387302,23650.515625,25.396769,62.742149,24.628567,47.833866,8.116564,1309.961914,,,,normal-low,normal,synthetic_prototype
2026-07-14,22:39:30,176.161636,28.384186,23652.798828,25.399832,62.746086,24.628752,47.835354,8.116013,1310.030762,,,,normal-low,normal,synthetic_prototype
2026-07-14,22:39:35,176.171814,28.388910,23652.642578,25.402222,62.747993,24.624924,47.822750,8.120826,1310.225464,,,,normal-low,normal,synthetic_prototype
2026-07-14,22:39:40,176.166245,28.383278,23649.781250,25.407644,62.753685,24.626478,47.829231,8.119807,1310.127808,,,,normal-low,normal,synthetic_prototype
2026-07-14,22:39:45,176.162445,28.385193,23649.041016,25.417772,62.757908,24.629040,47.826511,8.122168,1310.340698,,,,normal-low,normal,synthetic_prototype
2026-07-14,22:39:50,176.159470,28.391287,23657.177734,25.422159,62.752125,24.627298,47.831711,8.123201,1310.799438,,,,normal-low,normal,synthetic_prototype
2026-07-14,22:39:55,176.163834,28.403820,23651.449219,25.419163,62.747364,24.626596,47.831020,8.120456,1310.640991,,,,normal-low,normal,synthetic_prototype
2026-07-14,22:40:00,176.173004,28.411869,23661.187500,25.418219,62.746304,24.626360,47.839077,8.122432,1310.946899,,,,normal-low,normal,synthetic_prototype
2026-07-14,22:40:05,176.176773,28.408297,23678.597656,25.417484,62.748768,24.628529,47.860600,8.122596,1311.354858,,,,normal-low,normal,synthetic_prototype
2026-07-14,22:40:10,176.179916,28.415524,23685.175781,25.413980,62.743362,24.624256,47.873581,8.123482,1311.357544,,,,normal-low,normal,synthetic_prototype
2026-07-14,22:40:15,176.158981,28.412575,23703.197266,25.414942,62.736881,24.625669,47.897095,8.126243,1311.609253,,,,normal-low,normal,synthetic_prototype
2026-07-14,22:40:20,176.155930,28.410931,23694.771484,25.417116,62.734612,24.623053,47.881348,8.126130,1311.453735,,,,normal-low,normal,synthetic_prototype
2026-07-14,22:40:25,176.166885,28.406225,23694.091797,25.415930,62.738556,24.619812,47.890266,8.124435,1311.389404,,,,normal-low,normal,synthetic_prototype
2026-07-14,22:40:30,176.173233,28.404070,23693.052734,25.418438,62.740524,24.621206,47.891586,8.126204,1311.549927,,,,normal-low,normal,synthetic_prototype
2026-07-14,22:40:35,176.195572,28.401142,23690.109375,25.419895,62.741684,24.623182,47.870262,8.127179,1311.519653,,,,normal-low,normal,synthetic_prototype
2026-07-14,22:40:40,176.219162,28.408531,23688.921875,25.418324,62.746788,24.626499,47.862103,8.127502,1311.505859,,,,normal-low,normal,synthetic_prototype
2026-07-14,22:40:45,176.216278,28.412165,23693.035156,25.420723,62.755646,24.627697,47.861858,8.129048,1311.751465,,,,normal-low,normal,synthetic_prototype
2026-07-14,22:40:50,176.201950,28.407835,23701.183594,25.421076,62.757607,24.630911,47.877434,8.128334,1312.248169,,,,normal-low,normal,synthetic_prototype
2026-07-14,22:40:55,176.202347,28.405695,23692.992188,25.421217,62.762951,24.631268,47.867802,8.127477,1311.736328,,,,normal-low,normal,synthetic_prototype
2026-07-14,22:41:00,176.201492,28.405926,23690.423828,25.422729,62.767284,24.633251,47.863567,8.121846,1311.749390,,,,normal-low,normal,synthetic_prototype
2026-07-14,22:41:05,176.197906,28.399483,23693.013672,25.424809,62.773090,24.633604,47.870090,8.122106,1311.805664,,,,normal-low,normal,synthetic_prototype
2026-07-14,22:41:10,176.205688,28.396379,23693.037109,25.426502,62.772346,24.636257,47.876015,8.121973,1311.805298,,,,normal-low,normal,synthetic_prototype
2026-07-14,22:41:15,176.189606,28.398405,23702.322266,25.421789,62.767342,24.639509,47.889938,8.120218,1311.763184,,,,normal-low,normal,synthetic_prototype
2026-07-14,22:41:20,176.182816,28.408625,23694.332031,25.420059,62.767975,24.637726,47.867790,8.117195,1311.558472,,,,normal-low,normal,synthetic_prototype
2026-07-14,22:41:25,176.203094,28.411896,23683.640625,25.415035,62.761707,24.638529,47.862728,8.118466,1311.088379,,,,normal-low,normal,synthetic_prototype
2026-07-14,22:41:30,176.191238,28.418350,23681.316406,25.418285,62.766441,24.638815,47.866268,8.119333,1311.052368,,,,normal-low,normal,synthetic_prototype
2026-07-14,22:41:35,176.184570,28.416632,23688.726562,25.420679,62.769348,24.634939,47.871773,8.121349,1311.497925,,,,normal-low,normal,synthetic_prototype
2026-07-14,22:41:40,176.197830,28.412230,23682.103516,25.416676,62.766518,24.636276,47.868645,8.123776,1311.357666,,,,normal-low,normal,synthetic_prototype
2026-07-14,22:41:45,176.199860,28.412689,23681.445312,25.419165,62.769375,24.634291,47.871319,8.126680,1311.476685,,,,normal-low,normal,synthetic_prototype
2026-07-14,22:41:50,176.199799,28.409025,23690.285156,25.415489,62.768608,24.639574,47.880646,8.126781,1311.649658,,,,normal-low,normal,synthetic_prototype
2026-07-14,22:41:55,176.191544,28.413092,23690.980469,25.414949,62.771828,24.638979,47.877281,8.127853,1311.696899,,,,normal-low,normal,synthetic_prototype
2026-07-14,22:42:00,176.191635,28.420050,23688.406250,25.420683,62.771866,24.640266,47.877380,8.130867,1311.691528,,,,normal-low,normal,synthetic_prototype
2026-07-14,22:42:05,176.199814,28.421286,23696.000000,25.424961,62.766502,24.641840,47.888752,8.133886,1312.063477,,,,normal-low,normal,synthetic_prototype
2026-07-14,22:42:10,176.215027,28.420534,23698.630859,25.423237,62.767212,24.640497,47.893211,8.134021,1312.179810,,,,normal-low,normal,synthetic_prototype
2026-07-14,22:42:15,176.206451,28.423674,23707.912109,25.426193,62.764984,24.638561,47.903511,8.134358,1312.537231,,,,normal-low,normal,synthetic_prototype
2026-07-14,22:42:20,176.237411,28.416355,23715.746094,25.423119,62.763840,24.644236,47.918293,8.136141,1312.754517,,,,normal-low,normal,synthetic_prototype
2026-07-14,22:42:25,176.246292,28.418577,23726.421875,25.425871,62.763653,24.642864,47.929321,8.138108,1312.871338,,,,normal-low,normal,synthetic_prototype
2026-07-14,22:42:30,176.242065,28.417253,23720.115234,25.425556,62.760471,24.642132,47.933994,8.135845,1312.734009,,,,normal-low,normal,synthetic_prototype
2026-07-14,22:42:35,176.253250,28.421200,23716.980469,25.421854,62.756588,24.643795,47.934292,8.134546,1312.720093,,,,normal-low,normal,synthetic_prototype
2026-07-14,22:42:40,176.248367,28.425808,23720.210938,25.422417,62.754734,24.647173,47.921062,8.133720,1312.574951,,,,normal-low,normal,synthetic_prototype
2026-07-14,22:42:45,176.237167,28.427757,23719.728516,25.425785,62.758869,24.645081,47.919697,8.137137,1312.290283,,,,normal-low,normal,synthetic_prototype
2026-07-14,22:42:50,176.213135,28.429798,23705.880859,25.425529,62.758171,24.646410,47.899654,8.133329,1311.999146,,,,normal-low,normal,synthetic_prototype
2026-07-14,22:42:55,176.208679,28.433325,23702.722656,25.426079,62.762032,24.644718,47.901485,8.134736,1312.155518,,,,normal-low,normal,synthetic_prototype
2026-07-14,22:43:00,176.221512,28.430878,23714.474609,25.427210,62.759750,24.642075,47.907303,8.135674,1312.340454,,,,normal-low,normal,synthetic_prototype
2026-07-14,22:43:05,176.220810,28.435436,23720.996094,25.428200,62.757507,24.640659,47.914196,8.136804,1312.470825,,,,normal-low,normal,synthetic_prototype
2026-07-14,22:43:10,176.214447,28.444914,23714.859375,25.430042,62.760269,24.644653,47.905472,8.138067,1312.296997,,,,normal-low,normal,synthetic_prototype
2026-07-14,22:43:15,176.199036,28.439907,23707.818359,25.431551,62.760834,24.645252,47.897518,8.138756,1312.022827,,,,normal-low,normal,synthetic_prototype
2026-07-14,22:43:20,176.183441,28.435844,23700.904297,25.430107,62.758488,24.642975,47.887077,8.134975,1311.958374,,,,normal-low,normal,synthetic_prototype
2026-07-14,22:43:25,176.179276,28.441269,23704.064453,25.430634,62.765366,24.641371,47.887627,8.135826,1312.179565,,,,normal-low,normal,synthetic_prototype
2026-07-14,22:43:30,176.201767,28.442261,23720.847656,25.427114,62.763988,24.644592,47.911774,8.135921,1312.735840,,,,normal-low,normal,synthetic_prototype
2026-07-14,22:43:35,176.167709,28.440639,23722.822266,25.427425,62.759266,24.646214,47.913094,8.130685,1312.955688,,,,normal-low,normal,synthetic_prototype
2026-07-14,22:43:40,176.186249,28.441254,23726.875000,25.422808,62.761650,24.646927,47.898972,8.132972,1313.122437,,,,normal-low,normal,synthetic_prototype
2026-07-14,22:43:45,176.191971,28.437054,23725.876953,25.419039,62.763248,24.645136,47.900860,8.134713,1312.951050,,,,normal-low,normal,synthetic_prototype
2026-07-14,22:43:50,176.183350,28.435040,23730.263672,25.421169,62.761883,24.642673,47.923088,8.133874,1312.889648,,,,normal-low,normal,synthetic_prototype
2026-07-14,22:43:55,176.190933,28.441738,23726.603516,25.420980,62.766109,24.644335,47.932426,8.137182,1312.832886,,,,normal-low,normal,synthetic_prototype
2026-07-14,22:44:00,176.210266,28.439112,23728.732422,25.419184,62.767628,24.645248,47.933296,8.137854,1312.746460,,,,normal-low,normal,synthetic_prototype
2026-07-14,22:44:05,176.209137,28.439276,23730.572266,25.413849,62.767597,24.643200,47.921284,8.137427,1312.819458,,,,normal-low,normal,synthetic_prototype
2026-07-14,22:44:10,176.220474,28.436594,23737.169922,25.413792,62.769600,24.643290,47.915886,8.137649,1312.625854,,,,normal-low,normal,synthetic_prototype
2026-07-14,22:44:15,176.217911,28.436329,23739.558594,25.416315,62.771767,24.639111,47.915291,8.139273,1312.627075,,,,normal-low,normal,synthetic_prototype
2026-07-14,22:44:20,176.195740,28.438637,23728.552734,25.417465,62.772629,24.639433,47.907162,8.136930,1312.516968,,,,normal-low,normal,synthetic_prototype
2026-07-14,22:44:25,176.198532,28.438076,23726.253906,25.418215,62.783203,24.638563,47.910030,8.133993,1312.287231,,,,normal-low,normal,synthetic_prototype
2026-07-14,22:44:30,176.186234,28.435295,23725.800781,25.416822,62.780384,24.639620,47.912033,8.134625,1312.302124,,,,normal-low,normal,synthetic_prototype
2026-07-14,22:44:35,176.198944,28.441288,23724.531250,25.416727,62.782387,24.637375,47.905895,8.135523,1312.248779,,,,normal-low,normal,synthetic_prototype
2026-07-14,22:44:40,176.205627,28.441414,23731.343750,25.414940,62.784477,24.635256,47.913151,8.134720,1312.658447,,,,normal-low,normal,synthetic_prototype
2026-07-14,22:44:45,176.199066,28.443174,23735.910156,25.418060,62.781101,24.634953,47.922615,8.135954,1312.612549,,,,normal-low,normal,synthetic_prototype
2026-07-14,22:44:50,176.201492,28.435476,23722.365234,25.419607,62.782276,24.634617,47.911983,8.136428,1311.977539,,,,normal-low,normal,synthetic_prototype
2026-07-14,22:44:55,176.184158,28.437273,23724.234375,25.415497,62.784111,24.635462,47.898273,8.135236,1311.982300,,,,normal-low,normal,synthetic_prototype
2026-07-14,22:45:00,176.181335,28.427992,23707.583984,25.419205,62.783382,24.633944,47.881004,8.137046,1311.511963,,,,normal-low,normal,synthetic_prototype
2026-07-14,22:45:05,176.189850,28.431263,23705.935547,25.422354,62.787235,24.639988,47.892677,8.141228,1311.656250,,,,normal-low,normal,synthetic_prototype
2026-07-14,22:45:10,176.188950,28.431326,23696.335938,25.419943,62.789330,24.641130,47.895145,8.138928,1311.348267,,,,normal-low,normal,synthetic_prototype
2026-07-14,22:45:15,176.188141,28.434969,23697.146484,25.422762,62.790276,24.643209,47.891922,8.139654,1311.421753,,,,normal-low,normal,synthetic_prototype
2026-07-14,22:45:20,176.183472,28.437809,23695.218750,25.419806,62.787640,24.641956,47.886600,8.136578,1311.254639,,,,normal-low,normal,synthetic_prototype
2026-07-14,22:45:25,176.166428,28.443077,23682.146484,25.422115,62.785213,24.641186,47.866364,8.135336,1310.869385,,,,normal-low,normal,synthetic_prototype
2026-07-14,22:45:30,176.163101,28.446520,23691.126953,25.421379,62.777302,24.639153,47.881199,8.135729,1311.034912,,,,normal-low,normal,synthetic_prototype
2026-07-14,22:45:35,176.181213,28.448351,23698.962891,25.426527,62.774002,24.639267,47.885540,8.140888,1311.201782,,,,normal-low,normal,synthetic_prototype
2026-07-14,22:45:40,176.179260,28.444796,23698.314453,25.423250,62.774940,24.640278,47.894920,8.141472,1311.200195,,,,normal-low,normal,synthetic_prototype
2026-07-14,22:45:45,176.173035,28.444174,23702.179688,25.426081,62.776917,24.638824,47.895138,8.139318,1311.559692,,,,normal-low,normal,synthetic_prototype
2026-07-14,22:45:50,176.164429,28.447184,23704.873047,25.421734,62.773426,24.643059,47.896145,8.138700,1311.580078,,,,normal-low,normal,synthetic_prototype
2026-07-14,22:45:55,176.162460,28.452515,23698.923828,25.417471,62.775780,24.642859,47.889374,8.137588,1311.206299,,,,normal-low,normal,synthetic_prototype
2026-07-14,22:46:00,176.144043,28.453072,23704.568359,25.422783,62.771336,24.641758,47.901531,8.136178,1311.579224,,,,normal-low,normal,synthetic_prototype
2026-07-14,22:46:05,176.149918,28.455441,23698.287109,25.423208,62.772453,24.642380,47.900143,8.134121,1311.474854,,,,normal-low,normal,synthetic_prototype
2026-07-14,22:46:10,176.149353,28.459351,23679.935547,25.421978,62.766151,24.640699,47.875217,8.135667,1310.932007,,,,normal-low,normal,synthetic_prototype
2026-07-14,22:46:15,176.151962,28.457077,23673.087891,25.423399,62.768002,24.639021,47.878792,8.138238,1310.887451,,,,normal-low,normal,synthetic_prototype
2026-07-14,22:46:20,176.131302,28.453838,23676.416016,25.422703,62.769508,24.633793,47.877167,8.136012,1310.864624,,,,normal-low,normal,synthetic_prototype
2026-07-14,22:46:25,176.125870,28.445566,23674.781250,25.426748,62.768097,24.626141,47.878654,8.136750,1310.908081,,,,normal-low,normal,synthetic_prototype
2026-07-14,22:46:30,176.125854,28.445213,23668.158203,25.427132,62.772503,24.620548,47.878849,8.134582,1310.834839,,,,normal-low,normal,synthetic_prototype
2026-07-14,22:46:35,176.128174,28.448690,23652.646484,25.420532,62.766121,24.618320,47.860458,8.135840,1310.338379,,,,normal-low,normal,synthetic_prototype
2026-07-14,22:46:40,176.128342,28.435219,23646.818359,25.414726,62.758366,24.616245,47.851452,8.137597,1310.171509,,,,normal-low,normal,synthetic_prototype
2026-07-14,22:46:45,176.126877,28.438223,23640.470703,25.415524,62.761032,24.616676,47.859531,8.138095,1310.072998,,,,normal-low,normal,synthetic_prototype
2026-07-14,22:46:50,176.125473,28.437904,23636.566406,25.416399,62.758617,24.620636,47.855698,8.137358,1310.134888,,,,normal-low,normal,synthetic_prototype
2026-07-14,22:46:55,176.153336,28.437130,23638.662109,25.415497,62.756721,24.620872,47.850964,8.141595,1310.162598,,,,normal-low,normal,synthetic_prototype
2026-07-14,22:47:00,176.142365,28.432081,23631.912109,25.414097,62.760109,24.619236,47.850090,8.143928,1310.035767,,,,normal-low,normal,synthetic_prototype
2026-07-14,22:47:05,176.137924,28.429501,23648.404297,25.414019,62.759933,24.616306,47.875645,8.144940,1310.370483,,,,normal-low,normal,synthetic_prototype
2026-07-14,22:47:10,176.140884,28.432318,23642.894531,25.422174,62.761246,24.615086,47.872841,8.148017,1310.694214,,,,normal-low,normal,synthetic_prototype
2026-07-14,22:47:15,176.137451,28.429976,23643.900391,25.421095,62.757896,24.618725,47.862553,8.146326,1310.632935,,,,normal-low,normal,synthetic_prototype
2026-07-14,22:47:20,176.140488,28.426224,23638.066406,25.419853,62.761917,24.619022,47.854137,8.145875,1310.397705,,,,normal-low,normal,synthetic_prototype
2026-07-14,22:47:25,176.156586,28.425537,23641.542969,25.421936,62.761845,24.618896,47.863407,8.147619,1310.649048,,,,normal-low,normal,synthetic_prototype
2026-07-14,22:47:30,176.162003,28.423246,23637.810547,25.418240,62.759464,24.614483,47.852478,8.145692,1310.456543,,,,normal-low,normal,synthetic_prototype
2026-07-14,22:47:35,176.165054,28.425470,23651.953125,25.418659,62.756813,24.613573,47.857445,8.148249,1310.717773,,,,normal-low,normal,synthetic_prototype
2026-07-14,22:47:40,176.173080,28.425804,23639.712891,25.420223,62.759876,24.612646,47.852303,8.147634,1310.401978,,,,normal-low,normal,synthetic_prototype
2026-07-14,22:47:45,176.176865,28.435024,23631.177734,25.417740,62.764309,24.614714,47.836689,8.144711,1310.171875,,,,normal-low,normal,synthetic_prototype
2026-07-14,22:47:50,176.161545,28.432079,23626.107422,25.413231,62.769077,24.611300,47.840530,8.144651,1310.103516,,,,normal-low,normal,synthetic_prototype
2026-07-14,22:47:55,176.155243,28.430014,23617.472656,25.414537,62.777710,24.617014,47.836597,8.141839,1310.113037,,,,normal-low,normal,synthetic_prototype
2026-07-14,22:48:00,176.159760,28.437628,23628.355469,25.414850,62.774811,24.619972,47.849606,8.144791,1310.416870,,,,normal-low,normal,synthetic_prototype
2026-07-14,22:48:05,176.176559,28.438072,23620.982422,25.416206,62.775692,24.620068,47.847088,8.148778,1310.159302,,,,normal-low,normal,synthetic_prototype
2026-07-14,22:48:10,176.179321,28.440262,23622.425781,25.417892,62.774166,24.620070,47.845253,8.146134,1310.227173,,,,normal-low,normal,synthetic_prototype
2026-07-14,22:48:15,176.158188,28.438953,23623.917969,25.423847,62.764221,24.618845,47.844990,8.146738,1310.283813,,,,normal-low,normal,synthetic_prototype
2026-07-14,22:48:20,176.165497,28.439470,23623.058594,25.424343,62.759426,24.616732,47.834934,8.146144,1310.356079,,,,normal-low,normal,synthetic_prototype
2026-07-14,22:48:25,176.167374,28.443369,23626.111328,25.428371,62.760635,24.617048,47.840851,8.143357,1310.245850,,,,normal-low,normal,synthetic_prototype
2026-07-14,22:48:30,176.166870,28.444786,23625.062500,25.432129,62.758350,24.617434,47.838642,8.143907,1310.097900,,,,normal-low,normal,synthetic_prototype
2026-07-14,22:48:35,176.174011,28.441761,23631.023438,25.436853,62.751549,24.614595,47.849709,8.145003,1310.285889,,,,normal-low,normal,synthetic_prototype
2026-07-14,22:48:40,176.183716,28.439579,23615.490234,25.436586,62.756256,24.616974,47.836353,8.145753,1310.062866,,,,normal-low,normal,synthetic_prototype
2026-07-14,22:48:45,176.170822,28.435333,23610.455078,25.441139,62.759869,24.612246,47.825340,8.144800,1309.892456,,,,normal-low,normal,synthetic_prototype
2026-07-14,22:48:50,176.161453,28.440662,23608.748047,25.448303,62.761623,24.604519,47.833672,8.145849,1310.087891,,,,normal-low,normal,synthetic_prototype
2026-07-14,22:48:55,176.135574,28.434698,23612.625000,25.450691,62.755634,24.605556,47.839119,8.143468,1310.490234,,,,normal-low,normal,synthetic_prototype
2026-07-14,22:49:00,176.137497,28.431490,23624.994141,25.451189,62.752567,24.606602,47.854969,8.147052,1310.690674,,,,normal-low,normal,synthetic_prototype
2026-07-14,22:49:05,176.141144,28.424809,23628.955078,25.453999,62.751816,24.607525,47.853142,8.146198,1310.959839,,,,normal-low,normal,synthetic_prototype
2026-07-14,22:49:10,176.153580,28.419167,23619.777344,25.452318,62.752888,24.603928,47.831787,8.146799,1310.692749,,,,normal-low,normal,synthetic_prototype
2026-07-14,22:49:15,176.149918,28.421610,23622.126953,25.460308,62.753582,24.600698,47.823124,8.151499,1310.975586,,,,normal-low,normal,synthetic_prototype
2026-07-14,22:49:20,176.155624,28.419226,23626.947266,25.458052,62.757008,24.599514,47.824703,8.151597,1311.255737,,,,normal-low,normal,synthetic_prototype
2026-07-14,22:49:25,176.157394,28.413847,23632.396484,25.460575,62.756645,24.598154,47.828632,8.150987,1311.715210,,,,normal-low,normal,synthetic_prototype
2026-07-14,22:49:30,176.149658,28.411129,23631.095703,25.457258,62.760246,24.595486,47.829281,8.151123,1311.500122,,,,normal-low,normal,synthetic_prototype
2026-07-14,22:49:35,176.145889,28.410130,23639.675781,25.457096,62.758778,24.597239,47.835598,8.149147,1311.516479,,,,normal-low,normal,synthetic_prototype
2026-07-14,22:49:40,176.142624,28.407986,23641.402344,25.459141,62.761494,24.597738,47.831539,8.145292,1311.945190,,,,normal-low,normal,synthetic_prototype
2026-07-14,22:49:45,176.156189,28.414886,23653.382812,25.456488,62.758610,24.597988,47.842682,8.147306,1312.387329,,,,normal-low,normal,synthetic_prototype
2026-07-14,22:49:50,176.168747,28.403280,23657.152344,25.458464,62.759281,24.598207,47.866470,8.148478,1312.965576,,,,normal-low,normal,synthetic_prototype
2026-07-14,22:49:55,176.163651,28.399612,23660.701172,25.458441,62.760666,24.596476,47.874893,8.147439,1313.011841,,,,normal-low,normal,synthetic_prototype
2026-07-14,22:50:00,176.156128,28.401266,23658.507812,25.459829,62.762012,24.600109,47.876854,8.147622,1313.099121,,,,normal-low,normal,synthetic_prototype
2026-07-14,22:50:05,176.133408,28.410437,23652.779297,25.459608,62.758575,24.602224,47.874172,8.146604,1313.191040,,,,normal-low,normal,synthetic_prototype
2026-07-14,22:50:10,176.123764,28.414804,23638.636719,25.462284,62.757805,24.600502,47.854027,8.145629,1312.759399,,,,normal-low,normal,synthetic_prototype
2026-07-14,22:50:15,176.110352,28.414959,23651.228516,25.466810,62.755878,24.598848,47.865131,8.144916,1313.088013,,,,normal-low,normal,synthetic_prototype
2026-07-14,22:50:20,176.107574,28.412146,23653.445312,25.467278,62.758656,24.597370,47.855274,8.146391,1313.082031,,,,normal-low,normal,synthetic_prototype
2026-07-14,22:50:25,176.092789,28.409292,23659.712891,25.465546,62.763256,24.593849,47.854954,8.146846,1313.288696,,,,normal-low,normal,synthetic_prototype
2026-07-14,22:50:30,176.091507,28.406246,23648.332031,25.467657,62.763100,24.598356,47.845322,8.146661,1312.836548,,,,normal-low,normal,synthetic_prototype
2026-07-14,22:50:35,176.111603,28.406399,23647.908203,25.471443,62.759743,24.597305,47.847641,8.150265,1312.851196,,,,normal-low,normal,synthetic_prototype
2026-07-14,22:50:40,176.112793,28.408855,23634.699219,25.474176,62.763027,24.598244,47.831692,8.151012,1312.437134,,,,normal-low,normal,synthetic_prototype
2026-07-14,22:50:45,176.088593,28.402369,23636.103516,25.479553,62.761948,24.600235,47.839626,8.150689,1312.533691,,,,normal-low,normal,synthetic_prototype
2026-07-14,22:50:50,176.103577,28.400433,23631.265625,25.474773,62.761902,24.598845,47.842987,8.150010,1312.390869,,,,normal-low,normal,synthetic_prototype
2026-07-14,22:50:55,176.106522,28.395420,23625.667969,25.475506,62.761814,24.596935,47.835114,8.150210,1312.272949,,,,normal-low,normal,synthetic_prototype
2026-07-14,22:51:00,176.120209,28.396383,23605.990234,25.476627,62.762554,24.597248,47.819412,8.153338,1311.636475,,,,normal-low,normal,synthetic_prototype
2026-07-14,22:51:05,176.119202,28.396538,23599.287109,25.470413,62.757671,24.599987,47.816505,8.151044,1311.436401,,,,normal-low,normal,synthetic_prototype
2026-07-14,22:51:10,176.121246,28.391962,23615.355469,25.470888,62.754448,24.602423,47.831024,8.155458,1311.920166,,,,normal-low,normal,synthetic_prototype
2026-07-14,22:51:15,176.119339,28.389603,23616.927734,25.471386,62.756008,24.603094,47.835621,8.158139,1312.085571,,,,normal-low,normal,synthetic_prototype
2026-07-14,22:51:20,176.110733,28.388031,23627.824219,25.468876,62.754574,24.609777,47.843185,8.156539,1312.320435,,,,normal-low,normal,synthetic_prototype
2026-07-14,22:51:25,176.097824,28.387030,23627.570312,25.468161,62.753929,24.608639,47.848839,8.155154,1312.236572,,,,normal-low,normal,synthetic_prototype
2026-07-14,22:51:30,176.112473,28.387976,23633.181641,25.470846,62.761414,24.605101,47.839138,8.157975,1312.088379,,,,normal-low,normal,synthetic_prototype
2026-07-14,22:51:35,176.122894,28.389048,23623.451172,25.468149,62.762104,24.608166,47.827351,8.155164,1311.691528,,,,normal-low,normal,synthetic_prototype
2026-07-14,22:51:40,176.119278,28.387516,23622.470703,25.467863,62.756096,24.605534,47.827736,8.156715,1311.880371,,,,normal-low,normal,synthetic_prototype
2026-07-14,22:51:45,176.117462,28.391783,23630.521484,25.467201,62.752964,24.607828,47.841045,8.161704,1312.182007,,,,normal-low,normal,synthetic_prototype
2026-07-14,22:51:50,176.107849,28.395542,23615.789062,25.467979,62.759285,24.607077,47.838230,8.160820,1311.515625,,,,normal-low,normal,synthetic_prototype
2026-07-14,22:51:55,176.111130,28.388498,23617.326172,25.466631,62.758099,24.605814,47.839050,8.161435,1311.514404,,,,normal-low,normal,synthetic_prototype
2026-07-14,22:52:00,176.129517,28.391388,23621.062500,25.466761,62.755386,24.602942,47.853294,8.164977,1311.362061,,,,normal-low,normal,synthetic_prototype
2026-07-14,22:52:05,176.133362,28.387177,23635.566406,25.468748,62.750294,24.601049,47.866241,8.164602,1311.959595,,,,normal-low,normal,synthetic_prototype
2026-07-14,22:52:10,176.130051,28.387117,23627.853516,25.470526,62.758152,24.602329,47.861347,8.166650,1311.698364,,,,normal-low,normal,synthetic_prototype
2026-07-14,22:52:15,176.117126,28.392252,23627.525391,25.468792,62.753906,24.605528,47.865124,8.165776,1311.485352,,,,normal-low,normal,synthetic_prototype
2026-07-14,22:52:20,176.119995,28.396784,23632.152344,25.470781,62.753780,24.604023,47.860149,8.167565,1311.531982,,,,normal-low,normal,synthetic_prototype
2026-07-14,22:52:25,176.098969,28.393019,23627.798828,25.467014,62.755394,24.608946,47.857883,8.164394,1311.151611,,,,normal-low,normal,synthetic_prototype
2026-07-14,22:52:30,176.107010,28.393957,23626.542969,25.466108,62.750149,24.609087,47.854294,8.163939,1310.932861,,,,normal-low,normal,synthetic_prototype
2026-07-14,22:52:35,176.117126,28.390482,23615.708984,25.464891,62.748878,24.610548,47.847187,8.167496,1310.586792,,,,normal-low,normal,synthetic_prototype
2026-07-14,22:52:40,176.130295,28.388710,23622.447266,25.471453,62.746891,24.610504,47.856853,8.166223,1311.126465,,,,normal-low,normal,synthetic_prototype
2026-07-14,22:52:45,176.130417,28.389585,23635.332031,25.475735,62.745693,24.612434,47.868279,8.166430,1311.385132,,,,normal-low,normal,synthetic_prototype
2026-07-14,22:52:50,176.114655,28.388702,23625.208984,25.472065,62.741749,24.613062,47.853867,8.165413,1310.853149,,,,normal-low,normal,synthetic_prototype
2026-07-14,22:52:55,176.116028,28.380993,23638.187500,25.478241,62.739594,24.612995,47.884869,8.168014,1311.408325,,,,normal-low,normal,synthetic_prototype
2026-07-14,22:53:00,176.125198,28.388016,23630.310547,25.479195,62.737568,24.612345,47.873230,8.168576,1311.057495,,,,normal-low,normal,synthetic_prototype
2026-07-14,22:53:05,176.131927,28.388357,23631.949219,25.479643,62.727928,24.613930,47.881737,8.172788,1311.248779,,,,normal-low,normal,synthetic_prototype
2026-07-14,22:53:10,176.125931,28.389076,23619.167969,25.485859,62.718769,24.610804,47.870827,8.175820,1310.965698,,,,normal-low,normal,synthetic_prototype
2026-07-14,22:53:15,176.127289,28.393650,23622.710938,25.483730,62.723007,24.612398,47.875069,8.177581,1310.919800,,,,normal-low,normal,synthetic_prototype
2026-07-14,22:53:20,176.140396,28.399326,23614.488281,25.484493,62.722160,24.613092,47.870190,8.184161,1310.406738,,,,normal-low,normal,synthetic_prototype
2026-07-14,22:53:25,176.145325,28.397802,23623.859375,25.488894,62.728462,24.609377,47.867126,8.185572,1310.528442,,,,normal-low,normal,synthetic_prototype
2026-07-14,22:53:30,176.151001,28.403193,23619.912109,25.486120,62.731575,24.610023,47.861156,8.188119,1310.300537,,,,normal-low,normal,synthetic_prototype
2026-07-14,22:53:35,176.167084,28.398556,23612.257812,25.486570,62.729290,24.608601,47.854656,8.187922,1310.409180,,,,normal-low,normal,synthetic_prototype
2026-07-14,22:53:40,176.170135,28.395830,23605.619141,25.489462,62.729382,24.604057,47.846134,8.190080,1310.298828,,,,normal-low,normal,synthetic_prototype
2026-07-14,22:53:45,176.167206,28.398533,23606.167969,25.492756,62.732086,24.599655,47.847069,8.186945,1310.207275,,,,normal-low,normal,synthetic_prototype
2026-07-14,22:53:50,176.176849,28.400322,23611.285156,25.492418,62.741432,24.602571,47.840076,8.189308,1310.513062,,,,normal-low,normal,synthetic_prototype
2026-07-14,22:53:55,176.186600,28.406500,23609.302734,25.490126,62.742016,24.603510,47.844002,8.188703,1310.288818,,,,normal-low,normal,synthetic_prototype
2026-07-14,22:54:00,176.176849,28.407394,23603.847656,25.495703,62.742706,24.601238,47.849022,8.187835,1310.290283,,,,normal-low,normal,synthetic_prototype
2026-07-14,22:54:05,176.175629,28.402771,23595.277344,25.496731,62.740494,24.599243,47.852448,8.192805,1309.985596,,,,normal-low,normal,synthetic_prototype
2026-07-14,22:54:10,176.167618,28.403296,23585.218750,25.494013,62.736240,24.603485,47.849384,8.189253,1309.916748,,,,normal-low,normal,synthetic_prototype
2026-07-14,22:54:15,176.173691,28.401016,23588.849609,25.495998,62.736454,24.601219,47.851936,8.194083,1309.768188,,,,normal-low,normal,synthetic_prototype
2026-07-14,22:54:20,176.176315,28.399231,23598.335938,25.501459,62.741859,24.607538,47.858292,8.195542,1309.954102,,,,normal-low,normal,synthetic_prototype
2026-07-14,22:54:25,176.166702,28.392220,23608.460938,25.498848,62.738159,24.607939,47.870056,8.193062,1310.077881,,,,normal-low,normal,synthetic_prototype
2026-07-14,22:54:30,176.165070,28.391819,23598.707031,25.492905,62.740715,24.606209,47.867508,8.192994,1309.737793,,,,normal-low,normal,synthetic_prototype
2026-07-14,22:54:35,176.167786,28.394241,23605.378906,25.494751,62.736073,24.608456,47.867710,8.195429,1310.006470,,,,normal-low,normal,synthetic_prototype
2026-07-14,22:54:40,176.176697,28.392838,23607.326172,25.497787,62.732288,24.608940,47.868923,8.193007,1309.988037,,,,normal-low,normal,synthetic_prototype
2026-07-14,22:54:45,176.177765,28.389227,23615.750000,25.496393,62.733891,24.610466,47.877937,8.190874,1310.441528,,,,normal-low,normal,synthetic_prototype
2026-07-14,22:54:50,176.173737,28.382374,23612.806641,25.494976,62.734741,24.612751,47.884438,8.187037,1310.284912,,,,normal-low,normal,synthetic_prototype
2026-07-14,22:54:55,176.188477,28.388029,23617.097656,25.495832,62.734936,24.610300,47.880562,8.192120,1310.301270,,,,normal-low,normal,synthetic_prototype
2026-07-14,22:55:00,176.185104,28.389816,23613.373047,25.499336,62.736607,24.610367,47.869259,8.191944,1310.098022,,,,normal-low,normal,synthetic_prototype
2026-07-14,22:55:05,176.160095,28.389320,23618.716797,25.503330,62.735023,24.609844,47.876606,8.194401,1310.161621,,,,normal-low,normal,synthetic_prototype
2026-07-14,22:55:10,176.150681,28.393915,23627.070312,25.499445,62.734516,24.614031,47.887314,8.190659,1310.158569,,,,normal-low,normal,synthetic_prototype
2026-07-14,22:55:15,176.146103,28.400885,23628.820312,25.499172,62.734261,24.611500,47.884033,8.192421,1310.360229,,,,normal-low,normal,synthetic_prototype
2026-07-14,22:55:20,176.141342,28.399923,23635.279297,25.500916,62.732018,24.614498,47.897449,8.192331,1310.461914,,,,normal-low,normal,synthetic_prototype
2026-07-14,22:55:25,176.153900,28.408592,23630.955078,25.496071,62.738010,24.614609,47.900242,8.193210,1310.499634,,,,normal-low,normal,synthetic_prototype
2026-07-14,22:55:30,176.185104,28.412365,23628.578125,25.493305,62.733818,24.614649,47.900204,8.194569,1310.425049,,,,normal-low,normal,synthetic_prototype
2026-07-14,22:55:35,176.186279,28.408403,23625.712891,25.493502,62.734619,24.610720,47.893616,8.192672,1310.458740,,,,normal-low,normal,synthetic_prototype
2026-07-14,22:55:40,176.175781,28.408407,23626.617188,25.496153,62.740295,24.612204,47.890621,8.192672,1310.864502,,,,normal-low,normal,synthetic_prototype
2026-07-14,22:55:45,176.175140,28.409737,23626.230469,25.488935,62.743042,24.612188,47.886242,8.191674,1310.427856,,,,normal-low,normal,synthetic_prototype
2026-07-14,22:55:50,176.177139,28.408974,23627.169922,25.488691,62.740349,24.611990,47.880619,8.191633,1310.483643,,,,normal-low,normal,synthetic_prototype
2026-07-14,22:55:55,176.189224,28.404184,23629.320312,25.483622,62.739082,24.618113,47.883041,8.192801,1310.481934,,,,normal-low,normal,synthetic_prototype
2026-07-14,22:56:00,176.181900,28.410923,23631.363281,25.483976,62.744137,24.613428,47.888878,8.190158,1310.886719,,,,normal-low,normal,synthetic_prototype
2026-07-14,22:56:05,176.203201,28.413082,23629.345703,25.484697,62.747944,24.612289,47.880604,8.193883,1310.473145,,,,normal-low,normal,synthetic_prototype
2026-07-14,22:56:10,176.214005,28.406853,23634.601562,25.480314,62.751762,24.614012,47.889614,8.195045,1310.781982,,,,normal-low,normal,synthetic_prototype
2026-07-14,22:56:15,176.220200,28.411667,23634.419922,25.480938,62.752468,24.615618,47.882320,8.191858,1310.728638,,,,normal-low,normal,synthetic_prototype
2026-07-14,22:56:20,176.228073,28.405777,23635.371094,25.488279,62.753273,24.614847,47.876701,8.194008,1311.092285,,,,normal-low,normal,synthetic_prototype
2026-07-14,22:56:25,176.233109,28.400820,23634.775391,25.491253,62.755150,24.614998,47.867447,8.194129,1311.131958,,,,normal-low,normal,synthetic_prototype
2026-07-14,22:56:30,176.241455,28.397593,23640.587891,25.495203,62.754547,24.618414,47.881817,8.198014,1311.582397,,,,normal-low,normal,synthetic_prototype
2026-07-14,22:56:35,176.230942,28.395140,23637.716797,25.498108,62.757843,24.612164,47.871647,8.197163,1311.778809,,,,normal-low,normal,synthetic_prototype
2026-07-14,22:56:40,176.229034,28.393965,23648.470703,25.499128,62.757015,24.608356,47.884422,8.198284,1312.362671,,,,normal-low,normal,synthetic_prototype
2026-07-14,22:56:45,176.231384,28.392952,23642.921875,25.496767,62.758560,24.609873,47.878475,8.198433,1311.901978,,,,normal-low,normal,synthetic_prototype
2026-07-14,22:56:50,176.235550,28.387207,23647.265625,25.490089,62.756420,24.614403,47.883690,8.197829,1312.076416,,,,normal-low,normal,synthetic_prototype
2026-07-14,22:56:55,176.241959,28.391745,23641.046875,25.494114,62.751511,24.612936,47.879131,8.197444,1311.676025,,,,normal-low,normal,synthetic_prototype
2026-07-14,22:57:00,176.251480,28.389227,23641.986328,25.493971,62.752117,24.617718,47.873455,8.197146,1311.763184,,,,normal-low,normal,synthetic_prototype
2026-07-14,22:57:05,176.248474,28.387821,23646.119141,25.498226,62.751179,24.619438,47.884377,8.196952,1312.022827,,,,normal-low,normal,synthetic_prototype
2026-07-14,22:57:10,176.250763,28.386152,23646.416016,25.498981,62.747299,24.617941,47.888332,8.197924,1312.214478,,,,normal-low,normal,synthetic_prototype
2026-07-14,22:57:15,176.246613,28.393856,23658.773438,25.496733,62.746853,24.618406,47.913460,8.193251,1312.123779,,,,normal-low,normal,synthetic_prototype
2026-07-14,22:57:20,176.240250,28.389353,23665.767578,25.500999,62.744946,24.615219,47.920753,8.195005,1312.482422,,,,normal-low,normal,synthetic_prototype
2026-07-14,22:57:25,176.227966,28.380377,23674.058594,25.498838,62.749462,24.614447,47.917358,8.196457,1312.522949,,,,normal-low,normal,synthetic_prototype
2026-07-14,22:57:30,176.198059,28.381636,23662.726562,25.499754,62.749905,24.610695,47.902550,8.191113,1312.084839,,,,normal-low,normal,synthetic_prototype
2026-07-14,22:57:35,176.192657,28.371696,23652.816406,25.497707,62.750618,24.613003,47.895161,8.187739,1311.939941,,,,normal-low,normal,synthetic_prototype
2026-07-14,22:57:40,176.201813,28.370026,23648.900391,25.491953,62.746960,24.617275,47.901688,8.186205,1311.924561,,,,normal-low,normal,synthetic_prototype
2026-07-14,22:57:45,176.183136,28.368933,23647.138672,25.489878,62.745628,24.622379,47.884796,8.186002,1311.854370,,,,normal-low,normal,synthetic_prototype
2026-07-14,22:57:50,176.195023,28.365282,23651.193359,25.487240,62.742146,24.624659,47.884651,8.180490,1312.188965,,,,normal-low,normal,synthetic_prototype
2026-07-14,22:57:55,176.194794,28.366728,23642.246094,25.484879,62.741653,24.620489,47.865818,8.177124,1312.152954,,,,normal-low,normal,synthetic_prototype
2026-07-14,22:58:00,176.184219,28.367256,23648.912109,25.494188,62.738728,24.619423,47.861912,8.176729,1312.437012,,,,normal-low,normal,synthetic_prototype
2026-07-14,22:58:05,176.179810,28.358807,23642.625000,25.494528,62.737061,24.620277,47.856445,8.176053,1312.268311,,,,normal-low,normal,synthetic_prototype
2026-07-14,22:58:10,176.170242,28.357630,23643.283203,25.490904,62.738655,24.620222,47.856476,8.172421,1312.327148,,,,normal-low,normal,synthetic_prototype
2026-07-14,22:58:15,176.176468,28.355410,23652.638672,25.489471,62.743496,24.618198,47.869659,8.170930,1312.686401,,,,normal-low,normal,synthetic_prototype
2026-07-14,22:58:20,176.178696,28.355608,23659.140625,25.486408,62.740490,24.618462,47.884949,8.172250,1312.865601,,,,normal-low,normal,synthetic_prototype
2026-07-14,22:58:25,176.168030,28.350992,23652.751953,25.487019,62.744221,24.618582,47.885841,8.170489,1312.862427,,,,normal-low,normal,synthetic_prototype
2026-07-14,22:58:30,176.171219,28.349339,23660.298828,25.480976,62.743393,24.617575,47.900482,8.168207,1313.159912,,,,normal-low,normal,synthetic_prototype
2026-07-14,22:58:35,176.159256,28.348814,23664.654297,25.478241,62.739941,24.614391,47.902336,8.167892,1313.219238,,,,normal-low,normal,synthetic_prototype
2026-07-14,22:58:40,176.161636,28.341299,23661.886719,25.475849,62.738358,24.614885,47.888229,8.170518,1313.399536,,,,normal-low,normal,synthetic_prototype
2026-07-14,22:58:45,176.170853,28.336834,23654.984375,25.477423,62.743805,24.615702,47.884140,8.169935,1313.313843,,,,normal-low,normal,synthetic_prototype
2026-07-14,22:58:50,176.161133,28.336842,23647.804688,25.473606,62.739037,24.619276,47.866238,8.169840,1312.914795,,,,normal-low,normal,synthetic_prototype
2026-07-14,22:58:55,176.160919,28.341848,23642.121094,25.468727,62.742023,24.621927,47.863140,8.166962,1312.675415,,,,normal-low,normal,synthetic_prototype
2026-07-14,22:59:00,176.157898,28.346279,23657.701172,25.471790,62.739738,24.621920,47.884438,8.167005,1312.854492,,,,normal-low,normal,synthetic_prototype
2026-07-14,22:59:05,176.164459,28.348967,23646.158203,25.470409,62.743416,24.621798,47.872154,8.166559,1312.549438,,,,normal-low,normal,synthetic_prototype
2026-07-14,22:59:10,176.161438,28.353622,23644.335938,25.472750,62.738155,24.620049,47.867970,8.169082,1312.332886,,,,normal-low,normal,synthetic_prototype
2026-07-14,22:59:15,176.161926,28.349792,23639.285156,25.471052,62.734783,24.617641,47.851395,8.173466,1312.392456,,,,normal-low,normal,synthetic_prototype
2026-07-14,22:59:20,176.143066,28.362658,23649.046875,25.473070,62.738041,24.614372,47.860798,8.172344,1312.690796,,,,normal-low,normal,synthetic_prototype
2026-07-14,22:59:25,176.141449,28.363077,23659.625000,25.478083,62.735886,24.614000,47.871811,8.174018,1313.044556,,,,normal-low,normal,synthetic_prototype
2026-07-14,22:59:30,176.155121,28.367325,23667.845703,25.477516,62.732643,24.612890,47.889519,8.176470,1313.418579,,,,normal-low,normal,synthetic_prototype
2026-07-14,22:59:35,176.157822,28.364666,23663.304688,25.473680,62.736549,24.612408,47.875355,8.173900,1313.347168,,,,normal-low,normal,synthetic_prototype
2026-07-14,22:59:40,176.161667,28.363159,23681.656250,25.474419,62.734180,24.612637,47.906513,8.174660,1313.725708,,,,normal-low,normal,synthetic_prototype
2026-07-14,22:59:45,176.167160,28.361082,23685.958984,25.474432,62.735130,24.612198,47.913422,8.173977,1313.717163,,,,normal-low,normal,synthetic_prototype
2026-07-14,22:59:50,176.171204,28.363277,23679.031250,25.474340,62.738560,24.608765,47.902000,8.173112,1313.668091,,,,normal-low,normal,synthetic_prototype
2026-07-14,22:59:55,176.172180,28.364855,23671.001953,25.472223,62.733994,24.610109,47.901295,8.172401,1313.444092,,,,normal-low,normal,synthetic_prototype
2026-07-14,23:00:00,176.160645,28.368509,23669.724609,25.470182,62.728851,24.611540,47.896156,8.171166,1313.374756,,,,normal-low,normal,synthetic_prototype
2026-07-14,23:00:05,176.162704,28.373840,23669.003906,25.468021,62.729622,24.615042,47.888004,8.169243,1313.213623,,,,normal-low,normal,synthetic_prototype
2026-07-14,23:00:10,176.170166,28.373684,23671.115234,25.465324,62.733345,24.613750,47.881931,8.171182,1313.080200,,,,normal-low,normal,synthetic_prototype
2026-07-14,23:00:15,176.187836,28.378426,23657.240234,25.460058,62.727169,24.616455,47.870613,8.171723,1312.478882,,,,normal-low,normal,synthetic_prototype
2026-07-14,23:00:20,176.186020,28.378569,23663.367188,25.458296,62.726765,24.614046,47.878162,8.171475,1312.579224,,,,normal-low,normal,synthetic_prototype
2026-07-14,23:00:25,176.187714,28.369854,23666.378906,25.453688,62.725594,24.613340,47.885735,8.169848,1312.538452,,,,normal-low,normal,synthetic_prototype
2026-07-14,23:00:30,176.177032,28.370197,23658.046875,25.453384,62.723213,24.612328,47.864788,8.169781,1312.586426,,,,normal-low,normal,synthetic_prototype
2026-07-14,23:00:35,176.185989,28.367479,23664.613281,25.457708,62.719105,24.613544,47.881748,8.175777,1312.810425,,,,normal-low,normal,synthetic_prototype
2026-07-14,23:00:40,176.198486,28.367168,23661.009766,25.456944,62.723598,24.611633,47.882957,8.178439,1312.872925,,,,normal-low,normal,synthetic_prototype
2026-07-14,23:00:45,176.208054,28.366802,23655.078125,25.458483,62.728584,24.613459,47.863457,8.180378,1312.807739,,,,normal-low,normal,synthetic_prototype
2026-07-14,23:00:50,176.224503,28.367018,23654.898438,25.458738,62.727150,24.618225,47.860939,8.182025,1312.764526,,,,normal-low,normal,synthetic_prototype
2026-07-14,23:00:55,176.226349,28.371510,23651.580078,25.453119,62.728439,24.619795,47.855129,8.177714,1312.340210,,,,normal-low,normal,synthetic_prototype
2026-07-14,23:01:00,176.229095,28.371611,23648.675781,25.455280,62.728016,24.618826,47.859703,8.178672,1312.353394,,,,normal-low,normal,synthetic_prototype
2026-07-14,23:01:05,176.234268,28.372925,23648.994141,25.458776,62.735043,24.622553,47.839912,8.178406,1312.235352,,,,normal-low,normal,synthetic_prototype
2026-07-14,23:01:10,176.243103,28.373348,23643.679688,25.457058,62.735027,24.619503,47.842106,8.179994,1312.057007,,,,normal-low,normal,synthetic_prototype
2026-07-14,23:01:15,176.233444,28.367701,23636.384766,25.456371,62.740009,24.620319,47.825912,8.179576,1311.566406,,,,normal-low,normal,synthetic_prototype
2026-07-14,23:01:20,176.221649,28.366383,23641.234375,25.455227,62.739483,24.621819,47.831207,8.180026,1311.774658,,,,normal-low,normal,synthetic_prototype
2026-07-14,23:01:25,176.221313,28.370344,23635.974609,25.454483,62.739773,24.625425,47.822857,8.181187,1311.506470,,,,normal-low,normal,synthetic_prototype
2026-07-14,23:01:30,176.204361,28.362381,23631.009766,25.454449,62.735172,24.624908,47.811646,8.179979,1311.338745,,,,normal-low,normal,synthetic_prototype
2026-07-14,23:01:35,176.195496,28.368862,23629.109375,25.456148,62.726620,24.623426,47.799938,8.175467,1311.248291,,,,normal-low,normal,synthetic_prototype
2026-07-14,23:01:40,176.189880,28.378300,23627.296875,25.456404,62.722797,24.620073,47.786938,8.173061,1311.294800,,,,normal-low,normal,synthetic_prototype
2026-07-14,23:01:45,176.189163,28.381714,23622.732422,25.455015,62.723713,24.616451,47.776169,8.171578,1311.082642,,,,normal-low,normal,synthetic_prototype
2026-07-14,23:01:50,176.187378,28.380552,23618.982422,25.458237,62.718575,24.621674,47.768646,8.172373,1310.972534,,,,normal-low,normal,synthetic_prototype
2026-07-14,23:01:55,176.197769,28.380457,23630.312500,25.460325,62.714085,24.623201,47.788963,8.176014,1311.264038,,,,normal-low,normal,synthetic_prototype
2026-07-14,23:02:00,176.196198,28.375591,23633.847656,25.463236,62.717228,24.626810,47.796230,8.175121,1311.490601,,,,normal-low,normal,synthetic_prototype
2026-07-14,23:02:05,176.203644,28.372980,23643.382812,25.463320,62.706951,24.627518,47.819431,8.179080,1311.425293,,,,normal-low,normal,synthetic_prototype
2026-07-14,23:02:10,176.207977,28.368851,23639.708984,25.459866,62.710182,24.630320,47.819912,8.178260,1311.389893,,,,normal-low,normal,synthetic_prototype
2026-07-14,23:02:15,176.206940,28.364061,23636.183594,25.458076,62.715122,24.629976,47.804867,8.176256,1310.908081,,,,normal-low,normal,synthetic_prototype
2026-07-14,23:02:20,176.194443,28.366114,23640.000000,25.454363,62.716572,24.626842,47.806171,8.174191,1310.908203,,,,normal-low,normal,synthetic_prototype
2026-07-14,23:02:25,176.213501,28.372038,23646.392578,25.455425,62.721130,24.627689,47.807056,8.177182,1311.137695,,,,normal-low,normal,synthetic_prototype
2026-07-14,23:02:30,176.201096,28.372700,23640.486328,25.457047,62.727413,24.631432,47.790546,8.177100,1310.755737,,,,normal-low,normal,synthetic_prototype
2026-07-14,23:02:35,176.200287,28.373484,23634.468750,25.454933,62.723240,24.633795,47.797020,8.173933,1310.686768,,,,normal-low,normal,synthetic_prototype
2026-07-14,23:02:40,176.167404,28.378036,23636.304688,25.454515,62.719238,24.631321,47.806534,8.171531,1310.754028,,,,normal-low,normal,synthetic_prototype
2026-07-14,23:02:45,176.171600,28.370539,23640.306641,25.451172,62.721001,24.631435,47.806957,8.170279,1310.967529,,,,normal-low,normal,synthetic_prototype
2026-07-14,23:02:50,176.156845,28.365982,23647.837891,25.450211,62.719467,24.630415,47.811207,8.171923,1310.988770,,,,normal-low,normal,synthetic_prototype
2026-07-14,23:02:55,176.173370,28.364586,23642.775391,25.450552,62.721073,24.628670,47.798801,8.173789,1311.114136,,,,normal-low,normal,synthetic_prototype
2026-07-14,23:03:00,176.183670,28.368311,23631.115234,25.444590,62.721821,24.631985,47.790287,8.175456,1310.572510,,,,normal-low,normal,synthetic_prototype
2026-07-14,23:03:05,176.175308,28.377159,23628.222656,25.444796,62.717659,24.628662,47.787807,8.176102,1310.544312,,,,normal-low,normal,synthetic_prototype
2026-07-14,23:03:10,176.185654,28.382528,23631.011719,25.446325,62.711586,24.628826,47.789200,8.178802,1310.555298,,,,normal-low,normal,synthetic_prototype
2026-07-14,23:03:15,176.187271,28.379351,23634.322266,25.448133,62.716171,24.627804,47.803143,8.181352,1310.795654,,,,normal-low,normal,synthetic_prototype
2026-07-14,23:03:20,176.186783,28.377460,23621.568359,25.441191,62.712734,24.624561,47.792984,8.181177,1310.064941,,,,normal-low,normal,synthetic_prototype
2026-07-14,23:03:25,176.195450,28.380838,23615.244141,25.443251,62.719688,24.617268,47.792751,8.179276,1309.915771,,,,normal-low,normal,synthetic_prototype
2026-07-14,23:03:30,176.183899,28.383718,23610.175781,25.437059,62.715534,24.618113,47.784473,8.180699,1309.917603,,,,normal-low,normal,synthetic_prototype
2026-07-14,23:03:35,176.176849,28.391171,23603.099609,25.436592,62.717281,24.619648,47.773453,8.177916,1309.687134,,,,normal-low,normal,synthetic_prototype
2026-07-14,23:03:40,176.161255,28.389704,23599.949219,25.436014,62.716579,24.617561,47.779305,8.174726,1309.259644,,,,normal-low,normal,synthetic_prototype
2026-07-14,23:03:45,176.167404,28.392006,23594.115234,25.434549,62.713745,24.619337,47.767590,8.172194,1309.156616,,,,normal-low,normal,synthetic_prototype
2026-07-14,23:03:50,176.193893,28.390957,23583.546875,25.430260,62.708447,24.619703,47.749363,8.175108,1308.985596,,,,normal-low,normal,synthetic_prototype
2026-07-14,23:03:55,176.192642,28.387962,23575.695312,25.424696,62.709194,24.618980,47.742245,8.173643,1308.831055,,,,normal-low,normal,synthetic_prototype
2026-07-14,23:04:00,176.193787,28.393665,23592.730469,25.419338,62.713009,24.617243,47.748356,8.175265,1309.303467,,,,normal-low,normal,synthetic_prototype
2026-07-14,23:04:05,176.193192,28.391382,23584.455078,25.417494,62.711784,24.619457,47.748425,8.173144,1308.973999,,,,normal-low,normal,synthetic_prototype
2026-07-14,23:04:10,176.208084,28.390148,23584.916016,25.415871,62.708878,24.616226,47.751907,8.173781,1309.273315,,,,normal-low,normal,synthetic_prototype
2026-07-14,23:04:15,176.197678,28.384127,23578.734375,25.414951,62.699081,24.614048,47.737297,8.173866,1309.169922,,,,normal-low,normal,synthetic_prototype
2026-07-14,23:04:20,176.213577,28.381289,23579.998047,25.411741,62.699516,24.616735,47.729809,8.177343,1309.424072,,,,normal-low,normal,synthetic_prototype
2026-07-14,23:04:25,176.203964,28.386536,23574.943359,25.410793,62.701721,24.619946,47.728149,8.175038,1309.322632,,,,normal-low,normal,synthetic_prototype
2026-07-14,23:04:30,176.207474,28.382488,23575.140625,25.414501,62.696491,24.616114,47.740906,8.178262,1309.100342,,,,normal-low,normal,synthetic_prototype
2026-07-14,23:04:35,176.192917,28.385384,23555.482422,25.407673,62.696217,24.620190,47.723660,8.172717,1308.567505,,,,normal-low,normal,synthetic_prototype
2026-07-14,23:04:40,176.183685,28.384974,23557.763672,25.405773,62.691551,24.618063,47.720123,8.173022,1308.776489,,,,normal-low,normal,synthetic_prototype
2026-07-14,23:04:45,176.171509,28.386763,23566.753906,25.405939,62.688385,24.616972,47.738979,8.174103,1309.046387,,,,normal-low,normal,synthetic_prototype
2026-07-14,23:04:50,176.164978,28.387552,23571.929688,25.403101,62.685638,24.617956,47.730968,8.171135,1309.476440,,,,normal-low,normal,synthetic_prototype
2026-07-14,23:04:55,176.150635,28.391928,23565.955078,25.406155,62.684006,24.614948,47.729710,8.171247,1309.405396,,,,normal-low,normal,synthetic_prototype
2026-07-14,23:05:00,176.132294,28.389759,23563.648438,25.409513,62.682789,24.614981,47.715744,8.166107,1309.403687,,,,normal-low,normal,synthetic_prototype
2026-07-14,23:05:05,176.147644,28.398270,23576.189453,25.410816,62.683826,24.613295,47.736668,8.169806,1309.592773,,,,normal-low,normal,synthetic_prototype
2026-07-14,23:05:10,176.144806,28.398743,23578.878906,25.410887,62.685898,24.617504,47.731998,8.172577,1309.560669,,,,normal-low,normal,synthetic_prototype
2026-07-14,23:05:15,176.141953,28.396832,23571.751953,25.408228,62.684624,24.619829,47.716938,8.169964,1309.405396,,,,normal-low,normal,synthetic_prototype
2026-07-14,23:05:20,176.139633,28.391901,23578.820312,25.409859,62.681339,24.621601,47.740620,8.168119,1309.674683,,,,normal-low,normal,synthetic_prototype
2026-07-14,23:05:25,176.119675,28.393230,23572.250000,25.411610,62.686314,24.621626,47.737400,8.166579,1309.725464,,,,normal-low,normal,synthetic_prototype
2026-07-14,23:05:30,176.120178,28.391230,23578.896484,25.408461,62.690361,24.623423,47.759552,8.164195,1309.871704,,,,normal-low,normal,synthetic_prototype
2026-07-14,23:05:35,176.134445,28.393017,23592.869141,25.408285,62.689541,24.623791,47.773666,8.164587,1309.999268,,,,normal-low,normal,synthetic_prototype
2026-07-14,23:05:40,176.136673,28.393446,23605.093750,25.402716,62.692200,24.625566,47.773834,8.165001,1310.143311,,,,normal-low,normal,synthetic_prototype
2026-07-14,23:05:45,176.150635,28.394766,23606.359375,25.410809,62.695461,24.624767,47.772984,8.168421,1310.187744,,,,normal-low,normal,synthetic_prototype
2026-07-14,23:05:50,176.164963,28.397089,23609.066406,25.411949,62.696507,24.628767,47.778355,8.172417,1310.246826,,,,normal-low,normal,synthetic_prototype
2026-07-14,23:05:55,176.158844,28.392031,23607.123047,25.404045,62.697403,24.630873,47.776443,8.168968,1310.058960,,,,normal-low,normal,synthetic_prototype
2026-07-14,23:06:00,176.163895,28.391560,23600.394531,25.403723,62.700188,24.629833,47.775208,8.170788,1309.952271,,,,normal-low,normal,synthetic_prototype
2026-07-14,23:06:05,176.169159,28.395851,23605.441406,25.403730,62.700535,24.630943,47.784828,8.171369,1310.100220,,,,normal-low,normal,synthetic_prototype
2026-07-14,23:06:10,176.173447,28.398079,23605.941406,25.398338,62.699089,24.630898,47.795715,8.172875,1310.140625,,,,normal-low,normal,synthetic_prototype
2026-07-14,23:06:15,176.184525,28.396187,23601.701172,25.399956,62.696701,24.632259,47.778133,8.172409,1310.064697,,,,normal-low,normal,synthetic_prototype
2026-07-14,23:06:20,176.185425,28.393309,23604.791016,25.394175,62.696404,24.635136,47.768860,8.174568,1309.972046,,,,normal-low,normal,synthetic_prototype
2026-07-14,23:06:25,176.191315,28.392534,23597.498047,25.393148,62.695518,24.634512,47.754738,8.176621,1309.856079,,,,normal-low,normal,synthetic_prototype
2026-07-14,23:06:30,176.174454,28.390337,23599.396484,25.399151,62.702011,24.631498,47.756145,8.176629,1310.041992,,,,normal-low,normal,synthetic_prototype
2026-07-14,23:06:35,176.149979,28.394331,23612.414062,25.399548,62.699718,24.632202,47.767666,8.175441,1310.384155,,,,normal-low,normal,synthetic_prototype
2026-07-14,23:06:40,176.153687,28.387999,23616.800781,25.399364,62.700546,24.631870,47.783257,8.178126,1310.727905,,,,normal-low,normal,synthetic_prototype
2026-07-14,23:06:45,176.146133,28.384165,23609.582031,25.395031,62.696484,24.635025,47.783035,8.177791,1310.560547,,,,normal-low,normal,synthetic_prototype
2026-07-14,23:06:50,176.138443,28.386509,23619.535156,25.399124,62.700718,24.633520,47.793968,8.180327,1311.200562,,,,normal-low,normal,synthetic_prototype
2026-07-14,23:06:55,176.136063,28.393835,23623.748047,25.395185,62.692951,24.635513,47.795601,8.178163,1311.220093,,,,normal-low,normal,synthetic_prototype
2026-07-14,23:07:00,176.150162,28.386299,23628.312500,25.395914,62.691566,24.636011,47.810589,8.178494,1311.393555,,,,normal-low,normal,synthetic_prototype
2026-07-14,23:07:05,176.151443,28.393244,23631.617188,25.399021,62.691315,24.639311,47.809738,8.179581,1311.670166,,,,normal-low,normal,synthetic_prototype
2026-07-14,23:07:10,176.160965,28.387140,23636.402344,25.397388,62.693295,24.641939,47.810398,8.180836,1311.601440,,,,normal-low,normal,synthetic_prototype
2026-07-14,23:07:15,176.154327,28.387310,23638.857422,25.394436,62.689857,24.640594,47.810787,8.177571,1311.165405,,,,normal-low,normal,synthetic_prototype
2026-07-14,23:07:20,176.171417,28.390163,23634.703125,25.397629,62.686516,24.641138,47.800461,8.177018,1311.214844,,,,normal-low,normal,synthetic_prototype
2026-07-14,23:07:25,176.173019,28.389059,23635.625000,25.398449,62.689854,24.645416,47.810432,8.176898,1311.163818,,,,normal-low,normal,synthetic_prototype
2026-07-14,23:07:30,176.186157,28.393002,23628.060547,25.394726,62.692478,24.647247,47.799694,8.178864,1310.774658,,,,normal-low,normal,synthetic_prototype
2026-07-14,23:07:35,176.189545,28.392756,23636.314453,25.395954,62.690170,24.650160,47.812984,8.182733,1310.949585,,,,normal-low,normal,synthetic_prototype
2026-07-14,23:07:40,176.186279,28.396147,23640.562500,25.391634,62.692078,24.654602,47.827705,8.179740,1311.207764,,,,normal-low,normal,synthetic_prototype
2026-07-14,23:07:45,176.189011,28.392284,23641.220703,25.392780,62.694187,24.650007,47.829231,8.179348,1310.975830,,,,normal-low,normal,synthetic_prototype
2026-07-14,23:07:50,176.189224,28.399132,23635.757812,25.391724,62.692951,24.649668,47.822807,8.178801,1310.806030,,,,normal-low,normal,synthetic_prototype
2026-07-14,23:07:55,176.199997,28.401560,23637.384766,25.384790,62.687065,24.649315,47.834511,8.179454,1311.029541,,,,normal-low,normal,synthetic_prototype
2026-07-14,23:08:00,176.199112,28.400440,23649.392578,25.388458,62.681004,24.647676,47.842449,8.180453,1311.241943,,,,normal-low,normal,synthetic_prototype
2026-07-14,23:08:05,176.205826,28.403589,23644.074219,25.389997,62.677910,24.645283,47.836338,8.177294,1311.181152,,,,normal-low,normal,synthetic_prototype
2026-07-14,23:08:10,176.205597,28.400108,23636.869141,25.388672,62.677773,24.645346,47.831493,8.176509,1310.995605,,,,normal-low,normal,synthetic_prototype
2026-07-14,23:08:15,176.193405,28.398756,23643.107422,25.385260,62.681709,24.649176,47.835541,8.179724,1311.095825,,,,normal-low,normal,synthetic_prototype
2026-07-14,23:08:20,176.194916,28.402124,23635.312500,25.382071,62.686775,24.649097,47.814293,8.176781,1310.627441,,,,normal-low,normal,synthetic_prototype
2026-07-14,23:08:25,176.188797,28.402287,23642.302734,25.378407,62.689098,24.649254,47.827442,8.176332,1310.693115,,,,normal-low,normal,synthetic_prototype
2026-07-14,23:08:30,176.191238,28.413910,23653.125000,25.378260,62.684952,24.653912,47.835297,8.174525,1310.824829,,,,normal-low,normal,synthetic_prototype
2026-07-14,23:08:35,176.202744,28.412645,23656.283203,25.381207,62.689663,24.654509,47.837093,8.179920,1311.005981,,,,normal-low,normal,synthetic_prototype
2026-07-14,23:08:40,176.223099,28.414629,23654.029297,25.380592,62.692673,24.659018,47.848866,8.177665,1310.920776,,,,normal-low,normal,synthetic_prototype
2026-07-14,23:08:45,176.214172,28.413944,23647.443359,25.379173,62.689201,24.659027,47.841496,8.175676,1310.863647,,,,normal-low,normal,synthetic_prototype
2026-07-14,23:08:50,176.189255,28.418497,23651.460938,25.378588,62.682331,24.661245,47.850101,8.171516,1310.900024,,,,normal-low,normal,synthetic_prototype
2026-07-14,23:08:55,176.213943,28.419939,23644.464844,25.378920,62.684490,24.665117,47.841774,8.172420,1310.785889,,,,normal-low,normal,synthetic_prototype
2026-07-14,23:09:00,176.207077,28.427727,23635.935547,25.377888,62.675156,24.664883,47.824284,8.171294,1310.220337,,,,normal-low,normal,synthetic_prototype
2026-07-14,23:09:05,176.220184,28.426502,23639.121094,25.379156,62.680393,24.667606,47.828979,8.173851,1310.474976,,,,normal-low,normal,synthetic_prototype
2026-07-14,23:09:10,176.230728,28.430792,23627.587891,25.375540,62.684124,24.665110,47.814159,8.176322,1310.053223,,,,normal-low,normal,synthetic_prototype
2026-07-14,23:09:15,176.218094,28.431337,23625.574219,25.377117,62.687962,24.663839,47.820339,8.174510,1310.053589,,,,normal-low,normal,synthetic_prototype
2026-07-14,23:09:20,176.217621,28.431032,23625.101562,25.375240,62.687801,24.666868,47.822208,8.172866,1310.039795,,,,normal-low,normal,synthetic_prototype
2026-07-14,23:09:25,176.231064,28.429352,23634.187500,25.376757,62.692848,24.671867,47.841816,8.175608,1310.239502,,,,normal-low,normal,synthetic_prototype
2026-07-14,23:09:30,176.231262,28.428705,23640.927734,25.373438,62.692101,24.676022,47.847176,8.174342,1310.536621,,,,normal-low,normal,synthetic_prototype
2026-07-14,23:09:35,176.216019,28.431828,23634.595703,25.370945,62.692871,24.672190,47.834095,8.173083,1310.284668,,,,normal-low,normal,synthetic_prototype
2026-07-14,23:09:40,176.224304,28.435917,23648.015625,25.375193,62.693783,24.670462,47.847401,8.172596,1310.435059,,,,normal-low,normal,synthetic_prototype
2026-07-14,23:09:45,176.231628,28.441145,23649.304688,25.380730,62.687836,24.674131,47.839794,8.178429,1310.737915,,,,normal-low,normal,synthetic_prototype
2026-07-14,23:09:50,176.247391,28.442787,23634.832031,25.380627,62.687244,24.674210,47.818169,8.180264,1310.266724,,,,normal-low,normal,synthetic_prototype
2026-07-14,23:09:55,176.253754,28.433414,23632.082031,25.378643,62.688591,24.675493,47.806641,8.183051,1309.921753,,,,normal-low,normal,synthetic_prototype
2026-07-14,23:10:00,176.267242,28.436234,23626.693359,25.374805,62.689075,24.673424,47.815430,8.183876,1309.849609,,,,normal-low,normal,synthetic_prototype
2026-07-14,23:10:05,176.280212,28.432949,23627.859375,25.370863,62.685001,24.668770,47.813641,8.184564,1309.609863,,,,normal-low,normal,synthetic_prototype
2026-07-14,23:10:10,176.271561,28.431398,23625.529297,25.369537,62.684502,24.665518,47.808208,8.185235,1310.018066,,,,normal-low,normal,synthetic_prototype
2026-07-14,23:10:15,176.249390,28.423878,23632.974609,25.368219,62.684093,24.665314,47.812778,8.178484,1310.082886,,,,normal-low,normal,synthetic_prototype
2026-07-14,23:10:20,176.256805,28.427078,23635.605469,25.365980,62.682007,24.663290,47.815475,8.179129,1310.240967,,,,normal-low,normal,synthetic_prototype
2026-07-14,23:10:25,176.254929,28.430965,23632.218750,25.364161,62.684666,24.657757,47.809155,8.179439,1310.050171,,,,normal-low,normal,synthetic_prototype
2026-07-14,23:10:30,176.247375,28.432215,23635.605469,25.368652,62.684013,24.656826,47.821072,8.178061,1310.157959,,,,normal-low,normal,synthetic_prototype
2026-07-14,23:10:35,176.234909,28.431732,23631.912109,25.370363,62.686459,24.652599,47.810562,8.179787,1309.707520,,,,normal-low,normal,synthetic_prototype
2026-07-14,23:10:40,176.227081,28.431107,23630.189453,25.373732,62.681755,24.656307,47.801907,8.182787,1309.787231,,,,normal-low,normal,synthetic_prototype
2026-07-14,23:10:45,176.222748,28.424292,23620.857422,25.370327,62.679180,24.657444,47.792515,8.184175,1309.715210,,,,normal-low,normal,synthetic_prototype
2026-07-14,23:10:50,176.242950,28.422421,23619.140625,25.370436,62.677692,24.658985,47.783440,8.185740,1309.485352,,,,normal-low,normal,synthetic_prototype
2026-07-14,23:10:55,176.251816,28.416836,23614.589844,25.364847,62.674400,24.661213,47.787342,8.185478,1309.412598,,,,normal-low,normal,synthetic_prototype
2026-07-14,23:11:00,176.242676,28.413416,23621.869141,25.367666,62.678093,24.665352,47.790760,8.188022,1309.585083,,,,normal-low,normal,synthetic_prototype
2026-07-14,23:11:05,176.251038,28.411560,23629.517578,25.369570,62.674129,24.668198,47.802517,8.190193,1309.805176,,,,normal-low,normal,synthetic_prototype
2026-07-14,23:11:10,176.251953,28.408537,23639.001953,25.374212,62.674156,24.667685,47.809700,8.188581,1310.394897,,,,normal-low,normal,synthetic_prototype
2026-07-14,23:11:15,176.255310,28.415428,23632.802734,25.374332,62.676861,24.669025,47.811825,8.187154,1310.098389,,,,normal-low,normal,synthetic_prototype
2026-07-14,23:11:20,176.247269,28.421091,23621.644531,25.375402,62.670685,24.670862,47.802433,8.185601,1309.989624,,,,normal-low,normal,synthetic_prototype
2026-07-14,23:11:25,176.259308,28.427162,23612.179688,25.373539,62.663002,24.671822,47.792156,8.189429,1309.565308,,,,normal-low,normal,synthetic_prototype
2026-07-14,23:11:30,176.257095,28.428015,23621.390625,25.371624,62.662666,24.673153,47.809231,8.186158,1309.881226,,,,normal-low,normal,synthetic_prototype
2026-07-14,23:11:35,176.253342,28.427547,23639.933594,25.373850,62.655502,24.675091,47.839729,8.186929,1310.771851,,,,normal-low,normal,synthetic_prototype
2026-07-14,23:11:40,176.258179,28.428114,23642.992188,25.376108,62.661442,24.676559,47.843330,8.184471,1310.904663,,,,normal-low,normal,synthetic_prototype
2026-07-14,23:11:45,176.252594,28.435137,23653.025391,25.380480,62.662491,24.674080,47.859295,8.186411,1311.104736,,,,normal-low,normal,synthetic_prototype
2026-07-14,23:11:50,176.259018,28.437807,23655.244141,25.383177,62.659748,24.670506,47.855824,8.186592,1311.006714,,,,normal-low,normal,synthetic_prototype
2026-07-14,23:11:55,176.245865,28.436123,23651.042969,25.388218,62.655991,24.667820,47.849762,8.183869,1310.838867,,,,normal-low,normal,synthetic_prototype
2026-07-14,23:12:00,176.239960,28.442921,23659.455078,25.385254,62.652508,24.666901,47.873238,8.181194,1311.331299,,,,normal-low,normal,synthetic_prototype
2026-07-14,23:12:05,176.242386,28.435884,23653.099609,25.391560,62.647583,24.661243,47.867943,8.182396,1311.133545,,,,normal-low,normal,synthetic_prototype
2026-07-14,23:12:10,176.261169,28.436447,23665.136719,25.393852,62.645123,24.659674,47.866585,8.188965,1311.364624,,,,normal-low,normal,synthetic_prototype
2026-07-14,23:12:15,176.272659,28.435448,23674.945312,25.397036,62.650440,24.661419,47.875931,8.189806,1311.397705,,,,normal-low,normal,synthetic_prototype
2026-07-14,23:12:20,176.281830,28.443733,23661.501953,25.403896,62.655136,24.655285,47.859035,8.191156,1310.806763,,,,normal-low,normal,synthetic_prototype
2026-07-14,23:12:25,176.298355,28.448206,23668.750000,25.403025,62.648197,24.657873,47.867222,8.189949,1311.169922,,,,normal-low,normal,synthetic_prototype
2026-07-14,23:12:30,176.307083,28.453609,23656.970703,25.402395,62.652664,24.660917,47.849510,8.192197,1310.655640,,,,normal-low,normal,synthetic_prototype
2026-07-14,23:12:35,176.300171,28.459450,23659.482422,25.402138,62.651405,24.665188,47.856899,8.193651,1310.641724,,,,normal-low,normal,synthetic_prototype
2026-07-14,23:12:40,176.305634,28.456785,23655.169922,25.404104,62.652130,24.664770,47.851364,8.193978,1310.511963,,,,normal-low,normal,synthetic_prototype
2026-07-14,23:12:45,176.301147,28.453054,23658.617188,25.404634,62.656082,24.667112,47.842705,8.194478,1310.290039,,,,normal-low,normal,synthetic_prototype
2026-07-14,23:12:50,176.276016,28.447460,23664.542969,25.408169,62.656685,24.668581,47.844490,8.194831,1310.536987,,,,normal-low,normal,synthetic_prototype
2026-07-14,23:12:55,176.287918,28.444237,23660.556641,25.409739,62.662571,24.669664,47.833355,8.198441,1310.580933,,,,normal-low,normal,synthetic_prototype
2026-07-14,23:13:00,176.271301,28.450214,23655.517578,25.406649,62.660713,24.670849,47.819611,8.200193,1310.171387,,,,normal-low,normal,synthetic_prototype
2026-07-14,23:13:05,176.272736,28.456404,23651.138672,25.403782,62.659729,24.669136,47.820244,8.198539,1310.048950,,,,normal-low,normal,synthetic_prototype
2026-07-14,23:13:10,176.266296,28.461710,23660.662109,25.397907,62.661987,24.668478,47.829762,8.197614,1310.271606,,,,normal-low,normal,synthetic_prototype
2026-07-14,23:13:15,176.268570,28.457378,23670.232422,25.402069,62.661621,24.666258,47.840202,8.200174,1310.635010,,,,normal-low,normal,synthetic_prototype
2026-07-14,23:13:20,176.265427,28.457617,23659.189453,25.405098,62.656403,24.664558,47.821758,8.197498,1310.400269,,,,normal-low,normal,synthetic_prototype
2026-07-14,23:13:25,176.269943,28.453926,23653.277344,25.408911,62.663933,24.666821,47.816040,8.199697,1310.128418,,,,normal-low,normal,synthetic_prototype
2026-07-14,23:13:30,176.263565,28.449453,23649.648438,25.410076,62.663338,24.667418,47.801838,8.199301,1309.820923,,,,normal-low,normal,synthetic_prototype
2026-07-14,23:13:35,176.247025,28.450298,23642.574219,25.406466,62.659134,24.668785,47.787773,8.199306,1309.615601,,,,normal-low,normal,synthetic_prototype
2026-07-14,23:13:40,176.251633,28.447563,23632.822266,25.409636,62.660049,24.666204,47.777187,8.198301,1309.396973,,,,normal-low,normal,synthetic_prototype
2026-07-14,23:13:45,176.262100,28.452084,23630.988281,25.408398,62.658916,24.667849,47.756557,8.198826,1309.327148,,,,normal-low,normal,synthetic_prototype
2026-07-14,23:13:50,176.255081,28.458227,23632.011719,25.405323,62.659882,24.668036,47.768551,8.198851,1309.406250,,,,normal-low,normal,synthetic_prototype
2026-07-14,23:13:55,176.244949,28.465807,23625.423828,25.404905,62.660507,24.667114,47.757950,8.201015,1309.132935,,,,normal-low,normal,synthetic_prototype
2026-07-14,23:14:00,176.261078,28.465902,23618.113281,25.405838,62.656925,24.662542,47.753067,8.207567,1308.776001,,,,normal-low,normal,synthetic_prototype
2026-07-14,23:14:05,176.266678,28.466202,23622.759766,25.408688,62.658886,24.665846,47.761364,8.209383,1308.834473,,,,normal-low,normal,synthetic_prototype
2026-07-14,23:14:10,176.274033,28.465271,23620.156250,25.406836,62.664452,24.670403,47.757286,8.209487,1308.833130,,,,normal-low,normal,synthetic_prototype
2026-07-14,23:14:15,176.272934,28.467869,23624.736328,25.408243,62.674221,24.667189,47.781746,8.208917,1308.852661,,,,normal-low,normal,synthetic_prototype
2026-07-14,23:14:20,176.268433,28.470203,23625.767578,25.412609,62.678387,24.665113,47.769325,8.208016,1308.823853,,,,normal-low,normal,synthetic_prototype
2026-07-14,23:14:25,176.269287,28.468817,23618.390625,25.412922,62.685184,24.662619,47.758434,8.205122,1308.855957,,,,normal-low,normal,synthetic_prototype
2026-07-14,23:14:30,176.255859,28.465109,23628.605469,25.405493,62.688854,24.664154,47.778282,8.200953,1308.864502,,,,normal-low,normal,synthetic_prototype
2026-07-14,23:14:35,176.240387,28.469604,23624.968750,25.404415,62.685093,24.663883,47.770855,8.200228,1308.962769,,,,normal-low,normal,synthetic_prototype
2026-07-14,23:14:40,176.246887,28.472677,23608.242188,25.397499,62.678123,24.663450,47.757298,8.197656,1308.379395,,,,normal-low,normal,synthetic_prototype
2026-07-14,23:14:45,176.247757,28.481590,23605.828125,25.399693,62.682777,24.662346,47.749847,8.197738,1308.160645,,,,normal-low,normal,synthetic_prototype
2026-07-14,23:14:50,176.248474,28.485247,23621.556641,25.397537,62.681881,24.663187,47.763119,8.197548,1308.512085,,,,normal-low,normal,synthetic_prototype
2026-07-14,23:14:55,176.263214,28.485430,23619.099609,25.391592,62.682209,24.667173,47.756203,8.195340,1308.451416,,,,normal-low,normal,synthetic_prototype
2026-07-14,23:15:00,176.268311,28.487345,23618.531250,25.391001,62.684910,24.665442,47.743336,8.197088,1308.309326,,,,normal-low,normal,synthetic_prototype
2026-07-14,23:15:05,176.274460,28.499372,23616.519531,25.386419,62.685909,24.667116,47.742523,8.196342,1307.821777,,,,normal-low,normal,synthetic_prototype
2026-07-14,23:15:10,176.279129,28.496492,23624.107422,25.388176,62.693485,24.671352,47.757141,8.196976,1308.273804,,,,normal-low,normal,synthetic_prototype
2026-07-14,23:15:15,176.301865,28.486610,23616.833984,25.381510,62.694279,24.672518,47.745293,8.197441,1307.737549,,,,normal-low,normal,synthetic_prototype
2026-07-14,23:15:20,176.285355,28.489307,23603.650391,25.383938,62.687466,24.672243,47.727829,8.193881,1307.457275,,,,normal-low,normal,synthetic_prototype
2026-07-14,23:15:25,176.289154,28.489311,23588.738281,25.381685,62.686188,24.672192,47.721264,8.198335,1307.127930,,,,normal-low,normal,synthetic_prototype
2026-07-14,23:15:30,176.294327,28.481936,23592.416016,25.380033,62.688549,24.673697,47.717358,8.196815,1306.853027,,,,normal-low,normal,synthetic_prototype
2026-07-14,23:15:35,176.296829,28.476860,23602.312500,25.383493,62.693115,24.673756,47.724072,8.198979,1307.371216,,,,normal-low,normal,synthetic_prototype
2026-07-14,23:15:40,176.313873,28.476276,23595.535156,25.383488,62.689804,24.671991,47.717903,8.199458,1307.229736,,,,normal-low,normal,synthetic_prototype
2026-07-14,23:15:45,176.324265,28.479071,23607.486328,25.387745,62.690758,24.671747,47.729382,8.204078,1307.673706,,,,normal-low,normal,synthetic_prototype
2026-07-14,23:15:50,176.321823,28.485188,23599.169922,25.382519,62.680321,24.674000,47.716434,8.203366,1307.328735,,,,normal-low,normal,synthetic_prototype
2026-07-14,23:15:55,176.315079,28.479214,23605.744141,25.379555,62.682278,24.677448,47.723392,8.200766,1307.460815,,,,normal-low,normal,synthetic_prototype
2026-07-14,23:16:00,176.325562,28.474142,23606.478516,25.376074,62.688656,24.674990,47.724136,8.202150,1307.505615,,,,normal-low,normal,synthetic_prototype
2026-07-14,23:16:05,176.331024,28.473949,23589.867188,25.376236,62.689049,24.677454,47.710423,8.201498,1307.133057,,,,normal-low,normal,synthetic_prototype
2026-07-14,23:16:10,176.342606,28.478306,23593.873047,25.375589,62.687885,24.675465,47.718948,8.201669,1307.315552,,,,normal-low,normal,synthetic_prototype
2026-07-14,23:16:15,176.331238,28.480696,23590.210938,25.370226,62.689491,24.678789,47.721069,8.199325,1307.137207,,,,normal-low,normal,synthetic_prototype
2026-07-14,23:16:20,176.338150,28.482088,23589.187500,25.370583,62.686562,24.679090,47.732273,8.202297,1306.921143,,,,normal-low,normal,synthetic_prototype
2026-07-14,23:16:25,176.326660,28.490248,23584.570312,25.367023,62.692898,24.681990,47.733494,8.201348,1306.896851,,,,normal-low,normal,synthetic_prototype
2026-07-14,23:16:30,176.316757,28.493048,23584.125000,25.362799,62.700481,24.684954,47.733021,8.199147,1306.912476,,,,normal-low,normal,synthetic_prototype
2026-07-14,23:16:35,176.322815,28.494249,23580.644531,25.363277,62.698227,24.683559,47.725872,8.202201,1306.804565,,,,normal-low,normal,synthetic_prototype
2026-07-14,23:16:40,176.317657,28.492361,23570.216797,25.363096,62.698284,24.680246,47.716782,8.200754,1306.373535,,,,normal-low,normal,synthetic_prototype
2026-07-14,23:16:45,176.328461,28.482401,23569.666016,25.363592,62.694477,24.682724,47.706184,8.198463,1306.266968,,,,normal-low,normal,synthetic_prototype
2026-07-14,23:16:50,176.315979,28.479240,23573.884766,25.366537,62.693359,24.683922,47.709103,8.198216,1306.395996,,,,normal-low,normal,synthetic_prototype
2026-07-14,23:16:55,176.334488,28.476616,23575.785156,25.365793,62.696075,24.686028,47.711174,8.199764,1306.430542,,,,normal-low,normal,synthetic_prototype
2026-07-14,23:17:00,176.346146,28.474936,23591.679688,25.359621,62.695061,24.683296,47.722717,8.201023,1306.906982,,,,normal-low,normal,synthetic_prototype
2026-07-14,23:17:05,176.342453,28.478247,23590.705078,25.361420,62.689243,24.682026,47.717632,8.201076,1306.892334,,,,normal-low,normal,synthetic_prototype
2026-07-14,23:17:10,176.367493,28.490631,23592.005859,25.359985,62.695187,24.678143,47.713123,8.203386,1307.171875,,,,normal-low,normal,synthetic_prototype
2026-07-14,23:17:15,176.380905,28.484713,23590.113281,25.359606,62.691818,24.680107,47.717422,8.206429,1307.015747,,,,normal-low,normal,synthetic_prototype
2026-07-14,23:17:20,176.371552,28.490042,23593.013672,25.364103,62.692448,24.683163,47.723419,8.202375,1306.935791,,,,normal-low,normal,synthetic_prototype
2026-07-14,23:17:25,176.374405,28.486595,23589.978516,25.365746,62.691517,24.682352,47.716812,8.199363,1306.655151,,,,normal-low,normal,synthetic_prototype
2026-07-14,23:17:30,176.372498,28.485348,23598.652344,25.364910,62.683247,24.681967,47.721554,8.194043,1306.665894,,,,normal-low,normal,synthetic_prototype
2026-07-14,23:17:35,176.401794,28.479259,23604.791016,25.364231,62.688198,24.680906,47.736485,8.197050,1306.819214,,,,normal-low,normal,synthetic_prototype
2026-07-14,23:17:40,176.399979,28.483053,23598.042969,25.363417,62.687599,24.681133,47.729122,8.194762,1306.913696,,,,normal-low,normal,synthetic_prototype
2026-07-14,23:17:45,176.412247,28.482204,23606.373047,25.366249,62.687252,24.675337,47.740841,8.197684,1307.120361,,,,normal-low,normal,synthetic_prototype
2026-07-14,23:17:50,176.394089,28.479002,23623.652344,25.369019,62.687908,24.671318,47.751614,8.197557,1307.297729,,,,normal-low,normal,synthetic_prototype
2026-07-14,23:17:55,176.407272,28.485559,23619.841797,25.365845,62.688175,24.667196,47.736931,8.196828,1307.280762,,,,normal-low,normal,synthetic_prototype
2026-07-14,23:18:00,176.418060,28.485289,23615.478516,25.362001,62.691177,24.664354,47.734608,8.201384,1307.010010,,,,normal-low,normal,synthetic_prototype
2026-07-14,23:18:05,176.422424,28.483294,23632.992188,25.359934,62.694664,24.663710,47.760616,8.201558,1307.762451,,,,normal-low,normal,synthetic_prototype
2026-07-14,23:18:10,176.437134,28.475578,23627.048828,25.358097,62.694344,24.660501,47.758938,8.204796,1307.604126,,,,normal-low,normal,synthetic_prototype
2026-07-14,23:18:15,176.440659,28.477186,23624.132812,25.357893,62.696419,24.656244,47.759586,8.203591,1307.715698,,,,normal-low,normal,synthetic_prototype
2026-07-14,23:18:20,176.449158,28.473373,23624.556641,25.354813,62.694824,24.655661,47.758350,8.205821,1307.698120,,,,normal-low,normal,synthetic_prototype
2026-07-14,23:18:25,176.450043,28.474710,23618.914062,25.349586,62.697380,24.657305,47.750183,8.203729,1307.416626,,,,normal-low,normal,synthetic_prototype
2026-07-14,23:18:30,176.459229,28.466825,23612.474609,25.349567,62.692921,24.660370,47.740349,8.205971,1306.999268,,,,normal-low,normal,synthetic_prototype
2026-07-14,23:18:35,176.462769,28.462212,23621.531250,25.350925,62.696667,24.660398,47.760445,8.206964,1307.337769,,,,normal-low,normal,synthetic_prototype
2026-07-14,23:18:40,176.460648,28.463491,23621.275391,25.350811,62.701752,24.658274,47.776093,8.205588,1307.531982,,,,normal-low,normal,synthetic_prototype
2026-07-14,23:18:45,176.436798,28.458553,23611.414062,25.349051,62.697853,24.657621,47.763065,8.202359,1307.195068,,,,normal-low,normal,synthetic_prototype
2026-07-14,23:18:50,176.437195,28.462412,23604.208984,25.345242,62.696087,24.660254,47.755451,8.200306,1307.058716,,,,normal-low,normal,synthetic_prototype
2026-07-14,23:18:55,176.434967,28.464752,23599.824219,25.347616,62.697529,24.658529,47.746647,8.201567,1306.842651,,,,normal-low,normal,synthetic_prototype
2026-07-14,23:19:00,176.424438,28.460892,23602.847656,25.347654,62.702927,24.657709,47.754066,8.201118,1306.921875,,,,normal-low,normal,synthetic_prototype
2026-07-14,23:19:05,176.418076,28.457195,23605.333984,25.344322,62.696148,24.658514,47.773392,8.201027,1306.987061,,,,normal-low,normal,synthetic_prototype
2026-07-14,23:19:10,176.422180,28.455397,23603.574219,25.344257,62.697834,24.652897,47.766991,8.205494,1307.115601,,,,normal-low,normal,synthetic_prototype
2026-07-14,23:19:15,176.421005,28.452444,23609.886719,25.341623,62.707142,24.649807,47.776897,8.201221,1307.402954,,,,normal-low,normal,synthetic_prototype
2026-07-14,23:19:20,176.440186,28.454653,23612.806641,25.341394,62.710361,24.646982,47.787777,8.202362,1307.614136,,,,normal-low,normal,synthetic_prototype
2026-07-14,23:19:25,176.439270,28.450394,23614.015625,25.341660,62.704334,24.642889,47.782440,8.203091,1307.661377,,,,normal-low,normal,synthetic_prototype
2026-07-14,23:19:30,176.443542,28.462065,23611.919922,25.336281,62.700703,24.646086,47.772896,8.203706,1307.482056,,,,normal-low,normal,synthetic_prototype
2026-07-14,23:19:35,176.457062,28.460573,23611.384766,25.336069,62.701683,24.647985,47.780178,8.204450,1307.242310,,,,normal-low,normal,synthetic_prototype
2026-07-14,23:19:40,176.452347,28.456814,23607.572266,25.343323,62.701729,24.648228,47.782391,8.207838,1307.330688,,,,normal-low,normal,synthetic_prototype
2026-07-14,23:19:45,176.458221,28.454252,23607.998047,25.336571,62.707207,24.644989,47.784622,8.206857,1307.399658,,,,normal-low,normal,synthetic_prototype
2026-07-14,23:19:50,176.464096,28.457279,23602.652344,25.335939,62.711281,24.646791,47.775436,8.207625,1307.116943,,,,normal-low,normal,synthetic_prototype
2026-07-14,23:19:55,176.464081,28.461308,23602.462891,25.338535,62.716202,24.644815,47.778728,8.210524,1307.405151,,,,normal-low,normal,synthetic_prototype
2026-07-14,23:20:00,176.473129,28.457272,23597.230469,25.334339,62.717434,24.643000,47.768360,8.212755,1307.258057,,,,normal-low,normal,synthetic_prototype
2026-07-14,23:20:05,176.475525,28.451946,23591.800781,25.335030,62.721184,24.641449,47.754234,8.215964,1306.943481,,,,normal-low,normal,synthetic_prototype
2026-07-14,23:20:10,176.477142,28.453167,23586.812500,25.339550,62.723309,24.640072,47.758327,8.215856,1307.161011,,,,normal-low,normal,synthetic_prototype
2026-07-14,23:20:15,176.469803,28.456999,23596.625000,25.339802,62.717831,24.643278,47.760426,8.215684,1307.396362,,,,normal-low,normal,synthetic_prototype
2026-07-14,23:20:20,176.445160,28.460863,23603.669922,25.338682,62.717281,24.644138,47.764492,8.215364,1307.517578,,,,normal-low,normal,synthetic_prototype
2026-07-14,23:20:25,176.457230,28.465349,23611.367188,25.339447,62.719769,24.639883,47.766178,8.215645,1307.697876,,,,normal-low,normal,synthetic_prototype
2026-07-14,23:20:30,176.455811,28.464622,23617.939453,25.341219,62.720890,24.641979,47.782417,8.215277,1307.998291,,,,normal-low,normal,synthetic_prototype
2026-07-14,23:20:35,176.446838,28.460548,23626.521484,25.341778,62.722446,24.641623,47.779427,8.215339,1308.289551,,,,normal-low,normal,synthetic_prototype
2026-07-14,23:20:40,176.445648,28.459436,23628.511719,25.343233,62.729416,24.639223,47.792488,8.217337,1308.289917,,,,normal-low,normal,synthetic_prototype
2026-07-14,23:20:45,176.452866,28.461245,23624.626953,25.345011,62.732975,24.640949,47.787491,8.218507,1308.071777,,,,normal-low,normal,synthetic_prototype
2026-07-14,23:20:50,176.463776,28.456278,23620.943359,25.344910,62.733265,24.650217,47.777309,8.221643,1307.717773,,,,normal-low,normal,synthetic_prototype
2026-07-14,23:20:55,176.472046,28.454214,23624.503906,25.350492,62.731731,24.649023,47.783562,8.225076,1307.901611,,,,normal-low,normal,synthetic_prototype
2026-07-14,23:21:00,176.452881,28.454967,23622.095703,25.348408,62.728664,24.644648,47.786400,8.224532,1307.847168,,,,normal-low,normal,synthetic_prototype
2026-07-14,23:21:05,176.469254,28.456505,23618.566406,25.350840,62.734806,24.640793,47.789738,8.224806,1307.567505,,,,normal-low,normal,synthetic_prototype
2026-07-14,23:21:10,176.481537,28.467438,23622.212891,25.349245,62.732433,24.639688,47.783325,8.227928,1307.710693,,,,normal-low,normal,synthetic_prototype
2026-07-14,23:21:15,176.477783,28.465496,23627.845703,25.345636,62.734600,24.641960,47.788036,8.226930,1307.828125,,,,normal-low,normal,synthetic_prototype
2026-07-14,23:21:20,176.465286,28.471722,23622.863281,25.345314,62.732315,24.646263,47.777809,8.224855,1307.350220,,,,normal-low,normal,synthetic_prototype
2026-07-14,23:21:25,176.473892,28.469778,23627.859375,25.344992,62.733463,24.649517,47.773811,8.227647,1307.333008,,,,normal-low,normal,synthetic_prototype
2026-07-14,23:21:30,176.472885,28.470564,23629.121094,25.346764,62.732941,24.649385,47.781445,8.225503,1307.595947,,,,normal-low,normal,synthetic_prototype
2026-07-14,23:21:35,176.474304,28.470272,23626.970703,25.346312,62.737865,24.650000,47.772858,8.224441,1307.390259,,,,normal-low,normal,synthetic_prototype
2026-07-14,23:21:40,176.455231,28.471945,23633.566406,25.344965,62.737061,24.648830,47.785866,8.223274,1307.545898,,,,normal-low,normal,synthetic_prototype
2026-07-14,23:21:45,176.437256,28.471556,23633.787109,25.342810,62.735538,24.647333,47.785698,8.218610,1307.537964,,,,normal-low,normal,synthetic_prototype
2026-07-14,23:21:50,176.423706,28.464878,23630.519531,25.346226,62.736938,24.650040,47.794411,8.217639,1307.503540,,,,normal-low,normal,synthetic_prototype
2026-07-14,23:21:55,176.416824,28.460903,23627.556641,25.340202,62.739418,24.649286,47.799522,8.213179,1307.293457,,,,normal-low,normal,synthetic_prototype
2026-07-14,23:22:00,176.404709,28.458345,23624.857422,25.337616,62.741753,24.653135,47.798996,8.211824,1307.065308,,,,normal-low,normal,synthetic_prototype
2026-07-14,23:22:05,176.390198,28.460115,23625.781250,25.342901,62.735561,24.650328,47.803284,8.211754,1307.085571,,,,normal-low,normal,synthetic_prototype
2026-07-14,23:22:10,176.395798,28.460135,23620.714844,25.347069,62.734756,24.648518,47.794647,8.214540,1307.035156,,,,normal-low,normal,synthetic_prototype
2026-07-14,23:22:15,176.381927,28.465904,23615.707031,25.348070,62.736229,24.649815,47.780201,8.213613,1307.251953,,,,normal-low,normal,synthetic_prototype
2026-07-14,23:22:20,176.378174,28.466383,23616.810547,25.343792,62.734680,24.654882,47.779781,8.207616,1307.103271,,,,normal-low,normal,synthetic_prototype
2026-07-14,23:22:25,176.371338,28.469177,23612.173828,25.347370,62.737331,24.651583,47.776119,8.210666,1307.128174,,,,normal-low,normal,synthetic_prototype
2026-07-14,23:22:30,176.377014,28.474253,23610.941406,25.347588,62.733078,24.647987,47.785366,8.212324,1307.215576,,,,normal-low,normal,synthetic_prototype
2026-07-14,23:22:35,176.387772,28.468189,23610.042969,25.352160,62.738411,24.650597,47.767227,8.212454,1307.208496,,,,normal-low,normal,synthetic_prototype
2026-07-14,23:22:40,176.401566,28.468370,23602.675781,25.351667,62.739079,24.649712,47.760712,8.212805,1306.827393,,,,normal-low,normal,synthetic_prototype
2026-07-14,23:22:45,176.397934,28.465160,23591.074219,25.350933,62.739140,24.653107,47.751862,8.213185,1306.303711,,,,normal-low,normal,synthetic_prototype
2026-07-14,23:22:50,176.393112,28.471180,23583.798828,25.353788,62.739700,24.654314,47.747803,8.213225,1306.106079,,,,normal-low,normal,synthetic_prototype
2026-07-14,23:22:55,176.389175,28.470289,23591.517578,25.350443,62.743652,24.652138,47.754578,8.209295,1306.033203,,,,normal-low,normal,synthetic_prototype
2026-07-14,23:23:00,176.390030,28.471554,23583.843750,25.347193,62.745972,24.651625,47.746349,8.209256,1305.941162,,,,normal-low,normal,synthetic_prototype
2026-07-14,23:23:05,176.376648,28.461859,23582.464844,25.346096,62.748627,24.652067,47.755741,8.209528,1306.136597,,,,normal-low,normal,synthetic_prototype
2026-07-14,23:23:10,176.382935,28.464298,23578.398438,25.342968,62.746544,24.651148,47.757626,8.208899,1306.036133,,,,normal-low,normal,synthetic_prototype
2026-07-14,23:23:15,176.388565,28.459379,23574.046875,25.344410,62.746777,24.649019,47.753716,8.210249,1305.911987,,,,normal-low,normal,synthetic_prototype
2026-07-14,23:23:20,176.373688,28.455189,23574.869141,25.343687,62.745018,24.650030,47.761295,8.208284,1305.981201,,,,normal-low,normal,synthetic_prototype
2026-07-14,23:23:25,176.383850,28.454628,23576.787109,25.346481,62.741138,24.645105,47.759949,8.208194,1306.084839,,,,normal-low,normal,synthetic_prototype
2026-07-14,23:23:30,176.397598,28.454451,23576.894531,25.343908,62.744888,24.644449,47.764336,8.209082,1306.101685,,,,normal-low,normal,synthetic_prototype
2026-07-14,23:23:35,176.395798,28.456417,23581.910156,25.339954,62.745152,24.642529,47.777935,8.205019,1306.319702,,,,normal-low,normal,synthetic_prototype
2026-07-14,23:23:40,176.393219,28.457441,23576.042969,25.342258,62.746136,24.645857,47.792168,8.207381,1306.208008,,,,normal-low,normal,synthetic_prototype
2026-07-14,23:23:45,176.378494,28.459108,23578.099609,25.344812,62.752285,24.644962,47.794636,8.206289,1306.332886,,,,normal-low,normal,synthetic_prototype
2026-07-14,23:23:50,176.366577,28.455564,23578.369141,25.346073,62.748489,24.646061,47.783897,8.205228,1306.391968,,,,normal-low,normal,synthetic_prototype
2026-07-14,23:23:55,176.366272,28.451294,23580.095703,25.345539,62.745708,24.650507,47.779739,8.202737,1306.620361,,,,normal-low,normal,synthetic_prototype
2026-07-14,23:24:00,176.355621,28.450447,23585.224609,25.341194,62.746483,24.654661,47.790638,8.201352,1306.631348,,,,normal-low,normal,synthetic_prototype
2026-07-14,23:24:05,176.357254,28.448967,23590.296875,25.344952,62.746532,24.656425,47.790493,8.200667,1306.715454,,,,normal-low,normal,synthetic_prototype
2026-07-14,23:24:10,176.346603,28.439854,23586.367188,25.346352,62.750957,24.658417,47.792038,8.198774,1306.583374,,,,normal-low,normal,synthetic_prototype
2026-07-14,23:24:15,176.354843,28.437147,23576.216797,25.347754,62.747089,24.657742,47.774849,8.199364,1306.036499,,,,normal-low,normal,synthetic_prototype
2026-07-14,23:24:20,176.354004,28.435989,23567.066406,25.348288,62.742481,24.654715,47.759743,8.201455,1305.724976,,,,normal-low,normal,synthetic_prototype
2026-07-14,23:24:25,176.352921,28.435339,23569.808594,25.344297,62.745087,24.654076,47.745602,8.200406,1306.128906,,,,normal-low,normal,synthetic_prototype
2026-07-14,23:24:30,176.354507,28.435986,23574.121094,25.350597,62.745949,24.652918,47.748371,8.200777,1306.415039,,,,normal-low,normal,synthetic_prototype
2026-07-14,23:24:35,176.365479,28.437271,23577.937500,25.349342,62.748043,24.653801,47.749523,8.200388,1306.802002,,,,normal-low,normal,synthetic_prototype
2026-07-14,23:24:40,176.363052,28.444576,23585.212891,25.348274,62.744461,24.657251,47.751064,8.200250,1306.887817,,,,normal-low,normal,synthetic_prototype
2026-07-14,23:24:45,176.367676,28.444975,23589.318359,25.346626,62.742081,24.658710,47.754108,8.199761,1306.854492,,,,normal-low,normal,synthetic_prototype
2026-07-14,23:24:50,176.369232,28.444315,23585.796875,25.345560,62.739288,24.660656,47.739342,8.201499,1306.634766,,,,normal-low,normal,synthetic_prototype
2026-07-14,23:24:55,176.350342,28.440918,23594.736328,25.346699,62.740467,24.659790,47.747364,8.198909,1306.971069,,,,normal-low,normal,synthetic_prototype
2026-07-14,23:25:00,176.364731,28.448326,23604.181641,25.343737,62.740742,24.664772,47.767616,8.198748,1307.376099,,,,normal-low,normal,synthetic_prototype
2026-07-14,23:25:05,176.352402,28.450867,23603.574219,25.348917,62.737774,24.665010,47.750473,8.193271,1307.291138,,,,normal-low,normal,synthetic_prototype
2026-07-14,23:25:10,176.354385,28.456980,23600.425781,25.353909,62.735874,24.663191,47.757652,8.193851,1307.241333,,,,normal-low,normal,synthetic_prototype
2026-07-14,23:25:15,176.352921,28.458780,23608.849609,25.349464,62.737915,24.665907,47.769684,8.190221,1307.137451,,,,normal-low,normal,synthetic_prototype
2026-07-14,23:25:20,176.376389,28.456713,23612.839844,25.348694,62.738621,24.659256,47.769619,8.190384,1307.545654,,,,normal-low,normal,synthetic_prototype
2026-07-14,23:25:25,176.383484,28.455688,23613.210938,25.346285,62.739662,24.661976,47.765366,8.188440,1307.628906,,,,normal-low,normal,synthetic_prototype
2026-07-14,23:25:30,176.378693,28.449888,23613.195312,25.346066,62.739231,24.660961,47.765293,8.188597,1307.744385,,,,normal-low,normal,synthetic_prototype
2026-07-14,23:25:35,176.366898,28.451794,23605.572266,25.341877,62.735729,24.657747,47.755699,8.188584,1307.524414,,,,normal-low,normal,synthetic_prototype
2026-07-14,23:25:40,176.374573,28.446951,23612.855469,25.349457,62.735786,24.655279,47.763397,8.190158,1307.961792,,,,normal-low,normal,synthetic_prototype
2026-07-14,23:25:45,176.373764,28.441603,23613.183594,25.352034,62.740990,24.652105,47.756889,8.190126,1307.689941,,,,normal-low,normal,synthetic_prototype
2026-07-14,23:25:50,176.374557,28.440252,23608.347656,25.352715,62.746998,24.653473,47.741970,8.189402,1307.661133,,,,normal-low,normal,synthetic_prototype
2026-07-14,23:25:55,176.374741,28.440189,23601.685547,25.352255,62.750080,24.651346,47.719757,8.185561,1307.457764,,,,normal-low,normal,synthetic_prototype
2026-07-14,23:26:00,176.370255,28.434332,23611.433594,25.350685,62.745651,24.654058,47.722435,8.183988,1307.469116,,,,normal-low,normal,synthetic_prototype
2026-07-14,23:26:05,176.361618,28.436426,23600.750000,25.346008,62.746872,24.655310,47.709568,8.183698,1307.472778,,,,normal-low,normal,synthetic_prototype
2026-07-14,23:26:10,176.355194,28.439140,23590.240234,25.343155,62.742939,24.650288,47.699097,8.181605,1307.117676,,,,normal-low,normal,synthetic_prototype
2026-07-14,23:26:15,176.366196,28.436798,23586.816406,25.342804,62.744938,24.651239,47.692680,8.182556,1307.352783,,,,normal-low,normal,synthetic_prototype
2026-07-14,23:26:20,176.350510,28.435150,23578.246094,25.346378,62.748669,24.650137,47.684307,8.180188,1307.104614,,,,normal-low,normal,synthetic_prototype
2026-07-14,23:26:25,176.332108,28.441282,23564.542969,25.339720,62.756596,24.652342,47.665848,8.179676,1306.754761,,,,normal-low,normal,synthetic_prototype
2026-07-14,23:26:30,176.326462,28.441248,23571.382812,25.342720,62.759571,24.650837,47.660351,8.177351,1306.686035,,,,normal-low,normal,synthetic_prototype
2026-07-14,23:26:35,176.304688,28.439405,23576.203125,25.343740,62.761147,24.649113,47.667793,8.176116,1306.764893,,,,normal-low,normal,synthetic_prototype
2026-07-14,23:26:40,176.289703,28.436314,23580.865234,25.346806,62.766556,24.647423,47.676662,8.176579,1307.073608,,,,normal-low,normal,synthetic_prototype
2026-07-14,23:26:45,176.276428,28.437483,23587.966797,25.345520,62.766235,24.646158,47.680645,8.179210,1307.332275,,,,normal-low,normal,synthetic_prototype
2026-07-14,23:26:50,176.294479,28.429518,23592.033203,25.347845,62.763016,24.645473,47.676918,8.180658,1307.223877,,,,normal-low,normal,synthetic_prototype
2026-07-14,23:26:55,176.290909,28.430914,23596.115234,25.343134,62.766788,24.646313,47.664158,8.177555,1306.971680,,,,normal-low,normal,synthetic_prototype
2026-07-14,23:27:00,176.293320,28.426916,23589.337891,25.337551,62.764305,24.644840,47.670174,8.173954,1306.735474,,,,normal-low,normal,synthetic_prototype
2026-07-14,23:27:05,176.293350,28.433651,23590.955078,25.339718,62.771091,24.643562,47.679695,8.175662,1306.917969,,,,normal-low,normal,synthetic_prototype
2026-07-14,23:27:10,176.297211,28.435301,23592.449219,25.339348,62.770748,24.647394,47.676308,8.175196,1306.793213,,,,normal-low,normal,synthetic_prototype
2026-07-14,23:27:15,176.296066,28.435305,23594.910156,25.337843,62.769520,24.648613,47.671741,8.174479,1306.775513,,,,normal-low,normal,synthetic_prototype
2026-07-14,23:27:20,176.283691,28.432430,23583.808594,25.338570,62.766342,24.647724,47.655819,8.173021,1306.531494,,,,normal-low,normal,synthetic_prototype
2026-07-14,23:27:25,176.281769,28.427612,23574.751953,25.335775,62.768040,24.647053,47.651741,8.176149,1306.069824,,,,normal-low,normal,synthetic_prototype
2026-07-14,23:27:30,176.280304,28.426016,23581.369141,25.334049,62.769238,24.648230,47.664661,8.178054,1306.170898,,,,normal-low,normal,synthetic_prototype
2026-07-14,23:27:35,176.276154,28.428980,23580.189453,25.331245,62.772167,24.646242,47.665298,8.176100,1306.037598,,,,normal-low,normal,synthetic_prototype
2026-07-14,23:27:40,176.275223,28.431973,23584.910156,25.331886,62.773964,24.646030,47.658001,8.176020,1306.154541,,,,normal-low,normal,synthetic_prototype
2026-07-14,23:27:45,176.295197,28.439680,23589.138672,25.323965,62.763981,24.650259,47.656208,8.177492,1306.154785,,,,normal-low,normal,synthetic_prototype
2026-07-14,23:27:50,176.295761,28.441225,23588.884766,25.317432,62.759350,24.658232,47.665939,8.175609,1305.902466,,,,normal-low,normal,synthetic_prototype
2026-07-14,23:27:55,176.300720,28.440378,23584.068359,25.310446,62.759476,24.660416,47.646923,8.176560,1305.404175,,,,normal-low,normal,synthetic_prototype
2026-07-14,23:28:00,176.295059,28.450453,23575.664062,25.313938,62.762390,24.655643,47.655621,8.178966,1305.112305,,,,normal-low,normal,synthetic_prototype
2026-07-14,23:28:05,176.281067,28.448778,23586.472656,25.317671,62.763966,24.649263,47.674763,8.180248,1305.579712,,,,normal-low,normal,synthetic_prototype
2026-07-14,23:28:10,176.285400,28.442341,23587.623047,25.318459,62.761284,24.649445,47.680080,8.180228,1305.377441,,,,normal-low,normal,synthetic_prototype
2026-07-14,23:28:15,176.287933,28.443575,23582.796875,25.324411,62.763538,24.646845,47.681850,8.180557,1305.275757,,,,normal-low,normal,synthetic_prototype
2026-07-14,23:28:20,176.279221,28.439217,23576.230469,25.324659,62.761307,24.646172,47.675892,8.180274,1305.161377,,,,normal-low,normal,synthetic_prototype
2026-07-14,23:28:25,176.296295,28.437246,23581.845703,25.319998,62.766727,24.649900,47.678730,8.178963,1305.446899,,,,normal-low,normal,synthetic_prototype
2026-07-14,23:28:30,176.283524,28.438435,23587.408203,25.324114,62.770847,24.645018,47.676109,8.178351,1305.747070,,,,normal-low,normal,synthetic_prototype
2026-07-14,23:28:35,176.279251,28.442266,23578.169922,25.324636,62.774792,24.646282,47.658558,8.177660,1305.573730,,,,normal-low,normal,synthetic_prototype
2026-07-14,23:28:40,176.283768,28.454582,23574.228516,25.317987,62.781288,24.644632,47.653992,8.178729,1305.466431,,,,normal-low,normal,synthetic_prototype
2026-07-14,23:28:45,176.284958,28.454557,23573.457031,25.314095,62.780048,24.652370,47.651672,8.181038,1305.209717,,,,normal-low,normal,synthetic_prototype
2026-07-14,23:28:50,176.273834,28.442955,23572.115234,25.314011,62.781544,24.652300,47.648193,8.178648,1305.295776,,,,normal-low,normal,synthetic_prototype
2026-07-14,23:28:55,176.280258,28.444759,23576.660156,25.317640,62.785416,24.648819,47.639820,8.179237,1305.296387,,,,normal-low,normal,synthetic_prototype
2026-07-14,23:29:00,176.266754,28.438332,23586.353516,25.318684,62.785595,24.649494,47.637154,8.180079,1305.335449,,,,normal-low,normal,synthetic_prototype
2026-07-14,23:29:05,176.257462,28.432806,23576.859375,25.315788,62.782997,24.649096,47.616013,8.176236,1305.157715,,,,normal-low,normal,synthetic_prototype
2026-07-14,23:29:10,176.242737,28.427757,23588.154297,25.319818,62.777649,24.646820,47.629585,8.175660,1305.535522,,,,normal-low,normal,synthetic_prototype
2026-07-14,23:29:15,176.228058,28.423866,23595.132812,25.319326,62.787518,24.648724,47.637878,8.172444,1305.648926,,,,normal-low,normal,synthetic_prototype
2026-07-14,23:29:20,176.217667,28.422888,23585.343750,25.321306,62.785713,24.645340,47.624863,8.170490,1305.626709,,,,normal-low,normal,synthetic_prototype
2026-07-14,23:29:25,176.220215,28.419502,23589.779297,25.325817,62.785007,24.642534,47.639492,8.170488,1305.774414,,,,normal-low,normal,synthetic_prototype
2026-07-14,23:29:30,176.192841,28.421137,23591.755859,25.330231,62.786732,24.646322,47.645298,8.171498,1305.924194,,,,normal-low,normal,synthetic_prototype
2026-07-14,23:29:35,176.197296,28.427227,23590.345703,25.324158,62.786884,24.645979,47.643520,8.169252,1305.658203,,,,normal-low,normal,synthetic_prototype
2026-07-14,23:29:40,176.195389,28.424726,23589.623047,25.326025,62.780739,24.649466,47.643494,8.167172,1305.452148,,,,normal-low,normal,synthetic_prototype
2026-07-14,23:29:45,176.206848,28.424961,23593.294922,25.328421,62.785172,24.648273,47.645145,8.171535,1305.590332,,,,normal-low,normal,synthetic_prototype
2026-07-14,23:29:50,176.187134,28.423294,23596.048828,25.325491,62.781822,24.652176,47.647327,8.170227,1305.479004,,,,normal-low,normal,synthetic_prototype
2026-07-14,23:29:55,176.185318,28.423662,23599.027344,25.325386,62.777889,24.650093,47.637955,8.171814,1305.698730,,,,normal-low,normal,synthetic_prototype
2026-07-14,23:30:00,176.182251,28.420664,23596.707031,25.324644,62.778030,24.647850,47.636822,8.174249,1305.554565,,,,normal-low,normal,synthetic_prototype
2026-07-14,23:30:05,176.180283,28.415792,23593.103516,25.320839,62.776028,24.644630,47.637665,8.171256,1305.080933,,,,normal-low,normal,synthetic_prototype
2026-07-14,23:30:10,176.181580,28.416994,23603.703125,25.321445,62.775414,24.649334,47.644527,8.170938,1305.537109,,,,normal-low,normal,synthetic_prototype
2026-07-14,23:30:15,176.178955,28.415758,23600.546875,25.322042,62.772362,24.645550,47.638775,8.170124,1305.254150,,,,normal-low,normal,synthetic_prototype
2026-07-14,23:30:20,176.190536,28.415071,23596.656250,25.322262,62.774113,24.650234,47.632923,8.171788,1305.400513,,,,normal-low,normal,synthetic_prototype
2026-07-14,23:30:25,176.203735,28.418871,23596.361328,25.322544,62.778816,24.648367,47.637733,8.172352,1305.697510,,,,normal-low,normal,synthetic_prototype
2026-07-14,23:30:30,176.192551,28.424536,23605.625000,25.320408,62.779270,24.651873,47.641018,8.171601,1305.842163,,,,normal-low,normal,synthetic_prototype
2026-07-14,23:30:35,176.195816,28.429493,23602.804688,25.319134,62.782215,24.649630,47.629425,8.173588,1305.909546,,,,normal-low,normal,synthetic_prototype
2026-07-14,23:30:40,176.203598,28.435328,23616.041016,25.327179,62.783298,24.646706,47.639477,8.174364,1306.341064,,,,normal-low,normal,synthetic_prototype
2026-07-14,23:30:45,176.217453,28.434113,23615.529297,25.324953,62.784172,24.648024,47.646507,8.181190,1306.514893,,,,normal-low,normal,synthetic_prototype
2026-07-14,23:30:50,176.197357,28.433975,23613.396484,25.322451,62.785168,24.648994,47.648079,8.177382,1306.532837,,,,normal-low,normal,synthetic_prototype
2026-07-14,23:30:55,176.201218,28.432570,23616.462891,25.320704,62.790154,24.645287,47.650517,8.173738,1306.479492,,,,normal-low,normal,synthetic_prototype
2026-07-14,23:31:00,176.213623,28.436447,23626.607422,25.324169,62.790329,24.645041,47.666534,8.176401,1306.952515,,,,normal-low,normal,synthetic_prototype
2026-07-14,23:31:05,176.215424,28.440525,23626.312500,25.319067,62.793808,24.645098,47.689774,8.175988,1307.060425,,,,normal-low,normal,synthetic_prototype
2026-07-14,23:31:10,176.221832,28.430561,23621.220703,25.320023,62.799183,24.645693,47.669533,8.178271,1307.070435,,,,normal-low,normal,synthetic_prototype
2026-07-14,23:31:15,176.242310,28.435278,23617.566406,25.322941,62.795120,24.646753,47.654491,8.179870,1307.060547,,,,normal-low,normal,synthetic_prototype
2026-07-14,23:31:20,176.239349,28.434834,23615.708984,25.321096,62.792992,24.648550,47.666622,8.179145,1306.928955,,,,normal-low,normal,synthetic_prototype
2026-07-14,23:31:25,176.236130,28.444960,23620.880859,25.323587,62.798275,24.645851,47.674854,8.180897,1306.988770,,,,normal-low,normal,synthetic_prototype
2026-07-14,23:31:30,176.238708,28.447794,23638.900391,25.326448,62.801128,24.645666,47.695122,8.178127,1307.426514,,,,normal-low,normal,synthetic_prototype
2026-07-14,23:31:35,176.247559,28.448616,23647.882812,25.323954,62.801762,24.650778,47.701683,8.176743,1307.485718,,,,normal-low,normal,synthetic_prototype
2026-07-14,23:31:40,176.242706,28.450916,23648.888672,25.325533,62.807632,24.652908,47.719006,8.178243,1307.776245,,,,normal-low,normal,synthetic_prototype
2026-07-14,23:31:45,176.217911,28.457899,23654.748047,25.330843,62.812798,24.653801,47.724800,8.175013,1308.106567,,,,normal-low,normal,synthetic_prototype
2026-07-14,23:31:50,176.206421,28.460648,23651.750000,25.327833,62.821838,24.650454,47.716297,8.175308,1307.806152,,,,normal-low,normal,synthetic_prototype
2026-07-14,23:31:55,176.214630,28.450130,23650.789062,25.333607,62.815189,24.647440,47.726913,8.179083,1308.089355,,,,normal-low,normal,synthetic_prototype
2026-07-14,23:32:00,176.228714,28.447460,23647.503906,25.330856,62.817184,24.649282,47.732464,8.181212,1308.034546,,,,normal-low,normal,synthetic_prototype
2026-07-14,23:32:05,176.223694,28.443026,23651.960938,25.326660,62.822002,24.649757,47.745338,8.179501,1308.461792,,,,normal-low,normal,synthetic_prototype
2026-07-14,23:32:10,176.221542,28.441912,23635.185547,25.331488,62.826416,24.646183,47.728218,8.180957,1308.205566,,,,normal-low,normal,synthetic_prototype
2026-07-14,23:32:15,176.247070,28.441273,23644.037109,25.329319,62.825073,24.644733,47.740631,8.179753,1308.394653,,,,normal-low,normal,synthetic_prototype
2026-07-14,23:32:20,176.244797,28.436060,23656.410156,25.331181,62.830360,24.644636,47.760693,8.182554,1309.026855,,,,normal-low,normal,synthetic_prototype
2026-07-14,23:32:25,176.252365,28.426231,23654.673828,25.336403,62.833492,24.649643,47.761063,8.178294,1308.949829,,,,normal-low,normal,synthetic_prototype
2026-07-14,23:32:30,176.243820,28.429626,23647.494141,25.333546,62.831100,24.650719,47.752361,8.173255,1308.775269,,,,normal-low,normal,synthetic_prototype
2026-07-14,23:32:35,176.236450,28.432707,23642.640625,25.332258,62.828243,24.652546,47.748985,8.173507,1308.635864,,,,normal-low,normal,synthetic_prototype
2026-07-14,23:32:40,176.243591,28.427923,23643.634766,25.333050,62.833893,24.652210,47.765144,8.176019,1308.714111,,,,normal-low,normal,synthetic_prototype
2026-07-14,23:32:45,176.240295,28.425751,23645.875000,25.333733,62.832890,24.653025,47.760208,8.175686,1308.607178,,,,normal-low,normal,synthetic_prototype
2026-07-14,23:32:50,176.243591,28.421305,23645.740234,25.337343,62.837608,24.652552,47.756409,8.175139,1308.645264,,,,normal-low,normal,synthetic_prototype
2026-07-14,23:32:55,176.225693,28.420336,23660.101562,25.338514,62.835033,24.651691,47.770447,8.173268,1309.122925,,,,normal-low,normal,synthetic_prototype
2026-07-14,23:33:00,176.220901,28.416838,23665.542969,25.341007,62.831703,24.653713,47.773903,8.172046,1309.301392,,,,normal-low,normal,synthetic_prototype
2026-07-14,23:33:05,176.220367,28.411278,23664.328125,25.342686,62.832874,24.651325,47.765568,8.174682,1309.336670,,,,normal-low,normal,synthetic_prototype
2026-07-14,23:33:10,176.234924,28.403835,23658.638672,25.345850,62.833717,24.652454,47.750282,8.173156,1309.052856,,,,normal-low,normal,synthetic_prototype
2026-07-14,23:33:15,176.241486,28.411627,23667.173828,25.347799,62.833351,24.653811,47.761272,8.170624,1309.164062,,,,normal-low,normal,synthetic_prototype
2026-07-14,23:33:20,176.240982,28.416359,23669.392578,25.348572,62.831795,24.649158,47.769588,8.169719,1309.442749,,,,normal-low,normal,synthetic_prototype
2026-07-14,23:33:25,176.244354,28.424688,23678.007812,25.353971,62.834618,24.647272,47.774189,8.169305,1309.873047,,,,normal-low,normal,synthetic_prototype
2026-07-14,23:33:30,176.247131,28.419212,23669.185547,25.353662,62.836761,24.646114,47.770172,8.170311,1309.945801,,,,normal-low,normal,synthetic_prototype
2026-07-14,23:33:35,176.256638,28.415255,23666.722656,25.349081,62.834549,24.648342,47.766823,8.173274,1309.782349,,,,normal-low,normal,synthetic_prototype
2026-07-14,23:33:40,176.248245,28.418163,23665.820312,25.351723,62.826283,24.650841,47.769985,8.173804,1309.969482,,,,normal-low,normal,synthetic_prototype
2026-07-14,23:33:45,176.250168,28.413733,23664.171875,25.352262,62.821632,24.647005,47.775101,8.174343,1310.055664,,,,normal-low,normal,synthetic_prototype
2026-07-14,23:33:50,176.260620,28.412659,23653.771484,25.355103,62.818390,24.643080,47.766850,8.174361,1309.942383,,,,normal-low,normal,synthetic_prototype
2026-07-14,23:33:55,176.259155,28.415400,23653.601562,25.354601,62.812542,24.640312,47.755676,8.173788,1309.974976,,,,normal-low,normal,synthetic_prototype
2026-07-14,23:34:00,176.269882,28.417000,23639.642578,25.352360,62.817341,24.636065,47.738625,8.172127,1309.581665,,,,normal-low,normal,synthetic_prototype
2026-07-14,23:34:05,176.281677,28.419870,23649.892578,25.354721,62.812122,24.640966,47.750797,8.174416,1310.075195,,,,normal-low,normal,synthetic_prototype
2026-07-14,23:34:10,176.277527,28.422674,23649.187500,25.354950,62.808273,24.642599,47.750664,8.175012,1310.254517,,,,normal-low,normal,synthetic_prototype
2026-07-14,23:34:15,176.275558,28.426105,23643.332031,25.351360,62.808506,24.644936,47.743443,8.172452,1310.027100,,,,normal-low,normal,synthetic_prototype
2026-07-14,23:34:20,176.282501,28.426081,23656.076172,25.348085,62.809578,24.643087,47.760273,8.170715,1310.600220,,,,normal-low,normal,synthetic_prototype
2026-07-14,23:34:25,176.287659,28.426838,23662.738281,25.352465,62.807537,24.641108,47.774620,8.168475,1310.799194,,,,normal-low,normal,synthetic_prototype
2026-07-14,23:34:30,176.293869,28.426514,23651.740234,25.356329,62.805992,24.641380,47.757069,8.170703,1310.505737,,,,normal-low,normal,synthetic_prototype
2026-07-14,23:34:35,176.317429,28.429922,23652.369141,25.360638,62.800518,24.641266,47.764153,8.175094,1310.472046,,,,normal-low,normal,synthetic_prototype
2026-07-14,23:34:40,176.330521,28.437576,23654.109375,25.360748,62.805241,24.644314,47.776226,8.173740,1310.693970,,,,normal-low,normal,synthetic_prototype
2026-07-14,23:34:45,176.350830,28.436018,23656.201172,25.358139,62.808651,24.645611,47.782852,8.176354,1310.767090,,,,normal-low,normal,synthetic_prototype
2026-07-14,23:34:50,176.350082,28.444759,23655.833984,25.357229,62.808399,24.641045,47.781776,8.173733,1310.714966,,,,normal-low,normal,synthetic_prototype
2026-07-14,23:34:55,176.335037,28.442116,23643.962891,25.356453,62.807732,24.640285,47.768688,8.171752,1310.366333,,,,normal-low,normal,synthetic_prototype
2026-07-14,23:35:00,176.332779,28.447344,23651.220703,25.361731,62.806183,24.637877,47.782986,8.168487,1310.359375,,,,normal-low,normal,synthetic_prototype
2026-07-14,23:35:05,176.363297,28.446135,23650.675781,25.357307,62.804462,24.634630,47.792988,8.172068,1310.570312,,,,normal-low,normal,synthetic_prototype
2026-07-14,23:35:10,176.356262,28.445068,23653.119141,25.355570,62.809917,24.633001,47.799301,8.171770,1311.101196,,,,normal-low,normal,synthetic_prototype
2026-07-14,23:35:15,176.339325,28.448336,23649.531250,25.354038,62.808605,24.632380,47.798901,8.166227,1311.288574,,,,normal-low,normal,synthetic_prototype
2026-07-14,23:35:20,176.331665,28.445837,23664.632812,25.352795,62.808739,24.633976,47.819675,8.166824,1311.617065,,,,normal-low,normal,synthetic_prototype
2026-07-14,23:35:25,176.331207,28.445648,23673.359375,25.356895,62.813549,24.636477,47.822021,8.170054,1311.681274,,,,normal-low,normal,synthetic_prototype
2026-07-14,23:35:30,176.329468,28.447620,23682.978516,25.361027,62.814491,24.640503,47.832687,8.171954,1312.091919,,,,normal-low,normal,synthetic_prototype
2026-07-14,23:35:35,176.330139,28.440662,23682.439453,25.362568,62.816231,24.639313,47.838360,8.174971,1312.247681,,,,normal-low,normal,synthetic_prototype
2026-07-14,23:35:40,176.322754,28.439503,23683.660156,25.367458,62.814163,24.636957,47.847984,8.177236,1312.269531,,,,normal-low,normal,synthetic_prototype
2026-07-14,23:35:45,176.339081,28.439711,23675.054688,25.368971,62.813850,24.637028,47.841560,8.180870,1312.065552,,,,normal-low,normal,synthetic_prototype
2026-07-14,23:35:50,176.353668,28.446554,23680.048828,25.369734,62.811771,24.635767,47.848057,8.180750,1312.195068,,,,normal-low,normal,synthetic_prototype
2026-07-14,23:35:55,176.373001,28.457041,23679.052734,25.375181,62.814083,24.640715,47.835194,8.180840,1312.315552,,,,normal-low,normal,synthetic_prototype
2026-07-14,23:36:00,176.377106,28.459425,23674.089844,25.373228,62.811882,24.640574,47.830452,8.181947,1312.345337,,,,normal-low,normal,synthetic_prototype
2026-07-14,23:36:05,176.380768,28.457010,23680.626953,25.376505,62.816719,24.641972,47.839882,8.185031,1312.404663,,,,normal-low,normal,synthetic_prototype
2026-07-14,23:36:10,176.384476,28.454100,23684.558594,25.377533,62.812798,24.640532,47.845436,8.186562,1312.291138,,,,normal-low,normal,synthetic_prototype
2026-07-14,23:36:15,176.399765,28.456451,23678.744141,25.377764,62.809086,24.641392,47.837345,8.188849,1311.942627,,,,normal-low,normal,synthetic_prototype
2026-07-14,23:36:20,176.387497,28.454945,23680.308594,25.376171,62.812485,24.644213,47.839394,8.181673,1312.112549,,,,normal-low,normal,synthetic_prototype
2026-07-14,23:36:25,176.394730,28.448231,23690.990234,25.371893,62.807003,24.648289,47.844738,8.181486,1312.664673,,,,normal-low,normal,synthetic_prototype
2026-07-14,23:36:30,176.392624,28.448524,23688.238281,25.370058,62.815701,24.647842,47.850048,8.180422,1312.592163,,,,normal-low,normal,synthetic_prototype
2026-07-14,23:36:35,176.391968,28.444468,23681.460938,25.375528,62.815727,24.647024,47.844124,8.181067,1312.578857,,,,normal-low,normal,synthetic_prototype
2026-07-14,23:36:40,176.377380,28.446781,23680.646484,25.371822,62.818798,24.646109,47.855740,8.177413,1312.610107,,,,normal-low,normal,synthetic_prototype
2026-07-14,23:36:45,176.358322,28.448378,23683.064453,25.376354,62.810425,24.651091,47.856544,8.174850,1312.689209,,,,normal-low,normal,synthetic_prototype
2026-07-14,23:36:50,176.358002,28.446571,23668.644531,25.371225,62.809296,24.649679,47.841949,8.175147,1312.148804,,,,normal-low,normal,synthetic_prototype
2026-07-14,23:36:55,176.353836,28.443766,23679.322266,25.372026,62.803894,24.655807,47.849480,8.175861,1312.488892,,,,normal-low,normal,synthetic_prototype
2026-07-14,23:37:00,176.351608,28.445578,23670.140625,25.373936,62.799099,24.655983,47.836735,8.179011,1312.321899,,,,normal-low,normal,synthetic_prototype
2026-07-14,23:37:05,176.360016,28.447823,23673.400391,25.380274,62.799248,24.659157,47.851799,8.180848,1312.851807,,,,normal-low,normal,synthetic_prototype
2026-07-14,23:37:10,176.354279,28.442154,23671.437500,25.378592,62.807110,24.658493,47.832474,8.180923,1312.757202,,,,normal-low,normal,synthetic_prototype
2026-07-14,23:37:15,176.355087,28.436977,23671.968750,25.376266,62.813900,24.657505,47.837334,8.181400,1312.752930,,,,normal-low,normal,synthetic_prototype
2026-07-14,23:37:20,176.355087,28.430927,23678.347656,25.378214,62.820042,24.658188,47.851879,8.180223,1312.843140,,,,normal-low,normal,synthetic_prototype
2026-07-14,23:37:25,176.352646,28.430861,23671.505859,25.378431,62.822887,24.659002,47.842590,8.180667,1312.418945,,,,normal-low,normal,synthetic_prototype
2026-07-14,23:37:30,176.339966,28.428066,23673.761719,25.375849,62.814445,24.659788,47.850220,8.176070,1312.579590,,,,normal-low,normal,synthetic_prototype
2026-07-14,23:37:35,176.373871,28.433828,23665.582031,25.376455,62.813091,24.659285,47.842617,8.175347,1312.306274,,,,normal-low,normal,synthetic_prototype
2026-07-14,23:37:40,176.378052,28.428295,23663.255859,25.375168,62.810490,24.662096,47.842510,8.175952,1311.937866,,,,normal-low,normal,synthetic_prototype
2026-07-14,23:37:45,176.374786,28.426359,23673.603516,25.375010,62.807747,24.665081,47.859234,8.173322,1312.029663,,,,normal-low,normal,synthetic_prototype
2026-07-14,23:37:50,176.377319,28.422951,23683.830078,25.373308,62.814880,24.666775,47.863739,8.173223,1312.529297,,,,normal-low,normal,synthetic_prototype
2026-07-14,23:37:55,176.368057,28.414766,23688.009766,25.366865,62.816669,24.666935,47.873089,8.171030,1312.423462,,,,normal-low,normal,synthetic_prototype
2026-07-14,23:38:00,176.366898,28.419315,23691.919922,25.368628,62.816559,24.663548,47.873569,8.172734,1312.531982,,,,normal-low,normal,synthetic_prototype
2026-07-14,23:38:05,176.382721,28.423100,23680.646484,25.364664,62.820820,24.663952,47.872746,8.171579,1312.303833,,,,normal-low,normal,synthetic_prototype
2026-07-14,23:38:10,176.381104,28.423628,23692.316406,25.370529,62.823856,24.663164,47.884048,8.173097,1312.507446,,,,normal-low,normal,synthetic_prototype
2026-07-14,23:38:15,176.369919,28.423332,23685.898438,25.369812,62.821293,24.663904,47.872158,8.173808,1312.221558,,,,normal-low,normal,synthetic_prototype
2026-07-14,23:38:20,176.374969,28.425848,23684.199219,25.374435,62.823761,24.661711,47.870579,8.171636,1312.125854,,,,normal-low,normal,synthetic_prototype
2026-07-14,23:38:25,176.379456,28.426683,23689.712891,25.374153,62.815479,24.663130,47.885315,8.172695,1312.353271,,,,normal-low,normal,synthetic_prototype
2026-07-14,23:38:30,176.388580,28.430075,23690.900391,25.365269,62.812065,24.662613,47.888027,8.174046,1312.152832,,,,normal-low,normal,synthetic_prototype
2026-07-14,23:38:35,176.406845,28.433661,23692.703125,25.365450,62.815536,24.665482,47.891808,8.174623,1312.244385,,,,normal-low,normal,synthetic_prototype
2026-07-14,23:38:40,176.403061,28.431711,23684.007812,25.367336,62.816013,24.660843,47.878426,8.171706,1312.224854,,,,normal-low,normal,synthetic_prototype
2026-07-14,23:38:45,176.409225,28.429665,23672.896484,25.364048,62.814346,24.661547,47.869431,8.175304,1311.678833,,,,normal-low,normal,synthetic_prototype
2026-07-14,23:38:50,176.391815,28.425718,23674.791016,25.366541,62.812878,24.661324,47.857990,8.171843,1311.987671,,,,normal-low,normal,synthetic_prototype
2026-07-14,23:38:55,176.388580,28.425352,23666.546875,25.363407,62.818027,24.658756,47.844288,8.169560,1311.841064,,,,normal-low,normal,synthetic_prototype
2026-07-14,23:39:00,176.383850,28.429182,23662.765625,25.368919,62.820290,24.657110,47.847416,8.170320,1311.540527,,,,normal-low,normal,synthetic_prototype
2026-07-14,23:39:05,176.394150,28.428642,23652.195312,25.369150,62.821346,24.656181,47.845047,8.172205,1311.254028,,,,normal-low,normal,synthetic_prototype
2026-07-14,23:39:10,176.385925,28.418535,23644.962891,25.368704,62.822197,24.654839,47.840076,8.171752,1310.913330,,,,normal-low,normal,synthetic_prototype
2026-07-14,23:39:15,176.370697,28.416079,23652.347656,25.367874,62.818470,24.659590,47.840744,8.169373,1311.167480,,,,normal-low,normal,synthetic_prototype
2026-07-14,23:39:20,176.386490,28.409258,23662.412109,25.365744,62.820873,24.659536,47.846184,8.168894,1311.357056,,,,normal-low,normal,synthetic_prototype
2026-07-14,23:39:25,176.383316,28.408892,23659.816406,25.365768,62.823048,24.657513,47.839764,8.168591,1311.557251,,,,normal-low,normal,synthetic_prototype
2026-07-14,23:39:30,176.385117,28.416843,23653.136719,25.370117,62.815578,24.650970,47.850006,8.169732,1311.343018,,,,normal-low,normal,synthetic_prototype
2026-07-14,23:39:35,176.381561,28.420618,23657.244141,25.371120,62.814816,24.648418,47.862495,8.172066,1311.396240,,,,normal-low,normal,synthetic_prototype
2026-07-14,23:39:40,176.378128,28.417030,23647.917969,25.369736,62.807854,24.646318,47.849850,8.171397,1311.209106,,,,normal-low,normal,synthetic_prototype
2026-07-14,23:39:45,176.376740,28.414330,23636.406250,25.368879,62.808178,24.646288,47.837399,8.168431,1310.739136,,,,normal-low,normal,synthetic_prototype
2026-07-14,23:39:50,176.382904,28.420113,23630.662109,25.371260,62.813206,24.646242,47.822994,8.169521,1310.570435,,,,normal-low,normal,synthetic_prototype
2026-07-14,23:39:55,176.380234,28.415649,23632.806641,25.369711,62.810940,24.652563,47.825302,8.172643,1310.481934,,,,normal-low,normal,synthetic_prototype
2026-07-14,23:40:00,176.375671,28.419989,23634.388672,25.372963,62.813152,24.649618,47.826897,8.171520,1310.705322,,,,normal-low,normal,synthetic_prototype
2026-07-14,23:40:05,176.381058,28.415613,23641.650391,25.372688,62.817986,24.650124,47.837204,8.170280,1310.752319,,,,normal-low,normal,synthetic_prototype
2026-07-14,23:40:10,176.405609,28.416830,23642.566406,25.370234,62.819771,24.648691,47.832527,8.171457,1310.736450,,,,normal-low,normal,synthetic_prototype
2026-07-14,23:40:15,176.416031,28.418289,23641.333984,25.370152,62.814777,24.647062,47.838985,8.175453,1310.905518,,,,normal-low,normal,synthetic_prototype
2026-07-14,23:40:20,176.428207,28.412870,23633.332031,25.370792,62.814529,24.650530,47.828259,8.175475,1310.520386,,,,normal-low,normal,synthetic_prototype
2026-07-14,23:40:25,176.425644,28.412794,23634.345703,25.371153,62.812916,24.645920,47.840324,8.173480,1310.455444,,,,normal-low,normal,synthetic_prototype
2026-07-14,23:40:30,176.433838,28.410154,23631.230469,25.373493,62.812462,24.647911,47.824009,8.176683,1310.087646,,,,normal-low,normal,synthetic_prototype
2026-07-14,23:40:35,176.443314,28.418718,23626.863281,25.375582,62.808338,24.650354,47.817413,8.174410,1309.878784,,,,normal-low,normal,synthetic_prototype
2026-07-14,23:40:40,176.444351,28.426718,23628.035156,25.378172,62.815094,24.651989,47.824257,8.173161,1309.799805,,,,normal-low,normal,synthetic_prototype
2026-07-14,23:40:45,176.450668,28.426826,23630.308594,25.381332,62.812767,24.649792,47.822937,8.173847,1309.698120,,,,normal-low,normal,synthetic_prototype
2026-07-14,23:40:50,176.458344,28.422646,23635.253906,25.382610,62.808109,24.647343,47.836349,8.177194,1309.933105,,,,normal-low,normal,synthetic_prototype
2026-07-14,23:40:55,176.453430,28.415115,23627.773438,25.376743,62.807919,24.645590,47.825184,8.174735,1309.734619,,,,normal-low,normal,synthetic_prototype
2026-07-14,23:41:00,176.444382,28.418339,23635.960938,25.382132,62.812332,24.646074,47.844910,8.174840,1309.958374,,,,normal-low,normal,synthetic_prototype
2026-07-14,23:41:05,176.414948,28.414145,23629.316406,25.381977,62.818359,24.643404,47.832352,8.171596,1309.670776,,,,normal-low,normal,synthetic_prototype
2026-07-14,23:41:10,176.411621,28.410950,23619.367188,25.380980,62.814270,24.645638,47.820499,8.169128,1309.364624,,,,normal-low,normal,synthetic_prototype
2026-07-14,23:41:15,176.396103,28.408598,23626.783203,25.382917,62.817566,24.647184,47.829971,8.169868,1309.510376,,,,normal-low,normal,synthetic_prototype
2026-07-14,23:41:20,176.419495,28.407948,23622.212891,25.382969,62.817032,24.649324,47.819611,8.173412,1309.400391,,,,normal-low,normal,synthetic_prototype
2026-07-14,23:41:25,176.411163,28.405466,23620.701172,25.380045,62.815048,24.650473,47.810650,8.170839,1309.087524,,,,normal-low,normal,synthetic_prototype
2026-07-14,23:41:30,176.413513,28.398643,23611.630859,25.376871,62.809925,24.651157,47.800652,8.169770,1308.840332,,,,normal-low,normal,synthetic_prototype
2026-07-14,23:41:35,176.417877,28.392550,23613.400391,25.377287,62.806900,24.653591,47.800507,8.171652,1308.944946,,,,normal-low,normal,synthetic_prototype
2026-07-14,23:41:40,176.434311,28.398634,23608.619141,25.377975,62.805012,24.656483,47.794575,8.170689,1308.470581,,,,normal-low,normal,synthetic_prototype
2026-07-14,23:41:45,176.420959,28.394983,23610.156250,25.377045,62.800114,24.652254,47.782578,8.166528,1308.461914,,,,normal-low,normal,synthetic_prototype
2026-07-14,23:41:50,176.436478,28.399145,23608.507812,25.371975,62.805069,24.655617,47.765991,8.167324,1308.444946,,,,normal-low,normal,synthetic_prototype
2026-07-14,23:41:55,176.435303,28.394234,23613.218750,25.370028,62.810650,24.658092,47.778385,8.167361,1308.753906,,,,normal-low,normal,synthetic_prototype
2026-07-14,23:42:00,176.432327,28.392933,23614.082031,25.370846,62.806431,24.657310,47.777290,8.165336,1308.502319,,,,normal-low,normal,synthetic_prototype
2026-07-14,23:42:05,176.432831,28.395811,23596.728516,25.366156,62.803028,24.659637,47.760429,8.163757,1307.851929,,,,normal-low,normal,synthetic_prototype
2026-07-14,23:42:10,176.443542,28.396025,23593.082031,25.365196,62.805771,24.661140,47.748104,8.163253,1307.512207,,,,normal-low,normal,synthetic_prototype
2026-07-14,23:42:15,176.431442,28.393847,23592.173828,25.360418,62.804626,24.662186,47.755260,8.159326,1307.418335,,,,normal-low,normal,synthetic_prototype
2026-07-14,23:42:20,176.459885,28.392300,23574.937500,25.356308,62.802933,24.663170,47.734455,8.158257,1306.598755,,,,normal-low,normal,synthetic_prototype
2026-07-14,23:42:25,176.461197,28.394348,23571.253906,25.362688,62.801952,24.657896,47.735538,8.160722,1306.509644,,,,normal-low,normal,synthetic_prototype
2026-07-14,23:42:30,176.452133,28.394281,23557.166016,25.364145,62.805031,24.659828,47.722935,8.162543,1306.031982,,,,normal-low,normal,synthetic_prototype
2026-07-14,23:42:35,176.444595,28.392548,23556.791016,25.365223,62.794582,24.654716,47.720818,8.162214,1306.074829,,,,normal-low,normal,synthetic_prototype
2026-07-14,23:42:40,176.465622,28.399935,23562.380859,25.365889,62.795475,24.653193,47.725311,8.164987,1306.394897,,,,normal-low,normal,synthetic_prototype
2026-07-14,23:42:45,176.463928,28.394812,23551.279297,25.371107,62.795803,24.654961,47.718273,8.165033,1306.438599,,,,normal-low,normal,synthetic_prototype
2026-07-14,23:42:50,176.464905,28.396904,23545.007812,25.372507,62.798420,24.655519,47.707954,8.166797,1306.100342,,,,normal-low,normal,synthetic_prototype
2026-07-14,23:42:55,176.470810,28.394274,23544.814453,25.371748,62.802937,24.653757,47.717583,8.167424,1306.215088,,,,normal-low,normal,synthetic_prototype
2026-07-14,23:43:00,176.459030,28.403460,23548.326172,25.374779,62.802452,24.656916,47.723507,8.164927,1306.432251,,,,normal-low,normal,synthetic_prototype
2026-07-14,23:43:05,176.472107,28.407230,23551.857422,25.375374,62.799812,24.654711,47.739231,8.167650,1306.354126,,,,normal-low,normal,synthetic_prototype
2026-07-14,23:43:10,176.452362,28.410351,23549.812500,25.377260,62.799229,24.654964,47.740070,8.165768,1306.776367,,,,normal-low,normal,synthetic_prototype
2026-07-14,23:43:15,176.451965,28.407591,23547.087891,25.379253,62.798885,24.654600,47.740646,8.170102,1306.559692,,,,normal-low,normal,synthetic_prototype
2026-07-14,23:43:20,176.454514,28.406540,23561.197266,25.386629,62.794533,24.651417,47.770397,8.170220,1307.244141,,,,normal-low,normal,synthetic_prototype
2026-07-14,23:43:25,176.455627,28.412975,23559.222656,25.381994,62.787083,24.652496,47.768272,8.168064,1306.966797,,,,normal-low,normal,synthetic_prototype
2026-07-14,23:43:30,176.431763,28.417503,23541.679688,25.379766,62.792679,24.652103,47.755177,8.163718,1306.567749,,,,normal-low,normal,synthetic_prototype
2026-07-14,23:43:35,176.435562,28.414715,23542.164062,25.383907,62.790592,24.654873,47.747597,8.161480,1306.732300,,,,normal-low,normal,synthetic_prototype
2026-07-14,23:43:40,176.424332,28.416573,23532.771484,25.385588,62.788002,24.652664,47.738022,8.159853,1306.657471,,,,normal-low,normal,synthetic_prototype
2026-07-14,23:43:45,176.424454,28.419174,23532.132812,25.385380,62.788101,24.654886,47.746136,8.161230,1306.447388,,,,normal-low,normal,synthetic_prototype
2026-07-14,23:43:50,176.434479,28.425604,23534.462891,25.392235,62.778561,24.654949,47.758545,8.163769,1306.610840,,,,normal-low,normal,synthetic_prototype
2026-07-14,23:43:55,176.413376,28.425755,23538.351562,25.392841,62.779434,24.650654,47.751751,8.163696,1306.690674,,,,normal-low,normal,synthetic_prototype
2026-07-14,23:44:00,176.417145,28.426783,23529.615234,25.390417,62.779385,24.651722,47.733124,8.160942,1306.578613,,,,normal-low,normal,synthetic_prototype
2026-07-14,23:44:05,176.404419,28.424318,23508.437500,25.394382,62.781002,24.646858,47.707451,8.162977,1306.089600,,,,normal-low,normal,synthetic_prototype
2026-07-14,23:44:10,176.397522,28.424656,23505.820312,25.401571,62.782082,24.641523,47.693748,8.163650,1306.075317,,,,normal-low,normal,synthetic_prototype
2026-07-14,23:44:15,176.397736,28.427578,23510.173828,25.403919,62.782532,24.642696,47.705460,8.163186,1306.336548,,,,normal-low,normal,synthetic_prototype
2026-07-14,23:44:20,176.416031,28.431324,23512.519531,25.403875,62.789722,24.643314,47.699226,8.163812,1306.370239,,,,normal-low,normal,synthetic_prototype
2026-07-14,23:44:25,176.408234,28.430916,23523.441406,25.410269,62.790993,24.645306,47.702038,8.164374,1306.978394,,,,normal-low,normal,synthetic_prototype
2026-07-14,23:44:30,176.407501,28.428949,23524.230469,25.408791,62.786781,24.646637,47.709866,8.165105,1307.235107,,,,normal-low,normal,synthetic_prototype
2026-07-14,23:44:35,176.397217,28.435196,23513.998047,25.414572,62.782925,24.649750,47.694691,8.167877,1306.898193,,,,normal-low,normal,synthetic_prototype
2026-07-14,23:44:40,176.389008,28.424656,23505.179688,25.412991,62.783390,24.649612,47.681129,8.167644,1306.639038,,,,normal-low,normal,synthetic_prototype
2026-07-14,23:44:45,176.394455,28.430124,23515.914062,25.414019,62.781284,24.649420,47.691563,8.169627,1306.842285,,,,normal-low,normal,synthetic_prototype
2026-07-14,23:44:50,176.393158,28.430986,23512.250000,25.417311,62.784264,24.649876,47.707214,8.170209,1306.965454,,,,normal-low,normal,synthetic_prototype
2026-07-14,23:44:55,176.403824,28.428354,23515.417969,25.414122,62.788654,24.652729,47.713863,8.170876,1306.836182,,,,normal-low,normal,synthetic_prototype
2026-07-14,23:45:00,176.399750,28.425686,23517.705078,25.411940,62.784107,24.652796,47.720886,8.171881,1306.978271,,,,normal-low,normal,synthetic_prototype
2026-07-14,23:45:05,176.394516,28.422398,23513.730469,25.413740,62.782047,24.652426,47.707050,8.171626,1306.783447,,,,normal-low,normal,synthetic_prototype
2026-07-14,23:45:10,176.394272,28.420473,23519.076172,25.410383,62.789009,24.653656,47.709259,8.169465,1307.024902,,,,normal-low,normal,synthetic_prototype
2026-07-14,23:45:15,176.411469,28.426722,23514.513672,25.408295,62.784550,24.652142,47.699638,8.170907,1306.902222,,,,normal-low,normal,synthetic_prototype
2026-07-14,23:45:20,176.401764,28.424612,23513.345703,25.406944,62.782555,24.656963,47.708061,8.168394,1306.693115,,,,normal-low,normal,synthetic_prototype
2026-07-14,23:45:25,176.410187,28.424738,23510.066406,25.406618,62.785416,24.659920,47.716110,8.171401,1306.534180,,,,normal-low,normal,synthetic_prototype
2026-07-14,23:45:30,176.399551,28.422586,23508.253906,25.403816,62.784653,24.660505,47.707447,8.168637,1306.836914,,,,normal-low,normal,synthetic_prototype
2026-07-14,23:45:35,176.393173,28.413404,23516.976562,25.403608,62.777676,24.662920,47.711555,8.169585,1307.259277,,,,normal-low,normal,synthetic_prototype
2026-07-14,23:45:40,176.383072,28.415403,23517.005859,25.405661,62.777245,24.660196,47.721458,8.167138,1307.538574,,,,normal-low,normal,synthetic_prototype
2026-07-14,23:45:45,176.390259,28.404680,23520.769531,25.404806,62.781246,24.656130,47.728455,8.166625,1307.511841,,,,normal-low,normal,synthetic_prototype
2026-07-14,23:45:50,176.404663,28.415407,23527.554688,25.404919,62.784355,24.656820,47.729240,8.169457,1307.761230,,,,normal-low,normal,synthetic_prototype
2026-07-14,23:45:55,176.405594,28.417408,23535.613281,25.402847,62.786076,24.660248,47.726196,8.171360,1307.396240,,,,normal-low,normal,synthetic_prototype
2026-07-14,23:46:00,176.410446,28.417200,23540.861328,25.400993,62.788200,24.660212,47.735210,8.173052,1307.451294,,,,normal-low,normal,synthetic_prototype
2026-07-14,23:46:05,176.384933,28.423092,23549.607422,25.403877,62.787930,24.659006,47.746468,8.175054,1308.075928,,,,normal-low,normal,synthetic_prototype
2026-07-14,23:46:10,176.364639,28.413511,23556.375000,25.400038,62.793404,24.659523,47.748280,8.170684,1308.504150,,,,normal-low,normal,synthetic_prototype
2026-07-14,23:46:15,176.362350,28.414932,23556.390625,25.402025,62.794682,24.660032,47.733631,8.167362,1308.644897,,,,normal-low,normal,synthetic_prototype
2026-07-14,23:46:20,176.374084,28.413870,23547.007812,25.401308,62.795059,24.660549,47.720726,8.167776,1308.157104,,,,normal-low,normal,synthetic_prototype
2026-07-14,23:46:25,176.383682,28.412300,23537.718750,25.403959,62.794514,24.661446,47.706276,8.167384,1307.886230,,,,normal-low,normal,synthetic_prototype
2026-07-14,23:46:30,176.384827,28.409163,23540.009766,25.406219,62.791328,24.662724,47.699287,8.167602,1308.340576,,,,normal-low,normal,synthetic_prototype
2026-07-14,23:46:35,176.353958,28.409000,23545.380859,25.407204,62.789452,24.660038,47.704716,8.167705,1308.849731,,,,normal-low,normal,synthetic_prototype
2026-07-14,23:46:40,176.353134,28.408741,23548.384766,25.412649,62.793797,24.655880,47.696449,8.168853,1309.190063,,,,normal-low,normal,synthetic_prototype
2026-07-14,23:46:45,176.333328,28.410477,23542.123047,25.407963,62.793251,24.657284,47.683571,8.165880,1308.802002,,,,normal-low,normal,synthetic_prototype
2026-07-14,23:46:50,176.324600,28.418249,23543.398438,25.409388,62.790806,24.653170,47.691742,8.162103,1308.878784,,,,normal-low,normal,synthetic_prototype
2026-07-14,23:46:55,176.346573,28.416388,23553.076172,25.411375,62.794712,24.653521,47.695442,8.162352,1308.888428,,,,normal-low,normal,synthetic_prototype
2026-07-14,23:47:00,176.345001,28.421654,23558.744141,25.412491,62.793491,24.654491,47.690952,8.163157,1308.777954,,,,normal-low,normal,synthetic_prototype
2026-07-14,23:47:05,176.337143,28.420309,23562.820312,25.408384,62.794994,24.659492,47.691097,8.164639,1308.723389,,,,normal-low,normal,synthetic_prototype
2026-07-14,23:47:10,176.332504,28.420382,23561.449219,25.410387,62.799568,24.660509,47.692589,8.160444,1308.671265,,,,normal-low,normal,synthetic_prototype
2026-07-14,23:47:15,176.341476,28.416912,23552.347656,25.409069,62.801960,24.658825,47.696793,8.160378,1308.645264,,,,normal-low,normal,synthetic_prototype
2026-07-14,23:47:20,176.342758,28.417650,23548.462891,25.403505,62.800251,24.663790,47.700848,8.158714,1308.137695,,,,normal-low,normal,synthetic_prototype
2026-07-14,23:47:25,176.332932,28.412176,23550.029297,25.404469,62.798584,24.663200,47.705181,8.157340,1308.373779,,,,normal-low,normal,synthetic_prototype
2026-07-14,23:47:30,176.312454,28.419594,23544.949219,25.399899,62.804619,24.661755,47.694366,8.154171,1308.161865,,,,normal-low,normal,synthetic_prototype
2026-07-14,23:47:35,176.328323,28.415321,23553.193359,25.398088,62.803524,24.666748,47.700893,8.156509,1308.486816,,,,normal-low,normal,synthetic_prototype
2026-07-14,23:47:40,176.327408,28.417587,23557.248047,25.401314,62.802536,24.664358,47.708538,8.155232,1308.716187,,,,normal-low,normal,synthetic_prototype
2026-07-14,23:47:45,176.328949,28.424746,23571.648438,25.396862,62.805187,24.664978,47.725521,8.154237,1308.869141,,,,normal-low,normal,synthetic_prototype
2026-07-14,23:47:50,176.350632,28.419012,23575.595703,25.392176,62.804245,24.661156,47.738441,8.156782,1308.578491,,,,normal-low,normal,synthetic_prototype
2026-07-14,23:47:55,176.371857,28.423523,23566.626953,25.391701,62.797470,24.661911,47.730595,8.156361,1308.278809,,,,normal-low,normal,synthetic_prototype
2026-07-14,23:48:00,176.373077,28.424496,23553.722656,25.393974,62.801342,24.657745,47.726097,8.160219,1307.741333,,,,normal-low,normal,synthetic_prototype
2026-07-14,23:48:05,176.366562,28.423044,23545.685547,25.397972,62.799221,24.656269,47.716827,8.160635,1307.725220,,,,normal-low,normal,synthetic_prototype
2026-07-14,23:48:10,176.356186,28.424589,23538.691406,25.395412,62.802883,24.659512,47.715706,8.163947,1307.476685,,,,normal-low,normal,synthetic_prototype
2026-07-14,23:48:15,176.347885,28.423306,23541.345703,25.399311,62.805893,24.655106,47.709850,8.165189,1307.566895,,,,normal-low,normal,synthetic_prototype
2026-07-14,23:48:20,176.339630,28.423037,23545.714844,25.402084,62.812168,24.658377,47.720703,8.163105,1307.748047,,,,normal-low,normal,synthetic_prototype
2026-07-14,23:48:25,176.338730,28.427008,23548.013672,25.404951,62.813431,24.656860,47.723572,8.162425,1307.603394,,,,normal-low,normal,synthetic_prototype
2026-07-14,23:48:30,176.347382,28.427662,23555.062500,25.407772,62.814270,24.657434,47.723267,8.164489,1307.796753,,,,normal-low,normal,synthetic_prototype
2026-07-14,23:48:35,176.364471,28.427713,23548.958984,25.410387,62.810913,24.657322,47.705521,8.169630,1307.373169,,,,normal-low,normal,synthetic_prototype
2026-07-14,23:48:40,176.361526,28.417627,23537.718750,25.404745,62.813873,24.657562,47.693295,8.169638,1306.912842,,,,normal-low,normal,synthetic_prototype
2026-07-14,23:48:45,176.377014,28.425919,23523.605469,25.396729,62.818314,24.657370,47.669834,8.167955,1306.790527,,,,normal-low,normal,synthetic_prototype
2026-07-14,23:48:50,176.368622,28.424398,23516.890625,25.395020,62.820572,24.659489,47.657330,8.165338,1306.540649,,,,normal-low,normal,synthetic_prototype
2026-07-14,23:48:55,176.369537,28.423662,23516.564453,25.395819,62.818611,24.662409,47.653088,8.167010,1306.387451,,,,normal-low,normal,synthetic_prototype
2026-07-14,23:49:00,176.350525,28.430357,23513.976562,25.398445,62.820122,24.664297,47.644703,8.166210,1306.096680,,,,normal-low,normal,synthetic_prototype
2026-07-14,23:49:05,176.360931,28.434971,23512.888672,25.403322,62.823677,24.655283,47.645660,8.168468,1306.069214,,,,normal-low,normal,synthetic_prototype
2026-07-14,23:49:10,176.375565,28.439320,23512.427734,25.404463,62.827744,24.655687,47.648434,8.168468,1306.185425,,,,normal-low,normal,synthetic_prototype
2026-07-14,23:49:15,176.394455,28.439068,23510.851562,25.404781,62.828419,24.653934,47.645741,8.167000,1305.838989,,,,normal-low,normal,synthetic_prototype
2026-07-14,23:49:20,176.409592,28.433187,23517.722656,25.407293,62.834461,24.651455,47.662689,8.168504,1305.843628,,,,normal-low,normal,synthetic_prototype
2026-07-14,23:49:25,176.401398,28.434456,23515.466797,25.402708,62.831299,24.646868,47.658081,8.166737,1305.863770,,,,normal-low,normal,synthetic_prototype
2026-07-14,23:49:30,176.393906,28.433279,23512.810547,25.401466,62.828747,24.647779,47.658218,8.166080,1305.628418,,,,normal-low,normal,synthetic_prototype
2026-07-14,23:49:35,176.399948,28.426937,23519.529297,25.406687,62.825653,24.648399,47.657871,8.165239,1306.114380,,,,normal-low,normal,synthetic_prototype
2026-07-14,23:49:40,176.395248,28.416021,23531.337891,25.409815,62.834557,24.652578,47.668072,8.164308,1306.871460,,,,normal-low,normal,synthetic_prototype
2026-07-14,23:49:45,176.402878,28.416779,23531.263672,25.412830,62.832451,24.650745,47.680241,8.165845,1307.096436,,,,normal-low,normal,synthetic_prototype
2026-07-14,23:49:50,176.417862,28.411489,23515.585938,25.413548,62.834778,24.655146,47.663464,8.168382,1306.503784,,,,normal-low,normal,synthetic_prototype
2026-07-14,23:49:55,176.405518,28.408747,23516.460938,25.411222,62.836231,24.650843,47.666908,8.166852,1306.607056,,,,normal-low,normal,synthetic_prototype
2026-07-14,23:50:00,176.427811,28.406435,23513.361328,25.408575,62.840580,24.654158,47.661327,8.168789,1306.713623,,,,normal-low,normal,synthetic_prototype
2026-07-14,23:50:05,176.426178,28.403170,23529.705078,25.404711,62.839230,24.655220,47.677174,8.166172,1307.094116,,,,normal-low,normal,synthetic_prototype
2026-07-14,23:50:10,176.437500,28.398375,23542.382812,25.401505,62.841888,24.654488,47.692284,8.164178,1307.333740,,,,normal-low,normal,synthetic_prototype
2026-07-14,23:50:15,176.435486,28.393612,23540.953125,25.407091,62.835403,24.647968,47.704895,8.163458,1307.369019,,,,normal-low,normal,synthetic_prototype
2026-07-14,23:50:20,176.427917,28.395588,23556.894531,25.404911,62.829754,24.650730,47.722885,8.166577,1307.467651,,,,normal-low,normal,synthetic_prototype
2026-07-14,23:50:25,176.423859,28.389790,23556.410156,25.403904,62.832611,24.652128,47.723675,8.166278,1307.164795,,,,normal-low,normal,synthetic_prototype
2026-07-14,23:50:30,176.413315,28.385382,23567.957031,25.409777,62.842484,24.653393,47.734596,8.164819,1307.560303,,,,normal-low,normal,synthetic_prototype
2026-07-14,23:50:35,176.416183,28.384790,23576.246094,25.412237,62.843704,24.656528,47.736423,8.164335,1307.544800,,,,normal-low,normal,synthetic_prototype
2026-07-14,23:50:40,176.418839,28.374445,23573.527344,25.410358,62.842125,24.657681,47.740448,8.163980,1307.527710,,,,normal-low,normal,synthetic_prototype
2026-07-14,23:50:45,176.437164,28.371151,23574.406250,25.408592,62.838078,24.656590,47.737759,8.165790,1307.484619,,,,normal-low,normal,synthetic_prototype
2026-07-14,23:50:50,176.453964,28.373930,23576.453125,25.407181,62.840298,24.656813,47.737404,8.166184,1307.275635,,,,normal-low,normal,synthetic_prototype
2026-07-14,23:50:55,176.433167,28.372328,23572.865234,25.408167,62.841122,24.659462,47.729446,8.164346,1307.248901,,,,normal-low,normal,synthetic_prototype
2026-07-14,23:51:00,176.430161,28.376165,23571.072266,25.407946,62.838123,24.658131,47.747162,8.162674,1307.699463,,,,normal-low,normal,synthetic_prototype
2026-07-14,23:51:05,176.423279,28.372658,23573.595703,25.405268,62.833164,24.657490,47.742085,8.161354,1307.766235,,,,normal-low,normal,synthetic_prototype
2026-07-14,23:51:10,176.436951,28.378231,23574.060547,25.406309,62.838669,24.657951,47.756142,8.162950,1307.796997,,,,normal-low,normal,synthetic_prototype
2026-07-14,23:51:15,176.436203,28.374083,23574.976562,25.400160,62.841129,24.658556,47.754494,8.161711,1307.861328,,,,normal-low,normal,synthetic_prototype
2026-07-14,23:51:20,176.432068,28.367176,23579.580078,25.406345,62.842716,24.654493,47.751041,8.164093,1307.831665,,,,normal-low,normal,synthetic_prototype
2026-07-14,23:51:25,176.444839,28.367453,23573.968750,25.398432,62.840488,24.658234,47.732574,8.161801,1307.619141,,,,normal-low,normal,synthetic_prototype
2026-07-14,23:51:30,176.448532,28.360348,23568.363281,25.402340,62.837692,24.659689,47.722221,8.164326,1307.430542,,,,normal-low,normal,synthetic_prototype
2026-07-14,23:51:35,176.453476,28.358549,23560.050781,25.409369,62.842751,24.659136,47.722729,8.164363,1307.504272,,,,normal-low,normal,synthetic_prototype
2026-07-14,23:51:40,176.456253,28.363167,23562.212891,25.410660,62.840736,24.659561,47.721214,8.166112,1307.682007,,,,normal-low,normal,synthetic_prototype
2026-07-14,23:51:45,176.451920,28.370066,23563.875000,25.403975,62.851166,24.661715,47.723583,8.166080,1307.571411,,,,normal-low,normal,synthetic_prototype
2026-07-14,23:51:50,176.466782,28.366388,23569.388672,25.404442,62.851425,24.662689,47.734398,8.166135,1307.636841,,,,normal-low,normal,synthetic_prototype
2026-07-14,23:51:55,176.473572,28.368805,23575.791016,25.407040,62.849186,24.665215,47.760086,8.167675,1307.887329,,,,normal-low,normal,synthetic_prototype
2026-07-14,23:52:00,176.452179,28.368813,23583.693359,25.408749,62.845451,24.667189,47.765598,8.168183,1308.090454,,,,normal-low,normal,synthetic_prototype
2026-07-14,23:52:05,176.474808,28.371666,23578.650391,25.406366,62.843143,24.667915,47.767399,8.169036,1308.360229,,,,normal-low,normal,synthetic_prototype
2026-07-14,23:52:10,176.480621,28.370380,23585.449219,25.401312,62.842499,24.668802,47.782703,8.164241,1308.545776,,,,normal-low,normal,synthetic_prototype
2026-07-14,23:52:15,176.488586,28.361191,23584.787109,25.404928,62.842331,24.671164,47.789379,8.164578,1308.551636,,,,normal-low,normal,synthetic_prototype
2026-07-14,23:52:20,176.484543,28.361013,23583.708984,25.401257,62.850601,24.673929,47.782372,8.163948,1308.615112,,,,normal-low,normal,synthetic_prototype
2026-07-14,23:52:25,176.480804,28.358509,23574.660156,25.400379,62.845650,24.670557,47.776402,8.162928,1308.525391,,,,normal-low,normal,synthetic_prototype
2026-07-14,23:52:30,176.493713,28.360565,23583.392578,25.399986,62.839958,24.668877,47.784679,8.163165,1308.695435,,,,normal-low,normal,synthetic_prototype
2026-07-14,23:52:35,176.509216,28.360682,23573.146484,25.397060,62.842312,24.666548,47.774532,8.170405,1308.418701,,,,normal-low,normal,synthetic_prototype
2026-07-14,23:52:40,176.497696,28.367504,23586.853516,25.403265,62.846622,24.667019,47.785156,8.169674,1308.623779,,,,normal-low,normal,synthetic_prototype
2026-07-14,23:52:45,176.501160,28.367828,23585.417969,25.403080,62.846149,24.666348,47.791451,8.170822,1308.668945,,,,normal-low,normal,synthetic_prototype
2026-07-14,23:52:50,176.502853,28.365978,23585.580078,25.410980,62.845062,24.658152,47.784531,8.171998,1308.482178,,,,normal-low,normal,synthetic_prototype
2026-07-14,23:52:55,176.515701,28.365774,23583.306641,25.415476,62.856392,24.655516,47.777985,8.175095,1308.645508,,,,normal-low,normal,synthetic_prototype
2026-07-14,23:53:00,176.507202,28.359577,23592.064453,25.420208,62.859406,24.652678,47.781673,8.172267,1308.864258,,,,normal-low,normal,synthetic_prototype
2026-07-14,23:53:05,176.488632,28.361528,23596.062500,25.425726,62.856293,24.650412,47.771400,8.172386,1308.960693,,,,normal-low,normal,synthetic_prototype
2026-07-14,23:53:10,176.509674,28.355951,23588.468750,25.423519,62.859066,24.653126,47.757595,8.177600,1308.740845,,,,normal-low,normal,synthetic_prototype
2026-07-14,23:53:15,176.511185,28.364042,23596.201172,25.429592,62.861263,24.652039,47.761765,8.180713,1308.884277,,,,normal-low,normal,synthetic_prototype
2026-07-14,23:53:20,176.522415,28.367968,23595.023438,25.428810,62.863663,24.653164,47.768436,8.177073,1308.922607,,,,normal-low,normal,synthetic_prototype
2026-07-14,23:53:25,176.512253,28.362057,23602.656250,25.432020,62.867428,24.647522,47.768387,8.176133,1309.137817,,,,normal-low,normal,synthetic_prototype
2026-07-14,23:53:30,176.499527,28.362579,23601.849609,25.428240,62.868614,24.649248,47.762424,8.175295,1308.686401,,,,normal-low,normal,synthetic_prototype
2026-07-14,23:53:35,176.495728,28.357857,23613.111328,25.434219,62.865501,24.648670,47.788715,8.175739,1309.006470,,,,normal-low,normal,synthetic_prototype
2026-07-14,23:53:40,176.517014,28.357399,23603.400391,25.435749,62.868488,24.648386,47.780972,8.176267,1308.963013,,,,normal-low,normal,synthetic_prototype
2026-07-14,23:53:45,176.504471,28.366184,23602.585938,25.434044,62.863422,24.645599,47.786842,8.173371,1309.034912,,,,normal-low,normal,synthetic_prototype
2026-07-14,23:53:50,176.494537,28.365530,23592.785156,25.437204,62.861771,24.644720,47.777508,8.170944,1308.816040,,,,normal-low,normal,synthetic_prototype
2026-07-14,23:53:55,176.507172,28.369097,23592.152344,25.436218,62.864216,24.644642,47.775166,8.172708,1309.030762,,,,normal-low,normal,synthetic_prototype
2026-07-14,23:54:00,176.505768,28.365808,23593.140625,25.434534,62.863251,24.644695,47.774254,8.172170,1308.852173,,,,normal-low,normal,synthetic_prototype
2026-07-14,23:54:05,176.486298,28.367235,23590.621094,25.429087,62.867020,24.640583,47.779423,8.171782,1308.890625,,,,normal-low,normal,synthetic_prototype
2026-07-14,23:54:10,176.497055,28.376328,23594.175781,25.432287,62.866756,24.637230,47.779396,8.173188,1308.863525,,,,normal-low,normal,synthetic_prototype
2026-07-14,23:54:15,176.509445,28.383615,23599.634766,25.434483,62.869392,24.635607,47.790451,8.176614,1308.954956,,,,normal-low,normal,synthetic_prototype
2026-07-14,23:54:20,176.490036,28.381285,23601.214844,25.439766,62.865395,24.636820,47.788944,8.174829,1308.972900,,,,normal-low,normal,synthetic_prototype
2026-07-14,23:54:25,176.499420,28.385197,23602.175781,25.442280,62.870869,24.633595,47.780014,8.178621,1309.177979,,,,normal-low,normal,synthetic_prototype
2026-07-14,23:54:30,176.504562,28.384371,23594.947266,25.445677,62.874973,24.632385,47.773445,8.182971,1308.999268,,,,normal-low,normal,synthetic_prototype
2026-07-14,23:54:35,176.496964,28.387575,23607.390625,25.449741,62.870625,24.636417,47.797249,8.184171,1309.325928,,,,normal-low,normal,synthetic_prototype
2026-07-14,23:54:40,176.497238,28.387041,23611.458984,25.446884,62.864758,24.637360,47.798325,8.181350,1309.590332,,,,normal-low,normal,synthetic_prototype
2026-07-14,23:54:45,176.517944,28.381107,23610.162109,25.445366,62.864330,24.632111,47.793388,8.181849,1309.577637,,,,normal-low,normal,synthetic_prototype
2026-07-14,23:54:50,176.507660,28.380764,23609.558594,25.448347,62.869209,24.628029,47.789036,8.179866,1309.502319,,,,normal-low,normal,synthetic_prototype
2026-07-14,23:54:55,176.506210,28.385645,23614.064453,25.447433,62.874432,24.631826,47.799816,8.178785,1309.714844,,,,normal-low,normal,synthetic_prototype
2026-07-14,23:55:00,176.532776,28.373800,23616.841797,25.446953,62.873161,24.626032,47.803181,8.178226,1309.822144,,,,normal-low,normal,synthetic_prototype
2026-07-14,23:55:05,176.548676,28.373072,23616.912109,25.450926,62.867092,24.624630,47.795265,8.182190,1309.964966,,,,normal-low,normal,synthetic_prototype
2026-07-14,23:55:10,176.552261,28.368025,23617.562500,25.447796,62.870598,24.630806,47.796551,8.178649,1310.109253,,,,normal-low,normal,synthetic_prototype
2026-07-14,23:55:15,176.533508,28.367306,23616.951172,25.447435,62.867130,24.630983,47.809357,8.177645,1310.256348,,,,normal-low,normal,synthetic_prototype
2026-07-14,23:55:20,176.553635,28.365288,23614.023438,25.446938,62.869068,24.632824,47.803837,8.177317,1310.378052,,,,normal-low,normal,synthetic_prototype
2026-07-14,23:55:25,176.551468,28.367849,23613.507812,25.446926,62.870407,24.629623,47.803894,8.174534,1310.319336,,,,normal-low,normal,synthetic_prototype
2026-07-14,23:55:30,176.551315,28.376209,23608.519531,25.449184,62.869934,24.628431,47.792763,8.172635,1310.235718,,,,normal-low,normal,synthetic_prototype
2026-07-14,23:55:35,176.561539,28.381138,23622.429688,25.449608,62.866825,24.631975,47.793140,8.174070,1310.737793,,,,normal-low,normal,synthetic_prototype
2026-07-14,23:55:40,176.560196,28.382568,23617.326172,25.452049,62.860817,24.631207,47.781319,8.174803,1310.379883,,,,normal-low,normal,synthetic_prototype
2026-07-14,23:55:45,176.567459,28.377193,23611.824219,25.448687,62.860355,24.634892,47.778801,8.175267,1310.108032,,,,normal-low,normal,synthetic_prototype
2026-07-14,23:55:50,176.558746,28.379908,23612.712891,25.453886,62.863419,24.637655,47.786114,8.176679,1310.288818,,,,normal-low,normal,synthetic_prototype
2026-07-14,23:55:55,176.563354,28.386766,23620.208984,25.457335,62.872612,24.637886,47.798794,8.176551,1310.561157,,,,normal-low,normal,synthetic_prototype
2026-07-14,23:56:00,176.555359,28.387314,23629.943359,25.455906,62.868931,24.638325,47.813084,8.175105,1310.734375,,,,normal-low,normal,synthetic_prototype
2026-07-14,23:56:05,176.539658,28.375494,23632.615234,25.459139,62.864307,24.635263,47.826916,8.176813,1310.929443,,,,normal-low,normal,synthetic_prototype
2026-07-14,23:56:10,176.520309,28.383644,23626.576172,25.464138,62.857235,24.630846,47.818016,8.177731,1310.904053,,,,normal-low,normal,synthetic_prototype
2026-07-14,23:56:15,176.516586,28.392437,23639.744141,25.462498,62.861477,24.630365,47.831818,8.176505,1311.010376,,,,normal-low,normal,synthetic_prototype
2026-07-14,23:56:20,176.508362,28.387308,23642.800781,25.460821,62.858311,24.632322,47.837803,8.175101,1311.215942,,,,normal-low,normal,synthetic_prototype
2026-07-14,23:56:25,176.513214,28.390633,23650.218750,25.457081,62.860916,24.636999,47.834187,8.173594,1311.170044,,,,normal-low,normal,synthetic_prototype
2026-07-14,23:56:30,176.506424,28.393084,23640.039062,25.454554,62.859715,24.638767,47.811672,8.170382,1310.928589,,,,normal-low,normal,synthetic_prototype
2026-07-14,23:56:35,176.504395,28.392305,23640.138672,25.451035,62.858578,24.637056,47.818134,8.171693,1310.955444,,,,normal-low,normal,synthetic_prototype
2026-07-14,23:56:40,176.490448,28.396063,23646.033203,25.450050,62.860584,24.636745,47.816101,8.170102,1311.104492,,,,normal-low,normal,synthetic_prototype
2026-07-14,23:56:45,176.507858,28.390831,23643.535156,25.447027,62.864006,24.637074,47.816643,8.173944,1311.064209,,,,normal-low,normal,synthetic_prototype
2026-07-14,23:56:50,176.507721,28.392250,23644.986328,25.447981,62.858513,24.641472,47.820797,8.176005,1311.212646,,,,normal-low,normal,synthetic_prototype
2026-07-14,23:56:55,176.503494,28.389616,23638.386719,25.444025,62.858047,24.643963,47.819096,8.174915,1311.421265,,,,normal-low,normal,synthetic_prototype
2026-07-14,23:57:00,176.502747,28.390614,23635.369141,25.444225,62.855034,24.642996,47.830090,8.176291,1311.435181,,,,normal-low,normal,synthetic_prototype
2026-07-14,23:57:05,176.507736,28.394794,23641.945312,25.445356,62.855549,24.639618,47.840588,8.178250,1311.728638,,,,normal-low,normal,synthetic_prototype
2026-07-14,23:57:10,176.515503,28.396238,23645.564453,25.441120,62.857204,24.643692,47.841202,8.176031,1311.861328,,,,normal-low,normal,synthetic_prototype
2026-07-14,23:57:15,176.488480,28.397104,23635.517578,25.437918,62.856628,24.644253,47.834412,8.174338,1311.700073,,,,normal-low,normal,synthetic_prototype
2026-07-14,23:57:20,176.477921,28.400768,23643.152344,25.434765,62.861698,24.647419,47.846657,8.172008,1311.949097,,,,normal-low,normal,synthetic_prototype
2026-07-14,23:57:25,176.491089,28.400875,23656.646484,25.434662,62.863815,24.643562,47.859127,8.171020,1312.399658,,,,normal-low,normal,synthetic_prototype
2026-07-14,23:57:30,176.475006,28.404539,23649.708984,25.432680,62.865776,24.639185,47.854458,8.169635,1311.751709,,,,normal-low,normal,synthetic_prototype
2026-07-14,23:57:35,176.492310,28.402073,23645.904297,25.428911,62.869648,24.637280,47.861324,8.167412,1311.511230,,,,normal-low,normal,synthetic_prototype
2026-07-14,23:57:40,176.484634,28.393047,23636.632812,25.430798,62.871780,24.635118,47.850468,8.167538,1311.059692,,,,normal-low,normal,synthetic_prototype
2026-07-14,23:57:45,176.480789,28.391050,23633.642578,25.428827,62.871910,24.641918,47.840408,8.167050,1310.567139,,,,normal-low,normal,synthetic_prototype
2026-07-14,23:57:50,176.498749,28.391346,23632.166016,25.429028,62.875362,24.639986,47.831207,8.166013,1310.427124,,,,normal-low,normal,synthetic_prototype
2026-07-14,23:57:55,176.503708,28.388712,23641.341797,25.426699,62.876362,24.640068,47.840744,8.166346,1310.381104,,,,normal-low,normal,synthetic_prototype
2026-07-14,23:58:00,176.516006,28.390314,23644.273438,25.422432,62.877888,24.640816,47.852528,8.167258,1310.418213,,,,normal-low,normal,synthetic_prototype
2026-07-14,23:58:05,176.533203,28.391109,23651.314453,25.416990,62.872307,24.647125,47.862595,8.168895,1310.619141,,,,normal-low,normal,synthetic_prototype
2026-07-14,23:58:10,176.548264,28.397957,23636.865234,25.411570,62.872536,24.649107,47.831730,8.163033,1309.824585,,,,normal-low,normal,synthetic_prototype
2026-07-14,23:58:15,176.541382,28.399769,23639.949219,25.411304,62.872723,24.648970,47.861443,8.160053,1310.332642,,,,normal-low,normal,synthetic_prototype
2026-07-14,23:58:20,176.535675,28.398371,23641.847656,25.410082,62.863758,24.643518,47.871326,8.162598,1310.547974,,,,normal-low,normal,synthetic_prototype
2026-07-14,23:58:25,176.532837,28.392567,23640.376953,25.412424,62.865288,24.641134,47.879448,8.164495,1310.692871,,,,normal-low,normal,synthetic_prototype
2026-07-14,23:58:30,176.524841,28.399118,23626.468750,25.414156,62.867451,24.639044,47.859882,8.162352,1310.297363,,,,normal-low,normal,synthetic_prototype
2026-07-14,23:58:35,176.526154,28.406910,23623.087891,25.412947,62.868317,24.633451,47.854904,8.161079,1310.092041,,,,normal-low,normal,synthetic_prototype
2026-07-14,23:58:40,176.533340,28.411755,23622.732422,25.409302,62.873177,24.635315,47.849640,8.159161,1309.996826,,,,normal-low,normal,synthetic_prototype
2026-07-14,23:58:45,176.535736,28.413445,23622.689453,25.410191,62.872601,24.634590,47.853748,8.157681,1309.798950,,,,normal-low,normal,synthetic_prototype
2026-07-14,23:58:50,176.520386,28.412241,23619.388672,25.414133,62.865341,24.636740,47.858784,8.157674,1309.566895,,,,normal-low,normal,synthetic_prototype
2026-07-14,23:58:55,176.517059,28.412115,23612.001953,25.412453,62.865974,24.636847,47.852726,8.153670,1309.363892,,,,normal-low,normal,synthetic_prototype
2026-07-14,23:59:00,176.505661,28.413588,23600.476562,25.410740,62.859505,24.635754,47.840416,8.153701,1308.952515,,,,normal-low,normal,synthetic_prototype
2026-07-14,23:59:05,176.510834,28.413040,23608.433594,25.408401,62.863052,24.636595,47.840183,8.150187,1308.926392,,,,normal-low,normal,synthetic_prototype
2026-07-14,23:59:10,176.518692,28.417074,23603.085938,25.409754,62.863369,24.636335,47.836079,8.149499,1308.928101,,,,normal-low,normal,synthetic_prototype
2026-07-14,23:59:15,176.511353,28.421892,23612.277344,25.410822,62.861107,24.635681,47.851040,8.149454,1309.143066,,,,normal-low,normal,synthetic_prototype
2026-07-14,23:59:20,176.509552,28.426136,23609.462891,25.408497,62.865860,24.637081,47.855854,8.149154,1309.170654,,,,normal-low,normal,synthetic_prototype
2026-07-14,23:59:25,176.513428,28.427347,23608.267578,25.402023,62.858551,24.638340,47.853230,8.146584,1308.955688,,,,normal-low,normal,synthetic_prototype
2026-07-14,23:59:30,176.502640,28.434208,23601.832031,25.401508,62.863888,24.634972,47.851051,8.144968,1308.748535,,,,normal-low,normal,synthetic_prototype
2026-07-14,23:59:35,176.484787,28.426888,23599.101562,25.396444,62.862892,24.636963,47.838215,8.144017,1308.746094,,,,normal-low,normal,synthetic_prototype
2026-07-14,23:59:40,176.493362,28.420155,23601.158203,25.398031,62.863304,24.640638,47.844505,8.149964,1308.872803,,,,normal-low,normal,synthetic_prototype
2026-07-14,23:59:45,176.499374,28.419863,23605.992188,25.394276,62.859520,24.639460,47.843819,8.151506,1309.068970,,,,normal-low,normal,synthetic_prototype
2026-07-14,23:59:50,176.491379,28.416481,23608.646484,25.394167,62.861607,24.635874,47.850422,8.148434,1308.677979,,,,normal-low,normal,synthetic_prototype
2026-07-14,23:59:55,176.483414,28.414705,23608.414062,25.397120,62.861637,24.638092,47.843853,8.148028,1308.789307,,,,normal-low,normal,synthetic_prototype
